Programa,id_log_view,user_log_view,Anio,Fecha,Status_pct,Horas_uso_raw,Horas_uso_ajustada,Nivel,Tipo_nivel,Area_Conocimiento,Componente_academico,ID_SIS,Es_interno
IQS,8994fbf9d412455581152136,000777e0998044f3b82a624a,2024,2024-02-01,25.0,0.04,0.04,6° Grado,Grado,Lengua Española,Componente 2,103142,False
IQS,cc6e51bc0f1d464c8b9f58a3,76c53d3b8a744c00b63ac606,2023,2023-07-14,25.0,1.01,1.01,6° Grado,Grado,Matemáticas,Componente 21,103845,False
IQS,1f8562899d3641fabac13108,fed71366c4e643349d154d29,2025,2025-12-23,75.0,0.29,0.29,4° Grado,Grado,Ciencias Sociales,Componente 42,105152,False
IQS,d13868c501d14c45822e1863,c38033cf3de647e98c9ca1df,2023,2023-11-20,25.0,0.02,0.02,3° Grado,Grado,Matemáticas,Componente 27,103524,False
IQS,d1c0ec53a865469f9f46f1ff,29fec145783948e49ea9a6ec,2025,2025-02-09,,0.81,0.81,4° Grado,Grado,Lengua Española,Componente 22,102777,False
IQS,973a0822ebfb42ebba06501d,d269cc53ea4043b1ab3d1db2,2024,2024-05-28,100.0,0.58,0.58,6° Grado,Grado,Ciencias de la Naturaleza,Componente 54,100831,False
IQS,940fa8d09cc54459a1c3f5cd,a3cf4fe919384fc0ac8f4fe1,2025,2025-02-23,,2.68,2.68,2° Grado,Grado,Lengua Española,Componente 42,101637,False
IQS,94b477812c134eef96f33693,a3cf4fe919384fc0ac8f4fe1,2024,2024-10-21,25.0,0.59,0.59,6° Grado,Grado,Ciencias de la Naturaleza,Componente 27,101637,False
IQS,a6426183b82f4865a70c21a4,e4cfdb3a24234354b75ba10f,2024,2024-03-05,,1.36,1.36,5° Grado,Grado,Matemáticas,Componente 41,103980,False
IQS,58dc69b332a249048a5cd6a9,bf886d550c824a6b83bf6d11,2023,2023-10-29,,0.04,0.04,6° Grado,Grado,Matemáticas,Componente 3,102526,False
IQS,44fe87ab76314e288ffe43ac,6f228061777f4db7bef0ecf1,2023,2023-12-24,25.0,0.33,0.33,6° Grado,Grado,Lengua Española,Componente 9,102956,False
IQS,91b1f771123f491b98d9a043,fea9e9f190a54701a7e6ec07,2023,2023-11-27,100.0,0.23,0.23,2° Grado,Grado,Lengua Española,Componente 21,102176,False
IQS,2d6c662fda1d40909e012abe,000777e0998044f3b82a624a,2024,2024-08-13,,0.49,0.49,6° Grado,Grado,Matemáticas,Componente 26,103142,False
IQS,ccfb52409fa546ef90d5e1cb,0441b916b8e74bbebf0e3b5e,2023,2023-02-06,,1.97,1.97,1° Grado,Grado,Ciencias de la Naturaleza,Componente 5,102815,False
IQS,4ed3c861b8fc4ea9a7350152,90aa0c4bb4cc4625a1ddc3f0,2023,2023-04-11,,0.02,0.02,6° Grado,Grado,Lengua Española,Componente 50,105151,False
IQS,93025db8a6bd4bc4b9700dc4,7f0bb751143747498ca0de1b,2023,2023-07-24,0.0,0.21,0.21,6° Grado,Grado,Matemáticas,Componente 8,101436,False
IQS,92a9ad98e7b6453caeec0274,f0c5251607e94d61a54344e0,2026,2026-05-04,,0.08,0.08,6° Grado,Grado,Ciencias de la Naturaleza,Componente 51,102905,False
IQS,55b081269abd40dd8627d6af,87a0a32693194bde9eb4118a,2023,2023-10-17,100.0,2.7,2.7,3° Grado,Grado,Matemáticas,Componente 1,101812,False
IQS,88009b847a7545629cd32eb2,fed71366c4e643349d154d29,2024,2024-12-09,25.0,0.0,0.0,4° Grado,Grado,Ciencias de la Naturaleza,Componente 37,105152,False
IQS,6ca8749dfee8401488fdc34a,1d57bdad0daa451887d5a6b0,2023,2023-04-25,,1.38,1.38,6° Grado,Grado,Matemáticas,Componente 17,100808,False
IQS,7b9e62d1d3da46ad935c79c4,63c3b044dc17406f9ece5257,2024,2024-08-07,50.0,0.07,0.07,6° Grado,Grado,Matemáticas,Componente 47,104259,False
IQS,3ee79b3127a74bafa2bdcdea,99cbf085fbe440748eedfdd0,2024,2024-08-13,50.0,2.79,2.79,6° Grado,Grado,Ciencias Sociales,Componente 16,104102,False
IQS,d4a7909d2c1b4e659015685c,2df3d1f26eaf45c08087d80f,2023,2023-02-24,0.0,0.05,0.05,6° Grado,Grado,Ciencias de la Naturaleza,Componente 34,103168,False
IQS,0e1e172f848c4946b4d615b2,94ea4abfe4444a469873471c,2023,2023-03-07,0.0,1.6,1.6,6° Grado,Grado,Ciencias de la Naturaleza,Componente 2,101562,False
IQS,1986fe3b50034dc9a9e2a86e,99454e87891b4d709850a4fe,2024,2024-07-28,100.0,0.27,0.27,6° Grado,Grado,Ciencias Sociales,Componente 30,103485,False
IQS,e8ec1d782cc1450e89ceb495,563383f2599843af8dbb37e5,2024,2024-09-26,0.0,0.04,0.04,4° Grado,Grado,Ciencias de la Naturaleza,Componente 28,103073,False
IQS,c6f2bc12db2a4b6096865e5f,117d3d8f62ca4f1f9d863592,2023,2023-03-15,100.0,0.0,0.0,6° Grado,Grado,Ciencias Sociales,Componente 30,101536,False
IQS,8a15bff5d01e4b9298c1d22b,a1ef853e3d6a45b4a1a54d7a,2026,2026-01-28,100.0,0.98,0.98,6° Grado,Grado,Lengua Española,Componente 30,103534,False
IQS,98bcad5e145d416796376638,edbfff2f23414b01a8609b91,2025,2025-01-07,,1.08,1.08,6° Grado,Grado,Ciencias Sociales,Componente 25,103754,False
IQS,d2746e4e11284bdd8c74844f,1da14ff6abde4de4bf31122b,2023,2023-06-07,0.0,0.28,0.28,4° Grado,Grado,Lengua Española,Componente 19,102483,False
IQS,d8c9414543e6400588d8b135,97d494410166468cbf225f11,2026,2026-04-21,0.0,1.23,1.23,6° Grado,Grado,Lengua Española,Componente 30,103732,False
IQS,cd0a8dd1b1154de6811554d8,a06e1a5f237a4bedad6b5ba5,2025,2025-08-03,0.0,2.04,2.04,5° Grado,Grado,Matemáticas,Componente 20,101368,False
IQS,21849490c8fe4afda24e9eae,a06e1a5f237a4bedad6b5ba5,2023,2023-08-30,50.0,0.46,0.46,2° Grado,Grado,Ciencias Sociales,Componente 53,101368,False
IQS,9e3c175e7be94937a862d038,a6a819058e9b44609a7ce4a6,2024,2024-07-14,0.0,0.16,0.16,4° Grado,Grado,Matemáticas,Componente 25,101614,False
IQS,02ca105275df4427b1077630,b0553cb957b841c0a75b60a7,2023,2023-12-27,,0.56,0.56,1° Grado,Grado,Ciencias Sociales,Componente 22,103936,False
IQS,ad29cacdf637411485b46084,cf747da360bf408e906f841e,2022,2022-04-07,0.0,1.91,1.91,3° Grado,Grado,Ciencias de la Naturaleza,Componente 24,103725,False
IQS,6415c255b1f0462591eb9584,f0c5251607e94d61a54344e0,2024,2024-06-08,,0.26,0.26,6° Grado,Grado,Matemáticas,Componente 19,102905,False
IQS,e9baeef0bdb14e059c8c3b3e,bbb88782c7d244988319f036,2026,2026-06-19,100.0,0.0,0.0,1° Grado,Grado,Ciencias Sociales,Componente 8,102784,False
IQS,ef0355f9f09b4d7eb06a1b8e,00b54deac72546cdafa17218,2023,2023-03-16,,0.02,0.02,2° Grado,Grado,Ciencias de la Naturaleza,Componente 34,102531,False
IQS,940e01fe1b3b4ffbaab352ce,edbfff2f23414b01a8609b91,2026,2026-04-12,100.0,0.26,0.26,2° Grado,Grado,Lengua Española,Componente 46,103754,False
IQS,79878f2f30a24df897665cfc,edbfff2f23414b01a8609b91,2023,2023-09-27,,,,2° Grado,Grado,Ciencias Sociales,Componente 10,103754,False
IQS,958ed6fb77f942c6b10504e6,054b44877ebb4dfd89da9029,2026,2026-06-13,,2.05,2.05,1° Grado,Grado,Lengua Española,Componente 47,101515,False
IQS,b2fdc0a14b9c4c8c82d895c1,1c5eefcdf33e473cb7e0d013,2023,2023-02-25,100.0,0.42,0.42,4° Grado,Grado,Ciencias de la Naturaleza,Componente 22,100853,False
IQS,46d3f8a08f4d4bbd968a35d5,bbb88782c7d244988319f036,2024,2024-03-20,100.0,0.14,0.14,4° Grado,Grado,Matemáticas,Componente 16,102784,False
IQS,aa54a29ba2f043f197023e22,a3cf4fe919384fc0ac8f4fe1,2023,2023-12-20,100.0,1.16,1.16,6° Grado,Grado,Ciencias Sociales,Componente 21,101637,False
IQS,e32fca63fd6f45fe81e6f1b7,442c9196c80b498fa52c808b,2025,2025-01-28,75.0,0.66,0.66,6° Grado,Grado,Ciencias de la Naturaleza,Componente 4,104726,False
IQS,f663934238e24cf391483e23,e96dbacb568f480bb863f60a,2023,2023-04-09,,0.66,0.66,6° Grado,Grado,Lengua Española,Componente 15,102183,False
IQS,73d92a2484dc4507b80d9ede,57364ffb2264410ab1c5c71f,2023,2023-06-02,,0.51,0.51,6° Grado,Grado,Lengua Española,Componente 17,104724,False
IQS,ccb7aa3cf135462c8a4f6444,ecfce1cabd8948bca5fdc08f,2023,2023-10-26,50.0,0.16,0.16,1° Grado,Grado,Matemáticas,Componente 51,104475,False
IQS,e8735df344204ee6b17592ec,f1eecb6e79454598a57fa6ae,2023,2023-03-09,75.0,0.0,0.0,6° Grado,Grado,Lengua Española,Componente 36,101672,False
IQS,bf59276c5f944b8cb19666b1,c19290cb39c74928ae063e97,2025,2025-04-19,,2.38,2.38,4° Grado,Grado,Matemáticas,Componente 48,103814,False
IQS,bfd5aed2e45543aab6669ee1,00b54deac72546cdafa17218,2026,2026-01-04,100.0,0.22,0.22,5° Grado,Grado,Lengua Española,Componente 59,102531,False
IQS,9871d4e95d4a4d95a98f5051,20ff08b82a674c5daaa66674,2024,2024-01-30,50.0,1.62,1.62,3° Grado,Grado,Matemáticas,Componente 26,104568,False
IQS,fe4b14258fab464b8052459d,3bd3dc7ec2404c6c989a812b,2025,2025-10-28,100.0,0.65,0.65,6° Grado,Grado,Lengua Española,Componente 58,101962,False
IQS,26bdcf06dd6049cfad82eb79,3363de028c484016b6059407,2023,2023-09-17,100.0,0.04,0.04,6° Grado,Grado,Matemáticas,Componente 48,102427,False
IQS,4d3ba333b67c484db64874c9,508643e7d1a842f18e8cf775,2023,2023-07-13,,0.55,0.55,6° Grado,Grado,Ciencias de la Naturaleza,Componente 46,105139,False
IQS,7c843a7ce1d04cb2878d1163,765b6154a8d44bdd909c09d3,2024,2024-10-17,25.0,0.03,0.03,5° Grado,Grado,Lengua Española,Componente 5,102155,False
IQS,f82772f7bfd440019d0c505d,0339c0d4ecd34ac4b75486b3,2023,2023-02-23,50.0,0.73,0.73,6° Grado,Grado,Ciencias de la Naturaleza,Componente 20,102908,False
IQS,200072f93ea34724a29a7d9b,8499fa2a39964aa280aa0807,2023,2023-03-30,25.0,0.28,0.28,3° Grado,Grado,Ciencias de la Naturaleza,Componente 12,101383,False
IQS,fcbf1de43908491db381d544,5f16a526cb7a409592663f3f,2024,2024-04-23,50.0,0.07,0.07,6° Grado,Grado,Matemáticas,Componente 5,103843,False
IQS,bd9bb9b7b9364158843025bc,0441b916b8e74bbebf0e3b5e,2024,2024-03-24,0.0,0.05,0.05,6° Grado,Grado,Ciencias Sociales,Componente 25,102815,False
IQS,6108b0736d8540c4b3c262c2,9ea8a16d0f154dfcb23a2d1d,2023,2023-03-07,50.0,0.56,0.56,4° Grado,Grado,Lengua Española,Componente 3,104557,False
IQS,aa60744938ca4e55b0bf830c,054b44877ebb4dfd89da9029,2024,2024-12-19,25.0,0.76,0.76,2° Grado,Grado,Lengua Española,Componente 7,101515,False
IQS,2de43e4d1fc7426abb3f5071,60a065451f254990ba464820,2026,2026-05-22,75.0,2.33,2.33,6° Grado,Grado,Ciencias Sociales,Componente 27,101248,False
IQS,54b74e2f55e448ec8aadfab8,563383f2599843af8dbb37e5,2025,2025-01-14,,2.52,2.52,1° Grado,Grado,Ciencias de la Naturaleza,Componente 9,103073,False
IQS,5686880c9f0b4f9c9b6311a1,fc9daf204ab94c74a3f7944f,2023,2023-01-03,50.0,1.08,1.08,3° Grado,Grado,Lengua Española,Componente 24,100885,False
IQS,7ab309f0352049d09f45f065,b0514fa13cdb4c3dbed1c321,2023,2023-09-04,25.0,1.14,1.14,2° Grado,Grado,Ciencias de la Naturaleza,Componente 28,103471,False
IQS,d1fd0b499c0d40219435bdc5,6f228061777f4db7bef0ecf1,2024,2024-10-01,,0.07,0.07,6° Grado,Grado,Ciencias Sociales,Componente 12,102956,False
IQS,4d4670858e4e4a6a854fc60e,60a065451f254990ba464820,2023,2023-10-03,,0.36,0.36,6° Grado,Grado,Matemáticas,Componente 20,101248,False
IQS,9a2ac33952334d8896aa4fe3,d269cc53ea4043b1ab3d1db2,2022,2022-11-30,25.0,0.32,0.32,6° Grado,Grado,Lengua Española,Componente 9,100831,False
IQS,34f50b5e979b44d6b0611bd4,0339c0d4ecd34ac4b75486b3,2023,2023-08-09,,0.82,0.82,6° Grado,Grado,Ciencias Sociales,Componente 9,102908,False
IQS,8b76752065854139aad5e288,5a4baf163c72464ba70bdfc3,2023,2023-09-23,,4.77,4.0,6° Grado,Grado,Ciencias Sociales,Componente 17,103363,False
IQS,41bfe6f7bb184f5ea90e45bf,4121c2b34e074f6fa2c39975,2023,2023-10-08,0.0,0.37,0.37,3° Grado,Grado,Lengua Española,Componente 41,101185,False
IQS,b3e59f164588436083a56252,9d317af30b7b4ee6acc4e00e,2024,2024-12-05,75.0,1.69,1.69,5° Grado,Grado,Ciencias Sociales,Componente 14,101819,False
IQS,b3f5d4e72266462789eba8c8,bf886d550c824a6b83bf6d11,2026,2026-06-03,25.0,0.29,0.29,6° Grado,Grado,Matemáticas,Componente 12,102526,False
IQS,069540e415d4431f9ea027a4,60a065451f254990ba464820,2023,2023-03-15,,2.73,2.73,6° Grado,Grado,Ciencias de la Naturaleza,Componente 45,101248,False
IQS,9ffaad64673241edb09313c3,000777e0998044f3b82a624a,2026,2026-03-01,50.0,5.06,4.0,3° Grado,Grado,Lengua Española,Componente 14,103142,False
IQS,1aa3f0906e954e96bb867c52,8499fa2a39964aa280aa0807,2023,2023-01-07,,0.06,0.06,6° Grado,Grado,Lengua Española,Componente 23,101383,False
IQS,f66c9e165ec74cae99acfcd0,fd8346b254fe4458b92a0501,2023,2023-09-08,25.0,1.06,1.06,3° Grado,Grado,Ciencias Sociales,Componente 17,104295,False
IQS,419ee7479a7a4a0ab3660a62,99454e87891b4d709850a4fe,2023,2023-01-25,50.0,0.36,0.36,5° Grado,Grado,Ciencias Sociales,Componente 13,103485,False
IQS,e30ad545e0584533832f868d,f5b78e3228124e6d99606af7,2026,2026-04-19,25.0,0.02,0.02,6° Grado,Grado,Matemáticas,Componente 19,104719,False
IQS,c9856f0816c948448375141f,a06e1a5f237a4bedad6b5ba5,2024,2024-11-12,25.0,0.85,0.85,2° Grado,Grado,Ciencias de la Naturaleza,Componente 21,101368,False
IQS,ab9f2218281f49078e6f3ec7,bf69016d39f540fd8a0736f9,2023,2023-04-30,,0.67,0.67,6° Grado,Grado,Matemáticas,Componente 58,103863,False
IQS,e69435fd2d8c4c1dbd3b43db,d586bf4afa71469ea1e10697,2023,2023-11-10,50.0,1.02,1.02,6° Grado,Grado,Matemáticas,Componente 9,104487,False
IQS,c35a5ea03b5d4f9e8702736b,14d3f039863b4c95bca86a9a,2023,2023-03-02,50.0,,,5° Grado,Grado,Ciencias Sociales,Componente 7,100924,False
IQS,ddd42668f6e04f8e96c62699,bbb88782c7d244988319f036,2024,2024-09-21,100.0,1.45,1.45,4° Grado,Grado,Ciencias de la Naturaleza,Componente 41,102784,False
IQS,ade966cd795b49c7af25c9f1,563383f2599843af8dbb37e5,2023,2023-06-08,50.0,0.19,0.19,6° Grado,Grado,Ciencias Sociales,Componente 23,103073,False
IQS,6a9c9c47fa4748d68aab0992,07e57099e5aa4a82bbd53e44,2026,2026-05-11,100.0,0.84,0.84,3° Grado,Grado,Ciencias Sociales,Componente 36,103153,False
IQS,1440789ec3ce488295ae3aba,5f684ea408f34c599543b6d3,2023,2023-06-16,25.0,0.05,0.05,2° Grado,Grado,Ciencias de la Naturaleza,Componente 40,103335,False
IQS,df8ea55774a6461d9d07fc48,62af377d2209497d93397f51,2024,2024-07-18,100.0,0.35,0.35,1° Grado,Grado,Lengua Española,Componente 56,102892,False
IQS,9bca56ec73cc43a686814132,054b44877ebb4dfd89da9029,2023,2023-10-04,0.0,0.08,0.08,3° Grado,Grado,Ciencias Sociales,Componente 4,101515,False
IQS,d4aaa2da6998468aa236c8ca,43a0470f4f0a40b09a0d3b2d,2025,2025-07-30,75.0,0.44,0.44,6° Grado,Grado,Lengua Española,Componente 47,102859,False
IQS,1b6687cb3171461d81f58e81,f1eecb6e79454598a57fa6ae,2023,2023-03-28,25.0,0.17,0.17,4° Grado,Grado,Ciencias Sociales,Componente 13,101672,False
IQS,e818de405f994076a834dce1,29fec145783948e49ea9a6ec,2023,2023-02-20,,0.01,0.01,6° Grado,Grado,Lengua Española,Componente 7,102777,False
IQS,530c709d86c34f168d051546,b0553cb957b841c0a75b60a7,2024,2024-02-25,,3.77,3.77,6° Grado,Grado,Ciencias Sociales,Componente 53,103936,False
IQS,f6ab842b754b47f0b5fbff10,e4cfdb3a24234354b75ba10f,2023,2023-06-20,,0.06,0.06,6° Grado,Grado,Ciencias de la Naturaleza,Componente 41,103980,False
IQS,2595b96756b3459187710560,7f0bb751143747498ca0de1b,2024,2024-10-28,50.0,1.43,1.43,6° Grado,Grado,Matemáticas,Componente 13,101436,False
IQS,adc8935300db46c89d451bf7,563383f2599843af8dbb37e5,2023,2023-10-22,75.0,0.25,0.25,6° Grado,Grado,Lengua Española,Componente 39,103073,False
IQS,bca82420563a496f91e05443,ec463c9da1a3453faf86fc81,2023,2023-01-06,75.0,0.18,0.18,6° Grado,Grado,Ciencias de la Naturaleza,Componente 56,103325,False
IQS,7959f4c7f7714b98be267e3c,c8f3d952d52c4377a74407c5,2023,2023-04-30,0.0,1.21,1.21,1° Grado,Grado,Ciencias Sociales,Componente 37,105002,False
IQS,1e0a876256c84de79de11ba3,b0514fa13cdb4c3dbed1c321,2023,2023-06-17,0.0,0.42,0.42,6° Grado,Grado,Lengua Española,Componente 59,103471,False
IQS,4628528efe5949e49384e0e3,c8f3d952d52c4377a74407c5,2023,2023-04-06,,0.52,0.52,6° Grado,Grado,Ciencias Sociales,Componente 18,105002,False
IQS,989de66659ec438bbe2f3751,563383f2599843af8dbb37e5,2023,2023-09-18,50.0,0.07,0.07,6° Grado,Grado,Ciencias de la Naturaleza,Componente 19,103073,False
IQS,4d5591083538429fb4fdb890,cb026111deb549e3acbff6eb,2023,2023-04-30,0.0,0.76,0.76,4° Grado,Grado,Ciencias de la Naturaleza,Componente 45,103737,False
IQS,7ede4b4fbf39440b8f8ddce1,9d317af30b7b4ee6acc4e00e,2024,2024-09-30,,0.08,0.08,5° Grado,Grado,Ciencias Sociales,Componente 51,101819,False
IQS,923d00d53656424c976e4a93,80cc1f161bc34cfab1b5e506,2023,2023-04-06,50.0,0.05,0.05,2° Grado,Grado,Ciencias Sociales,Componente 20,101554,False
IQS,c23593982320493bbb355e49,87a0a32693194bde9eb4118a,2025,2025-04-01,25.0,0.0,0.0,3° Grado,Grado,Matemáticas,Componente 41,101812,False
IQS,b40787e0a81f4196bad721ab,5d1d43267cea4ead8f24eede,2023,2023-01-16,75.0,2.29,2.29,6° Grado,Grado,Ciencias Sociales,Componente 55,101582,False
IQS,40dee132365a4cd6b0b98482,0441b916b8e74bbebf0e3b5e,2026,2026-04-20,,0.41,0.41,4° Grado,Grado,Ciencias Sociales,Componente 20,102815,False
IQS,206ee47556764aed84f138b3,e4cfdb3a24234354b75ba10f,2023,2023-10-01,,0.19,0.19,3° Grado,Grado,Lengua Española,Componente 20,103980,False
IQS,536b5a62a074423aba5f85d3,0441b916b8e74bbebf0e3b5e,2023,2023-05-29,,0.08,0.08,3° Grado,Grado,Ciencias de la Naturaleza,Componente 49,102815,False
IQS,42a7e73121b7441ebf40df2b,c8f3d952d52c4377a74407c5,2023,2023-02-01,50.0,0.57,0.57,6° Grado,Grado,Lengua Española,Componente 34,105002,False
IQS,fe4c0fcac70347e0857980d6,8499fa2a39964aa280aa0807,2023,2023-06-09,25.0,0.4,0.4,6° Grado,Grado,Matemáticas,Componente 49,101383,False
IQS,1e7e4ac199d440a3997dc9b6,054b44877ebb4dfd89da9029,2024,2024-05-20,100.0,0.24,0.24,2° Grado,Grado,Matemáticas,Componente 35,101515,False
IQS,3eaf301d985445d7bfdf4aed,b0514fa13cdb4c3dbed1c321,2024,2024-08-24,25.0,0.24,0.24,6° Grado,Grado,Ciencias de la Naturaleza,Componente 50,103471,False
IQS,7ac46207812a4f9ca94e9da8,555b1fc48a014b2188f5d34d,2024,2024-06-20,50.0,0.21,0.21,1° Grado,Grado,Ciencias de la Naturaleza,Componente 24,101325,False
IQS,b18f23624993428d8da43f31,76c53d3b8a744c00b63ac606,2025,2025-07-25,,1.53,1.53,2° Grado,Grado,Ciencias Sociales,Componente 18,103845,False
IQS,a5a3b629ac994bd3bdc794e9,9ea8a16d0f154dfcb23a2d1d,2023,2023-05-01,100.0,0.78,0.78,5° Grado,Grado,Lengua Española,Componente 51,104557,False
IQS,111370a0595a45f0aa209659,c8f3d952d52c4377a74407c5,2023,2023-08-26,,0.13,0.13,3° Grado,Grado,Matemáticas,Componente 15,105002,False
IQS,d9a839369db9463f951b3db5,94ea4abfe4444a469873471c,2023,2023-02-19,,2.71,2.71,4° Grado,Grado,Ciencias de la Naturaleza,Componente 1,101562,False
IQS,e42a1695ff844470abd610ae,99cbf085fbe440748eedfdd0,2023,2023-07-07,100.0,5.69,4.0,2° Grado,Grado,Ciencias de la Naturaleza,Componente 51,104102,False
IQS,54400fc2ff1c4e6cb6a1a543,fc9daf204ab94c74a3f7944f,2023,2023-05-18,,0.21,0.21,3° Grado,Grado,Ciencias de la Naturaleza,Componente 53,100885,False
IQS,fd919c2beed04cbeaea261ca,1c5eefcdf33e473cb7e0d013,2023,2023-06-13,,0.01,0.01,3° Grado,Grado,Matemáticas,Componente 24,100853,False
IQS,7bd3b9caeff44f1d843c2fae,80cc1f161bc34cfab1b5e506,2023,2023-10-03,25.0,0.86,0.86,6° Grado,Grado,Lengua Española,Componente 25,101554,False
IQS,73cfa4f93da94c6f9700958f,fea9e9f190a54701a7e6ec07,2022,2022-12-04,,0.46,0.46,3° Grado,Grado,Matemáticas,Componente 42,102176,False
IQS,13045a49ba2544e5ab41e08e,1da14ff6abde4de4bf31122b,2023,2023-05-28,100.0,0.1,0.1,2° Grado,Grado,Matemáticas,Componente 59,102483,False
IQS,997d26a06e824c00a0d92b04,79d63c7c065a48dbb36e14ac,2023,2023-06-03,100.0,4.22,4.0,3° Grado,Grado,Matemáticas,Componente 43,101309,False
IQS,3ae4da5ba438420b9db714f2,1da14ff6abde4de4bf31122b,2023,2023-03-03,,2.54,2.54,2° Grado,Grado,Matemáticas,Componente 39,102483,False
IQS,141dc74ee33a40babc4efe42,442c9196c80b498fa52c808b,2023,2023-07-18,50.0,1.07,1.07,6° Grado,Grado,Matemáticas,Componente 42,104726,False
IQS,8664400c164743338a6d2e8c,76c53d3b8a744c00b63ac606,2023,2023-05-29,,1.62,1.62,6° Grado,Grado,Matemáticas,Componente 55,103845,False
IQS,736c27dbd0f44b1fb9c9934b,a1ef853e3d6a45b4a1a54d7a,2024,2024-12-09,,0.07,0.07,4° Grado,Grado,Matemáticas,Componente 12,103534,False
IQS,09291d432178492892b3bf9f,b8dd33bc101c4fedbbe7b7bf,2025,2025-07-25,,,,3° Grado,Grado,Ciencias Sociales,Componente 5,101732,False
IQS,3f25709806f14f3eb2798068,edbfff2f23414b01a8609b91,2023,2023-04-01,,0.31,0.31,1° Grado,Grado,Lengua Española,Componente 13,103754,False
IQS,cd693e838931448badfe072b,5f684ea408f34c599543b6d3,2025,2025-11-20,0.0,0.15,0.15,6° Grado,Grado,Matemáticas,Componente 20,103335,False
IQS,2041bffb313046d2ab2397bb,fea9e9f190a54701a7e6ec07,2023,2023-06-07,,0.48,0.48,3° Grado,Grado,Matemáticas,Componente 58,102176,False
IQS,4656fcb4c7764d57b4675cae,80cc1f161bc34cfab1b5e506,2023,2023-07-18,75.0,0.54,0.54,2° Grado,Grado,Matemáticas,Componente 43,101554,False
IQS,1a154f793de04c3d95b0c075,90aa0c4bb4cc4625a1ddc3f0,2026,2026-08-09,,0.09,0.09,4° Grado,Grado,Matemáticas,Componente 19,105151,False
IQS,7d9ac6ea9dab4fe7a8d2bb0d,2df3d1f26eaf45c08087d80f,2025,2025-07-01,,0.28,0.28,6° Grado,Grado,Matemáticas,Componente 48,103168,False
IQS,7a06f376e488432d8679a5a4,90aa0c4bb4cc4625a1ddc3f0,2023,2023-09-28,,0.2,0.2,6° Grado,Grado,Matemáticas,Componente 30,105151,False
IQS,ef1c47a975c74584b2685310,5f16a526cb7a409592663f3f,2024,2024-02-02,50.0,0.38,0.38,6° Grado,Grado,Matemáticas,Componente 45,103843,False
IQS,eb3379ecf7de4f9d9fe7d1d0,6f228061777f4db7bef0ecf1,2023,2023-09-08,50.0,0.19,0.19,6° Grado,Grado,Lengua Española,Componente 24,102956,False
IQS,976ab8336a3546bfbbd2fd8b,fed71366c4e643349d154d29,2023,2023-10-21,100.0,0.27,0.27,3° Grado,Grado,Ciencias de la Naturaleza,Componente 34,105152,False
IQS,8daa163fb5374e59aa3ca427,07e57099e5aa4a82bbd53e44,2023,2023-04-25,100.0,0.13,0.13,5° Grado,Grado,Ciencias de la Naturaleza,Componente 17,103153,False
IQS,b82fdbc479d44e5f891c6e64,3363de028c484016b6059407,2023,2023-08-12,0.0,0.88,0.88,6° Grado,Grado,Ciencias Sociales,Componente 45,102427,False
IQS,fbabaa289e644260844d5f2e,1c5eefcdf33e473cb7e0d013,2025,2025-07-21,,0.05,0.05,6° Grado,Grado,Ciencias de la Naturaleza,Componente 40,100853,False
IQS,944e1c850b774966bf600993,568e3ad5422f4b5a8fc1b7ce,2023,2023-04-14,,2.02,2.02,2° Grado,Grado,Lengua Española,Componente 51,103236,False
IQS,eba9f3f54a494669bf99c455,000777e0998044f3b82a624a,2023,2023-03-30,75.0,0.0,0.0,2° Grado,Grado,Ciencias de la Naturaleza,Componente 38,103142,False
IQS,b23b9a0440174b769af7b1fe,af784f89454c4cea98ff0c3b,2025,2025-02-28,25.0,0.44,0.44,3° Grado,Grado,Ciencias de la Naturaleza,Componente 8,103967,False
IQS,0650bcc00670483c82dc447a,5f16a526cb7a409592663f3f,2023,2023-03-12,25.0,0.54,0.54,6° Grado,Grado,Ciencias de la Naturaleza,Componente 13,103843,False
IQS,653a74da1a3b43bb8a7d7a19,ec463c9da1a3453faf86fc81,2023,2023-02-10,,0.99,0.99,6° Grado,Grado,Lengua Española,Componente 29,103325,False
IQS,5c4c79f385314f1ea8c7b36a,43a0470f4f0a40b09a0d3b2d,2023,2023-10-18,25.0,0.0,0.0,2° Grado,Grado,Ciencias Sociales,Componente 57,102859,False
IQS,46db76cc028f496fa73d2951,568e3ad5422f4b5a8fc1b7ce,2022,2022-10-27,,0.43,0.43,3° Grado,Grado,Matemáticas,Componente 56,103236,False
IQS,dd51f13134f8488fbee4cd43,d9e60eb68f914f6187d3f41b,2023,2023-09-29,100.0,0.57,0.57,2° Grado,Grado,Matemáticas,Componente 49,101364,False
IQS,14cc7bb6a1a64c4996cf2265,117d3d8f62ca4f1f9d863592,2023,2023-02-21,50.0,0.11,0.11,4° Grado,Grado,Ciencias de la Naturaleza,Componente 12,101536,False
IQS,fd33b55ea4df47bda4b98e11,34f6675423db4e2d8cc6cf61,2023,2023-02-17,100.0,0.1,0.1,6° Grado,Grado,Ciencias Sociales,Componente 35,103311,False
IQS,a0acf5ea78a940b8bce0df9f,b6af244fb84f45b1ad1df793,2024,2024-06-25,,0.61,0.61,6° Grado,Grado,Ciencias de la Naturaleza,Componente 51,101540,False
IQS,ca6e08ead1dc4064898f4913,57364ffb2264410ab1c5c71f,2025,2025-06-01,,0.35,0.35,4° Grado,Grado,Matemáticas,Componente 7,104724,False
IQS,bcbf7c989c8244b1bce38d77,6f228061777f4db7bef0ecf1,2023,2023-03-19,,0.09,0.09,4° Grado,Grado,Matemáticas,Componente 50,102956,False
IQS,315d97a9d4a744cb96ff9621,14d3f039863b4c95bca86a9a,2023,2023-08-14,,0.02,0.02,6° Grado,Grado,Lengua Española,Componente 45,100924,False
IQS,c78ed220e7f14669845dc636,dba8fc554ba3415b9516281c,2023,2023-01-04,,0.72,0.72,6° Grado,Grado,Lengua Española,Componente 57,105009,False
IQS,cafce5d8a3f044828dc04457,fea9e9f190a54701a7e6ec07,2023,2023-01-16,0.0,0.29,0.29,6° Grado,Grado,Matemáticas,Componente 45,102176,False
IQS,c82444898cee4290bdf4042a,117d3d8f62ca4f1f9d863592,2024,2024-03-04,0.0,0.05,0.05,2° Grado,Grado,Ciencias de la Naturaleza,Componente 32,101536,False
IQS,e10533f8f0014019b13baf27,94c141c0df4548dd96390aeb,2023,2023-10-23,100.0,0.22,0.22,6° Grado,Grado,Matemáticas,Componente 24,101648,False
IQS,e0aa5229cc274cbd8f4bb8f9,a3cf4fe919384fc0ac8f4fe1,2024,2024-02-08,100.0,0.12,0.12,6° Grado,Grado,Ciencias de la Naturaleza,Componente 35,101637,False
IQS,e0287067326347178f456733,07e57099e5aa4a82bbd53e44,2024,2024-03-07,,0.99,0.99,6° Grado,Grado,Ciencias Sociales,Componente 24,103153,False
IQS,816a643e0e9b44ceaefe08bf,ce3aa71b2a684f2985f63f7e,2022,2022-03-12,,0.04,0.04,6° Grado,Grado,Ciencias de la Naturaleza,Componente 15,102870,False
IQS,bed135f883de4261976e90e4,ec463c9da1a3453faf86fc81,2023,2023-04-03,0.0,0.06,0.06,6° Grado,Grado,Matemáticas,Componente 38,103325,False
IQS,73f96b1c7cfd4e5f9f2834bd,555b1fc48a014b2188f5d34d,2024,2024-04-05,75.0,0.01,0.01,2° Grado,Grado,Lengua Española,Componente 29,101325,False
IQS,ab5e1e14cd754edb97189c58,bbb88782c7d244988319f036,2026,2026-03-22,,0.12,0.12,6° Grado,Grado,Lengua Española,Componente 29,102784,False
IQS,2789ffe763f44093a9d4ab69,d586bf4afa71469ea1e10697,2023,2023-01-12,75.0,0.59,0.59,6° Grado,Grado,Matemáticas,Componente 59,104487,False
IQS,85a04b29ad4f4a0085c17816,f1eecb6e79454598a57fa6ae,2023,2023-11-28,,0.08,0.08,1° Grado,Grado,Matemáticas,Componente 59,101672,False
IQS,b25737d4c35f42fc852c93f8,bf69016d39f540fd8a0736f9,2023,2023-10-30,,0.63,0.63,4° Grado,Grado,Ciencias de la Naturaleza,Componente 2,103863,False
IQS,81762eac338441c69bee01bb,c38033cf3de647e98c9ca1df,2026,2026-07-11,50.0,0.29,0.29,2° Grado,Grado,Ciencias Sociales,Componente 53,103524,False
IQS,2e5918d959564112b58702e3,011557a17a0448539101febc,2024,2024-12-10,,0.2,0.2,6° Grado,Grado,Ciencias de la Naturaleza,Componente 21,105166,False
IQS,69e1f9029e6242198b424bfe,b0553cb957b841c0a75b60a7,2023,2023-04-27,100.0,0.02,0.02,2° Grado,Grado,Ciencias Sociales,Componente 28,103936,False
IQS,72a1bb4ba28c43779c2407bd,57364ffb2264410ab1c5c71f,2024,2024-07-30,0.0,2.18,2.18,6° Grado,Grado,Ciencias de la Naturaleza,Componente 43,104724,False
IQS,9fb1398fbbba462e863c61b7,07e57099e5aa4a82bbd53e44,2023,2023-08-17,,,,6° Grado,Grado,Matemáticas,Componente 41,103153,False
IQS,dd0a3297139d4a0e890f2b06,508643e7d1a842f18e8cf775,2022,2022-10-29,,0.5,0.5,2° Grado,Grado,Ciencias Sociales,Componente 59,105139,False
IQS,def8b7afc2884292993e7fc3,edbfff2f23414b01a8609b91,2024,2024-07-29,,0.04,0.04,5° Grado,Grado,Lengua Española,Componente 37,103754,False
IQS,ba49d12779a644e2b87477fa,14a3d6f3d82d4518bdfb47e9,2023,2023-10-22,,0.15,0.15,4° Grado,Grado,Ciencias de la Naturaleza,Componente 40,102666,False
IQS,4c5e0e852a5641f8a56f09d6,94c141c0df4548dd96390aeb,2023,2023-12-01,,2.93,2.93,6° Grado,Grado,Ciencias de la Naturaleza,Componente 41,101648,False
IQS,591bc673c62043cb9c70ac1b,ec463c9da1a3453faf86fc81,2023,2023-02-03,100.0,0.18,0.18,2° Grado,Grado,Ciencias de la Naturaleza,Componente 27,103325,False
IQS,66adb48527194e04a2f7683d,0339c0d4ecd34ac4b75486b3,2024,2024-05-08,,0.36,0.36,4° Grado,Grado,Matemáticas,Componente 19,102908,False
IQS,20090a2253684d8f98cfb2d1,f0c5251607e94d61a54344e0,2023,2023-05-27,25.0,0.62,0.62,4° Grado,Grado,Lengua Española,Componente 44,102905,False
IQS,2d41c1f41b884d0e967100f3,90aa0c4bb4cc4625a1ddc3f0,2023,2023-03-20,,0.12,0.12,6° Grado,Grado,Lengua Española,Componente 9,105151,False
IQS,a6090200b24042ecb58b929c,000777e0998044f3b82a624a,2023,2023-05-12,25.0,2.1,2.1,6° Grado,Grado,Lengua Española,Componente 27,103142,False
IQS,befaffc8b9d6431e8d294d5a,b8dd33bc101c4fedbbe7b7bf,2023,2023-03-19,25.0,2.45,2.45,2° Grado,Grado,Matemáticas,Componente 47,101732,False
IQS,8f146da73c454b1daa1fa0d2,4121c2b34e074f6fa2c39975,2023,2023-10-07,,0.8,0.8,6° Grado,Grado,Ciencias de la Naturaleza,Componente 3,101185,False
IQS,f7237eebc6fe43a99dc01e5f,2df3d1f26eaf45c08087d80f,2024,2024-01-19,25.0,0.01,0.01,6° Grado,Grado,Lengua Española,Componente 40,103168,False
IQS,ba2f687852b646408159320e,bf69016d39f540fd8a0736f9,2023,2023-05-16,,0.46,0.46,5° Grado,Grado,Matemáticas,Componente 49,103863,False
IQS,48d7200c6b884ddc872bd4bd,5a4baf163c72464ba70bdfc3,2023,2023-12-05,25.0,2.71,2.71,6° Grado,Grado,Ciencias de la Naturaleza,Componente 44,103363,False
IQS,3b578861fd024a558ed489e2,34f6675423db4e2d8cc6cf61,2023,2023-02-07,0.0,0.4,0.4,6° Grado,Grado,Ciencias de la Naturaleza,Componente 20,103311,False
IQS,0040af33cca54e49bb9d9b87,aa518cc455fe4758aa166752,2023,2023-07-31,50.0,0.51,0.51,6° Grado,Grado,Ciencias Sociales,Componente 42,101155,False
IQS,864dc314097d492cae17649f,b6af244fb84f45b1ad1df793,2023,2023-07-19,100.0,1.26,1.26,6° Grado,Grado,Ciencias de la Naturaleza,Componente 54,101540,False
IQS,c101caef8ecb4551a5173fd7,1fbc2c7c19a94c8fbf21d2dc,2023,2023-12-16,,0.4,0.4,6° Grado,Grado,Lengua Española,Componente 30,104767,False
IQS,ee03e8f788074194b5340ce8,1fbc2c7c19a94c8fbf21d2dc,2023,2023-11-08,50.0,0.2,0.2,4° Grado,Grado,Matemáticas,Componente 9,104767,False
IQS,98e3bbca8c0e4d00897835a3,a3cf4fe919384fc0ac8f4fe1,2022,2022-12-19,,2.41,2.41,3° Grado,Grado,Matemáticas,Componente 23,101637,False
IQS,5e16915dce31406b9f1d2eb9,1d57bdad0daa451887d5a6b0,2023,2023-04-06,75.0,0.32,0.32,6° Grado,Grado,Ciencias Sociales,Componente 51,100808,False
IQS,a22c56fc9607445486c0b109,765b6154a8d44bdd909c09d3,2026,2026-09-15,,0.4,0.4,3° Grado,Grado,Matemáticas,Componente 22,102155,False
IQS,e114f674c71148afbe36c950,5d1d43267cea4ead8f24eede,2023,2023-05-26,0.0,0.39,0.39,6° Grado,Grado,Lengua Española,Componente 31,101582,False
IQS,8b10e9405f404375bc87b316,1da14ff6abde4de4bf31122b,2023,2023-02-11,25.0,0.53,0.53,6° Grado,Grado,Ciencias de la Naturaleza,Componente 47,102483,False
IQS,f2976844714c425696e7bc8c,589f39b52d984141bbd7c190,2024,2024-01-12,50.0,1.18,1.18,6° Grado,Grado,Lengua Española,Componente 54,103303,False
IQS,3e73008456f9474da9b86a9a,79d63c7c065a48dbb36e14ac,2023,2023-08-28,,0.01,0.01,6° Grado,Grado,Lengua Española,Componente 30,101309,False
IQS,620e7f3cc7634053a3b5591e,d9e60eb68f914f6187d3f41b,2023,2023-08-26,25.0,1.33,1.33,3° Grado,Grado,Ciencias de la Naturaleza,Componente 27,101364,False
IQS,f40be1646ad546b480c8b7b9,335c5063211c4b6797a02d3c,2023,2023-07-16,25.0,0.0,0.0,6° Grado,Grado,Matemáticas,Componente 5,100881,False
IQS,fd99f051781e45c5aedd7af3,fed71366c4e643349d154d29,2024,2024-09-17,,0.12,0.12,1° Grado,Grado,Matemáticas,Componente 16,105152,False
IQS,2b331029cff24fd1ba6fd182,765b6154a8d44bdd909c09d3,2024,2024-03-05,75.0,1.12,1.12,1° Grado,Grado,Ciencias Sociales,Componente 8,102155,False
IQS,a065f04f7a9c4139b262b0d5,5558930c63084d958f703c26,2023,2023-04-28,,0.42,0.42,6° Grado,Grado,Ciencias Sociales,Componente 39,101351,False
IQS,1ea474102eec4c2db038ce72,4121c2b34e074f6fa2c39975,2023,2023-07-12,25.0,1.7,1.7,6° Grado,Grado,Ciencias Sociales,Componente 36,101185,False
IQS,87729d0174a14757a1fe8846,80cc1f161bc34cfab1b5e506,2023,2023-12-12,,1.86,1.86,6° Grado,Grado,Ciencias de la Naturaleza,Componente 26,101554,False
IQS,0c2d834e82904f33a1147fc8,cb026111deb549e3acbff6eb,2023,2023-11-03,,0.47,0.47,6° Grado,Grado,Matemáticas,Componente 54,103737,False
IQS,cedca83f17bf4098baa94c09,07e57099e5aa4a82bbd53e44,2023,2023-06-03,0.0,1.28,1.28,1° Grado,Grado,Ciencias de la Naturaleza,Componente 9,103153,False
IQS,fe04177892f8403c933ee0bc,b6af244fb84f45b1ad1df793,2024,2024-09-29,50.0,0.11,0.11,6° Grado,Grado,Ciencias de la Naturaleza,Componente 14,101540,False
IQS,16556a3f4cee4e1cb096d959,9abae178c1c147d18d90d74c,2024,2024-07-30,100.0,0.13,0.13,6° Grado,Grado,Ciencias de la Naturaleza,Componente 36,104186,False
IQS,446de7a3e59846e88261baa0,80cc1f161bc34cfab1b5e506,2024,2024-09-18,,0.19,0.19,1° Grado,Grado,Matemáticas,Componente 9,101554,False
IQS,e54b95c8c1dc4c4fad649ce3,18b155f0d3d94396a7e9c5b7,2023,2023-08-07,,0.57,0.57,6° Grado,Grado,Lengua Española,Componente 31,102751,False
IQS,9794beee4e004e7ca8ae80e1,29fec145783948e49ea9a6ec,2025,2025-05-01,,0.18,0.18,4° Grado,Grado,Matemáticas,Componente 13,102777,False
IQS,bbee419832bf4a46a6b6154d,9ea8a16d0f154dfcb23a2d1d,2026,2026-03-14,50.0,0.17,0.17,6° Grado,Grado,Ciencias de la Naturaleza,Componente 42,104557,False
IQS,a5b8c7eb06a841dc9a8e81d4,f5b78e3228124e6d99606af7,2023,2023-08-24,,0.7,0.7,3° Grado,Grado,Lengua Española,Componente 45,104719,False
IQS,bf87112805b04119bad97db3,568e3ad5422f4b5a8fc1b7ce,2026,2026-02-17,0.0,0.0,0.0,6° Grado,Grado,Matemáticas,Componente 7,103236,False
IQS,4827223ecc074181a50ea951,94c141c0df4548dd96390aeb,2023,2023-08-29,25.0,0.56,0.56,6° Grado,Grado,Ciencias de la Naturaleza,Componente 28,101648,False
IQS,b601fd20ad2c4d54b7a2521b,0339c0d4ecd34ac4b75486b3,2023,2023-08-09,,0.29,0.29,4° Grado,Grado,Lengua Española,Componente 45,102908,False
IQS,d9a6aebe0c9e4cef9b72d34c,1c5eefcdf33e473cb7e0d013,2022,2022-04-29,100.0,0.16,0.16,6° Grado,Grado,Matemáticas,Componente 27,100853,False
IQS,e7f3b62f0dc7446795f88a36,80cc1f161bc34cfab1b5e506,2023,2023-06-03,50.0,1.09,1.09,4° Grado,Grado,Ciencias de la Naturaleza,Componente 2,101554,False
IQS,31e53a0470684a8b972ebac4,fed71366c4e643349d154d29,2024,2024-03-07,,0.57,0.57,6° Grado,Grado,Ciencias Sociales,Componente 45,105152,False
IQS,67bce6d299c6445985fcebb4,87a0a32693194bde9eb4118a,2024,2024-08-22,,0.91,0.91,1° Grado,Grado,Matemáticas,Componente 33,101812,False
IQS,0440f4f281f1488ca36832f8,76c53d3b8a744c00b63ac606,2023,2023-10-07,50.0,0.63,0.63,4° Grado,Grado,Ciencias Sociales,Componente 32,103845,False
IQS,c8bdebc4cc7f47589d4e5fa0,555b1fc48a014b2188f5d34d,2023,2023-05-17,100.0,0.27,0.27,3° Grado,Grado,Matemáticas,Componente 59,101325,False
IQS,9d63288a9c494f24918da240,117d3d8f62ca4f1f9d863592,2023,2023-10-03,,2.26,2.26,6° Grado,Grado,Ciencias de la Naturaleza,Componente 51,101536,False
IQS,b34d857f48a8465da176829f,011557a17a0448539101febc,2023,2023-11-24,50.0,0.29,0.29,4° Grado,Grado,Ciencias Sociales,Componente 21,105166,False
IQS,e1a67647949748e6a5481a3e,555b1fc48a014b2188f5d34d,2023,2023-01-27,,0.49,0.49,6° Grado,Grado,Matemáticas,Componente 20,101325,False
IQS,14807b9b96294332a7fe390a,d9e60eb68f914f6187d3f41b,2023,2023-11-15,0.0,1.05,1.05,4° Grado,Grado,Lengua Española,Componente 13,101364,False
IQS,cfa9990577054db485c333cf,1da14ff6abde4de4bf31122b,2023,2023-02-13,,0.01,0.01,1° Grado,Grado,Ciencias de la Naturaleza,Componente 5,102483,False
IQS,7e0ff58e30514e06a67e205a,9abae178c1c147d18d90d74c,2023,2023-12-07,50.0,0.05,0.05,6° Grado,Grado,Ciencias de la Naturaleza,Componente 52,104186,False
IQS,9349c747ebb44780bd21ab32,64c7418fb94a450a8e3798fa,2023,2023-01-25,25.0,0.3,0.3,4° Grado,Grado,Lengua Española,Componente 6,104320,False
IQS,4a798f8060b74c2591f1ca84,7f0bb751143747498ca0de1b,2023,2023-07-21,,0.78,0.78,6° Grado,Grado,Lengua Española,Componente 21,101436,False
IQS,df8677c9efc744558fb0e27a,1da14ff6abde4de4bf31122b,2025,2025-06-22,25.0,0.24,0.24,6° Grado,Grado,Ciencias Sociales,Componente 7,102483,False
IQS,fd11ea65da1046839c332096,00b54deac72546cdafa17218,2023,2023-04-12,,0.73,0.73,6° Grado,Grado,Ciencias de la Naturaleza,Componente 7,102531,False
IQS,240e7d53611f48d3aba6702f,bf886d550c824a6b83bf6d11,2023,2023-12-22,75.0,0.0,0.0,4° Grado,Grado,Lengua Española,Componente 34,102526,False
IQS,f6b0f5ec365e406a8bd415c7,79d63c7c065a48dbb36e14ac,2024,2024-03-30,75.0,0.37,0.37,1° Grado,Grado,Lengua Española,Componente 17,101309,False
IQS,77aec7aca12d49f1b597f928,20ff08b82a674c5daaa66674,2023,2023-02-28,25.0,0.01,0.01,6° Grado,Grado,Matemáticas,Componente 34,104568,False
IQS,07547efad61041f78e226f85,fed71366c4e643349d154d29,2023,2023-06-11,0.0,0.25,0.25,6° Grado,Grado,Ciencias Sociales,Componente 59,105152,False
IQS,92e1281e6d0f424ebc5abaf9,34f6675423db4e2d8cc6cf61,2023,2023-10-02,,0.01,0.01,2° Grado,Grado,Ciencias de la Naturaleza,Componente 1,103311,False
IQS,1efee076a3b04ea8a70f99f6,29fec145783948e49ea9a6ec,2024,2024-01-02,,0.23,0.23,6° Grado,Grado,Ciencias de la Naturaleza,Componente 15,102777,False
IQS,86e65dd8c9a8457996a5cc6f,07e57099e5aa4a82bbd53e44,2024,2024-04-29,0.0,0.19,0.19,3° Grado,Grado,Matemáticas,Componente 9,103153,False
IQS,2243fadd1372466f99bf7a9b,fea9e9f190a54701a7e6ec07,2023,2023-11-11,0.0,0.21,0.21,5° Grado,Grado,Lengua Española,Componente 49,102176,False
IQS,d97bc84382974eea856daebc,d9e60eb68f914f6187d3f41b,2022,2022-07-30,50.0,0.67,0.67,3° Grado,Grado,Ciencias de la Naturaleza,Componente 31,101364,False
IQS,fb758363982143b0bffd4076,bf886d550c824a6b83bf6d11,2024,2024-04-25,0.0,0.39,0.39,6° Grado,Grado,Ciencias de la Naturaleza,Componente 33,102526,False
IQS,76b53b93562540319527f68b,d586bf4afa71469ea1e10697,2023,2023-10-01,,0.31,0.31,6° Grado,Grado,Lengua Española,Componente 13,104487,False
IQS,4f12423ad6014ce7afe707a2,99cbf085fbe440748eedfdd0,2023,2023-04-18,100.0,0.01,0.01,6° Grado,Grado,Lengua Española,Componente 33,104102,False
IQS,a6e286b91d39480c909d6c65,dba8fc554ba3415b9516281c,2024,2024-09-14,0.0,0.38,0.38,3° Grado,Grado,Matemáticas,Componente 37,105009,False
IQS,e2924dded4344e0a86a20d0b,9d317af30b7b4ee6acc4e00e,2022,2022-07-16,100.0,0.46,0.46,5° Grado,Grado,Lengua Española,Componente 50,101819,False
IQS,0f42a9a0ee45466c91f95b9b,cb026111deb549e3acbff6eb,2023,2023-03-03,,1.62,1.62,1° Grado,Grado,Matemáticas,Componente 20,103737,False
IQS,896e30c798154113a934438e,508643e7d1a842f18e8cf775,2026,2026-06-13,50.0,0.55,0.55,4° Grado,Grado,Ciencias Sociales,Componente 55,105139,False
IQS,135770cc5ef643288b310a47,5f16a526cb7a409592663f3f,2023,2023-07-23,0.0,1.07,1.07,5° Grado,Grado,Matemáticas,Componente 30,103843,False
IQS,fec139b6ed0b4866a39b92dd,0339c0d4ecd34ac4b75486b3,2025,2025-10-21,,0.04,0.04,6° Grado,Grado,Ciencias de la Naturaleza,Componente 33,102908,False
IQS,60411d0f91884e63844265fa,07e57099e5aa4a82bbd53e44,2023,2023-07-09,,0.46,0.46,6° Grado,Grado,Ciencias de la Naturaleza,Componente 49,103153,False
IQS,333a55cf329d44049abaeca2,000777e0998044f3b82a624a,2025,2025-12-12,,0.4,0.4,6° Grado,Grado,Lengua Española,Componente 38,103142,False
IQS,d7c1bf09ad284ee495254f93,fc9daf204ab94c74a3f7944f,2023,2023-04-13,75.0,1.03,1.03,6° Grado,Grado,Ciencias Sociales,Componente 21,100885,False
IQS,bef242cb6c2346849f505b07,ce3aa71b2a684f2985f63f7e,2023,2023-02-06,75.0,0.3,0.3,6° Grado,Grado,Lengua Española,Componente 10,102870,False
IQS,086687ad9b744b9c9e9b5190,442c9196c80b498fa52c808b,2023,2023-01-04,,1.1,1.1,6° Grado,Grado,Lengua Española,Componente 10,104726,False
IQS,c6fccbdeaae84d8f83c69d6f,6f228061777f4db7bef0ecf1,2023,2023-02-15,0.0,0.27,0.27,4° Grado,Grado,Lengua Española,Componente 37,102956,False
IQS,f11621ecce004247b5344cfb,76c53d3b8a744c00b63ac606,2023,2023-02-06,0.0,0.14,0.14,5° Grado,Grado,Lengua Española,Componente 58,103845,False
IQS,d7d4d4c2c22f4fca83a84f6a,011557a17a0448539101febc,2023,2023-03-02,,0.76,0.76,6° Grado,Grado,Ciencias de la Naturaleza,Componente 9,105166,False
IQS,a4aa1f78bb554b37add9bac1,ecfce1cabd8948bca5fdc08f,2023,2023-12-04,75.0,0.36,0.36,6° Grado,Grado,Ciencias Sociales,Componente 2,104475,False
IQS,d385a3ed0d0d4b318ae5079c,90aa0c4bb4cc4625a1ddc3f0,2023,2023-08-10,25.0,0.35,0.35,3° Grado,Grado,Ciencias Sociales,Componente 36,105151,False
IQS,b0a9e230dc9f4cc99d41ee80,aa518cc455fe4758aa166752,2024,2024-02-06,25.0,0.05,0.05,6° Grado,Grado,Ciencias Sociales,Componente 24,101155,False
IQS,d7a11a27aeca453db4a29d03,9abae178c1c147d18d90d74c,2023,2023-09-11,0.0,0.01,0.01,6° Grado,Grado,Lengua Española,Componente 11,104186,False
IQS,342febd4a4594da7b284a3c9,5f684ea408f34c599543b6d3,2023,2023-05-21,50.0,0.12,0.12,6° Grado,Grado,Lengua Española,Componente 59,103335,False
IQS,7b2950720b854efcbd0fd50d,a3cf4fe919384fc0ac8f4fe1,2023,2023-01-12,0.0,0.03,0.03,1° Grado,Grado,Ciencias Sociales,Componente 42,101637,False
IQS,d9d1ac3da1ed4f43bf591ef1,9ea8a16d0f154dfcb23a2d1d,2026,2026-02-05,75.0,2.09,2.09,6° Grado,Grado,Ciencias de la Naturaleza,Componente 2,104557,False
IQS,1ea94a238f564d278c14826e,cf747da360bf408e906f841e,2022,2022-04-22,25.0,0.23,0.23,2° Grado,Grado,Matemáticas,Componente 43,103725,False
IQS,1db6fe4411854895a741a9f4,563383f2599843af8dbb37e5,2024,2024-10-31,,0.27,0.27,2° Grado,Grado,Ciencias de la Naturaleza,Componente 29,103073,False
IQS,cb81b10a24c749f09f3ad752,c38033cf3de647e98c9ca1df,2023,2023-03-21,100.0,0.77,0.77,2° Grado,Grado,Lengua Española,Componente 58,103524,False
IQS,3b7886d2cc4c4d19b053c16c,7dd6a62e0570449f8211be67,2024,2024-11-20,100.0,0.03,0.03,2° Grado,Grado,Matemáticas,Componente 49,100893,False
IQS,b05dc8f612184e9f8f4eb126,07e57099e5aa4a82bbd53e44,2024,2024-08-28,100.0,1.39,1.39,1° Grado,Grado,Ciencias Sociales,Componente 48,103153,False
IQS,cc5d3674a00745dda33b773e,cf747da360bf408e906f841e,2023,2023-11-05,75.0,0.06,0.06,2° Grado,Grado,Matemáticas,Componente 23,103725,False
IQS,a97bf4014226466ba9e8f54f,d269cc53ea4043b1ab3d1db2,2026,2026-09-16,50.0,2.63,2.63,3° Grado,Grado,Matemáticas,Componente 7,100831,False
IQS,689d5a2ecb4f4d2586c3618b,63c3b044dc17406f9ece5257,2023,2023-06-23,75.0,1.85,1.85,2° Grado,Grado,Ciencias Sociales,Componente 33,104259,False
IQS,9542a2a7c04942239f4ceddc,209aa809d73642598046e6fe,2023,2023-03-09,,1.22,1.22,3° Grado,Grado,Ciencias de la Naturaleza,Componente 48,103929,False
IQS,4dfee75072684c87a80a3d74,765b6154a8d44bdd909c09d3,2023,2023-05-23,25.0,0.38,0.38,2° Grado,Grado,Matemáticas,Componente 37,102155,False
IQS,b1f956d4b5c44c68bf4aa1e0,f405cf4c9b06400a8872aeea,2023,2023-07-12,,0.12,0.12,6° Grado,Grado,Ciencias de la Naturaleza,Componente 17,104932,False
IQS,f3cb925efde14fdca3e316f8,07e57099e5aa4a82bbd53e44,2023,2023-03-04,75.0,1.55,1.55,3° Grado,Grado,Ciencias de la Naturaleza,Componente 31,103153,False
IQS,720cce0f3d7f485fbafd16eb,fd8346b254fe4458b92a0501,2023,2023-08-31,50.0,0.27,0.27,6° Grado,Grado,Ciencias de la Naturaleza,Componente 43,104295,False
IQS,7e9b3d97906641ccb8620667,4121c2b34e074f6fa2c39975,2024,2024-03-23,25.0,1.99,1.99,1° Grado,Grado,Ciencias Sociales,Componente 25,101185,False
IQS,c798f7da54a243f4867fbc77,1642fe50db684b8ea65833c1,2024,2024-04-25,100.0,0.6,0.6,6° Grado,Grado,Ciencias Sociales,Componente 3,104970,False
IQS,b45aef30b0004eb0a6c1b372,dba8fc554ba3415b9516281c,2023,2023-02-23,,1.69,1.69,6° Grado,Grado,Lengua Española,Componente 42,105009,False
IQS,62beff5a88f64c45819fdef1,568e3ad5422f4b5a8fc1b7ce,2023,2023-11-14,25.0,0.34,0.34,6° Grado,Grado,Matemáticas,Componente 54,103236,False
IQS,094baa63a1f24e76bb407bf1,d586bf4afa71469ea1e10697,2023,2023-07-23,50.0,0.1,0.1,6° Grado,Grado,Ciencias de la Naturaleza,Componente 34,104487,False
IQS,01a6ec8854e44f5d807fbf35,57364ffb2264410ab1c5c71f,2023,2023-02-22,0.0,0.03,0.03,2° Grado,Grado,Ciencias de la Naturaleza,Componente 52,104724,False
IQS,2eb0eea7225941dab41de126,edbfff2f23414b01a8609b91,2026,2026-01-14,0.0,1.05,1.05,6° Grado,Grado,Matemáticas,Componente 16,103754,False
IQS,2cd509220cea442a8ef007d4,7f0bb751143747498ca0de1b,2023,2023-02-15,,1.34,1.34,6° Grado,Grado,Matemáticas,Componente 42,101436,False
IQS,14548f9db5cd4191a651e044,a1ef853e3d6a45b4a1a54d7a,2026,2026-06-20,100.0,0.76,0.76,6° Grado,Grado,Ciencias Sociales,Componente 8,103534,False
IQS,8310797dc987424ab39cccdf,87a0a32693194bde9eb4118a,2024,2024-12-07,50.0,0.02,0.02,6° Grado,Grado,Matemáticas,Componente 16,101812,False
IQS,a54835356fa64b3cbf9c43a6,07e57099e5aa4a82bbd53e44,2023,2023-05-16,50.0,0.06,0.06,1° Grado,Grado,Lengua Española,Componente 51,103153,False
IQS,272fffeff9814e15b6357980,9d317af30b7b4ee6acc4e00e,2024,2024-08-07,,0.07,0.07,6° Grado,Grado,Ciencias de la Naturaleza,Componente 44,101819,False
IQS,573eb3ef2a5d40e9a3fef989,b0514fa13cdb4c3dbed1c321,2025,2025-09-10,100.0,0.66,0.66,6° Grado,Grado,Matemáticas,Componente 47,103471,False
IQS,763e4badaa574c8d89acc3ba,ecfce1cabd8948bca5fdc08f,2023,2023-04-04,75.0,0.5,0.5,2° Grado,Grado,Ciencias Sociales,Componente 42,104475,False
IQS,b845dad41e664dcb85a3f84e,34f6675423db4e2d8cc6cf61,2024,2024-08-12,,2.62,2.62,4° Grado,Grado,Ciencias Sociales,Componente 27,103311,False
IQS,68df549c3ed045ad9c5d4173,a1ef853e3d6a45b4a1a54d7a,2023,2023-08-12,50.0,1.1,1.1,6° Grado,Grado,Ciencias Sociales,Componente 49,103534,False
IQS,6d0ea551546a477793b13d08,94ea4abfe4444a469873471c,2023,2023-11-30,,2.2,2.2,6° Grado,Grado,Ciencias Sociales,Componente 30,101562,False
IQS,3cec82ab33ba4632be4d695b,555b1fc48a014b2188f5d34d,2024,2024-08-01,50.0,0.47,0.47,3° Grado,Grado,Ciencias Sociales,Componente 55,101325,False
IQS,a4e9cdb7238a48d8b47c7620,99cbf085fbe440748eedfdd0,2023,2023-05-20,,0.05,0.05,1° Grado,Grado,Lengua Española,Componente 6,104102,False
IQS,be5d016f33ab46f59f11ce30,000777e0998044f3b82a624a,2025,2025-07-14,50.0,0.3,0.3,6° Grado,Grado,Ciencias de la Naturaleza,Componente 6,103142,False
IQS,69dcd84600d94bda99cc0516,fc9daf204ab94c74a3f7944f,2026,2026-04-01,75.0,0.4,0.4,5° Grado,Grado,Lengua Española,Componente 23,100885,False
IQS,37ac4a76d3184299b4803b75,97d494410166468cbf225f11,2024,2024-11-13,,0.0,0.0,4° Grado,Grado,Ciencias Sociales,Componente 51,103732,False
IQS,dc901c21e9b64f0b993ffbeb,765b6154a8d44bdd909c09d3,2026,2026-05-15,25.0,2.14,2.14,5° Grado,Grado,Matemáticas,Componente 12,102155,False
IQS,9fae3dfcfc604b10904bec54,99cbf085fbe440748eedfdd0,2023,2023-01-01,100.0,0.04,0.04,6° Grado,Grado,Ciencias Sociales,Componente 22,104102,False
IQS,0d79878fab864614a2acbb13,ecfce1cabd8948bca5fdc08f,2024,2024-01-11,,0.05,0.05,3° Grado,Grado,Ciencias de la Naturaleza,Componente 20,104475,False
IQS,6655063693fb420b9e02de32,209aa809d73642598046e6fe,2023,2023-03-07,100.0,0.03,0.03,1° Grado,Grado,Matemáticas,Componente 45,103929,False
IQS,24ce60c83a0f4457ba61d430,335c5063211c4b6797a02d3c,2024,2024-04-23,,1.09,1.09,6° Grado,Grado,Ciencias Sociales,Componente 45,100881,False
IQS,a0968e338eb346efb5881f56,7f0bb751143747498ca0de1b,2023,2023-06-19,50.0,0.25,0.25,3° Grado,Grado,Lengua Española,Componente 21,101436,False
IQS,d7879f9380014cdba09ba006,4121c2b34e074f6fa2c39975,2024,2024-02-04,,0.38,0.38,4° Grado,Grado,Matemáticas,Componente 50,101185,False
IQS,90936d52119f42ec8c645caa,1da14ff6abde4de4bf31122b,2023,2023-04-20,50.0,0.88,0.88,4° Grado,Grado,Ciencias Sociales,Componente 40,102483,False
IQS,ebf2ec7751bd4a6a8dfecf5d,a3cf4fe919384fc0ac8f4fe1,2023,2023-08-14,50.0,0.2,0.2,1° Grado,Grado,Matemáticas,Componente 15,101637,False
IQS,377a1188ab2d43c2b468ad20,18b155f0d3d94396a7e9c5b7,2026,2026-03-15,75.0,0.08,0.08,6° Grado,Grado,Matemáticas,Componente 10,102751,False
IQS,843a51102e5f41e581dd75c9,5d1d43267cea4ead8f24eede,2024,2024-11-19,75.0,0.02,0.02,6° Grado,Grado,Lengua Española,Componente 4,101582,False
IQS,f72b9352c308442697af3cb8,64c7418fb94a450a8e3798fa,2023,2023-10-15,,0.37,0.37,6° Grado,Grado,Ciencias de la Naturaleza,Componente 47,104320,False
IQS,8e514bbcf64544cdac0bd801,1c5eefcdf33e473cb7e0d013,2023,2023-09-14,75.0,,,6° Grado,Grado,Lengua Española,Componente 36,100853,False
IQS,28ebf388b14f4a8ea5e2d455,60a065451f254990ba464820,2023,2023-09-26,,0.01,0.01,5° Grado,Grado,Ciencias de la Naturaleza,Componente 13,101248,False
IQS,766e31622a2343fcba9fd2b5,f1eecb6e79454598a57fa6ae,2023,2023-01-27,,0.06,0.06,2° Grado,Grado,Ciencias de la Naturaleza,Componente 40,101672,False
IQS,efe22806631348f9a1e65e9e,563383f2599843af8dbb37e5,2023,2023-06-30,75.0,0.01,0.01,6° Grado,Grado,Ciencias Sociales,Componente 8,103073,False
IQS,b4a09da27b4544328cdb444f,20ff08b82a674c5daaa66674,2023,2023-04-02,,1.84,1.84,4° Grado,Grado,Matemáticas,Componente 54,104568,False
IQS,13105dee9b274e3492d38c87,e96dbacb568f480bb863f60a,2025,2025-06-13,50.0,0.55,0.55,6° Grado,Grado,Ciencias Sociales,Componente 26,102183,False
IQS,ae40402240aa432bae8be35b,7f0bb751143747498ca0de1b,2023,2023-11-01,0.0,0.53,0.53,6° Grado,Grado,Ciencias de la Naturaleza,Componente 30,101436,False
IQS,44b577be6d144dfd8d9c6c93,555b1fc48a014b2188f5d34d,2023,2023-03-22,,0.14,0.14,2° Grado,Grado,Ciencias Sociales,Componente 9,101325,False
IQS,863f336e7bd24451b74bfbc5,cb026111deb549e3acbff6eb,2023,2023-09-28,25.0,3.27,3.27,3° Grado,Grado,Ciencias de la Naturaleza,Componente 22,103737,False
IQS,b0e536e2fd0746389cc6c6c5,f0c5251607e94d61a54344e0,2023,2023-06-18,50.0,0.77,0.77,6° Grado,Grado,Ciencias de la Naturaleza,Componente 34,102905,False
IQS,efe3a0b5978b477a85d7aa21,1fbc2c7c19a94c8fbf21d2dc,2023,2023-01-05,,0.03,0.03,4° Grado,Grado,Ciencias Sociales,Componente 31,104767,False
IQS,6e879e17269d405eb0d769af,43a0470f4f0a40b09a0d3b2d,2024,2024-05-03,100.0,1.63,1.63,2° Grado,Grado,Lengua Española,Componente 20,102859,False
IQS,2f59e7a588194469af81c23b,209aa809d73642598046e6fe,2023,2023-08-12,,0.41,0.41,6° Grado,Grado,Matemáticas,Componente 35,103929,False
IQS,aa711dfcfd23421ea5653ef6,e4cfdb3a24234354b75ba10f,2023,2023-11-03,50.0,0.0,0.0,6° Grado,Grado,Matemáticas,Componente 3,103980,False
IQS,4cd5eb5b80424d29bd52274f,edbfff2f23414b01a8609b91,2023,2023-11-04,,0.07,0.07,1° Grado,Grado,Lengua Española,Componente 22,103754,False
IQS,13a60ba296cc4721a618d6ae,5f16a526cb7a409592663f3f,2023,2023-06-10,,0.44,0.44,4° Grado,Grado,Ciencias de la Naturaleza,Componente 23,103843,False
IQS,29bac0fec5d74904a03690f0,1642fe50db684b8ea65833c1,2023,2023-10-21,50.0,0.14,0.14,6° Grado,Grado,Matemáticas,Componente 48,104970,False
IQS,2925adf3de2c43eb99252b4f,335c5063211c4b6797a02d3c,2023,2023-03-29,,0.06,0.06,6° Grado,Grado,Lengua Española,Componente 33,100881,False
IQS,9be33ef766e04f0daca5a01e,1fbc2c7c19a94c8fbf21d2dc,2023,2023-12-09,50.0,0.18,0.18,6° Grado,Grado,Matemáticas,Componente 51,104767,False
IQS,5994b4785c4c4a89b82e838d,fea9e9f190a54701a7e6ec07,2023,2023-03-17,100.0,0.03,0.03,4° Grado,Grado,Ciencias de la Naturaleza,Componente 17,102176,False
IQS,2211f5b7325748a29933001f,ec463c9da1a3453faf86fc81,2023,2023-05-25,,0.52,0.52,6° Grado,Grado,Matemáticas,Componente 50,103325,False
IQS,2b2e128390e246fdadf5a54a,011557a17a0448539101febc,2023,2023-02-10,0.0,1.75,1.75,6° Grado,Grado,Matemáticas,Componente 56,105166,False
IQS,ba3302526fa8400faa92442d,b8dd33bc101c4fedbbe7b7bf,2024,2024-06-07,,0.01,0.01,1° Grado,Grado,Matemáticas,Componente 38,101732,False
IQS,1c7eb5d3371046768fa80478,9ea8a16d0f154dfcb23a2d1d,2023,2023-09-13,,0.26,0.26,6° Grado,Grado,Lengua Española,Componente 23,104557,False
IQS,2c3a73bf7fe94b41bec38035,7f0bb751143747498ca0de1b,2024,2024-06-12,100.0,0.0,0.0,6° Grado,Grado,Ciencias Sociales,Componente 10,101436,False
IQS,5f6fa33f931e4ecea8d417e3,5f684ea408f34c599543b6d3,2023,2023-03-07,50.0,0.16,0.16,6° Grado,Grado,Ciencias de la Naturaleza,Componente 25,103335,False
IQS,ac688fa0dc1147889acd7698,5558930c63084d958f703c26,2023,2023-06-20,,2.19,2.19,6° Grado,Grado,Matemáticas,Componente 29,101351,False
IQS,b3af4110a6d34aeeb42ca0bc,0441b916b8e74bbebf0e3b5e,2023,2023-04-18,75.0,0.37,0.37,6° Grado,Grado,Lengua Española,Componente 12,102815,False
IQS,317d8964977e484699a1ee71,fed71366c4e643349d154d29,2025,2025-07-11,0.0,0.13,0.13,1° Grado,Grado,Ciencias Sociales,Componente 32,105152,False
IQS,7a8f4f0cf42e4067a0477b70,fed71366c4e643349d154d29,2023,2023-04-29,,0.35,0.35,6° Grado,Grado,Lengua Española,Componente 54,105152,False
IQS,803b20a665e8426a87ba677b,bbb88782c7d244988319f036,2023,2023-07-15,,0.57,0.57,6° Grado,Grado,Ciencias Sociales,Componente 7,102784,False
IQS,9f694db2556142de8365d4ed,07e57099e5aa4a82bbd53e44,2024,2024-10-19,,0.25,0.25,1° Grado,Grado,Ciencias de la Naturaleza,Componente 58,103153,False
IQS,ffea57b6e0fa45fc9181d019,7dd6a62e0570449f8211be67,2023,2023-01-06,50.0,0.28,0.28,4° Grado,Grado,Ciencias de la Naturaleza,Componente 30,100893,False
IQS,829f13457f114c5ba9dfceef,bf69016d39f540fd8a0736f9,2024,2024-01-29,100.0,0.05,0.05,4° Grado,Grado,Ciencias Sociales,Componente 39,103863,False
IQS,8ab5f5a6508f4716a4843092,94c141c0df4548dd96390aeb,2023,2023-06-19,,0.44,0.44,2° Grado,Grado,Ciencias Sociales,Componente 52,101648,False
IQS,041d075b25294971849c59dc,fc9daf204ab94c74a3f7944f,2024,2024-05-26,50.0,0.29,0.29,3° Grado,Grado,Matemáticas,Componente 17,100885,False
IQS,e6291b81dac348e798e00578,94ea4abfe4444a469873471c,2023,2023-04-16,0.0,0.42,0.42,6° Grado,Grado,Matemáticas,Componente 56,101562,False
IQS,795e0ec3db494d85bd32db74,9ea8a16d0f154dfcb23a2d1d,2023,2023-06-30,75.0,1.73,1.73,1° Grado,Grado,Ciencias de la Naturaleza,Componente 37,104557,False
IQS,a8ebc7523dda49d69e809ea6,1d57bdad0daa451887d5a6b0,2023,2023-04-11,0.0,0.29,0.29,6° Grado,Grado,Ciencias de la Naturaleza,Componente 25,100808,False
IQS,0f0744bf87494c1cafa90c99,18b155f0d3d94396a7e9c5b7,2023,2023-03-24,100.0,0.19,0.19,6° Grado,Grado,Ciencias Sociales,Componente 23,102751,False
IQS,667d7e76f4ea4dfc8bae34c3,fd8346b254fe4458b92a0501,2023,2023-09-13,25.0,0.73,0.73,6° Grado,Grado,Ciencias de la Naturaleza,Componente 33,104295,False
IQS,136d992e386540219f540d42,af784f89454c4cea98ff0c3b,2023,2023-12-01,0.0,0.28,0.28,2° Grado,Grado,Lengua Española,Componente 21,103967,False
IQS,e0437b5a7b734cfeaa7a887f,fed71366c4e643349d154d29,2023,2023-03-02,,0.07,0.07,6° Grado,Grado,Lengua Española,Componente 58,105152,False
IQS,f8fd7b4ac1544711ad435624,ecfce1cabd8948bca5fdc08f,2023,2023-03-28,,0.1,0.1,2° Grado,Grado,Ciencias Sociales,Componente 36,104475,False
IQS,8b5b1244e5d04f5c91a397e8,a1ef853e3d6a45b4a1a54d7a,2024,2024-04-06,0.0,1.02,1.02,6° Grado,Grado,Ciencias de la Naturaleza,Componente 12,103534,False
IQS,3c771a2f1ce64049a6ddeb19,5a4baf163c72464ba70bdfc3,2023,2023-10-10,75.0,0.04,0.04,2° Grado,Grado,Lengua Española,Componente 58,103363,False
IQS,67a2a35ed44b4f2ea4fa3864,763635b260364805a5d5f59b,2026,2026-06-01,50.0,0.0,0.0,6° Grado,Grado,Ciencias Sociales,Componente 29,101829,False
IQS,678ed46d8ee44abab011b460,fc9daf204ab94c74a3f7944f,2023,2023-10-24,,0.45,0.45,1° Grado,Grado,Matemáticas,Componente 23,100885,False
IQS,2d7a4d0dd5984adfb1b2733c,97c35894ee044156b7eb3f63,2025,2025-09-20,75.0,0.34,0.34,1° Grado,Grado,Lengua Española,Componente 20,101569,False
IQS,ecf8aa5320dd4f438163772a,765b6154a8d44bdd909c09d3,2023,2023-09-26,75.0,0.17,0.17,4° Grado,Grado,Ciencias Sociales,Componente 58,102155,False
IQS,fa4cd8965b5c43ae8e4d633e,054b44877ebb4dfd89da9029,2023,2023-09-30,0.0,0.04,0.04,3° Grado,Grado,Matemáticas,Componente 14,101515,False
IQS,f67eada23d5443218c4dd2f3,0441b916b8e74bbebf0e3b5e,2023,2023-07-08,,1.2,1.2,2° Grado,Grado,Ciencias de la Naturaleza,Componente 9,102815,False
IQS,3910333ce87c413aaf0d0437,2df3d1f26eaf45c08087d80f,2023,2023-09-12,0.0,0.0,0.0,5° Grado,Grado,Ciencias de la Naturaleza,Componente 24,103168,False
IQS,c828230d7de345d898f27892,1fbc2c7c19a94c8fbf21d2dc,2023,2023-01-14,100.0,0.12,0.12,5° Grado,Grado,Matemáticas,Componente 39,104767,False
IQS,c663687c50b3446abce75fc7,fd8346b254fe4458b92a0501,2025,2025-07-24,50.0,0.04,0.04,4° Grado,Grado,Ciencias Sociales,Componente 1,104295,False
IQS,835d156072414ed7bfe56510,43a0470f4f0a40b09a0d3b2d,2024,2024-09-14,,0.49,0.49,2° Grado,Grado,Ciencias de la Naturaleza,Componente 6,102859,False
IQS,afab6b11fe654e06980f1926,ce3aa71b2a684f2985f63f7e,2023,2023-04-03,,0.0,0.0,6° Grado,Grado,Lengua Española,Componente 32,102870,False
IQS,14e7311a52104fcd8eb1213c,fed71366c4e643349d154d29,2023,2023-09-08,100.0,0.01,0.01,6° Grado,Grado,Ciencias de la Naturaleza,Componente 51,105152,False
IQS,4e2b03a8727f4ad29ed07515,e4cfdb3a24234354b75ba10f,2023,2023-03-07,100.0,0.42,0.42,6° Grado,Grado,Ciencias de la Naturaleza,Componente 12,103980,False
IQS,ddeffd83cd4b410bb29c3116,a1ef853e3d6a45b4a1a54d7a,2023,2023-10-05,,0.51,0.51,2° Grado,Grado,Lengua Española,Componente 41,103534,False
IQS,88df052ed91e4d12bd8a141e,20ff08b82a674c5daaa66674,2023,2023-04-28,100.0,0.03,0.03,4° Grado,Grado,Lengua Española,Componente 15,104568,False
IQS,b198cf2c7bb24c5080be37d5,3363de028c484016b6059407,2023,2023-04-03,,1.4,1.4,6° Grado,Grado,Lengua Española,Componente 21,102427,False
IQS,1027a51dec024b739e4b4c32,763635b260364805a5d5f59b,2025,2025-07-29,25.0,0.15,0.15,6° Grado,Grado,Ciencias Sociales,Componente 49,101829,False
IQS,36afb3e469a4412594d2c290,63c3b044dc17406f9ece5257,2023,2023-05-20,,2.16,2.16,5° Grado,Grado,Ciencias de la Naturaleza,Componente 41,104259,False
IQS,3003065c80244fb18a2f9064,0339c0d4ecd34ac4b75486b3,2024,2024-09-06,50.0,0.03,0.03,6° Grado,Grado,Matemáticas,Componente 5,102908,False
IQS,49a7bbda56294f3296e2526a,84ee8daf1c1948b986f77c4a,2023,2023-04-15,50.0,1.32,1.32,5° Grado,Grado,Ciencias Sociales,Componente 58,103141,False
IQS,e06f744e67ec4029a279d2e8,a1ef853e3d6a45b4a1a54d7a,2023,2023-03-05,,0.18,0.18,6° Grado,Grado,Ciencias Sociales,Componente 9,103534,False
IQS,fcaaca934ddd46528a87091a,117d3d8f62ca4f1f9d863592,2023,2023-08-13,75.0,0.04,0.04,3° Grado,Grado,Ciencias Sociales,Componente 56,101536,False
IQS,3b94a32d4b8940f3bbb6e2bd,14d3f039863b4c95bca86a9a,2024,2024-05-23,,0.13,0.13,1° Grado,Grado,Ciencias de la Naturaleza,Componente 58,100924,False
IQS,0625d12134fc49ceb65ca766,d586bf4afa71469ea1e10697,2023,2023-01-18,0.0,0.12,0.12,6° Grado,Grado,Lengua Española,Componente 25,104487,False
IQS,bcc5f6e260be4c8595dbf335,000777e0998044f3b82a624a,2024,2024-01-12,,1.27,1.27,3° Grado,Grado,Lengua Española,Componente 32,103142,False
IQS,9df3acd8cfb94b0b92401c7c,b0553cb957b841c0a75b60a7,2024,2024-10-27,75.0,0.74,0.74,6° Grado,Grado,Matemáticas,Componente 5,103936,False
IQS,a03e296af0c043e381f4264c,9d317af30b7b4ee6acc4e00e,2023,2023-05-01,50.0,0.63,0.63,6° Grado,Grado,Ciencias Sociales,Componente 53,101819,False
IQS,0371bfc05b3040c791968bb5,563383f2599843af8dbb37e5,2024,2024-08-06,25.0,0.1,0.1,6° Grado,Grado,Ciencias de la Naturaleza,Componente 33,103073,False
IQS,cff00c614a484e479cd991e6,f5b78e3228124e6d99606af7,2023,2023-01-04,25.0,1.15,1.15,6° Grado,Grado,Lengua Española,Componente 58,104719,False
IQS,9a6d74da8785462b9ebf6425,20ff08b82a674c5daaa66674,2025,2025-03-12,100.0,0.24,0.24,4° Grado,Grado,Ciencias de la Naturaleza,Componente 40,104568,False
IQS,57031ff3a71349bd99b39c2f,e4cfdb3a24234354b75ba10f,2024,2024-07-28,,1.04,1.04,3° Grado,Grado,Matemáticas,Componente 13,103980,False
IQS,9f39a4206692486c96207edb,f1eecb6e79454598a57fa6ae,2023,2023-12-11,,2.44,2.44,3° Grado,Grado,Ciencias Sociales,Componente 11,101672,False
IQS,e5e296abf5244d9da92dc0ab,011557a17a0448539101febc,2023,2023-05-16,,0.0,0.0,6° Grado,Grado,Ciencias de la Naturaleza,Componente 30,105166,False
IQS,77a77f0e18f241eeb5e264f9,e4cfdb3a24234354b75ba10f,2023,2023-12-23,75.0,0.07,0.07,6° Grado,Grado,Lengua Española,Componente 48,103980,False
IQS,41855b17791a402290874406,1d57bdad0daa451887d5a6b0,2023,2023-12-06,,0.53,0.53,3° Grado,Grado,Ciencias de la Naturaleza,Componente 49,100808,False
IQS,c9fce0f46be043ad836304bc,723751fbbd6b460b8a262ad9,2023,2023-01-16,100.0,1.96,1.96,3° Grado,Grado,Matemáticas,Componente 20,104057,False
IQS,f27a316d6af0485fbf9229b1,b8dd33bc101c4fedbbe7b7bf,2023,2023-07-13,,0.04,0.04,6° Grado,Grado,Ciencias Sociales,Componente 24,101732,False
IQS,5503c94acb17401d91d9f530,07e57099e5aa4a82bbd53e44,2024,2024-10-01,25.0,0.44,0.44,4° Grado,Grado,Ciencias Sociales,Componente 52,103153,False
IQS,a149808b9d904380a034e937,90aa0c4bb4cc4625a1ddc3f0,2023,2023-07-12,100.0,0.06,0.06,3° Grado,Grado,Ciencias de la Naturaleza,Componente 18,105151,False
IQS,102314076f784e04b1d5c087,bf69016d39f540fd8a0736f9,2023,2023-11-17,100.0,0.53,0.53,4° Grado,Grado,Lengua Española,Componente 51,103863,False
IQS,95381ab69d8b43c09b9ae6fe,117d3d8f62ca4f1f9d863592,2023,2023-04-25,100.0,0.5,0.5,6° Grado,Grado,Ciencias de la Naturaleza,Componente 8,101536,True
IQS,313a0f22c39149c7aa698358,63c3b044dc17406f9ece5257,2023,2023-01-24,25.0,0.0,0.0,6° Grado,Grado,Ciencias de la Naturaleza,Componente 15,104259,False
IQS,3780b317262d401c8ffa9ddd,79d63c7c065a48dbb36e14ac,2023,2023-01-27,,0.22,0.22,3° Grado,Grado,Ciencias de la Naturaleza,Componente 48,101309,False
IQS,ddbdde85662a46eb90bcd03d,4121c2b34e074f6fa2c39975,2023,2023-12-02,50.0,1.35,1.35,6° Grado,Grado,Ciencias de la Naturaleza,Componente 10,101185,False
IQS,8004d07d0c3a4e509c86181b,34f6675423db4e2d8cc6cf61,2023,2023-09-10,25.0,1.2,1.2,2° Grado,Grado,Ciencias Sociales,Componente 31,103311,False
IQS,9e3778defd91414d929c2e5b,c8f3d952d52c4377a74407c5,2025,2025-07-04,75.0,0.09,0.09,5° Grado,Grado,Matemáticas,Componente 25,105002,False
IQS,01f5c75364354c749e6b1f5e,a6a819058e9b44609a7ce4a6,2023,2023-10-16,,,,6° Grado,Grado,Matemáticas,Componente 40,101614,False
IQS,88723e4a41574b80bdb3264e,d269cc53ea4043b1ab3d1db2,2023,2023-09-04,50.0,0.02,0.02,6° Grado,Grado,Ciencias Sociales,Componente 56,100831,False
IQS,4d044f38aa5643b9a082991f,9ea8a16d0f154dfcb23a2d1d,2023,2023-09-29,,0.77,0.77,6° Grado,Grado,Lengua Española,Componente 35,104557,False
IQS,892f518a77b9419b84c1b56b,508643e7d1a842f18e8cf775,2023,2023-08-02,75.0,0.0,0.0,6° Grado,Grado,Matemáticas,Componente 46,105139,False
IQS,9f49381507b549a8b36be0b6,9ea8a16d0f154dfcb23a2d1d,2023,2023-07-27,0.0,0.04,0.04,2° Grado,Grado,Lengua Española,Componente 2,104557,False
IQS,03b68ce7cc0b4a78b96b4017,568e3ad5422f4b5a8fc1b7ce,2024,2024-01-12,50.0,4.12,4.0,1° Grado,Grado,Ciencias de la Naturaleza,Componente 2,103236,False
IQS,871b62c6286c423eaca32e2e,5f16a526cb7a409592663f3f,2024,2024-08-05,,0.25,0.25,6° Grado,Grado,Ciencias de la Naturaleza,Componente 26,103843,False
IQS,56a446f2a46446a090c66056,b0514fa13cdb4c3dbed1c321,2023,2023-07-16,50.0,2.05,2.05,6° Grado,Grado,Matemáticas,Componente 31,103471,False
IQS,0b773719f047498a9ff771f9,335c5063211c4b6797a02d3c,2023,2023-12-18,50.0,0.86,0.86,6° Grado,Grado,Ciencias Sociales,Componente 34,100881,False
IQS,00059a10919a4536ba030d6e,5f684ea408f34c599543b6d3,2024,2024-04-19,0.0,1.37,1.37,6° Grado,Grado,Ciencias Sociales,Componente 28,103335,False
IQS,4c015ca1d9724358bed7c4ed,a06e1a5f237a4bedad6b5ba5,2023,2023-12-22,25.0,0.81,0.81,6° Grado,Grado,Ciencias Sociales,Componente 54,101368,False
IQS,103455344cfb46a295993c9e,edbfff2f23414b01a8609b91,2024,2024-11-10,,0.13,0.13,6° Grado,Grado,Ciencias de la Naturaleza,Componente 38,103754,False
IQS,2437cd3f01a14292a6614518,442c9196c80b498fa52c808b,2023,2023-08-09,,0.09,0.09,6° Grado,Grado,Matemáticas,Componente 38,104726,False
IQS,e2aa33b98b9b450da0cb7bb6,edbfff2f23414b01a8609b91,2024,2024-07-05,25.0,0.37,0.37,6° Grado,Grado,Matemáticas,Componente 35,103754,False
IQS,db8fc94aa47d4587b9d002d4,6f228061777f4db7bef0ecf1,2024,2024-01-17,0.0,2.5,2.5,1° Grado,Grado,Ciencias Sociales,Componente 39,102956,False
IQS,df718f2083254408a490f7fc,7f0bb751143747498ca0de1b,2023,2023-09-29,25.0,0.76,0.76,4° Grado,Grado,Ciencias Sociales,Componente 47,101436,False
IQS,b210ffc1b2be4aa2836e1e2f,765b6154a8d44bdd909c09d3,2025,2025-03-14,75.0,1.65,1.65,2° Grado,Grado,Ciencias Sociales,Componente 15,102155,False
IQS,d566dace6d984a0e99706c39,bf69016d39f540fd8a0736f9,2023,2023-09-09,,0.55,0.55,1° Grado,Grado,Ciencias de la Naturaleza,Componente 53,103863,False
IQS,7e869ffbb8904ebeb7f84e2b,9615dcc64a834ba0800b08f2,2024,2024-02-29,100.0,2.48,2.48,6° Grado,Grado,Matemáticas,Componente 7,103541,False
IQS,b947b3b9e4624155a71253e8,aa518cc455fe4758aa166752,2024,2024-10-20,,0.09,0.09,6° Grado,Grado,Lengua Española,Componente 22,101155,False
IQS,94708d0f49634224b467416b,589f39b52d984141bbd7c190,2024,2024-12-24,,3.61,3.61,5° Grado,Grado,Ciencias Sociales,Componente 58,103303,False
IQS,128b5aa04e8e48d087d8436d,d269cc53ea4043b1ab3d1db2,2023,2023-08-22,50.0,0.07,0.07,4° Grado,Grado,Ciencias Sociales,Componente 16,100831,False
IQS,94e5e5528c4b4e4383f61b43,442c9196c80b498fa52c808b,2023,2023-11-10,,0.11,0.11,6° Grado,Grado,Lengua Española,Componente 7,104726,False
IQS,947ae41dd20144ce9be8cd9d,2df3d1f26eaf45c08087d80f,2025,2025-05-04,,0.1,0.1,6° Grado,Grado,Ciencias Sociales,Componente 42,103168,False
IQS,0589501449134ff784e5b537,14d3f039863b4c95bca86a9a,2024,2024-03-26,100.0,0.04,0.04,3° Grado,Grado,Ciencias Sociales,Componente 3,100924,False
IQS,3c2ac65f114b46a6a0b45813,d269cc53ea4043b1ab3d1db2,2023,2023-11-27,,0.19,0.19,6° Grado,Grado,Lengua Española,Componente 39,100831,False
IQS,f2a757bef8d54b4d86773dd6,e4cfdb3a24234354b75ba10f,2023,2023-12-15,25.0,0.15,0.15,6° Grado,Grado,Ciencias Sociales,Componente 12,103980,False
IQS,2b1ce547103941ee9a88878b,d586bf4afa71469ea1e10697,2023,2023-02-25,,0.06,0.06,2° Grado,Grado,Ciencias de la Naturaleza,Componente 42,104487,False
IQS,89ef8ccbb19a4e8a90e31331,80cc1f161bc34cfab1b5e506,2023,2023-02-24,75.0,0.26,0.26,6° Grado,Grado,Lengua Española,Componente 44,101554,False
IQS,013f8dd180c34b868445d7e0,a3cf4fe919384fc0ac8f4fe1,2023,2023-12-25,75.0,0.32,0.32,4° Grado,Grado,Lengua Española,Componente 9,101637,False
IQS,37bd5e8a82ac4815837a9d9d,a6a819058e9b44609a7ce4a6,2022,2022-06-23,,0.09,0.09,6° Grado,Grado,Ciencias Sociales,Componente 58,101614,False
IQS,424a16a4bd4541fbab4d99d3,fea9e9f190a54701a7e6ec07,2024,2024-03-31,100.0,1.96,1.96,6° Grado,Grado,Lengua Española,Componente 57,102176,False
IQS,8fee54a6f5a34db5bd8b1140,a3cf4fe919384fc0ac8f4fe1,2023,2023-02-07,,1.38,1.38,6° Grado,Grado,Ciencias Sociales,Componente 43,101637,False
IQS,0ba348bf3fb348b0b5c82497,a1ef853e3d6a45b4a1a54d7a,2023,2023-04-30,100.0,0.53,0.53,4° Grado,Grado,Matemáticas,Componente 29,103534,False
IQS,5b7227e0fe3f498db55cb4bf,94ea4abfe4444a469873471c,2023,2023-07-21,,0.23,0.23,6° Grado,Grado,Ciencias Sociales,Componente 36,101562,False
IQS,f78ea8b07b0b46399efa9063,edbfff2f23414b01a8609b91,2023,2023-11-10,25.0,0.18,0.18,6° Grado,Grado,Lengua Española,Componente 31,103754,False
IQS,a3b0bcd40aff4b28b422a1bb,14a3d6f3d82d4518bdfb47e9,2024,2024-08-17,25.0,0.06,0.06,6° Grado,Grado,Lengua Española,Componente 25,102666,False
IQS,2183a0a11df24ffb861e3cd9,29fec145783948e49ea9a6ec,2023,2023-02-03,50.0,0.82,0.82,6° Grado,Grado,Ciencias de la Naturaleza,Componente 50,102777,False
IQS,aa63d37fd6a24bdfad79d3a7,29fec145783948e49ea9a6ec,2024,2024-07-12,,0.85,0.85,6° Grado,Grado,Ciencias Sociales,Componente 44,102777,False
IQS,78685aee21d44b59963f8b2d,3363de028c484016b6059407,2023,2023-04-22,50.0,0.28,0.28,6° Grado,Grado,Ciencias de la Naturaleza,Componente 51,102427,False
IQS,385e8745c51643089952de4d,99cbf085fbe440748eedfdd0,2023,2023-09-06,,0.36,0.36,6° Grado,Grado,Ciencias de la Naturaleza,Componente 25,104102,False
IQS,fca27afdc4aa46c9a973e7e5,76c53d3b8a744c00b63ac606,2023,2023-02-22,75.0,,,6° Grado,Grado,Lengua Española,Componente 59,103845,False
IQS,dc0c93bdae2143b78e86de18,14a3d6f3d82d4518bdfb47e9,2023,2023-07-07,100.0,0.23,0.23,6° Grado,Grado,Lengua Española,Componente 7,102666,False
IQS,8ca7308a2ddb4452942e9943,bf886d550c824a6b83bf6d11,2023,2023-06-10,25.0,0.18,0.18,5° Grado,Grado,Lengua Española,Componente 4,102526,False
IQS,a600bde63eba44499e7fd649,fea9e9f190a54701a7e6ec07,2024,2024-11-14,,0.41,0.41,6° Grado,Grado,Matemáticas,Componente 21,102176,False
IQS,249759a1a8d54558b6776ed5,99454e87891b4d709850a4fe,2023,2023-01-09,,0.49,0.49,6° Grado,Grado,Ciencias Sociales,Componente 40,103485,False
IQS,d4d1a9eea0f04f8c8cafb032,c38033cf3de647e98c9ca1df,2023,2023-11-16,,0.46,0.46,4° Grado,Grado,Ciencias de la Naturaleza,Componente 57,103524,False
IQS,0b6ea07cfc56493f8c7434af,bf69016d39f540fd8a0736f9,2023,2023-03-11,75.0,1.52,1.52,6° Grado,Grado,Ciencias de la Naturaleza,Componente 30,103863,False
IQS,8df2784725ac48ed906a5b3e,dba8fc554ba3415b9516281c,2023,2023-02-15,25.0,0.31,0.31,2° Grado,Grado,Lengua Española,Componente 23,105009,False
IQS,11d9da22dcfa4196a7c026e5,af784f89454c4cea98ff0c3b,2024,2024-11-11,,0.48,0.48,6° Grado,Grado,Matemáticas,Componente 26,103967,False
IQS,9d2001f8a915417781dfa103,9abae178c1c147d18d90d74c,2025,2025-02-06,,0.67,0.67,6° Grado,Grado,Ciencias de la Naturaleza,Componente 18,104186,False
IQS,a033660260ff494d91b248ff,43a0470f4f0a40b09a0d3b2d,2025,2025-11-09,50.0,1.03,1.03,6° Grado,Grado,Lengua Española,Componente 56,102859,False
IQS,cc06560c33664bcd83589e0f,29fec145783948e49ea9a6ec,2023,2023-10-25,100.0,0.01,0.01,2° Grado,Grado,Ciencias Sociales,Componente 48,102777,False
IQS,dfd7b5bea1ce4549b5e07a9f,18b155f0d3d94396a7e9c5b7,2023,2023-12-21,,1.7,1.7,6° Grado,Grado,Ciencias de la Naturaleza,Componente 36,102751,False
IQS,c8152695054f46f09a48b79d,c38033cf3de647e98c9ca1df,2023,2023-12-24,0.0,2.62,2.62,5° Grado,Grado,Ciencias Sociales,Componente 22,103524,False
IQS,e3140ec812fd42deb387bae8,c19290cb39c74928ae063e97,2022,2022-07-26,25.0,0.05,0.05,6° Grado,Grado,Matemáticas,Componente 48,103814,False
IQS,4a9108ec60144ed781a73115,9d317af30b7b4ee6acc4e00e,2023,2023-07-11,25.0,0.22,0.22,5° Grado,Grado,Ciencias Sociales,Componente 24,101819,False
IQS,e2ee464a83684fb2a1548d94,fd8346b254fe4458b92a0501,2023,2023-08-27,75.0,,,6° Grado,Grado,Lengua Española,Componente 39,104295,False
IQS,9c20072696294d629503a43f,14a3d6f3d82d4518bdfb47e9,2023,2023-09-21,25.0,0.05,0.05,3° Grado,Grado,Ciencias de la Naturaleza,Componente 39,102666,False
IQS,5620405c48d4436d96ec5599,84ee8daf1c1948b986f77c4a,2023,2023-12-23,,0.35,0.35,3° Grado,Grado,Ciencias Sociales,Componente 15,103141,False
IQS,e54bb9f3226948f191991e1b,5d1d43267cea4ead8f24eede,2023,2023-03-22,,0.11,0.11,6° Grado,Grado,Matemáticas,Componente 48,101582,False
IQS,71f99c48f06d44348711e3b5,a06e1a5f237a4bedad6b5ba5,2024,2024-09-13,75.0,0.29,0.29,1° Grado,Grado,Matemáticas,Componente 39,101368,False
IQS,5235c8b0ec354c8aa2691115,b0553cb957b841c0a75b60a7,2023,2023-06-25,100.0,2.25,2.25,6° Grado,Grado,Matemáticas,Componente 39,103936,False
IQS,752dcdcdc1454d7fbf8aa564,bf69016d39f540fd8a0736f9,2025,2025-08-10,25.0,1.73,1.73,4° Grado,Grado,Matemáticas,Componente 40,103863,False
IQS,41d25bb17d5a45d4967a6ab1,14a3d6f3d82d4518bdfb47e9,2025,2025-11-01,25.0,0.27,0.27,4° Grado,Grado,Lengua Española,Componente 9,102666,False
IQS,da716e7e767a4c42ab4f681d,dba8fc554ba3415b9516281c,2026,2026-03-12,,,,6° Grado,Grado,Ciencias Sociales,Componente 5,105009,False
IQS,738484927877428884c0c427,14d3f039863b4c95bca86a9a,2026,2026-04-17,,0.06,0.06,4° Grado,Grado,Matemáticas,Componente 29,100924,False
IQS,32631e0230fe43aca34d8ba3,bf69016d39f540fd8a0736f9,2023,2023-06-16,,1.5,1.5,3° Grado,Grado,Ciencias Sociales,Componente 47,103863,False
IQS,697ce0c8b7254daf899f1172,14a3d6f3d82d4518bdfb47e9,2023,2023-08-04,25.0,0.16,0.16,6° Grado,Grado,Lengua Española,Componente 1,102666,False
IQS,80092b1dc87e45eb8ef2bd3b,97c35894ee044156b7eb3f63,2025,2025-11-30,50.0,0.17,0.17,6° Grado,Grado,Ciencias de la Naturaleza,Componente 29,101569,False
IQS,77910e85d14243c6aeb4df73,1d57bdad0daa451887d5a6b0,2023,2023-08-12,,1.08,1.08,4° Grado,Grado,Ciencias Sociales,Componente 47,100808,False
IQS,4b77d50927694e5c815f8158,5f16a526cb7a409592663f3f,2025,2025-04-07,,1.05,1.05,4° Grado,Grado,Lengua Española,Componente 24,103843,False
IQS,43bd95216c4849e3812c7ca4,cf747da360bf408e906f841e,2023,2023-11-14,25.0,,,4° Grado,Grado,Ciencias Sociales,Componente 9,103725,False
IQS,42188cbf0ff34d629131ac3d,b6af244fb84f45b1ad1df793,2023,2023-09-21,,0.41,0.41,1° Grado,Grado,Lengua Española,Componente 52,101540,False
IQS,8f4159a8cb454ad09d55c7b7,9615dcc64a834ba0800b08f2,2024,2024-12-21,50.0,0.01,0.01,6° Grado,Grado,Ciencias Sociales,Componente 57,103541,False
IQS,f8363cedacae451eae64c069,3bd3dc7ec2404c6c989a812b,2023,2023-11-02,50.0,0.4,0.4,6° Grado,Grado,Matemáticas,Componente 41,101962,False
IQS,c081681b974d452fac8d66b1,9d317af30b7b4ee6acc4e00e,2024,2024-06-12,,0.08,0.08,6° Grado,Grado,Ciencias de la Naturaleza,Componente 55,101819,False
IQS,7e695238d0d142b8960a2e5b,d9e60eb68f914f6187d3f41b,2023,2023-12-29,,0.08,0.08,6° Grado,Grado,Ciencias Sociales,Componente 57,101364,False
IQS,d7052f890f604da296b059b9,c38033cf3de647e98c9ca1df,2023,2023-04-02,,0.51,0.51,6° Grado,Grado,Ciencias de la Naturaleza,Componente 46,103524,False
IQS,42c31951429140e2b69aabfa,87a0a32693194bde9eb4118a,2026,2026-07-13,25.0,0.45,0.45,6° Grado,Grado,Lengua Española,Componente 29,101812,False
IQS,7893b5cf1ef64d2bb5f1d118,b0514fa13cdb4c3dbed1c321,2023,2023-05-13,25.0,0.2,0.2,2° Grado,Grado,Matemáticas,Componente 43,103471,False
IQS,767df284c1ee42ee9fbe7f4a,dba8fc554ba3415b9516281c,2023,2023-03-13,,1.43,1.43,5° Grado,Grado,Ciencias Sociales,Componente 4,105009,False
IQS,2ef06673ac504248b09d5d7f,1642fe50db684b8ea65833c1,2023,2023-04-05,25.0,0.55,0.55,3° Grado,Grado,Ciencias de la Naturaleza,Componente 38,104970,False
IQS,321145f994034d5f8dcc0ecd,1c5eefcdf33e473cb7e0d013,2023,2023-08-07,100.0,0.05,0.05,1° Grado,Grado,Ciencias de la Naturaleza,Componente 4,100853,False
IQS,636f33ccfb4d47898871e2b0,fea9e9f190a54701a7e6ec07,2022,2022-12-21,,,,6° Grado,Grado,Ciencias de la Naturaleza,Componente 52,102176,False
IQS,3cd419e2f69244b7aa5bdd81,4121c2b34e074f6fa2c39975,2023,2023-05-16,100.0,0.02,0.02,1° Grado,Grado,Ciencias de la Naturaleza,Componente 25,101185,False
IQS,ad5d6a6f69fc46c8b7aac3fd,97c35894ee044156b7eb3f63,2023,2023-09-27,,0.12,0.12,6° Grado,Grado,Ciencias Sociales,Componente 39,101569,False
IQS,dca11039969844b0b78d5e9f,508643e7d1a842f18e8cf775,2024,2024-07-19,,0.69,0.69,2° Grado,Grado,Ciencias de la Naturaleza,Componente 47,105139,False
IQS,d3eda09b704d43d49f77d95c,1642fe50db684b8ea65833c1,2023,2023-02-21,25.0,0.86,0.86,6° Grado,Grado,Matemáticas,Componente 56,104970,False
IQS,988c3e4cd3454757a8e34ec1,80cc1f161bc34cfab1b5e506,2023,2023-10-09,,0.0,0.0,3° Grado,Grado,Matemáticas,Componente 30,101554,False
IQS,2b81a40506e5429a8c84c034,5a4baf163c72464ba70bdfc3,2023,2023-10-27,,2.01,2.01,6° Grado,Grado,Ciencias Sociales,Componente 3,103363,False
IQS,8f03eeffe7a34cbfa898c42b,723751fbbd6b460b8a262ad9,2023,2023-01-22,75.0,0.92,0.92,3° Grado,Grado,Lengua Española,Componente 11,104057,False
IQS,b09ac0a5acf44d649f439aee,94ea4abfe4444a469873471c,2023,2023-02-03,25.0,0.62,0.62,4° Grado,Grado,Ciencias de la Naturaleza,Componente 31,101562,False
IQS,97b72c45c5444553a8f7dd17,442c9196c80b498fa52c808b,2026,2026-06-13,100.0,,,3° Grado,Grado,Lengua Española,Componente 59,104726,False
IQS,e6aa34de64454b5e940b2be9,97d494410166468cbf225f11,2023,2023-06-19,0.0,0.27,0.27,3° Grado,Grado,Lengua Española,Componente 22,103732,False
IQS,030bab5ea3a148ec9faf50a6,94ea4abfe4444a469873471c,2024,2024-05-24,75.0,0.16,0.16,6° Grado,Grado,Ciencias Sociales,Componente 39,101562,False
IQS,dcd0c73825d84b47be77a7ad,9d317af30b7b4ee6acc4e00e,2023,2023-01-06,,1.36,1.36,6° Grado,Grado,Matemáticas,Componente 46,101819,False
IQS,295245ca39274eb2bedc8bda,fd8346b254fe4458b92a0501,2024,2024-11-16,100.0,0.06,0.06,3° Grado,Grado,Lengua Española,Componente 26,104295,False
IQS,6f6963ce0fc84844bf45954a,d586bf4afa71469ea1e10697,2024,2024-12-16,50.0,0.36,0.36,4° Grado,Grado,Lengua Española,Componente 33,104487,False
IQS,5c26dbc89813421fb248f1c8,1fbc2c7c19a94c8fbf21d2dc,2025,2025-05-10,,0.07,0.07,6° Grado,Grado,Lengua Española,Componente 4,104767,False
IQS,af02ef85e95e40e195f16dc1,1642fe50db684b8ea65833c1,2023,2023-04-23,25.0,1.05,1.05,5° Grado,Grado,Ciencias Sociales,Componente 18,104970,False
IQS,d60e3560618949618336fa5a,f5b78e3228124e6d99606af7,2023,2023-05-17,,0.03,0.03,2° Grado,Grado,Ciencias de la Naturaleza,Componente 10,104719,False
IQS,f334af2dfa9f4b518ff22701,723751fbbd6b460b8a262ad9,2023,2023-06-27,,0.24,0.24,4° Grado,Grado,Lengua Española,Componente 30,104057,False
IQS,d3c410b28f4d4ab88f3a7c8c,57364ffb2264410ab1c5c71f,2023,2023-07-10,,0.0,0.0,6° Grado,Grado,Ciencias Sociales,Componente 23,104724,False
IQS,3e1047f6458140989891feca,b0553cb957b841c0a75b60a7,2023,2023-10-20,,0.92,0.92,2° Grado,Grado,Matemáticas,Componente 57,103936,False
IQS,a4005c346c97437080e18c0d,14a3d6f3d82d4518bdfb47e9,2023,2023-09-17,,0.61,0.61,4° Grado,Grado,Lengua Española,Componente 1,102666,False
IQS,d1f2f309fc3946c1b88ee100,a6a819058e9b44609a7ce4a6,2023,2023-11-28,25.0,0.22,0.22,2° Grado,Grado,Lengua Española,Componente 8,101614,False
IQS,071dbca35350419aaf2f0e22,2df3d1f26eaf45c08087d80f,2023,2023-06-03,,1.3,1.3,3° Grado,Grado,Lengua Española,Componente 46,103168,False
IQS,45e4204cec684d7f8074530e,9ea8a16d0f154dfcb23a2d1d,2023,2023-02-21,,0.1,0.1,6° Grado,Grado,Matemáticas,Componente 15,104557,False
IQS,518a64f7ec4e44e8bc7a2ef1,64c7418fb94a450a8e3798fa,2023,2023-05-22,100.0,1.16,1.16,5° Grado,Grado,Ciencias de la Naturaleza,Componente 24,104320,False
IQS,011f82d5d83549719a6724ab,555b1fc48a014b2188f5d34d,2025,2025-08-25,100.0,0.06,0.06,2° Grado,Grado,Ciencias Sociales,Componente 45,101325,False
IQS,be62a6378a11429084e7e79b,b6af244fb84f45b1ad1df793,2021,2021-02-11,0.0,0.01,0.01,4° Grado,Grado,Lengua Española,Componente 30,101540,False
IQS,e69dcb1798c448e6a4549c97,c8f3d952d52c4377a74407c5,2023,2023-06-13,,0.78,0.78,6° Grado,Grado,Matemáticas,Componente 27,105002,False
IQS,3d7529b8bbf84131a6b7d550,dba8fc554ba3415b9516281c,2023,2023-03-06,,0.11,0.11,1° Grado,Grado,Ciencias de la Naturaleza,Componente 33,105009,False
IQS,cd12a773fde74c02b4db484c,5558930c63084d958f703c26,2023,2023-05-11,100.0,0.54,0.54,6° Grado,Grado,Ciencias Sociales,Componente 6,101351,False
IQS,eb25da5a7500409b966e812d,f1eecb6e79454598a57fa6ae,2026,2026-05-12,25.0,,,3° Grado,Grado,Ciencias Sociales,Componente 38,101672,False
IQS,3533c6901056419f9d853051,bbb88782c7d244988319f036,2021,2021-05-15,,0.12,0.12,2° Grado,Grado,Matemáticas,Componente 21,102784,False
IQS,8dae47f26d864c1993d0500f,5558930c63084d958f703c26,2023,2023-03-05,25.0,0.35,0.35,6° Grado,Grado,Ciencias de la Naturaleza,Componente 30,101351,False
IQS,98eac3a3eef6436795edd8f2,0441b916b8e74bbebf0e3b5e,2023,2023-12-04,50.0,0.32,0.32,3° Grado,Grado,Lengua Española,Componente 12,102815,False
IQS,5649cbb6b72e4990bb19afbc,e96dbacb568f480bb863f60a,2024,2024-11-13,,0.98,0.98,4° Grado,Grado,Ciencias Sociales,Componente 32,102183,False
IQS,1089f85b4396438d8b9ad3a0,442c9196c80b498fa52c808b,2023,2023-04-17,,0.05,0.05,2° Grado,Grado,Ciencias Sociales,Componente 36,104726,False
IQS,46dc509b532f44c19e422bfd,cb026111deb549e3acbff6eb,2023,2023-10-20,75.0,0.05,0.05,2° Grado,Grado,Ciencias de la Naturaleza,Componente 1,103737,False
IQS,03d544d713854ddc8a16e762,97d494410166468cbf225f11,2024,2024-03-25,,0.74,0.74,6° Grado,Grado,Lengua Española,Componente 32,103732,False
IQS,606a0d37f3b54740870a69e6,1d57bdad0daa451887d5a6b0,2025,2025-07-24,50.0,0.16,0.16,6° Grado,Grado,Ciencias Sociales,Componente 48,100808,False
IQS,c9a0f99b65bc4948baf2f40f,00b54deac72546cdafa17218,2023,2023-09-10,50.0,0.0,0.0,6° Grado,Grado,Ciencias Sociales,Componente 21,102531,False
IQS,92a1fa032eef47f78a6e346a,cf747da360bf408e906f841e,2023,2023-01-27,,0.59,0.59,6° Grado,Grado,Ciencias de la Naturaleza,Componente 21,103725,False
IQS,14d79f3907554540b035d36a,00b54deac72546cdafa17218,2023,2023-01-31,,1.52,1.52,2° Grado,Grado,Ciencias Sociales,Componente 29,102531,False
IQS,9469cf416a0846c8b7c88b10,18b155f0d3d94396a7e9c5b7,2023,2023-03-11,25.0,0.14,0.14,6° Grado,Grado,Ciencias Sociales,Componente 14,102751,False
IQS,d7ba8e696ada46a9a8efb945,723751fbbd6b460b8a262ad9,2023,2023-01-22,100.0,0.0,0.0,6° Grado,Grado,Lengua Española,Componente 5,104057,True
IQS,9addae4a38804c6c9c9401f7,3363de028c484016b6059407,2023,2023-05-22,,0.11,0.11,5° Grado,Grado,Matemáticas,Componente 34,102427,False
IQS,da87cedcf03e4b8e87ee79ed,d586bf4afa71469ea1e10697,2024,2024-08-08,75.0,0.02,0.02,6° Grado,Grado,Matemáticas,Componente 18,104487,False
IQS,d76a4088ba6a43ec9b5ca166,f0c5251607e94d61a54344e0,2023,2023-09-01,,0.05,0.05,4° Grado,Grado,Ciencias de la Naturaleza,Componente 37,102905,False
IQS,3c90f7723f824e23a81b6300,7f0bb751143747498ca0de1b,2023,2023-02-05,,1.51,1.51,6° Grado,Grado,Matemáticas,Componente 38,101436,False
IQS,e54717eb411e4c8e9bdb6b26,3bd3dc7ec2404c6c989a812b,2023,2023-02-15,75.0,0.52,0.52,6° Grado,Grado,Lengua Española,Componente 16,101962,False
IQS,daf19c66d4f4475180b62080,07e57099e5aa4a82bbd53e44,2023,2023-07-27,,0.11,0.11,6° Grado,Grado,Ciencias Sociales,Componente 8,103153,False
IQS,55d2b61f576148c2a44a2ecd,97c35894ee044156b7eb3f63,2024,2024-07-04,,0.15,0.15,1° Grado,Grado,Ciencias Sociales,Componente 6,101569,False
IQS,03da014d0c0a4c4faea8a621,cf747da360bf408e906f841e,2023,2023-03-05,100.0,2.06,2.06,6° Grado,Grado,Ciencias Sociales,Componente 12,103725,False
IQS,d8cc1d7a828949e9b7326c94,b8dd33bc101c4fedbbe7b7bf,2023,2023-03-20,25.0,,,6° Grado,Grado,Lengua Española,Componente 2,101732,False
IQS,8835f5ac10a24ad89475ab97,29fec145783948e49ea9a6ec,2025,2025-09-20,50.0,0.15,0.15,2° Grado,Grado,Matemáticas,Componente 47,102777,False
IQS,e305fecba91949faa480f352,43a0470f4f0a40b09a0d3b2d,2024,2024-07-15,50.0,0.68,0.68,6° Grado,Grado,Ciencias Sociales,Componente 14,102859,False
IQS,7dd7c768e91844349593a5e7,e96dbacb568f480bb863f60a,2023,2023-03-03,100.0,0.08,0.08,3° Grado,Grado,Lengua Española,Componente 13,102183,False
IQS,30360399d0434e3f9e1801e0,508643e7d1a842f18e8cf775,2023,2023-06-02,25.0,0.33,0.33,4° Grado,Grado,Ciencias de la Naturaleza,Componente 12,105139,False
IQS,56705f4d695c48369360ac0b,5f684ea408f34c599543b6d3,2023,2023-11-27,,1.68,1.68,6° Grado,Grado,Ciencias Sociales,Componente 40,103335,False
IQS,dccb0ba1ba314c40af046416,e4cfdb3a24234354b75ba10f,2023,2023-10-14,,0.14,0.14,6° Grado,Grado,Matemáticas,Componente 9,103980,False
IQS,e72afeb440214fd5b0299a25,ec463c9da1a3453faf86fc81,2023,2023-05-05,0.0,0.31,0.31,5° Grado,Grado,Lengua Española,Componente 52,103325,False
IQS,5a3f7a9b91bf4ca5a9f3a92a,99cbf085fbe440748eedfdd0,2023,2023-01-24,100.0,0.97,0.97,3° Grado,Grado,Ciencias de la Naturaleza,Componente 33,104102,False
IQS,64255eb6216d45bbbb98d22e,ecfce1cabd8948bca5fdc08f,2022,2022-09-21,100.0,0.95,0.95,3° Grado,Grado,Ciencias Sociales,Componente 58,104475,False
IQS,503ee18701224255a0b57d34,7dd6a62e0570449f8211be67,2024,2024-09-24,,0.06,0.06,6° Grado,Grado,Matemáticas,Componente 17,100893,False
IQS,30fb6ad0d55243288c86f8ad,3bd3dc7ec2404c6c989a812b,2024,2024-09-27,100.0,0.74,0.74,4° Grado,Grado,Ciencias Sociales,Componente 46,101962,False
IQS,406cdced2132411b8ddbaa82,7dd6a62e0570449f8211be67,2023,2023-03-29,75.0,3.26,3.26,6° Grado,Grado,Matemáticas,Componente 12,100893,False
IQS,ed1592d050f7469888b74c36,fd8346b254fe4458b92a0501,2023,2023-01-20,75.0,,,6° Grado,Grado,Ciencias de la Naturaleza,Componente 48,104295,False
IQS,39d7d45a68db48e58d97b4fa,fea9e9f190a54701a7e6ec07,2023,2023-11-03,0.0,2.32,2.32,1° Grado,Grado,Matemáticas,Componente 5,102176,True
IQS,a407c64b0474461c9803a412,1642fe50db684b8ea65833c1,2023,2023-10-11,25.0,0.17,0.17,2° Grado,Grado,Ciencias Sociales,Componente 17,104970,False
IQS,2993e97cef234ba389e72604,2df3d1f26eaf45c08087d80f,2022,2022-04-19,100.0,0.84,0.84,6° Grado,Grado,Ciencias Sociales,Componente 23,103168,False
IQS,a21c0ecb4f7d43058f7c1670,18b155f0d3d94396a7e9c5b7,2026,2026-08-05,,0.08,0.08,6° Grado,Grado,Ciencias Sociales,Componente 43,102751,False
IQS,235671a27736447a80bfa3f3,563383f2599843af8dbb37e5,2026,2026-01-10,50.0,0.0,0.0,3° Grado,Grado,Ciencias de la Naturaleza,Componente 35,103073,False
IQS,2302047eddb2416dbedb0487,b0553cb957b841c0a75b60a7,2023,2023-02-11,50.0,0.0,0.0,6° Grado,Grado,Matemáticas,Componente 1,103936,False
IQS,e7c6afa43cd440a7b28f451b,97c35894ee044156b7eb3f63,2023,2023-04-10,50.0,0.33,0.33,3° Grado,Grado,Matemáticas,Componente 41,101569,False
IQS,ab38746ae5e44a3c802f428c,7f0bb751143747498ca0de1b,2023,2023-07-03,100.0,0.3,0.3,6° Grado,Grado,Matemáticas,Componente 41,101436,False
IQS,885d07e6b96d402285ac8cd1,5a4baf163c72464ba70bdfc3,2023,2023-08-29,,1.32,1.32,6° Grado,Grado,Ciencias de la Naturaleza,Componente 2,103363,False
IQS,ab6592b4d0d94f40b64d68c0,d9e60eb68f914f6187d3f41b,2023,2023-01-25,,0.2,0.2,6° Grado,Grado,Lengua Española,Componente 2,101364,False
IQS,9bd70837c6f94e64b2325c95,fc9daf204ab94c74a3f7944f,2023,2023-01-07,,0.55,0.55,3° Grado,Grado,Ciencias Sociales,Componente 6,100885,False
IQS,4cd7ac116b924a099441f843,b8dd33bc101c4fedbbe7b7bf,2025,2025-01-23,25.0,0.05,0.05,6° Grado,Grado,Matemáticas,Componente 4,101732,False
IQS,ac55f92e3bcb42838b83e68b,5f684ea408f34c599543b6d3,2024,2024-10-19,,1.41,1.41,4° Grado,Grado,Matemáticas,Componente 19,103335,False
IQS,3fc07670263c4e6cb9894fb3,edbfff2f23414b01a8609b91,2023,2023-03-22,,0.3,0.3,3° Grado,Grado,Ciencias de la Naturaleza,Componente 8,103754,False
IQS,c3f29eefee90426c8c4ded67,a3cf4fe919384fc0ac8f4fe1,2023,2023-05-02,100.0,0.59,0.59,1° Grado,Grado,Ciencias de la Naturaleza,Componente 42,101637,False
IQS,b12ef7faa030479b9e9e04fa,94c141c0df4548dd96390aeb,2024,2024-12-21,,0.66,0.66,6° Grado,Grado,Lengua Española,Componente 28,101648,False
IQS,2ba3870d624b4e8993052e78,43a0470f4f0a40b09a0d3b2d,2023,2023-06-10,,5.62,4.0,6° Grado,Grado,Matemáticas,Componente 3,102859,False
IQS,be133550361249d0897889ae,a1ef853e3d6a45b4a1a54d7a,2026,2026-06-09,,0.23,0.23,6° Grado,Grado,Matemáticas,Componente 40,103534,False
IQS,f6a26e79b4604367a5509bf5,80cc1f161bc34cfab1b5e506,2023,2023-05-16,25.0,0.24,0.24,5° Grado,Grado,Lengua Española,Componente 36,101554,False
IQS,09e245dc0bb0481783525b46,6f228061777f4db7bef0ecf1,2023,2023-06-22,,1.77,1.77,5° Grado,Grado,Lengua Española,Componente 22,102956,False
IQS,91c60adbdd3645d89029c4a8,14d3f039863b4c95bca86a9a,2024,2024-07-05,,0.17,0.17,6° Grado,Grado,Ciencias de la Naturaleza,Componente 41,100924,False
IQS,7ccf67fd5f0f4412a457516b,94ea4abfe4444a469873471c,2026,2026-04-08,,0.66,0.66,6° Grado,Grado,Ciencias Sociales,Componente 12,101562,False
IQS,105d6c69dfb7495693dbd90b,14a3d6f3d82d4518bdfb47e9,2023,2023-01-23,25.0,0.77,0.77,6° Grado,Grado,Lengua Española,Componente 16,102666,False
IQS,a042c62a54c148a19d7b1693,589f39b52d984141bbd7c190,2024,2024-06-04,,0.08,0.08,3° Grado,Grado,Matemáticas,Componente 14,103303,False
IQS,aa9ea3c04de54bff8149a2f3,ec463c9da1a3453faf86fc81,2023,2023-03-03,75.0,0.96,0.96,3° Grado,Grado,Lengua Española,Componente 10,103325,False
IQS,30cb2ea712be446f954d4fbc,edbfff2f23414b01a8609b91,2024,2024-05-10,25.0,0.02,0.02,4° Grado,Grado,Ciencias de la Naturaleza,Componente 24,103754,False
IQS,125ef16d65594ae098c4b655,c19290cb39c74928ae063e97,2023,2023-08-31,25.0,,,4° Grado,Grado,Ciencias de la Naturaleza,Componente 28,103814,False
IQS,e2ae014cf05f4a62addf8364,d586bf4afa71469ea1e10697,2026,2026-03-09,,0.13,0.13,4° Grado,Grado,Ciencias de la Naturaleza,Componente 51,104487,False
IQS,724db86681074abdb0c1f1f7,5558930c63084d958f703c26,2026,2026-01-25,,0.54,0.54,1° Grado,Grado,Matemáticas,Componente 57,101351,False
IQS,399820e3eb2140cd9bf22f32,e96dbacb568f480bb863f60a,2024,2024-01-29,75.0,0.01,0.01,6° Grado,Grado,Matemáticas,Componente 37,102183,False
IQS,dad4bc3e657849aabca8a9a6,cb026111deb549e3acbff6eb,2025,2025-11-24,100.0,0.25,0.25,6° Grado,Grado,Lengua Española,Componente 44,103737,False
IQS,b7c6f818111341ed935363ad,e4cfdb3a24234354b75ba10f,2026,2026-01-29,25.0,1.5,1.5,1° Grado,Grado,Lengua Española,Componente 19,103980,False
IQS,8d2ff574925d496faa7492bb,f5b78e3228124e6d99606af7,2024,2024-06-11,75.0,0.45,0.45,6° Grado,Grado,Ciencias de la Naturaleza,Componente 47,104719,True
IQS,a524151f488c49a0a2168867,fed71366c4e643349d154d29,2024,2024-05-04,100.0,0.1,0.1,4° Grado,Grado,Ciencias Sociales,Componente 3,105152,False
IQS,e14072b473184b7c86aa9572,fc9daf204ab94c74a3f7944f,2023,2023-04-01,100.0,2.17,2.17,2° Grado,Grado,Ciencias de la Naturaleza,Componente 23,100885,False
IQS,c9edbe78cce440a3944a2c31,d269cc53ea4043b1ab3d1db2,2023,2023-12-22,,0.04,0.04,3° Grado,Grado,Lengua Española,Componente 49,100831,False
IQS,00f6a5c495864a119a0f325c,bbb88782c7d244988319f036,2023,2023-02-06,,0.44,0.44,6° Grado,Grado,Ciencias de la Naturaleza,Componente 43,102784,False
IQS,1d050a71cb8747758d8c849d,af784f89454c4cea98ff0c3b,2023,2023-06-19,,0.12,0.12,3° Grado,Grado,Matemáticas,Componente 19,103967,False
IQS,2243d30cad60492ebbf774f8,d269cc53ea4043b1ab3d1db2,2023,2023-04-25,25.0,0.12,0.12,6° Grado,Grado,Matemáticas,Componente 36,100831,False
IQS,72fc3138738e45d99bb423b6,e4cfdb3a24234354b75ba10f,2024,2024-08-27,0.0,1.74,1.74,6° Grado,Grado,Lengua Española,Componente 47,103980,False
IQS,6ec030d2783343f7a6bf64bc,563383f2599843af8dbb37e5,2023,2023-11-03,100.0,0.13,0.13,1° Grado,Grado,Lengua Española,Componente 57,103073,False
IQS,bd782bb717f5470499ebb855,97d494410166468cbf225f11,2024,2024-01-10,100.0,0.35,0.35,1° Grado,Grado,Ciencias Sociales,Componente 18,103732,False
IQS,0f5fb7a3edc14bf793551853,b0514fa13cdb4c3dbed1c321,2024,2024-12-03,75.0,0.07,0.07,6° Grado,Grado,Ciencias Sociales,Componente 28,103471,False
IQS,1bd0a4e282284abca6da02e5,20ff08b82a674c5daaa66674,2023,2023-08-15,,1.54,1.54,4° Grado,Grado,Matemáticas,Componente 9,104568,False
IQS,59502ffb16b2444ba9995975,7dd6a62e0570449f8211be67,2023,2023-02-14,25.0,0.06,0.06,6° Grado,Grado,Matemáticas,Componente 26,100893,False
IQS,5550be4c0190499485a379a7,1da14ff6abde4de4bf31122b,2023,2023-09-24,75.0,0.08,0.08,1° Grado,Grado,Ciencias Sociales,Componente 50,102483,False
IQS,e315cb29019441d3a781c456,99454e87891b4d709850a4fe,2023,2023-02-13,25.0,0.28,0.28,3° Grado,Grado,Matemáticas,Componente 35,103485,False
IQS,eba88ecb83194f599e016b1b,00b54deac72546cdafa17218,2023,2023-10-09,,0.19,0.19,6° Grado,Grado,Ciencias Sociales,Componente 51,102531,False
IQS,6609381d440e4ead9aad8162,62af377d2209497d93397f51,2023,2023-06-05,25.0,1.24,1.24,6° Grado,Grado,Ciencias Sociales,Componente 32,102892,False
IQS,61e206300a8040d4b93a2ed5,1c5eefcdf33e473cb7e0d013,2023,2023-06-08,,0.38,0.38,6° Grado,Grado,Ciencias Sociales,Componente 19,100853,False
IQS,2fff500cf32343f195d85fac,14a3d6f3d82d4518bdfb47e9,2024,2024-12-08,,1.92,1.92,6° Grado,Grado,Ciencias Sociales,Componente 16,102666,False
IQS,5a224d977c154a119e096558,6f228061777f4db7bef0ecf1,2023,2023-05-13,,1.0,1.0,1° Grado,Grado,Ciencias de la Naturaleza,Componente 2,102956,False
IQS,1fe64b3faa4044acb6ce4ea6,568e3ad5422f4b5a8fc1b7ce,2023,2023-03-06,0.0,0.02,0.02,5° Grado,Grado,Ciencias de la Naturaleza,Componente 32,103236,False
IQS,beed60b47eab417cb6272333,ec463c9da1a3453faf86fc81,2023,2023-07-09,,0.43,0.43,3° Grado,Grado,Matemáticas,Componente 48,103325,False
IQS,00549a5498ee4cc3add4da5f,b0514fa13cdb4c3dbed1c321,2023,2023-12-17,,1.06,1.06,6° Grado,Grado,Matemáticas,Componente 13,103471,False
IQS,6eebb004a3434bf5ad118784,765b6154a8d44bdd909c09d3,2024,2024-05-26,100.0,0.44,0.44,6° Grado,Grado,Ciencias de la Naturaleza,Componente 10,102155,False
IQS,c899c6674126401497f0a6d8,18b155f0d3d94396a7e9c5b7,2023,2023-09-30,,0.0,0.0,6° Grado,Grado,Lengua Española,Componente 22,102751,False
IQS,e7f3447d87144e1bba8bc5a7,f1eecb6e79454598a57fa6ae,2023,2023-11-22,,0.48,0.48,6° Grado,Grado,Ciencias Sociales,Componente 9,101672,False
IQS,287d8873646041df8fb34d2f,07e57099e5aa4a82bbd53e44,2023,2023-09-21,,0.3,0.3,1° Grado,Grado,Ciencias Sociales,Componente 42,103153,False
IQS,2f240bcec14e480aa8722f7f,1c5eefcdf33e473cb7e0d013,2023,2023-08-01,50.0,2.05,2.05,4° Grado,Grado,Ciencias de la Naturaleza,Componente 18,100853,False
IQS,2dab36f32646434c9b11eeb6,d9e60eb68f914f6187d3f41b,2023,2023-10-13,50.0,0.01,0.01,5° Grado,Grado,Lengua Española,Componente 27,101364,False
IQS,f4ac6c6a34f1487387214e11,ec463c9da1a3453faf86fc81,2023,2023-01-26,50.0,1.24,1.24,6° Grado,Grado,Ciencias de la Naturaleza,Componente 52,103325,False
IQS,6288bfe7a91e4faf8ac4f7a6,f5b78e3228124e6d99606af7,2023,2023-05-27,,0.42,0.42,5° Grado,Grado,Ciencias Sociales,Componente 49,104719,False
IQS,d3abf0e1a64a49a48eb32fc6,b0553cb957b841c0a75b60a7,2023,2023-05-19,0.0,0.48,0.48,6° Grado,Grado,Matemáticas,Componente 50,103936,False
IQS,ffe551cc4d2e4287a7b035df,ce3aa71b2a684f2985f63f7e,2026,2026-08-01,25.0,1.1,1.1,6° Grado,Grado,Lengua Española,Componente 29,102870,False
IQS,daabf8117018454693068c89,62af377d2209497d93397f51,2024,2024-02-29,50.0,1.18,1.18,6° Grado,Grado,Matemáticas,Componente 20,102892,False
IQS,d4291009ae8740bb8b138ff9,bf69016d39f540fd8a0736f9,2023,2023-02-23,0.0,1.74,1.74,6° Grado,Grado,Lengua Española,Componente 55,103863,False
IQS,333cdd3e8037472684c31ce6,9d317af30b7b4ee6acc4e00e,2023,2023-06-11,25.0,0.09,0.09,6° Grado,Grado,Ciencias Sociales,Componente 2,101819,False
IQS,b60681e68b7549999bbe0678,fd8346b254fe4458b92a0501,2023,2023-11-09,0.0,0.23,0.23,6° Grado,Grado,Lengua Española,Componente 57,104295,False
IQS,67ff68123df948ed9fd6ec26,0339c0d4ecd34ac4b75486b3,2023,2023-02-15,100.0,,,6° Grado,Grado,Ciencias de la Naturaleza,Componente 13,102908,False
IQS,6a5bae52af07466fa0e84775,9615dcc64a834ba0800b08f2,2024,2024-11-01,,2.27,2.27,2° Grado,Grado,Ciencias de la Naturaleza,Componente 55,103541,False
IQS,b6eb667bbbf2415bafd7f627,d586bf4afa71469ea1e10697,2023,2023-08-29,50.0,0.17,0.17,6° Grado,Grado,Lengua Española,Componente 33,104487,False
IQS,7389dd14b37d4321b1385794,508643e7d1a842f18e8cf775,2023,2023-03-12,,0.38,0.38,1° Grado,Grado,Ciencias Sociales,Componente 53,105139,False
IQS,9d4e75eb96f64b81b186481a,62af377d2209497d93397f51,2023,2023-06-22,25.0,0.07,0.07,4° Grado,Grado,Matemáticas,Componente 4,102892,False
IQS,74fdc46783b04d13b136a441,765b6154a8d44bdd909c09d3,2025,2025-09-07,50.0,0.34,0.34,6° Grado,Grado,Lengua Española,Componente 27,102155,False
IQS,77ec9f6ce01b40c1a9c98ec3,4121c2b34e074f6fa2c39975,2023,2023-06-29,,1.02,1.02,1° Grado,Grado,Ciencias de la Naturaleza,Componente 19,101185,False
IQS,9b6b50f74a274fcdb10cf993,80cc1f161bc34cfab1b5e506,2023,2023-01-23,,0.22,0.22,6° Grado,Grado,Lengua Española,Componente 9,101554,False
IQS,7c2fcb296114461bad875055,f0c5251607e94d61a54344e0,2024,2024-07-21,,0.31,0.31,6° Grado,Grado,Ciencias de la Naturaleza,Componente 59,102905,False
IQS,a202d34878134d2a86e561ca,c38033cf3de647e98c9ca1df,2023,2023-07-30,,0.07,0.07,1° Grado,Grado,Lengua Española,Componente 37,103524,False
IQS,2c2becc06bea45b09910734f,a6a819058e9b44609a7ce4a6,2025,2025-04-09,100.0,0.31,0.31,6° Grado,Grado,Matemáticas,Componente 15,101614,False
IQS,07923479f1c24796bec08a89,94ea4abfe4444a469873471c,2023,2023-07-18,100.0,0.06,0.06,6° Grado,Grado,Ciencias Sociales,Componente 43,101562,False
IQS,bbc3f55f615747b09fe39c0e,ce3aa71b2a684f2985f63f7e,2024,2024-08-01,0.0,0.12,0.12,4° Grado,Grado,Ciencias de la Naturaleza,Componente 17,102870,False
IQS,eb5384b8935f4526ab5de582,97d494410166468cbf225f11,2022,2022-11-22,,0.05,0.05,6° Grado,Grado,Ciencias Sociales,Componente 44,103732,False
IQS,b53def660157418085285d0a,87a0a32693194bde9eb4118a,2026,2026-03-16,75.0,0.13,0.13,1° Grado,Grado,Lengua Española,Componente 6,101812,False
IQS,134300b6b79a4cab8306240c,589f39b52d984141bbd7c190,2023,2023-05-28,25.0,0.01,0.01,6° Grado,Grado,Matemáticas,Componente 41,103303,False
IQS,8bf3ffeb910348c490a3f982,aa518cc455fe4758aa166752,2023,2023-09-11,,0.98,0.98,4° Grado,Grado,Ciencias de la Naturaleza,Componente 32,101155,False
IQS,79046cdbbbb043df862dc426,af784f89454c4cea98ff0c3b,2023,2023-06-18,0.0,0.28,0.28,2° Grado,Grado,Matemáticas,Componente 44,103967,False
IQS,0b339721e216430a833ee87f,e96dbacb568f480bb863f60a,2026,2026-08-24,,2.42,2.42,5° Grado,Grado,Matemáticas,Componente 17,102183,False
IQS,2c50b4d4f5ec40f29429c268,80cc1f161bc34cfab1b5e506,2023,2023-08-09,25.0,0.62,0.62,6° Grado,Grado,Lengua Española,Componente 32,101554,False
IQS,e9bddda4bab140f4809c80a6,3bd3dc7ec2404c6c989a812b,2023,2023-05-31,75.0,0.46,0.46,3° Grado,Grado,Lengua Española,Componente 24,101962,False
IQS,a19f0444ab274d7297742cd8,64c7418fb94a450a8e3798fa,2024,2024-06-26,75.0,0.88,0.88,2° Grado,Grado,Ciencias de la Naturaleza,Componente 19,104320,False
IQS,b290f372b0614d5baccc5682,fc9daf204ab94c74a3f7944f,2023,2023-03-22,25.0,0.56,0.56,6° Grado,Grado,Ciencias Sociales,Componente 3,100885,False
IQS,4583bc2346814159a4b90e93,9ea8a16d0f154dfcb23a2d1d,2024,2024-03-19,50.0,0.18,0.18,1° Grado,Grado,Matemáticas,Componente 8,104557,False
IQS,1e4792c65e1c499a8dec9a38,c19290cb39c74928ae063e97,2025,2025-04-23,,0.77,0.77,6° Grado,Grado,Matemáticas,Componente 9,103814,False
IQS,3bdeb3dfb264425c8bc150a9,209aa809d73642598046e6fe,2023,2023-01-06,,0.24,0.24,2° Grado,Grado,Ciencias Sociales,Componente 28,103929,False
IQS,780778b12cd7444380814e5b,cf747da360bf408e906f841e,2023,2023-08-14,,3.09,3.09,3° Grado,Grado,Ciencias Sociales,Componente 23,103725,False
IQS,7c9c506f92e0472cb5ffd168,9615dcc64a834ba0800b08f2,2024,2024-02-08,100.0,0.77,0.77,6° Grado,Grado,Matemáticas,Componente 13,103541,False
IQS,ee41e566bdaf401e887ab819,555b1fc48a014b2188f5d34d,2023,2023-06-26,100.0,0.74,0.74,6° Grado,Grado,Ciencias Sociales,Componente 7,101325,False
IQS,0f6e2fd35eb7478b8fcd5384,765b6154a8d44bdd909c09d3,2024,2024-03-13,,0.29,0.29,6° Grado,Grado,Lengua Española,Componente 47,102155,False
IQS,2e27756708014e16bed7afae,a3cf4fe919384fc0ac8f4fe1,2023,2023-12-19,,0.64,0.64,6° Grado,Grado,Ciencias Sociales,Componente 13,101637,False
IQS,8d92221785274345b06d8ee2,14d3f039863b4c95bca86a9a,2023,2023-06-08,25.0,0.01,0.01,5° Grado,Grado,Ciencias Sociales,Componente 54,100924,False
IQS,ec264f712bb04f4b9ab4f159,a6a819058e9b44609a7ce4a6,2023,2023-10-01,50.0,0.23,0.23,6° Grado,Grado,Ciencias de la Naturaleza,Componente 46,101614,False
IQS,e7a03936a1d843389c4ae685,b6af244fb84f45b1ad1df793,2023,2023-02-25,50.0,0.99,0.99,6° Grado,Grado,Matemáticas,Componente 35,101540,False
IQS,36d96090bd25456b91032ac9,e96dbacb568f480bb863f60a,2024,2024-02-25,,0.49,0.49,6° Grado,Grado,Ciencias de la Naturaleza,Componente 10,102183,False
IQS,a64b815ae7ba44dd9153c114,117d3d8f62ca4f1f9d863592,2023,2023-06-08,100.0,0.81,0.81,5° Grado,Grado,Ciencias Sociales,Componente 11,101536,False
IQS,7b1b8711645a4922a2fcaa58,62af377d2209497d93397f51,2024,2024-07-08,,1.9,1.9,6° Grado,Grado,Matemáticas,Componente 53,102892,False
IQS,92f0b8b27de64d73a9289950,fc9daf204ab94c74a3f7944f,2023,2023-03-17,75.0,1.32,1.32,4° Grado,Grado,Lengua Española,Componente 51,100885,False
IQS,761c46fe1b3e439084bb7b64,97c35894ee044156b7eb3f63,2026,2026-07-13,100.0,1.29,1.29,3° Grado,Grado,Ciencias Sociales,Componente 28,101569,False
IQS,e99286603868469099e73a78,d9e60eb68f914f6187d3f41b,2023,2023-07-01,75.0,2.22,2.22,4° Grado,Grado,Ciencias de la Naturaleza,Componente 13,101364,False
IQS,ca0a23dc73e741f79f5f66ea,bf886d550c824a6b83bf6d11,2024,2024-12-07,75.0,0.04,0.04,5° Grado,Grado,Matemáticas,Componente 28,102526,False
IQS,ef4c2a5c9c484d848e959167,763635b260364805a5d5f59b,2023,2023-07-11,,0.31,0.31,4° Grado,Grado,Matemáticas,Componente 52,101829,False
IQS,f1d58360d68d4755b366e7cb,87a0a32693194bde9eb4118a,2023,2023-02-09,50.0,0.23,0.23,6° Grado,Grado,Ciencias Sociales,Componente 55,101812,False
IQS,8286f2a56d1d4673b41f0743,a3cf4fe919384fc0ac8f4fe1,2026,2026-03-23,,1.51,1.51,6° Grado,Grado,Ciencias Sociales,Componente 32,101637,False
IQS,a4a242b25c0a4fcb95fa1727,5558930c63084d958f703c26,2026,2026-07-04,,0.79,0.79,1° Grado,Grado,Ciencias Sociales,Componente 1,101351,False
IQS,252c5c5554da4e2a915ce153,f405cf4c9b06400a8872aeea,2023,2023-04-30,,0.6,0.6,6° Grado,Grado,Lengua Española,Componente 13,104932,False
IQS,ed4d6ddf59db4f5e9783754b,9d317af30b7b4ee6acc4e00e,2024,2024-11-14,0.0,0.28,0.28,5° Grado,Grado,Matemáticas,Componente 14,101819,False
IQS,54299e1a7ede4b6b8e3eb836,209aa809d73642598046e6fe,2023,2023-01-16,,0.36,0.36,6° Grado,Grado,Matemáticas,Componente 20,103929,False
IQS,8a5f910f829a448fbf758a55,c38033cf3de647e98c9ca1df,2026,2026-07-04,25.0,,,6° Grado,Grado,Ciencias de la Naturaleza,Componente 27,103524,False
IQS,ab6ae7040f064b8bbaa5fbcd,589f39b52d984141bbd7c190,2023,2023-09-30,0.0,0.15,0.15,6° Grado,Grado,Ciencias Sociales,Componente 45,103303,False
IQS,f367a6f722af4a25a5ccf8b3,14d3f039863b4c95bca86a9a,2026,2026-06-30,75.0,0.25,0.25,4° Grado,Grado,Matemáticas,Componente 48,100924,False
IQS,90c70b7d370442f6a5e120a8,508643e7d1a842f18e8cf775,2023,2023-10-30,50.0,0.1,0.1,3° Grado,Grado,Ciencias Sociales,Componente 5,105139,False
IQS,dc5fb830e72f4ee3be06333d,fea9e9f190a54701a7e6ec07,2022,2022-09-11,100.0,0.05,0.05,6° Grado,Grado,Ciencias de la Naturaleza,Componente 37,102176,False
IQS,bca66da56a85462aa2cee369,f5b78e3228124e6d99606af7,2024,2024-08-19,,0.24,0.24,6° Grado,Grado,Ciencias de la Naturaleza,Componente 26,104719,False
IQS,7874d27184e446d0b48f817d,99cbf085fbe440748eedfdd0,2024,2024-09-05,,0.64,0.64,1° Grado,Grado,Ciencias Sociales,Componente 22,104102,False
IQS,0d35fee947f444a0b85fc3e8,79d63c7c065a48dbb36e14ac,2024,2024-05-24,50.0,0.16,0.16,6° Grado,Grado,Ciencias Sociales,Componente 18,101309,False
IQS,a373fad061524cc98f1f4141,0339c0d4ecd34ac4b75486b3,2023,2023-05-15,50.0,0.38,0.38,6° Grado,Grado,Lengua Española,Componente 24,102908,False
IQS,e8d1282d3f4c4f25a9835934,ecfce1cabd8948bca5fdc08f,2022,2022-09-16,0.0,0.55,0.55,3° Grado,Grado,Matemáticas,Componente 47,104475,False
IQS,68f7c5d06ac745218d13c5fa,63c3b044dc17406f9ece5257,2023,2023-11-16,50.0,0.08,0.08,6° Grado,Grado,Ciencias Sociales,Componente 34,104259,False
IQS,3a7d11caca02472ca30fea2e,94c141c0df4548dd96390aeb,2024,2024-10-23,25.0,0.01,0.01,2° Grado,Grado,Ciencias de la Naturaleza,Componente 38,101648,False
IQS,ddae583082194670b25979fd,76c53d3b8a744c00b63ac606,2026,2026-09-10,,0.53,0.53,3° Grado,Grado,Lengua Española,Componente 51,103845,False
IQS,daf70e87011e4c6c8f234cad,f1eecb6e79454598a57fa6ae,2024,2024-09-12,75.0,0.21,0.21,3° Grado,Grado,Ciencias Sociales,Componente 5,101672,False
IQS,90c7f89bb03248c28634f2c6,1da14ff6abde4de4bf31122b,2023,2023-06-19,,2.11,2.11,3° Grado,Grado,Ciencias de la Naturaleza,Componente 1,102483,False
IQS,cf2434b6d8ae4137a232cbff,589f39b52d984141bbd7c190,2024,2024-08-04,50.0,0.27,0.27,4° Grado,Grado,Matemáticas,Componente 37,103303,False
IQS,338bf061cc594e5ea05237ca,bf69016d39f540fd8a0736f9,2023,2023-04-17,,0.04,0.04,6° Grado,Grado,Matemáticas,Componente 20,103863,False
IQS,8bc1444c6fb14ebd828173cb,fd8346b254fe4458b92a0501,2023,2023-09-22,100.0,0.65,0.65,6° Grado,Grado,Matemáticas,Componente 36,104295,False
IQS,c51cb0a6006742699c867b8c,c19290cb39c74928ae063e97,2023,2023-02-27,50.0,0.11,0.11,6° Grado,Grado,Matemáticas,Componente 37,103814,False
IQS,e51df0d04c0945a189486cae,f0c5251607e94d61a54344e0,2023,2023-08-28,100.0,0.18,0.18,6° Grado,Grado,Ciencias de la Naturaleza,Componente 4,102905,False
IQS,f95ae9f57ee348c39f64f9ba,a06e1a5f237a4bedad6b5ba5,2023,2023-02-05,0.0,0.03,0.03,6° Grado,Grado,Matemáticas,Componente 22,101368,False
IQS,963da072275c484bb3b451c7,117d3d8f62ca4f1f9d863592,2023,2023-08-12,25.0,0.79,0.79,6° Grado,Grado,Ciencias Sociales,Componente 18,101536,False
IQS,b382a173980c4ddfae0fc17e,f0c5251607e94d61a54344e0,2024,2024-07-27,,1.33,1.33,6° Grado,Grado,Ciencias de la Naturaleza,Componente 24,102905,False
IQS,7b1825d517f749a4b1425856,0339c0d4ecd34ac4b75486b3,2023,2023-09-21,100.0,0.2,0.2,6° Grado,Grado,Ciencias Sociales,Componente 51,102908,False
IQS,66c4b93a3f5e44b68ff6d64e,79d63c7c065a48dbb36e14ac,2023,2023-03-18,,1.14,1.14,6° Grado,Grado,Lengua Española,Componente 37,101309,False
IQS,2278299f94f7473f9fd6113b,4121c2b34e074f6fa2c39975,2023,2023-10-01,75.0,0.91,0.91,2° Grado,Grado,Ciencias de la Naturaleza,Componente 16,101185,False
IQS,cd38685b90b145a7ae1ecc1d,76c53d3b8a744c00b63ac606,2023,2023-09-03,,0.14,0.14,6° Grado,Grado,Lengua Española,Componente 57,103845,True
IQS,3753585b56b84b289297a559,9abae178c1c147d18d90d74c,2024,2024-06-20,50.0,0.59,0.59,6° Grado,Grado,Matemáticas,Componente 39,104186,False
IQS,78289c43e47546af9709f373,62af377d2209497d93397f51,2024,2024-04-21,25.0,1.35,1.35,2° Grado,Grado,Lengua Española,Componente 18,102892,False
IQS,1f5bcdb064d2428ba47e0acb,f405cf4c9b06400a8872aeea,2023,2023-05-21,50.0,0.51,0.51,1° Grado,Grado,Ciencias de la Naturaleza,Componente 50,104932,False
IQS,bc997e46e05e4d209bea675d,209aa809d73642598046e6fe,2023,2023-05-22,100.0,0.63,0.63,1° Grado,Grado,Matemáticas,Componente 19,103929,False
IQS,3597f94dc0804af3ad9f8551,765b6154a8d44bdd909c09d3,2024,2024-10-26,100.0,2.27,2.27,6° Grado,Grado,Ciencias Sociales,Componente 37,102155,False
IQS,1ae42a56ed53470d83fab058,20ff08b82a674c5daaa66674,2023,2023-10-08,,0.11,0.11,6° Grado,Grado,Ciencias de la Naturaleza,Componente 52,104568,False
IQS,8819dfc04d414cbca9d62120,97c35894ee044156b7eb3f63,2024,2024-02-09,25.0,0.28,0.28,6° Grado,Grado,Ciencias de la Naturaleza,Componente 16,101569,False
IQS,dba0c559b7e1457e9097880c,7f0bb751143747498ca0de1b,2023,2023-02-22,100.0,1.14,1.14,4° Grado,Grado,Lengua Española,Componente 59,101436,False
IQS,f06b42da97734393b74c9c74,07e57099e5aa4a82bbd53e44,2022,2022-11-08,25.0,,,2° Grado,Grado,Ciencias Sociales,Componente 57,103153,False
IQS,0c428168eae9497eb25ea2f0,5d1d43267cea4ead8f24eede,2023,2023-12-22,50.0,0.39,0.39,6° Grado,Grado,Matemáticas,Componente 46,101582,False
IQS,7d9deb297ae44b0eac3c1b50,ecfce1cabd8948bca5fdc08f,2024,2024-03-22,,0.14,0.14,6° Grado,Grado,Lengua Española,Componente 34,104475,False
IQS,9df3605775f14fe98e90c9e5,80cc1f161bc34cfab1b5e506,2022,2022-01-13,25.0,0.19,0.19,5° Grado,Grado,Lengua Española,Componente 42,101554,False
IQS,398f785cffa54f34ad4a74e5,14d3f039863b4c95bca86a9a,2024,2024-09-30,,0.4,0.4,1° Grado,Grado,Ciencias Sociales,Componente 28,100924,False
IQS,614893d5c2204bb0beee9b73,3bd3dc7ec2404c6c989a812b,2023,2023-12-13,25.0,0.7,0.7,2° Grado,Grado,Matemáticas,Componente 8,101962,False
IQS,fec68e72d6544754a9d31ef8,60a065451f254990ba464820,2024,2024-04-14,50.0,0.07,0.07,2° Grado,Grado,Ciencias de la Naturaleza,Componente 21,101248,False
IQS,8de22f1b25bf48fbbb52d670,1fbc2c7c19a94c8fbf21d2dc,2026,2026-06-15,25.0,0.53,0.53,3° Grado,Grado,Ciencias de la Naturaleza,Componente 26,104767,False
IQS,bf4b1253a88a455b9d9ad2c4,ce3aa71b2a684f2985f63f7e,2024,2024-04-13,,0.22,0.22,6° Grado,Grado,Lengua Española,Componente 58,102870,False
IQS,5c1c7b4d75694182b968ad70,00b54deac72546cdafa17218,2026,2026-05-14,50.0,0.05,0.05,5° Grado,Grado,Lengua Española,Componente 34,102531,False
IQS,295d1ea7533f4de5b9b9f8c3,b6af244fb84f45b1ad1df793,2025,2025-03-12,100.0,0.32,0.32,4° Grado,Grado,Ciencias de la Naturaleza,Componente 56,101540,False
IQS,b49d22ae833c4b789691f65e,9d317af30b7b4ee6acc4e00e,2024,2024-02-28,25.0,0.11,0.11,1° Grado,Grado,Matemáticas,Componente 56,101819,False
IQS,0c0b0cfdc9c84db4af084bf1,fd8346b254fe4458b92a0501,2023,2023-03-10,100.0,1.79,1.79,3° Grado,Grado,Lengua Española,Componente 30,104295,False
IQS,b284fd4b17944ced82be1c6d,011557a17a0448539101febc,2023,2023-10-01,,0.01,0.01,6° Grado,Grado,Ciencias Sociales,Componente 27,105166,False
IQS,97c63e4acaff48a99938d179,bf886d550c824a6b83bf6d11,2023,2023-04-23,75.0,0.79,0.79,6° Grado,Grado,Ciencias de la Naturaleza,Componente 9,102526,False
IQS,c30486c3d5544567bcc3eaaa,97c35894ee044156b7eb3f63,2023,2023-09-15,75.0,0.09,0.09,6° Grado,Grado,Lengua Española,Componente 44,101569,False
IQS,f3a61c3af7954bc3b01629d6,94c141c0df4548dd96390aeb,2024,2024-08-21,,0.06,0.06,6° Grado,Grado,Matemáticas,Componente 50,101648,False
IQS,d8f83796176b46da82328f01,209aa809d73642598046e6fe,2023,2023-04-16,,0.86,0.86,4° Grado,Grado,Lengua Española,Componente 26,103929,False
IQS,16eb5a6d5561444685bd1bd8,5a4baf163c72464ba70bdfc3,2025,2025-01-28,75.0,0.08,0.08,6° Grado,Grado,Ciencias Sociales,Componente 23,103363,False
IQS,9ab534b9382d4fe0a9c7f49c,34f6675423db4e2d8cc6cf61,2023,2023-01-01,0.0,0.01,0.01,4° Grado,Grado,Ciencias de la Naturaleza,Componente 53,103311,False
IQS,9ba8324d85c741bc8ac44e05,763635b260364805a5d5f59b,2024,2024-07-28,,0.03,0.03,3° Grado,Grado,Ciencias de la Naturaleza,Componente 25,101829,False
IQS,4833dda8176648b58cc3a823,3363de028c484016b6059407,2023,2023-04-17,,0.41,0.41,4° Grado,Grado,Ciencias Sociales,Componente 15,102427,False
IQS,cb80da1144014588be18caca,589f39b52d984141bbd7c190,2023,2023-10-28,50.0,0.43,0.43,6° Grado,Grado,Lengua Española,Componente 7,103303,False
IQS,cd15c9af2e2046548fc8eb22,6f228061777f4db7bef0ecf1,2026,2026-06-25,,0.57,0.57,5° Grado,Grado,Matemáticas,Componente 26,102956,False
IQS,e18b1090ba3d411eaf7851b9,3bd3dc7ec2404c6c989a812b,2026,2026-03-10,25.0,1.29,1.29,6° Grado,Grado,Lengua Española,Componente 32,101962,False
IQS,005d536eb4d94afe84e2a9e3,508643e7d1a842f18e8cf775,2023,2023-01-20,,0.12,0.12,6° Grado,Grado,Ciencias de la Naturaleza,Componente 57,105139,False
IQS,d795bc4637bc48f794cf9ae2,5a4baf163c72464ba70bdfc3,2024,2024-01-31,50.0,0.02,0.02,6° Grado,Grado,Lengua Española,Componente 18,103363,False
IQS,814ee806fb2748e098e7ede8,335c5063211c4b6797a02d3c,2023,2023-07-06,50.0,0.41,0.41,6° Grado,Grado,Matemáticas,Componente 13,100881,False
IQS,4badde189c3c4cc3bcd2ba24,1da14ff6abde4de4bf31122b,2023,2023-05-20,50.0,0.08,0.08,6° Grado,Grado,Lengua Española,Componente 7,102483,False
IQS,5030b49ca2a643b48172a56f,bbb88782c7d244988319f036,2023,2023-11-26,25.0,0.12,0.12,6° Grado,Grado,Lengua Española,Componente 59,102784,False
IQS,9ebeebc15ea442efbe877c36,edbfff2f23414b01a8609b91,2023,2023-11-02,,0.24,0.24,6° Grado,Grado,Matemáticas,Componente 28,103754,False
IQS,08ab5f30b62d4cc89fab1e4f,ce3aa71b2a684f2985f63f7e,2024,2024-06-30,,0.69,0.69,6° Grado,Grado,Ciencias de la Naturaleza,Componente 24,102870,False
IQS,d243d9d1528748d283ef8133,1fbc2c7c19a94c8fbf21d2dc,2023,2023-10-07,,1.38,1.38,6° Grado,Grado,Ciencias Sociales,Componente 1,104767,False
IQS,713c3c0c461443e888c119da,90aa0c4bb4cc4625a1ddc3f0,2023,2023-05-31,100.0,,,6° Grado,Grado,Ciencias de la Naturaleza,Componente 18,105151,False
IQS,e1265d24c56a484d8d0dafb4,97d494410166468cbf225f11,2023,2023-09-08,50.0,0.02,0.02,3° Grado,Grado,Lengua Española,Componente 32,103732,False
IQS,2ed7a583de1b489081ba205d,b0514fa13cdb4c3dbed1c321,2025,2025-01-25,50.0,,,6° Grado,Grado,Ciencias de la Naturaleza,Componente 20,103471,False
IQS,91093bdf52ff4de6afc11d93,57364ffb2264410ab1c5c71f,2025,2025-06-21,75.0,0.1,0.1,3° Grado,Grado,Ciencias de la Naturaleza,Componente 36,104724,False
IQS,79af02a700104ebfb07108aa,29fec145783948e49ea9a6ec,2026,2026-05-29,,0.14,0.14,4° Grado,Grado,Ciencias Sociales,Componente 36,102777,False
IQS,42d79f0c17304fa6997ec198,cf747da360bf408e906f841e,2023,2023-01-29,,0.3,0.3,6° Grado,Grado,Ciencias Sociales,Componente 48,103725,False
IQS,2712bdb767754a278562b21e,a1ef853e3d6a45b4a1a54d7a,2023,2023-10-08,,0.18,0.18,1° Grado,Grado,Ciencias de la Naturaleza,Componente 53,103534,False
IQS,79dcd571fa034be6ab93630f,1642fe50db684b8ea65833c1,2024,2024-05-31,,1.11,1.11,4° Grado,Grado,Ciencias de la Naturaleza,Componente 46,104970,False
IQS,a0ac2b754e314aafb3f3b396,f405cf4c9b06400a8872aeea,2024,2024-06-13,,2.58,2.58,4° Grado,Grado,Matemáticas,Componente 47,104932,False
IQS,dffaa670dbfe4be5a07fcf43,054b44877ebb4dfd89da9029,2023,2023-07-08,,0.01,0.01,4° Grado,Grado,Matemáticas,Componente 33,101515,False
IQS,6495e395238045aab1050b11,f0c5251607e94d61a54344e0,2024,2024-12-11,0.0,0.68,0.68,6° Grado,Grado,Matemáticas,Componente 57,102905,False
IQS,f2a8d403243d4c33b024856f,20ff08b82a674c5daaa66674,2023,2023-05-01,,0.41,0.41,2° Grado,Grado,Lengua Española,Componente 21,104568,False
IQS,48c7952f7c624fc9b5476411,63c3b044dc17406f9ece5257,2023,2023-12-16,,0.15,0.15,6° Grado,Grado,Lengua Española,Componente 42,104259,False
IQS,7eb411be0983467e92b21329,bbb88782c7d244988319f036,2023,2023-07-24,25.0,0.62,0.62,2° Grado,Grado,Matemáticas,Componente 26,102784,False
IQS,1dddfc92f7184647ac1fdba0,af784f89454c4cea98ff0c3b,2023,2023-11-07,50.0,0.05,0.05,6° Grado,Grado,Matemáticas,Componente 24,103967,False
IQS,9a686b9c1a084ac6847a994e,335c5063211c4b6797a02d3c,2025,2025-06-01,,0.13,0.13,1° Grado,Grado,Lengua Española,Componente 14,100881,False
IQS,9febce77b48944ee95257fcc,94ea4abfe4444a469873471c,2023,2023-03-07,50.0,0.38,0.38,2° Grado,Grado,Ciencias de la Naturaleza,Componente 32,101562,False
IQS,b281b65a2d62450e9a0bede4,1c5eefcdf33e473cb7e0d013,2023,2023-12-11,,0.01,0.01,6° Grado,Grado,Ciencias Sociales,Componente 12,100853,False
IQS,5665a96e7e244b6e885b47ba,fed71366c4e643349d154d29,2023,2023-11-23,,0.73,0.73,6° Grado,Grado,Matemáticas,Componente 54,105152,False
IQS,271844d21e484e469a4e9574,99cbf085fbe440748eedfdd0,2022,2022-02-22,,0.03,0.03,6° Grado,Grado,Lengua Española,Componente 49,104102,False
IQS,3620c0fa6fe94abd9c6afeaf,568e3ad5422f4b5a8fc1b7ce,2024,2024-11-14,50.0,0.58,0.58,6° Grado,Grado,Ciencias de la Naturaleza,Componente 31,103236,False
IQS,d357c862743c45af8bfefa06,64c7418fb94a450a8e3798fa,2023,2023-06-06,,0.17,0.17,6° Grado,Grado,Matemáticas,Componente 42,104320,False
IQS,32c3849373ae4b4baaef63e1,cf747da360bf408e906f841e,2023,2023-06-05,50.0,0.65,0.65,6° Grado,Grado,Ciencias Sociales,Componente 59,103725,False
IQS,e8d68d775ca44daca6899482,ecfce1cabd8948bca5fdc08f,2023,2023-03-17,100.0,0.08,0.08,4° Grado,Grado,Ciencias Sociales,Componente 45,104475,False
IQS,a3b9278350d84408823d49b8,1fbc2c7c19a94c8fbf21d2dc,2023,2023-10-18,75.0,0.45,0.45,2° Grado,Grado,Matemáticas,Componente 16,104767,False
IQS,fa27caa0625b45b2b6769993,6f228061777f4db7bef0ecf1,2023,2023-12-25,100.0,0.56,0.56,6° Grado,Grado,Ciencias de la Naturaleza,Componente 12,102956,False
IQS,e85c6819f4dc430e9147eb43,011557a17a0448539101febc,2023,2023-07-19,,0.12,0.12,5° Grado,Grado,Ciencias Sociales,Componente 52,105166,False
IQS,f46e838253f444a0b701d3bf,9d317af30b7b4ee6acc4e00e,2026,2026-03-13,,0.91,0.91,1° Grado,Grado,Ciencias Sociales,Componente 38,101819,False
IQS,2f1252cd4443442dacbabcc4,d586bf4afa71469ea1e10697,2025,2025-09-29,50.0,1.99,1.99,1° Grado,Grado,Ciencias Sociales,Componente 37,104487,False
IQS,24836f0ba61f465e814abdcf,117d3d8f62ca4f1f9d863592,2024,2024-05-08,,0.41,0.41,6° Grado,Grado,Lengua Española,Componente 46,101536,False
IQS,1169995138014687babf609a,568e3ad5422f4b5a8fc1b7ce,2023,2023-06-28,75.0,0.07,0.07,6° Grado,Grado,Lengua Española,Componente 23,103236,False
IQS,c195a8fbb01b4126ba3ac112,ce3aa71b2a684f2985f63f7e,2023,2023-12-11,,0.86,0.86,6° Grado,Grado,Matemáticas,Componente 48,102870,False
IQS,333511b7205848c287dee6a1,b8dd33bc101c4fedbbe7b7bf,2022,2022-01-06,0.0,0.29,0.29,2° Grado,Grado,Ciencias de la Naturaleza,Componente 11,101732,False
IQS,89d2c5f0476d407786b346e7,568e3ad5422f4b5a8fc1b7ce,2024,2024-05-06,100.0,0.02,0.02,2° Grado,Grado,Lengua Española,Componente 29,103236,False
IQS,982ba7f0576644b2b1f3bde2,94c141c0df4548dd96390aeb,2024,2024-07-20,,0.27,0.27,5° Grado,Grado,Matemáticas,Componente 31,101648,False
IQS,18353a5e64df427fbaefe9ac,1da14ff6abde4de4bf31122b,2023,2023-08-27,,1.42,1.42,6° Grado,Grado,Ciencias de la Naturaleza,Componente 28,102483,False
IQS,4ba1806c97a3459286d7651a,f1eecb6e79454598a57fa6ae,2023,2023-02-23,75.0,0.05,0.05,3° Grado,Grado,Ciencias Sociales,Componente 15,101672,False
IQS,36ef525756174d1db79a889a,054b44877ebb4dfd89da9029,2023,2023-03-15,50.0,3.99,3.99,2° Grado,Grado,Lengua Española,Componente 53,101515,False
IQS,91141f4d6a8844f6b240e267,763635b260364805a5d5f59b,2022,2022-11-09,25.0,0.13,0.13,4° Grado,Grado,Lengua Española,Componente 54,101829,False
IQS,d8c6064dfea849d397e9c700,f0c5251607e94d61a54344e0,2022,2022-05-01,75.0,0.7,0.7,6° Grado,Grado,Lengua Española,Componente 39,102905,False
IQS,a84aba6592884f8f835032be,20ff08b82a674c5daaa66674,2023,2023-02-23,25.0,0.0,0.0,3° Grado,Grado,Ciencias Sociales,Componente 34,104568,False
IQS,31be6d9748834571b5321789,bf69016d39f540fd8a0736f9,2026,2026-08-26,,0.47,0.47,4° Grado,Grado,Ciencias Sociales,Componente 37,103863,False
IQS,ebc762830e8048cf8e38effa,14d3f039863b4c95bca86a9a,2023,2023-01-09,,0.2,0.2,2° Grado,Grado,Ciencias de la Naturaleza,Componente 15,100924,False
IQS,34a7dab37c5943a587c601e7,79d63c7c065a48dbb36e14ac,2023,2023-07-26,,0.25,0.25,6° Grado,Grado,Lengua Española,Componente 30,101309,False
IQS,225b44360c6e4777aa72da34,589f39b52d984141bbd7c190,2024,2024-04-27,25.0,0.36,0.36,2° Grado,Grado,Matemáticas,Componente 53,103303,False
IQS,df7ab198a0fa4e1fb0ac80c3,80cc1f161bc34cfab1b5e506,2025,2025-02-28,75.0,0.08,0.08,4° Grado,Grado,Matemáticas,Componente 38,101554,False
IQS,008ed472dea7467d88fcc67b,cb026111deb549e3acbff6eb,2023,2023-08-01,50.0,0.01,0.01,2° Grado,Grado,Matemáticas,Componente 34,103737,False
IQS,bb47fa7de7a64a2fa50082fa,9d317af30b7b4ee6acc4e00e,2024,2024-07-20,,0.09,0.09,6° Grado,Grado,Matemáticas,Componente 18,101819,False
IQS,4e41fcd1249e4f8a9d728414,3bd3dc7ec2404c6c989a812b,2023,2023-08-14,,0.6,0.6,6° Grado,Grado,Ciencias de la Naturaleza,Componente 17,101962,False
IQS,2094a2a5be3f493c833e7468,8499fa2a39964aa280aa0807,2023,2023-02-17,0.0,0.5,0.5,2° Grado,Grado,Ciencias Sociales,Componente 11,101383,False
IQS,346be6afccd54214a8387cae,f0c5251607e94d61a54344e0,2023,2023-02-25,75.0,0.01,0.01,6° Grado,Grado,Lengua Española,Componente 29,102905,False
IQS,a0e69626e6ed47d1ae365f0e,bf886d550c824a6b83bf6d11,2023,2023-03-07,100.0,0.22,0.22,6° Grado,Grado,Ciencias Sociales,Componente 28,102526,False
IQS,70515c9072de4e009d3e8792,20ff08b82a674c5daaa66674,2023,2023-01-16,,0.91,0.91,2° Grado,Grado,Lengua Española,Componente 15,104568,False
IQS,709eb3378dbe4a748ea74cd2,84ee8daf1c1948b986f77c4a,2023,2023-08-17,,0.49,0.49,6° Grado,Grado,Ciencias Sociales,Componente 17,103141,False
IQS,f005ff9d810b4c2e9a495fd5,94c141c0df4548dd96390aeb,2023,2023-12-16,,,,6° Grado,Grado,Matemáticas,Componente 9,101648,False
IQS,a216d8367b094434b3b13770,ce3aa71b2a684f2985f63f7e,2022,2022-02-23,,,,3° Grado,Grado,Matemáticas,Componente 53,102870,False
IQS,14c59f44f9bd49f88c5f8757,2df3d1f26eaf45c08087d80f,2024,2024-01-31,,0.01,0.01,2° Grado,Grado,Matemáticas,Componente 1,103168,False
IQS,a9aa7d509210403d81f89387,07e57099e5aa4a82bbd53e44,2023,2023-12-17,50.0,0.16,0.16,6° Grado,Grado,Matemáticas,Componente 24,103153,False
IQS,dcb12dadd61348b1b9a39f3e,87a0a32693194bde9eb4118a,2023,2023-05-21,,1.21,1.21,2° Grado,Grado,Ciencias de la Naturaleza,Componente 44,101812,False
IQS,fe0d28868889450b813b48b2,9abae178c1c147d18d90d74c,2023,2023-01-01,,0.01,0.01,6° Grado,Grado,Lengua Española,Componente 13,104186,False
IQS,3317a8916fea492d9ed71fa9,5558930c63084d958f703c26,2023,2023-09-03,100.0,2.51,2.51,6° Grado,Grado,Ciencias Sociales,Componente 49,101351,False
IQS,cc3827bd0cbd427b9cf662cb,7f0bb751143747498ca0de1b,2023,2023-10-12,100.0,0.02,0.02,3° Grado,Grado,Ciencias Sociales,Componente 58,101436,False
IQS,1f83afd3e87744ea8d430316,14a3d6f3d82d4518bdfb47e9,2023,2023-07-10,25.0,0.0,0.0,3° Grado,Grado,Matemáticas,Componente 2,102666,False
IQS,82d2d28cb5e14a83b328eef6,442c9196c80b498fa52c808b,2023,2023-12-28,,0.09,0.09,4° Grado,Grado,Ciencias de la Naturaleza,Componente 48,104726,False
IQS,6e6801da197f4b00ad4ca8ba,5a4baf163c72464ba70bdfc3,2023,2023-12-05,,0.07,0.07,6° Grado,Grado,Matemáticas,Componente 9,103363,False
IQS,42d650380efb49a2b0a2e0ae,7f0bb751143747498ca0de1b,2023,2023-02-26,100.0,0.12,0.12,2° Grado,Grado,Lengua Española,Componente 26,101436,False
IQS,511b0f86a0c34c25a3e9f5c6,90aa0c4bb4cc4625a1ddc3f0,2024,2024-08-17,,0.07,0.07,6° Grado,Grado,Matemáticas,Componente 8,105151,False
IQS,9d5bdf59d3db45c98171b68f,000777e0998044f3b82a624a,2023,2023-05-14,,1.09,1.09,6° Grado,Grado,Ciencias Sociales,Componente 41,103142,False
IQS,d61c6cca7b194504bc96b4ac,b6af244fb84f45b1ad1df793,2023,2023-02-14,,0.95,0.95,4° Grado,Grado,Ciencias de la Naturaleza,Componente 55,101540,False
IQP,88163c970a0d4a09be61df80,fe20d6d0e3094301b9de4992,2023,2023-12-26,100.0,0.42,0.42,6° Grado,Grado,Constitución animada,Componente 6,100698,False
IQP,1229bafd551541c69a3771a8,c39743067dc447f7a7274667,2023,2023-08-15,100.0,1.78,1.78,3° Grado,Grado,Matemáticas,Componente 41,100681,False
IQP,7cef393adb2b4184b2eb7c0d,57795abdba6d4096b93f8048,2023,2023-10-17,100.0,0.2,0.2,5° Grado,Grado,Ciencias de la Naturaleza,Componente 29,100436,False
IQP,2947200609bd4e3eadae42c3,4a689f199fa94a14b088b0e0,2023,2023-12-23,,0.55,0.55,6° Grado,Grado,Constitución animada,Componente 50,100020,False
IQP,e00b066d4e2046ab80b3e740,d206551aaab14db9b8fb4b26,2024,2024-01-27,25.0,0.02,0.02,5° Grado,Grado,Ciencias Sociales,Componente 56,100752,False
IQP,2f0e0aeabb534ecd99d2b9d3,819bc420475d45d5bc0cf63f,2022,2022-03-07,75.0,0.18,0.18,5° Grado,Grado,Constitución animada,Componente 35,100203,False
IQP,008604562a084228b9dbe944,64e438a73e894fbd8ee89459,2024,2024-08-13,0.0,0.82,0.82,5° Grado,Grado,Ciencias de la Naturaleza,Componente 46,100086,False
IQP,f6cc3a598d9049b7aa83563a,d206551aaab14db9b8fb4b26,2025,2025-11-05,,0.27,0.27,5° Grado,Grado,Constitución animada,Componente 11,100752,False
IQP,7cc9475e538644b4aad5d3d7,f65e35736c364682aaa742a5,2024,2024-03-13,0.0,0.22,0.22,1° Grado,Grado,Constitución animada,Componente 43,100346,False
IQP,22ed565bc2e94a4ea2fde37f,ca0d3dd4cea846648978370c,2023,2023-08-04,100.0,0.01,0.01,6° Grado,Grado,Ciencias Sociales,Componente 10,100464,False
IQP,3afcee2c1394436287acf0f1,ebcbdbebf04f4aa2bb806edd,2023,2023-04-19,0.0,0.04,0.04,1° Grado,Grado,Ciencias de la Naturaleza,Componente 20,100700,False
IQP,1fff9d9d23994496a21b9ecf,a6da4f7c7c474214b51ac487,2023,2023-09-17,,0.35,0.35,6° Grado,Grado,Constitución animada,Componente 48,100074,False
IQP,4f25ecc1737a4b43824ebfba,f3057544c8154f75b726c189,2024,2024-02-13,25.0,0.0,0.0,5° Grado,Grado,Ciencias Sociales,Componente 27,100202,False
IQP,7d5b03aa383246a297fbf201,b43c5511bc0a4ea4b704b559,2023,2023-09-15,,0.9,0.9,6° Grado,Grado,Ciencias de la Naturaleza,Componente 30,100085,False
IQP,86f9b0c6db124f2e9d271c24,91863c8283b742d58b827bfd,2024,2024-04-10,0.0,1.67,1.67,6° Grado,Grado,Ciencias de la Naturaleza,Componente 10,100149,False
IQP,7563dc541f254f51ae1cc3f5,38535da194244acb85730918,2023,2023-06-26,,1.21,1.21,6° Grado,Grado,Lengua Española,Componente 27,100682,False
IQP,669c6f6db43f4933a15e0953,fe20d6d0e3094301b9de4992,2024,2024-12-19,,1.32,1.32,1° Grado,Grado,Ciencias Sociales,Componente 1,100698,False
IQP,f491e5d0cd6f405ca4cd2b17,5a64a75ff0144301a9c1215c,2022,2022-01-05,50.0,0.34,0.34,3° Grado,Grado,Constitución animada,Componente 31,100359,False
IQP,b3231e6d2dbd4663b3a35f57,b75c92fa083043b69c1b9b3a,2023,2023-12-07,50.0,0.04,0.04,5° Grado,Grado,Ciencias Sociales,Componente 12,100219,False
IQP,d604067aecf14d2fbc1e55ab,2df83c62987542ae87f12a49,2023,2023-11-20,,0.27,0.27,5° Grado,Grado,Lengua Española,Componente 1,100520,False
IQP,2bfa7b5ae1a44ae5b60f7a54,e0bb6b64fe15489e9be5ef88,2023,2023-01-06,100.0,0.93,0.93,5° Grado,Grado,Ciencias de la Naturaleza,Componente 23,100415,False
IQP,e258d9609e654f2ca82cdf28,77392c1cb5224679b2cfaa20,2023,2023-04-26,,0.28,0.28,6° Grado,Grado,Constitución animada,Componente 57,100473,False
IQP,a6140feb299f4b989938b689,7dd743404ba04c61ae92e001,2023,2023-04-29,100.0,1.72,1.72,5° Grado,Grado,Matemáticas,Componente 5,100719,False
IQP,c18e914852444e34bc0fa95f,f7f20e417e224683b1f9e902,2024,2024-06-04,,0.45,0.45,2° Grado,Grado,Matemáticas,Componente 55,100248,False
IQP,a3fa738fea5a4c2a9c093cd7,9f00678cde484c04866f976f,2024,2024-01-30,25.0,0.85,0.85,1° Grado,Grado,Matemáticas,Componente 23,100660,False
IQP,e9d06574474f41fa8a33d43f,300797805e9246579920dd97,2023,2023-05-04,50.0,0.28,0.28,3° Grado,Grado,Matemáticas,Componente 47,100709,False
IQP,a6531c75ce0546a0b2ccd155,7dd743404ba04c61ae92e001,2024,2024-06-04,,,,6° Grado,Grado,Lengua Española,Componente 53,100719,False
IQP,010fab61017240e5b650518c,912cd321cad447d2b9a472cf,2023,2023-01-30,,0.04,0.04,6° Grado,Grado,Ciencias de la Naturaleza,Componente 22,100118,False
IQP,90bca5f38abe4045bcaec13f,7de49ae7c27e43ba9966d4dc,2023,2023-08-04,75.0,0.04,0.04,6° Grado,Grado,Ciencias Sociales,Componente 20,100749,False
IQP,ffe8de3090954e85a749e50e,300797805e9246579920dd97,2026,2026-06-16,25.0,0.01,0.01,5° Grado,Grado,Matemáticas,Componente 49,100709,False
IQP,b19444c0941f4bc79049ef30,bb64aab98d75481e9181b908,2025,2025-01-24,50.0,2.16,2.16,5° Grado,Grado,Matemáticas,Componente 54,100332,False
IQP,f5bed74332644e2b9b21f177,ebcbdbebf04f4aa2bb806edd,2023,2023-03-05,,0.4,0.4,1° Grado,Grado,Ciencias de la Naturaleza,Componente 28,100700,False
IQP,4710d9a0610a4adfa9a7971e,f4cedacfcb004ecf82c446d0,2023,2023-03-08,100.0,0.23,0.23,3° Grado,Grado,Constitución animada,Componente 54,100208,False
IQP,4d21479f37e044d6ab85cf93,062eb4d9daae42f786965ecd,2023,2023-11-07,,0.01,0.01,1° Grado,Grado,Matemáticas,Componente 17,100373,True
IQP,687d70b458e24327a2a5d7ca,90b71d1750654e59ac3b9d67,2025,2025-07-22,50.0,0.04,0.04,1° Grado,Grado,Lengua Española,Componente 16,100561,False
IQP,0e12a471c5404f5b98116adc,819bc420475d45d5bc0cf63f,2023,2023-11-06,,1.3,1.3,6° Grado,Grado,Constitución animada,Componente 8,100203,False
IQP,15222cd396c04cafa3e6c8db,9f00678cde484c04866f976f,2023,2023-10-18,0.0,0.07,0.07,5° Grado,Grado,Constitución animada,Componente 24,100660,False
IQP,7b988735a6ae478697e7b6ef,91863c8283b742d58b827bfd,2024,2024-06-01,,0.02,0.02,3° Grado,Grado,Lengua Española,Componente 7,100149,False
IQP,379c4bb876cc4799bb88021a,95921490f56a45ae9786e9c9,2022,2022-02-16,50.0,0.35,0.35,3° Grado,Grado,Ciencias Sociales,Componente 44,100340,False
IQP,857acede6708447f928ac497,aec36bccc5594716b1ffdc67,2026,2026-01-14,,0.24,0.24,4° Grado,Grado,Constitución animada,Componente 17,100583,False
IQP,dcd46d8415d64b2ea247765e,38dc783798e84838937e3389,2026,2026-06-03,0.0,1.44,1.44,5° Grado,Grado,Lengua Española,Componente 35,100355,False
IQP,186578dfe6c94b12906bc358,77392c1cb5224679b2cfaa20,2023,2023-07-25,100.0,0.88,0.88,6° Grado,Grado,Lengua Española,Componente 54,100473,False
IQP,6b74b3322ae64801a2153632,a6da4f7c7c474214b51ac487,2023,2023-10-20,100.0,0.91,0.91,5° Grado,Grado,Lengua Española,Componente 25,100074,False
IQP,db7dcde77d4b4f21afdeeddc,ac35c5988e75463fad872a0f,2022,2022-07-02,100.0,1.15,1.15,6° Grado,Grado,Constitución animada,Componente 44,100482,False
IQP,b5f2624b3eb04595900fbd5e,7dd743404ba04c61ae92e001,2023,2023-07-28,,1.79,1.79,3° Grado,Grado,Matemáticas,Componente 13,100719,False
IQP,2863d2ad76f2485699fccbd3,107fc272ab5240309aa2ae04,2026,2026-09-12,50.0,0.01,0.01,6° Grado,Grado,Matemáticas,Componente 33,100082,False
IQP,19a388fe7e6f48a0b819d3ca,9f00678cde484c04866f976f,2026,2026-09-05,,0.1,0.1,3° Grado,Grado,Matemáticas,Componente 34,100660,False
IQP,dc6417a663524bc3a4e86042,c1cffc3b8fc74742b9c9cf77,2023,2023-02-06,,1.2,1.2,5° Grado,Grado,Ciencias de la Naturaleza,Componente 15,100625,False
IQP,111f890a7def4ad6b73d7722,912cd321cad447d2b9a472cf,2023,2023-11-10,,0.86,0.86,5° Grado,Grado,Matemáticas,Componente 48,100118,False
IQP,6ef26bfb7a10452b8e88e0ab,1f67b93fefd54c5d9efe64b9,2023,2023-01-13,75.0,0.09,0.09,3° Grado,Grado,Ciencias Sociales,Componente 10,100243,True
IQP,243699588c1d4003a49d9fef,f4cedacfcb004ecf82c446d0,2023,2023-07-29,,0.4,0.4,5° Grado,Grado,Ciencias Sociales,Componente 59,100208,False
IQP,923b430cdacb4894a59ef81c,272c342014a14a669738c0e9,2024,2024-08-08,,0.09,0.09,5° Grado,Grado,Ciencias de la Naturaleza,Componente 16,100371,False
IQP,d950a4f8e066420bbe41678b,912cd321cad447d2b9a472cf,2024,2024-04-06,,0.04,0.04,5° Grado,Grado,Lengua Española,Componente 54,100118,False
IQP,38e9d9a5c1b4470290430155,ac35c5988e75463fad872a0f,2023,2023-03-20,,0.22,0.22,6° Grado,Grado,Ciencias Sociales,Componente 53,100482,False
IQP,31d95fe8734d461496fd0268,05a23fd934104a0ab9ee3c1b,2023,2023-02-16,100.0,0.15,0.15,4° Grado,Grado,Ciencias de la Naturaleza,Componente 47,100295,False
IQP,f56ee9af3f8640799d05a3d9,ebcbdbebf04f4aa2bb806edd,2024,2024-07-18,50.0,0.4,0.4,5° Grado,Grado,Ciencias de la Naturaleza,Componente 20,100700,False
IQP,d44cfa9244684389864061e0,a6da4f7c7c474214b51ac487,2023,2023-06-17,0.0,0.88,0.88,1° Grado,Grado,Ciencias Sociales,Componente 6,100074,False
IQP,bc4ea1fa521748a9a8aab07a,912cd321cad447d2b9a472cf,2025,2025-06-13,50.0,0.08,0.08,5° Grado,Grado,Matemáticas,Componente 26,100118,False
IQP,fd0b338ed4fd446cbd3b2a04,237ef7f25c80439b8d85e14f,2024,2024-07-09,,0.2,0.2,6° Grado,Grado,Constitución animada,Componente 4,100335,False
IQP,564656db43a54931b10034a7,7de49ae7c27e43ba9966d4dc,2024,2024-07-18,,1.06,1.06,3° Grado,Grado,Constitución animada,Componente 35,100749,False
IQP,1ef2b771b77d4a7f8447f54b,237ef7f25c80439b8d85e14f,2024,2024-07-22,,0.02,0.02,5° Grado,Grado,Ciencias Sociales,Componente 37,100335,False
IQP,6c736142d8224bbbb37cb545,a6da4f7c7c474214b51ac487,2023,2023-07-12,,0.01,0.01,5° Grado,Grado,Ciencias de la Naturaleza,Componente 20,100074,False
IQP,024b8651e62b454e821ddbba,36f598721fcf44a1819642b0,2025,2025-07-03,50.0,1.73,1.73,6° Grado,Grado,Lengua Española,Componente 12,100405,False
IQP,d6346d160aa94b9eb351e704,36f598721fcf44a1819642b0,2023,2023-10-15,,0.42,0.42,5° Grado,Grado,Constitución animada,Componente 45,100405,False
IQP,d35d030b0380412f8928accb,df7640fbba5347ff9c965e27,2023,2023-10-06,0.0,0.68,0.68,5° Grado,Grado,Constitución animada,Componente 47,100507,False
IQP,a18cae5425a640e4a357d7a5,d3db3ee67f5240369ae2aea3,2023,2023-05-09,100.0,0.32,0.32,6° Grado,Grado,Matemáticas,Componente 56,100694,False
IQP,9171dd61bdb144b7b46ee62a,c1cffc3b8fc74742b9c9cf77,2023,2023-02-16,75.0,0.76,0.76,3° Grado,Grado,Ciencias de la Naturaleza,Componente 43,100625,False
IQP,f94dea6bf06f453caf2bd349,f7f20e417e224683b1f9e902,2026,2026-08-04,100.0,1.81,1.81,3° Grado,Grado,Ciencias Sociales,Componente 18,100248,False
IQP,4a582c1922894491a3a02c52,1418a2c8e5a44cbf8e9f6588,2023,2023-08-31,25.0,1.91,1.91,5° Grado,Grado,Ciencias Sociales,Componente 13,100747,False
IQP,8cfc4f15571c46acb82563be,2222c670c0dc464b97a0ecb3,2026,2026-07-20,,0.22,0.22,6° Grado,Grado,Ciencias de la Naturaleza,Componente 15,100386,False
IQP,152151dafd5f4596b63d2b2e,6a09a0bbc9ae4f9c83336627,2024,2024-07-08,50.0,0.84,0.84,5° Grado,Grado,Constitución animada,Componente 46,100136,False
IQP,f5d14cf724004f1a8c47ac3a,90b71d1750654e59ac3b9d67,2023,2023-07-19,100.0,0.03,0.03,5° Grado,Grado,Ciencias Sociales,Componente 42,100561,False
IQP,cfd672c67e6c49328c1740a7,df7640fbba5347ff9c965e27,2023,2023-02-24,,0.53,0.53,5° Grado,Grado,Constitución animada,Componente 23,100507,False
IQP,519ff6442a0a4d639e60a5cd,c39743067dc447f7a7274667,2023,2023-04-05,50.0,0.25,0.25,5° Grado,Grado,Matemáticas,Componente 29,100681,False
IQP,da26e82234e1492890a42271,272c342014a14a669738c0e9,2023,2023-04-29,,0.46,0.46,6° Grado,Grado,Matemáticas,Componente 32,100371,False
IQP,4172641e40df43a19a335084,36f598721fcf44a1819642b0,2023,2023-06-26,50.0,0.39,0.39,1° Grado,Grado,Matemáticas,Componente 14,100405,False
IQP,597ebebb0e8641ada5ff590a,6a09a0bbc9ae4f9c83336627,2024,2024-09-18,,2.31,2.31,5° Grado,Grado,Lengua Española,Componente 8,100136,False
IQP,7b09971eb3044c09a84520bc,38535da194244acb85730918,2023,2023-06-17,0.0,0.2,0.2,5° Grado,Grado,Matemáticas,Componente 57,100682,False
IQP,2ca43a6fac9a4d57ab999db4,9008f0e63e7e4ec0b323e48c,2023,2023-04-08,,0.11,0.11,6° Grado,Grado,Matemáticas,Componente 31,100632,False
IQP,faa036c0eff64880a4cb33cb,bb64aab98d75481e9181b908,2025,2025-09-11,50.0,0.17,0.17,5° Grado,Grado,Lengua Española,Componente 53,100332,False
IQP,fb4ffa9139594759ab624973,6c84ee0cccd04c8d93702624,2023,2023-12-24,0.0,1.4,1.4,6° Grado,Grado,Matemáticas,Componente 33,100579,False
IQP,bc456f6abe6645e586126cfe,300797805e9246579920dd97,2024,2024-01-24,,0.1,0.1,5° Grado,Grado,Constitución animada,Componente 4,100709,False
IQP,4039c94504bf4a2f87e546a6,819bc420475d45d5bc0cf63f,2026,2026-04-17,,0.13,0.13,1° Grado,Grado,Ciencias de la Naturaleza,Componente 32,100203,False
IQP,891533a79aa546039d81067a,5f56bf2c70b7472d9d31ccd1,2024,2024-02-11,25.0,0.23,0.23,3° Grado,Grado,Lengua Española,Componente 35,100659,False
IQP,11a8b715efb24ca5a1177125,f65e35736c364682aaa742a5,2023,2023-10-12,25.0,2.27,2.27,3° Grado,Grado,Matemáticas,Componente 13,100346,False
IQP,2891ec76eda141e1b769dab5,c1cffc3b8fc74742b9c9cf77,2023,2023-07-23,25.0,0.06,0.06,6° Grado,Grado,Matemáticas,Componente 26,100625,False
IQP,9ea3d889c5bc4f268d99bb0e,f7f20e417e224683b1f9e902,2022,2022-03-21,,0.08,0.08,2° Grado,Grado,Ciencias de la Naturaleza,Componente 34,100248,False
IQP,98bee563ac2947df8c857027,fe20d6d0e3094301b9de4992,2024,2024-04-23,75.0,0.45,0.45,3° Grado,Grado,Constitución animada,Componente 37,100698,False
IQP,67037d5695254c4a8b2c6dc9,4a689f199fa94a14b088b0e0,2023,2023-12-15,100.0,0.45,0.45,5° Grado,Grado,Constitución animada,Componente 8,100020,False
IQP,e6db43792d524eaa9b1f4d33,7dd743404ba04c61ae92e001,2023,2023-01-20,25.0,0.95,0.95,3° Grado,Grado,Ciencias Sociales,Componente 36,100719,False
IQP,55cb9246dd874f64bbe8b4d9,f7f20e417e224683b1f9e902,2023,2023-01-29,75.0,1.93,1.93,5° Grado,Grado,Lengua Española,Componente 42,100248,False
IQP,bf0c87d08a6b47f39611414c,91863c8283b742d58b827bfd,2023,2023-04-12,,0.03,0.03,6° Grado,Grado,Lengua Española,Componente 5,100149,False
IQP,810bc868beb040b0aff7893a,7dd743404ba04c61ae92e001,2023,2023-09-08,,0.59,0.59,4° Grado,Grado,Ciencias de la Naturaleza,Componente 53,100719,False
IQP,1c6bb0e41f0e4297b88ef4fd,aec36bccc5594716b1ffdc67,2023,2023-05-25,0.0,0.3,0.3,3° Grado,Grado,Constitución animada,Componente 14,100583,False
IQP,301eb1c7a5854f9ba706c410,91863c8283b742d58b827bfd,2022,2022-07-25,,0.14,0.14,6° Grado,Grado,Lengua Española,Componente 38,100149,False
IQP,17993f91c2244bd59d223456,062eb4d9daae42f786965ecd,2023,2023-03-07,25.0,1.03,1.03,6° Grado,Grado,Lengua Española,Componente 31,100373,False
IQP,999a6f8675704db0a0c736f3,df7640fbba5347ff9c965e27,2023,2023-05-23,75.0,3.19,3.19,6° Grado,Grado,Ciencias de la Naturaleza,Componente 2,100507,False
IQP,2cb0e7d18f8d4940b695a10f,c39743067dc447f7a7274667,2023,2023-05-11,50.0,0.18,0.18,6° Grado,Grado,Ciencias Sociales,Componente 8,100681,False
IQP,04c7929c393a4a0d88d0f9af,d09c6d41fa2b4214aa56349a,2023,2023-06-02,,0.62,0.62,5° Grado,Grado,Matemáticas,Componente 16,100266,False
IQP,4ca8321a0f084bc8b62fe9b1,f8b381f736ce41a0bfb0964f,2024,2024-05-24,75.0,0.0,0.0,6° Grado,Grado,Lengua Española,Componente 10,100048,False
IQP,7614c4bf3db74f4b9965a474,7dd743404ba04c61ae92e001,2024,2024-02-13,100.0,0.04,0.04,5° Grado,Grado,Matemáticas,Componente 4,100719,False
IQP,8f15439f1c8943f5beba3b60,6c84ee0cccd04c8d93702624,2026,2026-05-27,,,,5° Grado,Grado,Constitución animada,Componente 20,100579,False
IQP,f65a7a2ed1d1455c99867fda,bb64aab98d75481e9181b908,2023,2023-10-02,,0.01,0.01,3° Grado,Grado,Matemáticas,Componente 59,100332,False
IQP,f16af9e873be4bf8af571055,01744f9b66b445cfa8e12e98,2025,2025-03-06,,1.79,1.79,6° Grado,Grado,Constitución animada,Componente 46,100597,False
IQP,ae4708f8c84944d886ca244f,272c342014a14a669738c0e9,2024,2024-05-14,,1.17,1.17,5° Grado,Grado,Ciencias de la Naturaleza,Componente 34,100371,False
IQP,b21eaf68f2534a5a9d6c9cb3,28d818fff3bc4c70a0b69bd0,2024,2024-01-17,,0.77,0.77,6° Grado,Grado,Ciencias Sociales,Componente 58,100686,False
IQP,277cdb24c0f74a10b028cb9b,912cd321cad447d2b9a472cf,2023,2023-12-10,100.0,1.16,1.16,5° Grado,Grado,Ciencias de la Naturaleza,Componente 15,100118,False
IQP,e427419dcf074c43b6378f04,d3db3ee67f5240369ae2aea3,2023,2023-05-31,0.0,0.32,0.32,6° Grado,Grado,Matemáticas,Componente 33,100694,False
IQP,2c1c59b034a94f05b7e2288c,107fc272ab5240309aa2ae04,2023,2023-06-24,100.0,0.76,0.76,5° Grado,Grado,Ciencias Sociales,Componente 28,100082,False
IQP,aedfa241821f41ee8c28de9b,38dc783798e84838937e3389,2023,2023-02-21,50.0,3.69,3.69,5° Grado,Grado,Ciencias Sociales,Componente 32,100355,False
IQP,493777894ec443fb8d697a91,28d818fff3bc4c70a0b69bd0,2026,2026-05-17,50.0,0.02,0.02,6° Grado,Grado,Matemáticas,Componente 35,100686,True
IQP,d30b292e677a49a1bd3681d2,b43c5511bc0a4ea4b704b559,2023,2023-03-10,,0.34,0.34,5° Grado,Grado,Ciencias Sociales,Componente 8,100085,False
IQP,e0b978aa75d74509a8642313,7dd743404ba04c61ae92e001,2024,2024-10-24,50.0,0.1,0.1,1° Grado,Grado,Ciencias de la Naturaleza,Componente 46,100719,False
IQP,16ac5d9931984e7f88e429bf,a6da4f7c7c474214b51ac487,2023,2023-01-24,50.0,0.0,0.0,5° Grado,Grado,Ciencias Sociales,Componente 3,100074,False
IQP,e6825bf02cbc4cf680792e4d,c1cffc3b8fc74742b9c9cf77,2023,2023-11-02,0.0,0.25,0.25,6° Grado,Grado,Matemáticas,Componente 10,100625,False
IQP,32028a76f3cc473f942e7e9f,7de49ae7c27e43ba9966d4dc,2023,2023-09-16,0.0,0.08,0.08,3° Grado,Grado,Lengua Española,Componente 4,100749,False
IQP,aedd3113cec34eb78f79d7b3,272c342014a14a669738c0e9,2023,2023-09-16,,0.1,0.1,5° Grado,Grado,Constitución animada,Componente 48,100371,False
IQP,f5116a1461e54d39b14bda6c,9f00678cde484c04866f976f,2024,2024-01-18,100.0,1.79,1.79,6° Grado,Grado,Constitución animada,Componente 49,100660,False
IQP,0823967bc35c42239ffb779c,fe20d6d0e3094301b9de4992,2023,2023-07-20,25.0,0.17,0.17,5° Grado,Grado,Matemáticas,Componente 58,100698,False
IQP,8c46897e11a449a2a1669548,272c342014a14a669738c0e9,2022,2022-09-20,,0.86,0.86,6° Grado,Grado,Matemáticas,Componente 6,100371,False
IQP,331b4320d4df4381ac9b5a43,b43c5511bc0a4ea4b704b559,2022,2022-11-11,,0.39,0.39,1° Grado,Grado,Lengua Española,Componente 28,100085,False
IQP,949e7a418c5147bf993db24b,6a09a0bbc9ae4f9c83336627,2023,2023-09-01,,0.76,0.76,4° Grado,Grado,Ciencias de la Naturaleza,Componente 14,100136,False
IQP,d5622aed32254ca3838c7c22,300797805e9246579920dd97,2023,2023-01-29,0.0,0.43,0.43,5° Grado,Grado,Ciencias de la Naturaleza,Componente 48,100709,False
IQP,f622166bab9140999ab1b94e,912cd321cad447d2b9a472cf,2023,2023-08-13,75.0,0.33,0.33,5° Grado,Grado,Ciencias de la Naturaleza,Componente 36,100118,False
IQP,8f99096ee08c4572ab455336,01744f9b66b445cfa8e12e98,2023,2023-10-26,25.0,0.09,0.09,5° Grado,Grado,Lengua Española,Componente 20,100597,False
IQP,6316b46c57394d43828f72a1,ebcbdbebf04f4aa2bb806edd,2023,2023-02-24,0.0,0.33,0.33,1° Grado,Grado,Matemáticas,Componente 23,100700,False
IQP,985d80e5294348bdbcb35e2a,aec36bccc5594716b1ffdc67,2026,2026-02-09,,0.3,0.3,5° Grado,Grado,Ciencias Sociales,Componente 22,100583,False
IQP,2929a2f294f64ff7b06ba3c0,d206551aaab14db9b8fb4b26,2024,2024-03-07,0.0,0.2,0.2,6° Grado,Grado,Ciencias Sociales,Componente 28,100752,False
IQP,d3fa9bb6603b4ed3a39823fc,237ef7f25c80439b8d85e14f,2024,2024-09-04,,1.37,1.37,5° Grado,Grado,Ciencias de la Naturaleza,Componente 42,100335,False
IQP,42fa0e548eae4f7b83c2fe1c,64e438a73e894fbd8ee89459,2025,2025-05-26,,0.43,0.43,6° Grado,Grado,Ciencias Sociales,Componente 33,100086,False
IQP,ac95dbb93b52428d9afc1d1f,f3057544c8154f75b726c189,2023,2023-06-06,,0.26,0.26,1° Grado,Grado,Lengua Española,Componente 57,100202,False
IQP,3043a8d87c4a4d49ad4bf674,ebcbdbebf04f4aa2bb806edd,2024,2024-01-02,,0.04,0.04,5° Grado,Grado,Lengua Española,Componente 33,100700,False
IQP,78b91c3da18a43988ea30775,94c9cd34e32a4e22826faf82,2023,2023-07-31,,0.59,0.59,5° Grado,Grado,Constitución animada,Componente 54,100188,False
IQP,b2d11fe0c8c343bc97c5d5f3,4a689f199fa94a14b088b0e0,2023,2023-01-05,,0.05,0.05,5° Grado,Grado,Constitución animada,Componente 33,100020,False
IQP,ba6a0f7c4aff4d40834b2ac1,ac35c5988e75463fad872a0f,2023,2023-10-10,,2.2,2.2,5° Grado,Grado,Constitución animada,Componente 28,100482,False
IQP,b62878f2f54743af87a81b85,c1cffc3b8fc74742b9c9cf77,2023,2023-01-15,0.0,1.27,1.27,5° Grado,Grado,Constitución animada,Componente 40,100625,False
IQP,6da48dbad2774ea3a581e85f,f8b381f736ce41a0bfb0964f,2023,2023-08-18,100.0,0.1,0.1,2° Grado,Grado,Ciencias de la Naturaleza,Componente 55,100048,False
IQP,ab8e75355ecf4a2dac4d5fad,c39743067dc447f7a7274667,2021,2021-04-11,50.0,3.55,3.55,5° Grado,Grado,Ciencias Sociales,Componente 52,100681,False
IQP,2957d77a040842339fb0421f,ac35c5988e75463fad872a0f,2023,2023-04-25,0.0,0.61,0.61,3° Grado,Grado,Lengua Española,Componente 15,100482,False
IQP,61f075fce23e4f809dd989b4,f6416efb93dc43bfad4b8d2d,2023,2023-12-11,100.0,1.08,1.08,5° Grado,Grado,Matemáticas,Componente 52,100580,False
IQP,284afa80eec64b5d858d7481,237ef7f25c80439b8d85e14f,2022,2022-04-11,,0.76,0.76,5° Grado,Grado,Ciencias de la Naturaleza,Componente 48,100335,False
IQP,1e46f37afcd94663ae15aae1,38535da194244acb85730918,2023,2023-05-28,,1.94,1.94,6° Grado,Grado,Ciencias de la Naturaleza,Componente 51,100682,False
IQP,e753f7ced9eb47a489a281c8,9f00678cde484c04866f976f,2026,2026-08-02,100.0,1.23,1.23,5° Grado,Grado,Lengua Española,Componente 18,100660,True
IQP,31e88c2919114209b6272b3a,9d27a9bec67a4903bcbb5a5b,2023,2023-11-15,,0.03,0.03,5° Grado,Grado,Ciencias de la Naturaleza,Componente 32,100458,False
IQP,257f1d61f9f64534804ce561,28d818fff3bc4c70a0b69bd0,2023,2023-11-01,,0.59,0.59,6° Grado,Grado,Ciencias de la Naturaleza,Componente 3,100686,False
IQP,b191057131fc41428b73fc9c,4a689f199fa94a14b088b0e0,2024,2024-02-05,,0.24,0.24,6° Grado,Grado,Matemáticas,Componente 36,100020,False
IQP,7df33046b44c4066ae2da1d2,bb64aab98d75481e9181b908,2023,2023-02-05,,0.82,0.82,1° Grado,Grado,Matemáticas,Componente 20,100332,False
IQP,05bd369889bd493cbeda6880,94c9cd34e32a4e22826faf82,2023,2023-03-24,100.0,1.74,1.74,5° Grado,Grado,Ciencias Sociales,Componente 54,100188,False
IQP,3ab7f7dbd0b44e1b8a7c34b9,bb64aab98d75481e9181b908,2023,2023-09-24,100.0,0.31,0.31,5° Grado,Grado,Constitución animada,Componente 23,100332,False
IQP,1a1c10a5d3024d959b6e0631,ebcbdbebf04f4aa2bb806edd,2023,2023-02-25,75.0,0.05,0.05,1° Grado,Grado,Ciencias Sociales,Componente 5,100700,False
IQP,ddbdd0ba3c9e465da8822c4f,d09c6d41fa2b4214aa56349a,2023,2023-09-21,,0.04,0.04,3° Grado,Grado,Matemáticas,Componente 32,100266,False
IQP,3de062ac5cff4ac683a9a3ac,57795abdba6d4096b93f8048,2023,2023-12-27,,0.63,0.63,1° Grado,Grado,Constitución animada,Componente 42,100436,False
IQP,e6ea4fd591e74a48b3f2ee0d,b75c92fa083043b69c1b9b3a,2022,2022-08-06,50.0,0.62,0.62,5° Grado,Grado,Constitución animada,Componente 11,100219,False
IQP,f6b46ec42dc24adebf67c67e,d206551aaab14db9b8fb4b26,2024,2024-07-10,0.0,0.03,0.03,5° Grado,Grado,Ciencias Sociales,Componente 18,100752,False
IQP,0cf37229c7394a50b195e3fd,c1cffc3b8fc74742b9c9cf77,2023,2023-04-22,0.0,0.53,0.53,4° Grado,Grado,Matemáticas,Componente 13,100625,False
IQP,c1bd041e8a5e474dabf8b409,300797805e9246579920dd97,2022,2022-01-30,,0.09,0.09,2° Grado,Grado,Lengua Española,Componente 37,100709,False
IQP,e6f3bffd7cd74018ade395d9,4a689f199fa94a14b088b0e0,2025,2025-11-16,100.0,0.0,0.0,3° Grado,Grado,Ciencias de la Naturaleza,Componente 11,100020,False
IQP,6a7c14e6d3954bbeae920fbb,9008f0e63e7e4ec0b323e48c,2023,2023-01-07,75.0,0.39,0.39,6° Grado,Grado,Lengua Española,Componente 56,100632,False
IQP,c97cfe36876642108c2efaed,28d818fff3bc4c70a0b69bd0,2025,2025-03-27,,,,6° Grado,Grado,Matemáticas,Componente 35,100686,False
IQP,cf35c0040199411cacdbbe4f,ebcbdbebf04f4aa2bb806edd,2023,2023-12-16,0.0,0.14,0.14,6° Grado,Grado,Ciencias de la Naturaleza,Componente 41,100700,False
IQP,8736e8be937e4cfbba11a4b2,1418a2c8e5a44cbf8e9f6588,2026,2026-08-26,100.0,0.46,0.46,5° Grado,Grado,Matemáticas,Componente 15,100747,False
IQP,60f1c50a76784ed2b019261f,7dd743404ba04c61ae92e001,2024,2024-06-18,0.0,1.09,1.09,5° Grado,Grado,Constitución animada,Componente 54,100719,False
IQP,6f63ee5a579a4bf59ac6ae8e,90b71d1750654e59ac3b9d67,2023,2023-05-16,75.0,0.04,0.04,5° Grado,Grado,Lengua Española,Componente 57,100561,False
IQP,75e0c92fdb2743f28b859418,6aa369a57f1144268a5e9109,2023,2023-05-30,25.0,0.02,0.02,5° Grado,Grado,Ciencias de la Naturaleza,Componente 22,100551,False
IQP,1847b29aba63418e9bbd5c62,ac35c5988e75463fad872a0f,2023,2023-08-05,25.0,0.75,0.75,3° Grado,Grado,Lengua Española,Componente 58,100482,False
IQP,7c47a6636f224dc793d892a1,bb64aab98d75481e9181b908,2023,2023-11-28,25.0,1.19,1.19,3° Grado,Grado,Ciencias Sociales,Componente 24,100332,False
IQP,f23c91848f0a48ae9758fb12,90b71d1750654e59ac3b9d67,2026,2026-04-01,50.0,,,3° Grado,Grado,Ciencias de la Naturaleza,Componente 59,100561,False
IQP,9f3af9f01ac0424b8fa8a43a,f65e35736c364682aaa742a5,2023,2023-03-05,25.0,0.56,0.56,6° Grado,Grado,Ciencias Sociales,Componente 51,100346,False
IQP,506a32bca3024302a33b4b57,062eb4d9daae42f786965ecd,2024,2024-12-03,,0.23,0.23,5° Grado,Grado,Matemáticas,Componente 48,100373,False
IQP,d846ef10dfd04fc38dfc4344,ca0d3dd4cea846648978370c,2023,2023-07-30,25.0,0.04,0.04,3° Grado,Grado,Ciencias Sociales,Componente 52,100464,False
IQP,e1845593e2614e7194379f8f,e0bb6b64fe15489e9be5ef88,2025,2025-08-01,,0.23,0.23,5° Grado,Grado,Ciencias de la Naturaleza,Componente 59,100415,False
IQP,a27edb90951844368421a251,fe20d6d0e3094301b9de4992,2023,2023-02-19,,5.65,4.0,3° Grado,Grado,Matemáticas,Componente 42,100698,False
IQP,f2e619a4311c41939422bfad,6c84ee0cccd04c8d93702624,2023,2023-12-14,,0.36,0.36,6° Grado,Grado,Matemáticas,Componente 19,100579,False
IQP,4bff510c6f84496c98d6bc7b,64e438a73e894fbd8ee89459,2023,2023-06-06,,0.01,0.01,1° Grado,Grado,Constitución animada,Componente 38,100086,False
IQP,630d9a6887744ad5850054af,ca0d3dd4cea846648978370c,2023,2023-12-23,50.0,0.0,0.0,5° Grado,Grado,Ciencias Sociales,Componente 34,100464,False
IQP,ace05fec8e5f4615b4085634,d206551aaab14db9b8fb4b26,2023,2023-04-15,0.0,0.07,0.07,5° Grado,Grado,Matemáticas,Componente 3,100752,False
IQP,0a6af7617b004a779a20bec5,9d27a9bec67a4903bcbb5a5b,2023,2023-04-03,100.0,0.2,0.2,6° Grado,Grado,Matemáticas,Componente 17,100458,False
IQP,98e186aa33cf4343a5116cca,d3db3ee67f5240369ae2aea3,2024,2024-06-04,,1.31,1.31,5° Grado,Grado,Ciencias Sociales,Componente 25,100694,False
IQP,5eab2f052514423895024616,e0bb6b64fe15489e9be5ef88,2023,2023-10-10,50.0,0.4,0.4,6° Grado,Grado,Lengua Española,Componente 3,100415,False
IQP,68e799eaa974456181010718,c39743067dc447f7a7274667,2023,2023-05-21,25.0,2.51,2.51,3° Grado,Grado,Ciencias Sociales,Componente 11,100681,False
IQP,88b06625535e4cf28477fe4e,d206551aaab14db9b8fb4b26,2026,2026-09-03,50.0,0.09,0.09,6° Grado,Grado,Constitución animada,Componente 27,100752,False
IQP,abd26d5382ad4fa09db3fd69,d206551aaab14db9b8fb4b26,2024,2024-10-09,25.0,0.57,0.57,3° Grado,Grado,Lengua Española,Componente 6,100752,False
IQP,25c14bee470f41098c49e730,7de49ae7c27e43ba9966d4dc,2023,2023-08-25,,1.43,1.43,3° Grado,Grado,Ciencias Sociales,Componente 14,100749,False
IQP,18fea0de5cce482ca6e7ec3e,f3057544c8154f75b726c189,2023,2023-08-20,50.0,0.69,0.69,6° Grado,Grado,Constitución animada,Componente 48,100202,False
IQP,1163a31bbb2f49909db4c4ce,b43c5511bc0a4ea4b704b559,2025,2025-01-12,,1.21,1.21,5° Grado,Grado,Ciencias Sociales,Componente 36,100085,False
IQP,fa0d97af7b76454190272f17,7de49ae7c27e43ba9966d4dc,2024,2024-09-19,,0.03,0.03,4° Grado,Grado,Ciencias Sociales,Componente 21,100749,False
IQP,97e4057bb6ef4a7399a7c80f,6c84ee0cccd04c8d93702624,2023,2023-07-27,25.0,0.13,0.13,6° Grado,Grado,Ciencias Sociales,Componente 8,100579,False
IQP,4783dacd800a4722b0ad7e50,300797805e9246579920dd97,2024,2024-04-26,50.0,0.4,0.4,5° Grado,Grado,Constitución animada,Componente 26,100709,False
IQP,c087827dca8f49909e8b4f2d,237ef7f25c80439b8d85e14f,2025,2025-11-28,0.0,0.94,0.94,5° Grado,Grado,Ciencias Sociales,Componente 9,100335,False
IQP,5c04f0798eb441999fd654f5,1418a2c8e5a44cbf8e9f6588,2024,2024-09-19,25.0,0.24,0.24,3° Grado,Grado,Lengua Española,Componente 58,100747,False
IQP,8f2a64cc10bf444594c6c5d5,5a64a75ff0144301a9c1215c,2023,2023-11-04,0.0,0.01,0.01,1° Grado,Grado,Ciencias de la Naturaleza,Componente 46,100359,False
IQP,8cf9f51d70724017898e1eec,77392c1cb5224679b2cfaa20,2023,2023-06-19,50.0,0.12,0.12,4° Grado,Grado,Constitución animada,Componente 1,100473,False
IQP,574fdb67b6b84db5b536e62c,d206551aaab14db9b8fb4b26,2023,2023-12-10,0.0,0.39,0.39,5° Grado,Grado,Ciencias de la Naturaleza,Componente 13,100752,False
IQP,5ebf9b2fa72d48a2988d9e07,ac35c5988e75463fad872a0f,2024,2024-05-31,,0.0,0.0,6° Grado,Grado,Ciencias Sociales,Componente 56,100482,False
IQP,1801868c7916400288a2d0ec,95921490f56a45ae9786e9c9,2026,2026-02-05,,2.15,2.15,4° Grado,Grado,Constitución animada,Componente 53,100340,False
IQP,022c8e799162420889eb007b,819bc420475d45d5bc0cf63f,2025,2025-07-20,50.0,0.07,0.07,1° Grado,Grado,Constitución animada,Componente 34,100203,False
IQP,2ed464c861274f9980242e35,9d27a9bec67a4903bcbb5a5b,2023,2023-05-23,50.0,0.5,0.5,2° Grado,Grado,Matemáticas,Componente 17,100458,False
IQP,2950a7e3dde64f9388fb36d5,a6da4f7c7c474214b51ac487,2023,2023-02-15,100.0,1.84,1.84,5° Grado,Grado,Lengua Española,Componente 58,100074,False
IQP,c1d9e7ff4f4d46d2a1b3713c,b43c5511bc0a4ea4b704b559,2025,2025-10-29,100.0,0.8,0.8,4° Grado,Grado,Lengua Española,Componente 57,100085,False
IQP,f5ddaa4a43e04be184e9e87d,aec36bccc5594716b1ffdc67,2025,2025-09-03,25.0,0.76,0.76,3° Grado,Grado,Ciencias Sociales,Componente 18,100583,False
IQP,8ed1a9a24a6044cfb5100a87,c39743067dc447f7a7274667,2023,2023-11-21,75.0,0.23,0.23,5° Grado,Grado,Matemáticas,Componente 20,100681,False
IQP,427d0dc883554282a271998b,b43c5511bc0a4ea4b704b559,2024,2024-08-11,0.0,0.52,0.52,6° Grado,Grado,Lengua Española,Componente 26,100085,False
IQP,84ad06b900594471b24b47ca,01744f9b66b445cfa8e12e98,2023,2023-02-03,,1.29,1.29,5° Grado,Grado,Matemáticas,Componente 15,100597,False
IQP,278eb9d239304f2a94774f19,e0bb6b64fe15489e9be5ef88,2023,2023-02-21,,0.06,0.06,5° Grado,Grado,Matemáticas,Componente 56,100415,False
IQP,98d45e7c6e004cb6ad67a8c5,38dc783798e84838937e3389,2023,2023-07-05,,0.0,0.0,5° Grado,Grado,Matemáticas,Componente 53,100355,False
IQP,0b94814140344aa3ab862589,d206551aaab14db9b8fb4b26,2023,2023-07-02,0.0,0.07,0.07,6° Grado,Grado,Lengua Española,Componente 3,100752,False
IQP,d700b97aab4e4ee996112274,28d818fff3bc4c70a0b69bd0,2023,2023-02-07,,4.96,4.0,1° Grado,Grado,Ciencias Sociales,Componente 7,100686,False
IQP,e71ae6b23b984008adafc1b9,b75c92fa083043b69c1b9b3a,2023,2023-07-23,,0.02,0.02,6° Grado,Grado,Ciencias Sociales,Componente 39,100219,False
IQP,93cb9f1a189b43778b09307a,9f00678cde484c04866f976f,2023,2023-08-30,,1.14,1.14,6° Grado,Grado,Matemáticas,Componente 48,100660,False
IQP,566bba0f35ad41a5851d8a99,ac35c5988e75463fad872a0f,2024,2024-05-08,25.0,0.8,0.8,1° Grado,Grado,Lengua Española,Componente 59,100482,False
IQP,87bbea357b1a439c932c9831,9f00678cde484c04866f976f,2024,2024-05-22,100.0,0.06,0.06,3° Grado,Grado,Constitución animada,Componente 58,100660,False
IQP,7860c9327c224e8e872eccff,6aa369a57f1144268a5e9109,2024,2024-02-13,,0.23,0.23,1° Grado,Grado,Constitución animada,Componente 19,100551,False
IQP,4355063ddb804226bbff4b84,819bc420475d45d5bc0cf63f,2023,2023-09-25,75.0,0.67,0.67,6° Grado,Grado,Lengua Española,Componente 54,100203,False
IQP,fd71c9b20a164a93ac08bd90,d206551aaab14db9b8fb4b26,2023,2023-07-24,25.0,0.41,0.41,4° Grado,Grado,Matemáticas,Componente 40,100752,False
IQP,8e039eb2f59445709d7e40b9,4a689f199fa94a14b088b0e0,2023,2023-09-10,100.0,0.13,0.13,6° Grado,Grado,Ciencias de la Naturaleza,Componente 7,100020,False
IQP,ae0bf3385aaf4c4b9b0032d7,f7f20e417e224683b1f9e902,2023,2023-09-03,,1.03,1.03,3° Grado,Grado,Ciencias Sociales,Componente 32,100248,False
IQP,2f830abc239f4942b4449919,b75c92fa083043b69c1b9b3a,2023,2023-12-15,0.0,,,4° Grado,Grado,Ciencias Sociales,Componente 54,100219,False
IQP,8b7a4dae51a649dca8c6a39e,38dc783798e84838937e3389,2023,2023-03-21,,0.2,0.2,2° Grado,Grado,Matemáticas,Componente 19,100355,False
IQP,e72e50c37def4717b3e14e2d,f3057544c8154f75b726c189,2023,2023-11-03,50.0,,,6° Grado,Grado,Lengua Española,Componente 46,100202,False
IQP,e739b9c94eef4876a889ee4c,aec36bccc5594716b1ffdc67,2023,2023-02-14,,0.54,0.54,5° Grado,Grado,Ciencias Sociales,Componente 47,100583,False
IQP,15ce748cff024b42b0383404,95921490f56a45ae9786e9c9,2023,2023-08-22,,0.53,0.53,6° Grado,Grado,Matemáticas,Componente 1,100340,False
IQP,146d2be112c84e518cd72cb6,9d27a9bec67a4903bcbb5a5b,2023,2023-09-08,,2.47,2.47,6° Grado,Grado,Matemáticas,Componente 12,100458,False
IQP,aa3197b7a0ae4edbaae849e0,2df83c62987542ae87f12a49,2026,2026-04-14,75.0,0.38,0.38,5° Grado,Grado,Lengua Española,Componente 53,100520,False
IQP,e23da156fa244a0dbba248df,36f598721fcf44a1819642b0,2024,2024-05-30,,0.05,0.05,5° Grado,Grado,Lengua Española,Componente 5,100405,False
IQP,e98599b5a0934247804e2971,2222c670c0dc464b97a0ecb3,2023,2023-11-15,25.0,1.27,1.27,1° Grado,Grado,Constitución animada,Componente 7,100386,False
IQP,8b9940c9589345faac740aef,9d27a9bec67a4903bcbb5a5b,2023,2023-11-14,25.0,0.22,0.22,5° Grado,Grado,Constitución animada,Componente 11,100458,False
IQP,9fd6486a55004fc3bc6049d7,01744f9b66b445cfa8e12e98,2023,2023-08-22,100.0,0.23,0.23,5° Grado,Grado,Ciencias de la Naturaleza,Componente 37,100597,False
IQP,d4301c963b3f45849b011089,f8b381f736ce41a0bfb0964f,2023,2023-05-16,,0.25,0.25,5° Grado,Grado,Matemáticas,Componente 41,100048,False
IQP,d4d8959b197642959d599570,062eb4d9daae42f786965ecd,2024,2024-06-15,100.0,0.02,0.02,6° Grado,Grado,Matemáticas,Componente 17,100373,False
IQP,d5d37b11038041c3b0466f33,9f00678cde484c04866f976f,2024,2024-11-13,50.0,0.01,0.01,6° Grado,Grado,Constitución animada,Componente 8,100660,False
IQP,6ac77e84b11849669c38144f,9d27a9bec67a4903bcbb5a5b,2023,2023-12-27,,0.11,0.11,1° Grado,Grado,Ciencias de la Naturaleza,Componente 10,100458,False
IQP,075ce70f75cb4a87a82a658c,fe20d6d0e3094301b9de4992,2023,2023-07-07,50.0,0.19,0.19,6° Grado,Grado,Constitución animada,Componente 54,100698,False
IQP,a559d1c0cd6046129240521d,ca0d3dd4cea846648978370c,2023,2023-11-20,50.0,0.12,0.12,5° Grado,Grado,Ciencias Sociales,Componente 11,100464,False
IQP,5240563fa2d0487aaf9c62ad,36f598721fcf44a1819642b0,2023,2023-06-20,25.0,0.31,0.31,1° Grado,Grado,Ciencias Sociales,Componente 45,100405,False
IQP,a23fbfb148fd4832a0ef1a82,272c342014a14a669738c0e9,2023,2023-07-31,,0.41,0.41,5° Grado,Grado,Matemáticas,Componente 36,100371,False
IQP,f29f2de9788341ec862313de,f65e35736c364682aaa742a5,2022,2022-08-19,75.0,1.26,1.26,6° Grado,Grado,Ciencias Sociales,Componente 49,100346,False
IQP,13925d493d57451897acb9f2,f7f20e417e224683b1f9e902,2024,2024-06-02,,0.2,0.2,5° Grado,Grado,Lengua Española,Componente 55,100248,False
IQP,8a4be9d3b5d845c3aed660b1,c39743067dc447f7a7274667,2024,2024-05-15,100.0,0.66,0.66,4° Grado,Grado,Matemáticas,Componente 21,100681,False
IQP,14950bbaa71f4772963002e0,77392c1cb5224679b2cfaa20,2026,2026-02-20,,0.15,0.15,6° Grado,Grado,Ciencias de la Naturaleza,Componente 16,100473,False
IQP,687c0f951ee54aa5bff4866a,fe20d6d0e3094301b9de4992,2023,2023-09-18,,0.12,0.12,3° Grado,Grado,Matemáticas,Componente 42,100698,False
IQP,651a20fba3bd49378b13cc59,fe20d6d0e3094301b9de4992,2025,2025-10-23,25.0,2.27,2.27,6° Grado,Grado,Ciencias Sociales,Componente 29,100698,False
IQP,dc9b40c3381c455db5c7dd2b,f8b381f736ce41a0bfb0964f,2023,2023-11-14,100.0,1.48,1.48,3° Grado,Grado,Ciencias Sociales,Componente 13,100048,False
IQP,b9576e94c21d43b18ab8073a,7de49ae7c27e43ba9966d4dc,2023,2023-12-27,,0.6,0.6,5° Grado,Grado,Lengua Española,Componente 56,100749,False
IQP,2bd3e8e349f14bcba3047371,7de49ae7c27e43ba9966d4dc,2023,2023-07-18,75.0,0.92,0.92,5° Grado,Grado,Ciencias Sociales,Componente 12,100749,False
IQP,dc84fd22b12f4075b84edefc,9d27a9bec67a4903bcbb5a5b,2023,2023-04-11,75.0,1.76,1.76,5° Grado,Grado,Constitución animada,Componente 44,100458,False
IQP,2229225c48ec44d4a9459e71,5a64a75ff0144301a9c1215c,2023,2023-09-23,75.0,0.02,0.02,5° Grado,Grado,Matemáticas,Componente 21,100359,False
IQP,dcfc839f29fc4bb7b39a06b3,a6da4f7c7c474214b51ac487,2023,2023-03-15,75.0,0.64,0.64,5° Grado,Grado,Constitución animada,Componente 30,100074,False
IQP,7f1458ebfd754838ae490e5e,062eb4d9daae42f786965ecd,2023,2023-08-15,100.0,0.06,0.06,5° Grado,Grado,Matemáticas,Componente 26,100373,False
IQP,54d034acf44f4cdc9be2804c,94c9cd34e32a4e22826faf82,2024,2024-11-13,25.0,0.24,0.24,5° Grado,Grado,Ciencias Sociales,Componente 23,100188,False
IQP,965762f9f30e433085fa03ea,237ef7f25c80439b8d85e14f,2025,2025-04-05,,0.14,0.14,5° Grado,Grado,Lengua Española,Componente 20,100335,False
IQP,7c80f7fd8f234cf5a43188cd,90b71d1750654e59ac3b9d67,2023,2023-03-15,,0.34,0.34,6° Grado,Grado,Ciencias Sociales,Componente 35,100561,False
IQP,60206fe8873a48ca84889f20,d09c6d41fa2b4214aa56349a,2023,2023-06-18,75.0,0.0,0.0,6° Grado,Grado,Constitución animada,Componente 23,100266,False
IQP,a94ef6daaf6c41d58e068870,062eb4d9daae42f786965ecd,2024,2024-07-14,25.0,0.12,0.12,6° Grado,Grado,Ciencias de la Naturaleza,Componente 10,100373,False
IQP,21d0e6b0cc024d9b8ad432af,c39743067dc447f7a7274667,2024,2024-07-08,25.0,,,5° Grado,Grado,Ciencias de la Naturaleza,Componente 43,100681,False
IQP,16fd420639914f3c841bac59,300797805e9246579920dd97,2023,2023-07-19,50.0,0.29,0.29,6° Grado,Grado,Ciencias de la Naturaleza,Componente 52,100709,False
IQP,3eb1bb04eba347299ca6bbef,ac35c5988e75463fad872a0f,2024,2024-08-26,,0.74,0.74,5° Grado,Grado,Ciencias Sociales,Componente 1,100482,False
IQP,67e2436235254f528d6b95f2,c39743067dc447f7a7274667,2024,2024-03-28,,0.52,0.52,5° Grado,Grado,Ciencias de la Naturaleza,Componente 18,100681,False
IQP,8d0fe72a22404f9887b626bb,36f598721fcf44a1819642b0,2026,2026-02-25,,0.01,0.01,6° Grado,Grado,Matemáticas,Componente 32,100405,False
IQP,b3555758fe1744bab0a20373,819bc420475d45d5bc0cf63f,2023,2023-10-28,,0.0,0.0,5° Grado,Grado,Lengua Española,Componente 54,100203,False
IQP,dfcccf04422e43e48d0f7942,d206551aaab14db9b8fb4b26,2024,2024-11-21,75.0,1.05,1.05,5° Grado,Grado,Ciencias de la Naturaleza,Componente 16,100752,False
IQP,9ea532f1e650484a95fb643a,91863c8283b742d58b827bfd,2026,2026-08-23,100.0,0.25,0.25,5° Grado,Grado,Ciencias de la Naturaleza,Componente 52,100149,False
IQP,bae530861b814f869cca8130,91863c8283b742d58b827bfd,2023,2023-05-09,,0.9,0.9,6° Grado,Grado,Matemáticas,Componente 19,100149,False
IQP,405e61d0add24183824e9ffb,bb64aab98d75481e9181b908,2023,2023-03-01,,3.65,3.65,5° Grado,Grado,Matemáticas,Componente 8,100332,False
IQP,bb57aac345454b55ac3a3b56,f65e35736c364682aaa742a5,2022,2022-12-06,50.0,0.43,0.43,6° Grado,Grado,Lengua Española,Componente 9,100346,False
IQP,b843d9d10f484d4c96f88d8e,d206551aaab14db9b8fb4b26,2022,2022-08-15,,0.13,0.13,3° Grado,Grado,Ciencias Sociales,Componente 36,100752,False
IQP,6dd5a15499b84a66888e2df7,6c84ee0cccd04c8d93702624,2026,2026-03-20,,1.41,1.41,6° Grado,Grado,Lengua Española,Componente 24,100579,False
IQP,9f690c4c1de44de38c5b6377,b75c92fa083043b69c1b9b3a,2023,2023-07-30,,1.12,1.12,2° Grado,Grado,Ciencias de la Naturaleza,Componente 46,100219,False
IQP,e67273cc0e09490583158b15,6c84ee0cccd04c8d93702624,2023,2023-12-23,75.0,0.6,0.6,6° Grado,Grado,Constitución animada,Componente 46,100579,False
IQP,c3bed9a78a4b4b1a92abf4d7,df7640fbba5347ff9c965e27,2023,2023-10-29,,1.9,1.9,3° Grado,Grado,Matemáticas,Componente 19,100507,False
IQP,cd987d354ca5411f8be2f4fc,ebcbdbebf04f4aa2bb806edd,2025,2025-03-08,,0.28,0.28,6° Grado,Grado,Matemáticas,Componente 15,100700,False
IQP,8f5bfb5b9ed44f5b8303723a,4a689f199fa94a14b088b0e0,2024,2024-05-09,,1.23,1.23,3° Grado,Grado,Constitución animada,Componente 8,100020,False
IQP,384c458b356443db9a26c1f9,6a09a0bbc9ae4f9c83336627,2024,2024-02-13,0.0,0.12,0.12,4° Grado,Grado,Lengua Española,Componente 34,100136,False
IQP,3de8381a7e67423ca051a42e,062eb4d9daae42f786965ecd,2023,2023-05-24,0.0,0.12,0.12,3° Grado,Grado,Lengua Española,Componente 15,100373,False
IQP,24e89b81c9c94ccab19c7b5c,77392c1cb5224679b2cfaa20,2026,2026-01-18,50.0,0.65,0.65,6° Grado,Grado,Ciencias de la Naturaleza,Componente 54,100473,False
IQP,0391432a334041dcbbe23bdc,5a64a75ff0144301a9c1215c,2025,2025-11-26,,1.57,1.57,5° Grado,Grado,Matemáticas,Componente 39,100359,False
IQP,f971f67f634946e0a29cd47e,819bc420475d45d5bc0cf63f,2023,2023-09-30,,0.07,0.07,6° Grado,Grado,Constitución animada,Componente 49,100203,False
IQP,73c6ed503fc343fe9caf147a,36f598721fcf44a1819642b0,2023,2023-09-19,,0.94,0.94,1° Grado,Grado,Ciencias Sociales,Componente 3,100405,False
IQP,c68158b69fb1499ca867b03a,d3db3ee67f5240369ae2aea3,2023,2023-07-06,100.0,2.53,2.53,5° Grado,Grado,Constitución animada,Componente 18,100694,False
IQP,b8e5a35f6aba42ef881af304,36f598721fcf44a1819642b0,2023,2023-01-10,25.0,0.15,0.15,5° Grado,Grado,Ciencias Sociales,Componente 38,100405,False
IQP,ff4b4195b75f41608b655be0,ac35c5988e75463fad872a0f,2023,2023-05-17,,1.43,1.43,5° Grado,Grado,Ciencias Sociales,Componente 1,100482,False
IQP,9c77a3a03e094da290387fea,9008f0e63e7e4ec0b323e48c,2024,2024-08-17,50.0,,,1° Grado,Grado,Lengua Española,Componente 48,100632,False
IQP,bb635200f07a4a0a9249c929,f4cedacfcb004ecf82c446d0,2023,2023-01-17,50.0,0.15,0.15,5° Grado,Grado,Constitución animada,Componente 41,100208,False
IQP,486228113ab1486eab630947,6a09a0bbc9ae4f9c83336627,2023,2023-04-27,0.0,0.15,0.15,5° Grado,Grado,Lengua Española,Componente 28,100136,False
IQP,f883b13fbb124b88aebb1307,05a23fd934104a0ab9ee3c1b,2024,2024-11-08,50.0,1.1,1.1,5° Grado,Grado,Matemáticas,Componente 28,100295,False
IQP,e178977aa73c4c8ea7063a99,300797805e9246579920dd97,2023,2023-07-04,25.0,1.88,1.88,5° Grado,Grado,Matemáticas,Componente 21,100709,False
IQP,ee72a6016c5d405eb8e54ecb,9d27a9bec67a4903bcbb5a5b,2023,2023-10-07,,0.1,0.1,5° Grado,Grado,Lengua Española,Componente 43,100458,False
IQP,9b673f58f11d49d4aff64731,d3db3ee67f5240369ae2aea3,2024,2024-09-10,0.0,0.35,0.35,3° Grado,Grado,Ciencias de la Naturaleza,Componente 48,100694,False
IQP,1342ce1d2d0a4bbcaad0e740,77392c1cb5224679b2cfaa20,2026,2026-06-09,25.0,2.03,2.03,5° Grado,Grado,Constitución animada,Componente 21,100473,False
IQP,deaf3e754f024a22947c4ee0,df7640fbba5347ff9c965e27,2023,2023-04-08,,0.39,0.39,4° Grado,Grado,Lengua Española,Componente 2,100507,False
IQP,b956425d0d0c47f5abaa87b3,f7f20e417e224683b1f9e902,2025,2025-08-22,,0.19,0.19,5° Grado,Grado,Matemáticas,Componente 28,100248,False
IQP,8fe44676480642298e30b16a,2222c670c0dc464b97a0ecb3,2021,2021-03-23,100.0,0.1,0.1,4° Grado,Grado,Ciencias Sociales,Componente 7,100386,False
IQP,f4783f0013ae42139a33f3a0,9f00678cde484c04866f976f,2025,2025-02-16,,0.04,0.04,5° Grado,Grado,Ciencias Sociales,Componente 52,100660,False
IQP,c5cc5fdc4d4e475ebe2f967b,f3057544c8154f75b726c189,2023,2023-10-20,50.0,0.1,0.1,2° Grado,Grado,Lengua Española,Componente 10,100202,False
IQP,9f23f45059ed45f5a94c5347,5f56bf2c70b7472d9d31ccd1,2024,2024-02-18,50.0,0.11,0.11,5° Grado,Grado,Ciencias Sociales,Componente 50,100659,False
IQP,ac42644775df4bd8bd7136f1,01744f9b66b445cfa8e12e98,2025,2025-03-27,,1.05,1.05,5° Grado,Grado,Lengua Española,Componente 38,100597,False
IQP,4b870016737742d39cb856fa,05a23fd934104a0ab9ee3c1b,2023,2023-02-15,0.0,0.04,0.04,6° Grado,Grado,Lengua Española,Componente 36,100295,False
IQP,c752cd3362db49aa83bc364e,01744f9b66b445cfa8e12e98,2024,2024-12-05,,0.02,0.02,5° Grado,Grado,Ciencias Sociales,Componente 58,100597,False
IQP,d95fe70643ea46d2872cf720,819bc420475d45d5bc0cf63f,2024,2024-05-25,,0.37,0.37,6° Grado,Grado,Constitución animada,Componente 30,100203,False
IQP,8e13d87d393c4d888298e2e2,01744f9b66b445cfa8e12e98,2024,2024-03-29,,0.24,0.24,6° Grado,Grado,Matemáticas,Componente 16,100597,False
IQP,ca35198bd9e04066b668f8e8,f3057544c8154f75b726c189,2024,2024-09-30,100.0,0.94,0.94,5° Grado,Grado,Constitución animada,Componente 35,100202,False
IQP,259f9a4323e04ef4805b37ef,f6416efb93dc43bfad4b8d2d,2025,2025-12-18,25.0,0.51,0.51,6° Grado,Grado,Ciencias de la Naturaleza,Componente 35,100580,False
IQP,b98b56d0c95a4ee5bcce1a9c,df7640fbba5347ff9c965e27,2023,2023-01-19,,0.43,0.43,6° Grado,Grado,Constitución animada,Componente 17,100507,False
IQP,79d6029cf4da4dd482a19a42,d09c6d41fa2b4214aa56349a,2024,2024-11-06,50.0,2.06,2.06,1° Grado,Grado,Lengua Española,Componente 25,100266,False
IQP,cb60803a265f44cbb2b0cc24,300797805e9246579920dd97,2023,2023-04-27,,0.79,0.79,5° Grado,Grado,Ciencias de la Naturaleza,Componente 6,100709,False
IQP,49b7650b4ac245fba3518904,d3db3ee67f5240369ae2aea3,2023,2023-10-22,100.0,0.02,0.02,5° Grado,Grado,Lengua Española,Componente 28,100694,False
IQP,6e6c8140595a4eb58bdf6c9d,bb64aab98d75481e9181b908,2023,2023-12-06,25.0,0.71,0.71,3° Grado,Grado,Matemáticas,Componente 33,100332,False
IQP,d60ae3e146124b08bdac152e,ebcbdbebf04f4aa2bb806edd,2023,2023-08-24,,0.29,0.29,6° Grado,Grado,Ciencias Sociales,Componente 59,100700,False
IQP,8d2031d5c6d64335bfe280d4,fe20d6d0e3094301b9de4992,2022,2022-12-18,,0.0,0.0,3° Grado,Grado,Ciencias de la Naturaleza,Componente 30,100698,False
IQP,ba0a177cc73c4d7f894a644c,d206551aaab14db9b8fb4b26,2024,2024-06-29,0.0,0.76,0.76,5° Grado,Grado,Constitución animada,Componente 35,100752,False
IQP,3ef8949cd5ec4addb9e09329,2df83c62987542ae87f12a49,2023,2023-04-13,50.0,0.63,0.63,5° Grado,Grado,Lengua Española,Componente 20,100520,False
IQP,c9fb1805a802428dbf3cb91e,aec36bccc5594716b1ffdc67,2023,2023-06-13,25.0,0.24,0.24,5° Grado,Grado,Matemáticas,Componente 14,100583,False
IQP,76bb2654c5a543f6b7bcf21c,d206551aaab14db9b8fb4b26,2023,2023-12-18,50.0,0.36,0.36,5° Grado,Grado,Ciencias Sociales,Componente 48,100752,False
IQP,f2f6eb7358ac4dd5b1688f13,f3057544c8154f75b726c189,2024,2024-09-21,75.0,0.63,0.63,1° Grado,Grado,Ciencias Sociales,Componente 22,100202,False
IQP,c12131dbfb7c40dd808ef8df,9d27a9bec67a4903bcbb5a5b,2024,2024-03-11,,0.02,0.02,5° Grado,Grado,Constitución animada,Componente 45,100458,False
IQP,21d2db5617514e1eb1da1a97,94c9cd34e32a4e22826faf82,2022,2022-11-22,,0.16,0.16,3° Grado,Grado,Ciencias Sociales,Componente 37,100188,False
IQP,3681dff97ff943acaed22468,912cd321cad447d2b9a472cf,2024,2024-03-13,100.0,3.53,3.53,6° Grado,Grado,Ciencias de la Naturaleza,Componente 29,100118,False
IQP,92d94d1cf1c74ba5bcd63b95,f7f20e417e224683b1f9e902,2023,2023-02-24,,0.48,0.48,3° Grado,Grado,Ciencias de la Naturaleza,Componente 59,100248,False
IQP,1e275954ba754cf98cd2607e,ca0d3dd4cea846648978370c,2023,2023-07-06,100.0,0.36,0.36,5° Grado,Grado,Ciencias Sociales,Componente 46,100464,False
IQP,493aabb5f7024af38206160c,300797805e9246579920dd97,2026,2026-01-01,75.0,0.22,0.22,5° Grado,Grado,Ciencias Sociales,Componente 38,100709,False
IQP,be35067185fd4899b9757f67,f7f20e417e224683b1f9e902,2023,2023-06-26,50.0,1.67,1.67,3° Grado,Grado,Ciencias de la Naturaleza,Componente 33,100248,False
IQP,b15859d6f20b44f3b74aff58,f4cedacfcb004ecf82c446d0,2023,2023-08-01,,2.13,2.13,5° Grado,Grado,Ciencias de la Naturaleza,Componente 2,100208,False
IQP,29b1bd5504db47018d4ef97e,ebcbdbebf04f4aa2bb806edd,2023,2023-03-23,,,,3° Grado,Grado,Matemáticas,Componente 16,100700,False
IQP,cf2a34972fa94c3780d924a4,6c84ee0cccd04c8d93702624,2026,2026-06-02,,1.88,1.88,6° Grado,Grado,Constitución animada,Componente 15,100579,False
IQP,e814c4968fad4962b8d0770f,94c9cd34e32a4e22826faf82,2024,2024-04-11,75.0,0.19,0.19,5° Grado,Grado,Ciencias de la Naturaleza,Componente 48,100188,False
IQP,fad64df98bdc46a8936e42c8,ac35c5988e75463fad872a0f,2023,2023-02-21,75.0,0.67,0.67,5° Grado,Grado,Matemáticas,Componente 59,100482,False
IQP,bf5eedce76274e4784b76343,95921490f56a45ae9786e9c9,2025,2025-07-14,100.0,0.53,0.53,6° Grado,Grado,Constitución animada,Componente 21,100340,False
IQP,09ec33fdb2c8407a952b4f0b,062eb4d9daae42f786965ecd,2024,2024-10-31,,0.31,0.31,6° Grado,Grado,Ciencias Sociales,Componente 38,100373,False
IQP,1804fe9bea2f4faf99930af4,01744f9b66b445cfa8e12e98,2024,2024-01-02,,0.04,0.04,5° Grado,Grado,Constitución animada,Componente 58,100597,False
IQP,618a19c748f8441f9ea56569,5a64a75ff0144301a9c1215c,2023,2023-04-23,100.0,0.2,0.2,6° Grado,Grado,Lengua Española,Componente 42,100359,False
IQP,23ce36f2d5e04e9ab6c89855,f3057544c8154f75b726c189,2023,2023-03-23,,0.05,0.05,6° Grado,Grado,Ciencias Sociales,Componente 58,100202,False
IQP,7c7830322aff4c72bfa258a6,28d818fff3bc4c70a0b69bd0,2023,2023-01-20,0.0,0.06,0.06,3° Grado,Grado,Matemáticas,Componente 35,100686,False
IQP,bd311c0354c04539bcb89686,819bc420475d45d5bc0cf63f,2023,2023-05-23,75.0,2.33,2.33,6° Grado,Grado,Ciencias de la Naturaleza,Componente 34,100203,False
IQP,56337a252da740d3b42e6f19,6a09a0bbc9ae4f9c83336627,2026,2026-05-27,0.0,0.61,0.61,2° Grado,Grado,Matemáticas,Componente 38,100136,False
IQP,02b9356932df4950ab8ff262,6aa369a57f1144268a5e9109,2023,2023-08-18,25.0,2.29,2.29,3° Grado,Grado,Matemáticas,Componente 5,100551,False
IQP,751e82145f004bc2996c5ddc,64e438a73e894fbd8ee89459,2024,2024-01-03,,0.56,0.56,4° Grado,Grado,Ciencias de la Naturaleza,Componente 56,100086,False
IQP,3300e12281cc41deacd83308,77392c1cb5224679b2cfaa20,2024,2024-06-02,,0.0,0.0,2° Grado,Grado,Constitución animada,Componente 33,100473,False
IQP,8a3496056bac4acd861d48c6,05a23fd934104a0ab9ee3c1b,2024,2024-04-15,,0.1,0.1,6° Grado,Grado,Ciencias de la Naturaleza,Componente 11,100295,False
IQP,0f97527f9e2e44dba2ecb5aa,1f67b93fefd54c5d9efe64b9,2023,2023-09-30,,0.29,0.29,6° Grado,Grado,Ciencias de la Naturaleza,Componente 32,100243,False
IQP,4fcf626ed69c4da9850bae6d,94c9cd34e32a4e22826faf82,2024,2024-01-20,,0.35,0.35,3° Grado,Grado,Constitución animada,Componente 11,100188,False
IQP,caaeb15b227a4d2c829e621a,9008f0e63e7e4ec0b323e48c,2023,2023-08-31,25.0,1.42,1.42,2° Grado,Grado,Constitución animada,Componente 12,100632,False
IQP,b7ed1d609ec344abb92d29af,77392c1cb5224679b2cfaa20,2022,2022-04-09,25.0,1.9,1.9,5° Grado,Grado,Ciencias de la Naturaleza,Componente 26,100473,False
IQP,e55fbc71054a48a4858370da,ca0d3dd4cea846648978370c,2024,2024-01-23,100.0,,,6° Grado,Grado,Lengua Española,Componente 2,100464,False
IQP,1491d760806c4259adda3fa1,5f56bf2c70b7472d9d31ccd1,2023,2023-08-01,25.0,0.81,0.81,6° Grado,Grado,Constitución animada,Componente 9,100659,False
IQP,f352d38e7ac5499e8d66a218,df7640fbba5347ff9c965e27,2023,2023-11-24,0.0,0.91,0.91,4° Grado,Grado,Matemáticas,Componente 28,100507,False
IQP,f12295706c1c472aaa2ac8ca,d09c6d41fa2b4214aa56349a,2023,2023-10-21,25.0,4.03,4.0,3° Grado,Grado,Constitución animada,Componente 6,100266,False
IQP,18744608f7b4422ebe9ff04c,5f56bf2c70b7472d9d31ccd1,2023,2023-05-24,,0.94,0.94,3° Grado,Grado,Ciencias de la Naturaleza,Componente 3,100659,False
IQP,e934cdb8147f454da621ddd3,912cd321cad447d2b9a472cf,2023,2023-01-22,75.0,1.53,1.53,6° Grado,Grado,Matemáticas,Componente 33,100118,False
IQP,92ab0a6b1518410f926c8129,91842380aab24b1e851787d4,2023,2023-09-21,,1.22,1.22,2° Grado,Grado,Matemáticas,Componente 58,100061,False
IQP,41afeb91e1474ec6b91bbefd,01744f9b66b445cfa8e12e98,2023,2023-02-10,0.0,0.64,0.64,3° Grado,Grado,Ciencias Sociales,Componente 54,100597,False
IQP,0c6c32124fbc4b9eb29e0252,062eb4d9daae42f786965ecd,2024,2024-02-18,,1.46,1.46,5° Grado,Grado,Ciencias Sociales,Componente 25,100373,False
IQP,0b38e8aac03143d4b9db9e1d,6a09a0bbc9ae4f9c83336627,2023,2023-02-24,,0.22,0.22,2° Grado,Grado,Lengua Española,Componente 12,100136,False
IQP,4f731249e4984bba90d4efc5,a6da4f7c7c474214b51ac487,2024,2024-01-18,75.0,1.03,1.03,5° Grado,Grado,Constitución animada,Componente 17,100074,False
IQP,112eab55ff5d45fca32feffa,e0bb6b64fe15489e9be5ef88,2023,2023-07-20,75.0,0.99,0.99,5° Grado,Grado,Matemáticas,Componente 40,100415,False
IQP,5ea805b46b4a4901a6c900ba,6c84ee0cccd04c8d93702624,2022,2022-05-31,100.0,,,3° Grado,Grado,Ciencias de la Naturaleza,Componente 12,100579,False
IQP,7fbf3b1fa4094201ae5d085a,57795abdba6d4096b93f8048,2024,2024-09-23,0.0,0.1,0.1,6° Grado,Grado,Ciencias Sociales,Componente 54,100436,False
IQP,096e01fb5ece4c94971c4c05,ebcbdbebf04f4aa2bb806edd,2023,2023-03-13,,0.3,0.3,4° Grado,Grado,Constitución animada,Componente 26,100700,False
IQP,46d43469e619497c858e83af,9d27a9bec67a4903bcbb5a5b,2025,2025-05-25,,0.67,0.67,3° Grado,Grado,Matemáticas,Componente 16,100458,False
IQP,cc377ac1d3314d7788e9df19,9f00678cde484c04866f976f,2026,2026-08-07,,0.39,0.39,2° Grado,Grado,Ciencias Sociales,Componente 24,100660,False
IQP,32149bf0e6364059ac098474,bb64aab98d75481e9181b908,2024,2024-02-11,25.0,1.87,1.87,5° Grado,Grado,Ciencias Sociales,Componente 5,100332,False
IQP,93994ad78a724be7b7b74feb,6a09a0bbc9ae4f9c83336627,2026,2026-04-25,50.0,0.18,0.18,5° Grado,Grado,Constitución animada,Componente 34,100136,False
IQP,f33445e971dc44bebef995bd,90b71d1750654e59ac3b9d67,2024,2024-06-09,,0.08,0.08,5° Grado,Grado,Constitución animada,Componente 21,100561,False
IQP,51d46b56acf846c7a21a3f92,300797805e9246579920dd97,2025,2025-04-06,,0.12,0.12,5° Grado,Grado,Ciencias de la Naturaleza,Componente 46,100709,False
IQP,7670fd19535f4f4298199a06,fe20d6d0e3094301b9de4992,2023,2023-02-20,0.0,0.37,0.37,5° Grado,Grado,Ciencias de la Naturaleza,Componente 53,100698,False
IQP,664694bcdf644448af01224f,94c9cd34e32a4e22826faf82,2024,2024-05-24,,0.01,0.01,6° Grado,Grado,Ciencias de la Naturaleza,Componente 20,100188,False
IQP,328343288472441b914d44ba,bb64aab98d75481e9181b908,2024,2024-02-06,,0.9,0.9,5° Grado,Grado,Lengua Española,Componente 3,100332,False
IQP,4c45accec82542328621f30b,2df83c62987542ae87f12a49,2024,2024-01-04,50.0,0.93,0.93,6° Grado,Grado,Lengua Española,Componente 16,100520,False
IQP,6673b23b732b49c6a83b0722,6c84ee0cccd04c8d93702624,2023,2023-07-05,0.0,1.89,1.89,3° Grado,Grado,Ciencias Sociales,Componente 54,100579,False
IQP,bad414bb46d64dc984a7dfc6,1418a2c8e5a44cbf8e9f6588,2024,2024-11-02,0.0,0.08,0.08,6° Grado,Grado,Matemáticas,Componente 16,100747,False
IQP,8cbe03357dfa48b18690dea4,819bc420475d45d5bc0cf63f,2023,2023-07-08,,0.73,0.73,5° Grado,Grado,Lengua Española,Componente 9,100203,False
IQP,1149397b4ab8469cbac7b294,b43c5511bc0a4ea4b704b559,2023,2023-05-12,50.0,0.13,0.13,5° Grado,Grado,Ciencias Sociales,Componente 14,100085,False
IQP,61cfd31dff064ce2ae7234a9,d206551aaab14db9b8fb4b26,2023,2023-02-14,25.0,0.02,0.02,5° Grado,Grado,Constitución animada,Componente 2,100752,False
IQP,2a2a361f476643c790ff07c2,1418a2c8e5a44cbf8e9f6588,2026,2026-01-17,25.0,,,6° Grado,Grado,Lengua Española,Componente 29,100747,False
IQP,fc171c23aad14a9fbb4e9849,b75c92fa083043b69c1b9b3a,2023,2023-08-15,0.0,1.35,1.35,5° Grado,Grado,Matemáticas,Componente 21,100219,False
IQP,dca1743a98c64fa6bf157af0,912cd321cad447d2b9a472cf,2024,2024-12-15,100.0,0.08,0.08,6° Grado,Grado,Constitución animada,Componente 13,100118,False
IQP,5d6544eb37da4e1c808a2cbd,aec36bccc5594716b1ffdc67,2023,2023-03-27,50.0,0.43,0.43,6° Grado,Grado,Ciencias Sociales,Componente 43,100583,False
IQP,55bf167e2e05427a8098b572,f3057544c8154f75b726c189,2023,2023-02-25,,0.13,0.13,6° Grado,Grado,Matemáticas,Componente 46,100202,False
IQP,98cfd5b96fe447cabe222a5d,d09c6d41fa2b4214aa56349a,2025,2025-12-12,,0.08,0.08,6° Grado,Grado,Constitución animada,Componente 22,100266,False
IQP,847761441a624fb78aa22ebd,237ef7f25c80439b8d85e14f,2023,2023-07-02,,0.57,0.57,6° Grado,Grado,Constitución animada,Componente 52,100335,False
IQP,ce78e4608f764322ba9a2e33,e0bb6b64fe15489e9be5ef88,2023,2023-08-12,,0.02,0.02,6° Grado,Grado,Constitución animada,Componente 26,100415,False
IQP,d086084221054aa5bda94fdd,b75c92fa083043b69c1b9b3a,2023,2023-10-16,,0.14,0.14,5° Grado,Grado,Lengua Española,Componente 33,100219,False
IQP,8120e14b7da540d1a0a4abda,fe20d6d0e3094301b9de4992,2024,2024-10-12,,0.58,0.58,6° Grado,Grado,Ciencias de la Naturaleza,Componente 26,100698,False
IQP,2b826c193fce44a89ce598f1,57795abdba6d4096b93f8048,2023,2023-06-05,25.0,2.3,2.3,5° Grado,Grado,Constitución animada,Componente 4,100436,False
IQP,e37f1db51df24898a2928729,4a689f199fa94a14b088b0e0,2023,2023-01-07,,1.73,1.73,6° Grado,Grado,Ciencias Sociales,Componente 29,100020,False
IQP,dc785e3f99344b9e998d11e0,237ef7f25c80439b8d85e14f,2024,2024-06-01,100.0,0.19,0.19,5° Grado,Grado,Matemáticas,Componente 10,100335,False
IQP,9f2c9215168a4395b5152e90,f6416efb93dc43bfad4b8d2d,2024,2024-11-13,0.0,0.06,0.06,5° Grado,Grado,Lengua Española,Componente 27,100580,False
IQP,7461ddbd9a0a4b8b86cf3855,28d818fff3bc4c70a0b69bd0,2023,2023-06-26,100.0,0.15,0.15,6° Grado,Grado,Ciencias Sociales,Componente 36,100686,False
IQP,08f51612999f401e986650bd,77392c1cb5224679b2cfaa20,2023,2023-01-02,100.0,3.11,3.11,5° Grado,Grado,Matemáticas,Componente 13,100473,False
IQP,2b3f6515eace49669f0d73a4,28d818fff3bc4c70a0b69bd0,2023,2023-08-13,,0.86,0.86,5° Grado,Grado,Constitución animada,Componente 25,100686,False
IQP,28a33795894349a69c0f1da6,7de49ae7c27e43ba9966d4dc,2023,2023-03-11,,0.65,0.65,5° Grado,Grado,Matemáticas,Componente 34,100749,False
IQP,92d50224a0d543b88545a5d3,6c84ee0cccd04c8d93702624,2024,2024-11-03,100.0,5.8,4.0,6° Grado,Grado,Lengua Española,Componente 11,100579,False
IQP,410033cac6e247dc96ce88d5,d09c6d41fa2b4214aa56349a,2023,2023-04-17,25.0,0.03,0.03,5° Grado,Grado,Constitución animada,Componente 23,100266,False
IQP,57b4e136433a4c55a82f15f3,c39743067dc447f7a7274667,2023,2023-01-04,75.0,1.76,1.76,6° Grado,Grado,Matemáticas,Componente 32,100681,False
IQP,7845f131cfc2486291564024,90b71d1750654e59ac3b9d67,2024,2024-08-15,,0.02,0.02,5° Grado,Grado,Ciencias Sociales,Componente 2,100561,False
IQP,f785abdb3f444f738b15c0c9,38dc783798e84838937e3389,2023,2023-07-30,50.0,0.09,0.09,6° Grado,Grado,Matemáticas,Componente 1,100355,False
IQP,c4ea6ce93ffd493bbf538fa7,f65e35736c364682aaa742a5,2023,2023-05-14,0.0,0.02,0.02,5° Grado,Grado,Lengua Española,Componente 3,100346,False
IQP,4dd0c7cafced406488454e1d,f4cedacfcb004ecf82c446d0,2023,2023-02-16,75.0,0.0,0.0,3° Grado,Grado,Ciencias de la Naturaleza,Componente 6,100208,False
IQP,fea42665d3194e94a1f9eae0,9008f0e63e7e4ec0b323e48c,2023,2023-02-20,75.0,0.3,0.3,3° Grado,Grado,Ciencias de la Naturaleza,Componente 42,100632,False
IQP,c0cd7fa4528a48968ac6bf2e,ac35c5988e75463fad872a0f,2024,2024-02-02,,0.0,0.0,5° Grado,Grado,Matemáticas,Componente 24,100482,False
IQP,3b355c0a9caa4b278609867a,ca0d3dd4cea846648978370c,2023,2023-09-16,,0.24,0.24,5° Grado,Grado,Matemáticas,Componente 47,100464,False
IQP,45caa98f96ab4cb3a0408de2,9008f0e63e7e4ec0b323e48c,2023,2023-03-25,,0.06,0.06,6° Grado,Grado,Ciencias de la Naturaleza,Componente 11,100632,False
IQP,6bba27a021e1430aaa8b349e,f6416efb93dc43bfad4b8d2d,2023,2023-05-11,50.0,1.26,1.26,6° Grado,Grado,Ciencias de la Naturaleza,Componente 17,100580,False
IQP,c7ec03c007e34d7581c950ea,91863c8283b742d58b827bfd,2024,2024-08-03,,0.94,0.94,5° Grado,Grado,Ciencias de la Naturaleza,Componente 36,100149,False
IQP,9b711c33417449b48e073134,9d27a9bec67a4903bcbb5a5b,2026,2026-01-11,50.0,0.01,0.01,1° Grado,Grado,Ciencias de la Naturaleza,Componente 25,100458,False
IQP,8eb61b7b49d34101a6105a51,9d27a9bec67a4903bcbb5a5b,2026,2026-02-19,,1.18,1.18,2° Grado,Grado,Constitución animada,Componente 52,100458,False
IQP,4801672f5f2440a1a2a605be,ac35c5988e75463fad872a0f,2024,2024-07-03,,0.24,0.24,3° Grado,Grado,Ciencias Sociales,Componente 29,100482,False
IQP,d3f6a7557e884267be90cfec,ca0d3dd4cea846648978370c,2023,2023-02-05,,1.53,1.53,6° Grado,Grado,Ciencias Sociales,Componente 16,100464,False
IQP,c230b1287d61448b8e55d70b,9d27a9bec67a4903bcbb5a5b,2023,2023-07-24,,1.89,1.89,3° Grado,Grado,Ciencias de la Naturaleza,Componente 33,100458,False
IQP,d5351143b1474a80b4281dae,ca0d3dd4cea846648978370c,2023,2023-02-25,,0.24,0.24,1° Grado,Grado,Ciencias Sociales,Componente 33,100464,False
IQP,be8d65faac16423e89399cf9,1418a2c8e5a44cbf8e9f6588,2026,2026-02-12,,0.25,0.25,5° Grado,Grado,Matemáticas,Componente 20,100747,False
IQP,bf0d3b5416ce49fab85dce4d,f65e35736c364682aaa742a5,2024,2024-10-23,,0.97,0.97,6° Grado,Grado,Ciencias Sociales,Componente 14,100346,False
IQP,389e50bf740c40c886e7399b,df7640fbba5347ff9c965e27,2023,2023-08-08,,0.01,0.01,5° Grado,Grado,Constitución animada,Componente 28,100507,False
IQP,ba9e18ea37354fec939a58f1,38535da194244acb85730918,2022,2022-10-27,100.0,0.12,0.12,6° Grado,Grado,Ciencias Sociales,Componente 36,100682,False
IQP,41cbc3ee37224491a4dc1c14,f7f20e417e224683b1f9e902,2023,2023-08-04,0.0,0.0,0.0,6° Grado,Grado,Ciencias de la Naturaleza,Componente 14,100248,False
IQP,c7dc09d31d4d4e9a99751940,7de49ae7c27e43ba9966d4dc,2022,2022-05-04,25.0,0.17,0.17,5° Grado,Grado,Matemáticas,Componente 39,100749,False
IQP,4b06d1f04c0b49b596d5b790,5f56bf2c70b7472d9d31ccd1,2023,2023-09-29,,0.43,0.43,5° Grado,Grado,Matemáticas,Componente 59,100659,False
IQP,e1b78e370b084d01ace6fcab,ebcbdbebf04f4aa2bb806edd,2024,2024-01-07,100.0,0.0,0.0,5° Grado,Grado,Ciencias de la Naturaleza,Componente 13,100700,False
IQP,0f9a0c95d51a45e3b28e8f21,c39743067dc447f7a7274667,2023,2023-07-09,25.0,0.12,0.12,6° Grado,Grado,Matemáticas,Componente 59,100681,False
IQP,71049a30e0264f8890df484c,107fc272ab5240309aa2ae04,2023,2023-11-13,0.0,0.54,0.54,5° Grado,Grado,Lengua Española,Componente 46,100082,False
IQP,e5f2a9b86edd484f8a372dc8,94c9cd34e32a4e22826faf82,2026,2026-05-28,75.0,0.17,0.17,3° Grado,Grado,Ciencias de la Naturaleza,Componente 27,100188,False
IQP,0cedec724a0a408c85ea33ab,b43c5511bc0a4ea4b704b559,2026,2026-03-25,,0.09,0.09,4° Grado,Grado,Ciencias Sociales,Componente 9,100085,False
IQP,b35ee656de044f7a8f5b6fde,7de49ae7c27e43ba9966d4dc,2024,2024-07-17,0.0,0.98,0.98,1° Grado,Grado,Lengua Española,Componente 43,100749,False
IQP,6c70d5d5ba604e99b6cbefbb,38535da194244acb85730918,2024,2024-05-23,,0.96,0.96,1° Grado,Grado,Ciencias de la Naturaleza,Componente 58,100682,False
IQP,987ce5ec520546f98ce437d3,6a09a0bbc9ae4f9c83336627,2023,2023-05-18,,0.28,0.28,6° Grado,Grado,Lengua Española,Componente 36,100136,False
IQP,ee5cb26dd42449d0af33ea8a,1418a2c8e5a44cbf8e9f6588,2023,2023-10-07,0.0,1.19,1.19,2° Grado,Grado,Lengua Española,Componente 6,100747,False
IQP,aac94c5ed36b4cb49b9b560c,95921490f56a45ae9786e9c9,2025,2025-03-05,25.0,1.29,1.29,6° Grado,Grado,Ciencias Sociales,Componente 6,100340,False
IQP,2705f04b918d4e63b12f4234,fe20d6d0e3094301b9de4992,2023,2023-12-04,,0.46,0.46,6° Grado,Grado,Lengua Española,Componente 4,100698,False
IQP,3aef9b5865fa495faef79f9a,64e438a73e894fbd8ee89459,2024,2024-03-19,50.0,0.15,0.15,6° Grado,Grado,Ciencias Sociales,Componente 9,100086,False
IQP,1640f55658034fc48c24b7e4,f7f20e417e224683b1f9e902,2024,2024-09-07,,0.07,0.07,5° Grado,Grado,Ciencias de la Naturaleza,Componente 57,100248,False
IQP,b2a675ab66f646358ea3dacb,2222c670c0dc464b97a0ecb3,2024,2024-08-26,25.0,2.77,2.77,6° Grado,Grado,Ciencias de la Naturaleza,Componente 23,100386,False
IQP,6080d6ab735f417398b89af9,6c84ee0cccd04c8d93702624,2024,2024-08-21,50.0,0.88,0.88,4° Grado,Grado,Lengua Española,Componente 12,100579,False
IQP,8f135a34501241e1b7e00b9d,6aa369a57f1144268a5e9109,2023,2023-09-25,,0.61,0.61,5° Grado,Grado,Lengua Española,Componente 58,100551,False
IQP,775d66d82c8947fa8ce1b702,ac35c5988e75463fad872a0f,2023,2023-11-28,,3.05,3.05,1° Grado,Grado,Ciencias Sociales,Componente 47,100482,False
IQP,cb24fd42732641fdb82bd1a8,7dd743404ba04c61ae92e001,2026,2026-03-31,100.0,1.91,1.91,5° Grado,Grado,Matemáticas,Componente 30,100719,False
IQP,9fe3334d758a47058bf968c9,c1cffc3b8fc74742b9c9cf77,2023,2023-10-31,75.0,0.04,0.04,6° Grado,Grado,Ciencias Sociales,Componente 25,100625,False
IQP,8ec02fdaf3e94f9b91baea40,57795abdba6d4096b93f8048,2023,2023-02-22,100.0,0.08,0.08,1° Grado,Grado,Lengua Española,Componente 27,100436,False
IQP,97394d7a763640afb32d38b1,f6416efb93dc43bfad4b8d2d,2023,2023-08-18,75.0,0.06,0.06,5° Grado,Grado,Ciencias de la Naturaleza,Componente 6,100580,False
IQP,d02cbf63042c48a2a4eac43e,6a09a0bbc9ae4f9c83336627,2023,2023-09-26,,0.04,0.04,6° Grado,Grado,Ciencias Sociales,Componente 12,100136,False
IQP,f7fb5cdfbaca4a0dbcd88b31,aec36bccc5594716b1ffdc67,2023,2023-11-14,50.0,0.21,0.21,3° Grado,Grado,Ciencias Sociales,Componente 30,100583,False
IQP,61abf0df8f784c6dab7af996,a6da4f7c7c474214b51ac487,2023,2023-06-09,,0.13,0.13,5° Grado,Grado,Matemáticas,Componente 9,100074,False
IQP,313e91a140b04ec0a9bfa5ea,91863c8283b742d58b827bfd,2023,2023-09-03,25.0,0.22,0.22,5° Grado,Grado,Ciencias de la Naturaleza,Componente 43,100149,False
IQP,f3f0cf777fde4946a2ce0a8f,aec36bccc5594716b1ffdc67,2025,2025-12-08,25.0,1.78,1.78,2° Grado,Grado,Ciencias de la Naturaleza,Componente 16,100583,False
IQP,1ae42749338543c1a3609998,95921490f56a45ae9786e9c9,2023,2023-10-19,,2.2,2.2,5° Grado,Grado,Lengua Española,Componente 4,100340,False
IQP,60f17066fd964deca9c874ab,9f00678cde484c04866f976f,2023,2023-05-06,100.0,,,5° Grado,Grado,Matemáticas,Componente 57,100660,False
IQP,99b242f8daa24d92a937fb83,fe20d6d0e3094301b9de4992,2024,2024-11-30,,0.16,0.16,5° Grado,Grado,Constitución animada,Componente 47,100698,False
IQP,3f1101df54f9466391d3a98d,6c84ee0cccd04c8d93702624,2023,2023-05-21,25.0,1.94,1.94,5° Grado,Grado,Lengua Española,Componente 24,100579,False
IQP,46730a0aa03d46518bcd94fd,f8b381f736ce41a0bfb0964f,2022,2022-07-02,50.0,1.23,1.23,5° Grado,Grado,Matemáticas,Componente 18,100048,False
IQP,85ddbea60a174324a67b421d,7de49ae7c27e43ba9966d4dc,2025,2025-06-04,75.0,2.65,2.65,5° Grado,Grado,Matemáticas,Componente 15,100749,False
IQP,c85f3e8948f148b883778056,f6416efb93dc43bfad4b8d2d,2024,2024-10-11,75.0,0.87,0.87,1° Grado,Grado,Constitución animada,Componente 20,100580,False
IQP,126ba9733f8f4812b5a81e1f,6a09a0bbc9ae4f9c83336627,2023,2023-02-10,0.0,0.06,0.06,5° Grado,Grado,Constitución animada,Componente 52,100136,False
IQP,71dd760403c741a9a9c11bac,b75c92fa083043b69c1b9b3a,2023,2023-11-28,50.0,0.02,0.02,1° Grado,Grado,Constitución animada,Componente 31,100219,False
IQP,4f657230b4454a7f89304bc8,aec36bccc5594716b1ffdc67,2024,2024-10-31,50.0,0.17,0.17,5° Grado,Grado,Constitución animada,Componente 48,100583,False
IQP,27f08bb4b3f6427387ba4d2a,237ef7f25c80439b8d85e14f,2024,2024-05-08,75.0,0.05,0.05,3° Grado,Grado,Ciencias Sociales,Componente 25,100335,False
IQP,d0ccd74ec683461c93243c9a,f65e35736c364682aaa742a5,2024,2024-01-30,,0.69,0.69,5° Grado,Grado,Matemáticas,Componente 37,100346,False
IQP,647fbfbc2a80435a8ccdee3b,c39743067dc447f7a7274667,2026,2026-02-17,100.0,0.02,0.02,6° Grado,Grado,Constitución animada,Componente 11,100681,False
IQP,851ccf8080f1492d8ee6faab,01744f9b66b445cfa8e12e98,2024,2024-01-02,75.0,0.16,0.16,5° Grado,Grado,Matemáticas,Componente 53,100597,False
IQP,806b2bce3c1c4e40a1d16cc6,f6416efb93dc43bfad4b8d2d,2023,2023-05-30,,0.1,0.1,5° Grado,Grado,Constitución animada,Componente 52,100580,False
IQP,4529353c330d48288645825a,d09c6d41fa2b4214aa56349a,2023,2023-02-24,75.0,0.4,0.4,5° Grado,Grado,Ciencias de la Naturaleza,Componente 9,100266,False
IQP,4cb954e6cfde4cf09e0e73c1,7dd743404ba04c61ae92e001,2023,2023-09-28,,0.15,0.15,6° Grado,Grado,Ciencias de la Naturaleza,Componente 41,100719,False
IQP,94d88bd396334c7aaaada1ca,b75c92fa083043b69c1b9b3a,2023,2023-04-26,100.0,0.63,0.63,3° Grado,Grado,Constitución animada,Componente 26,100219,False
IQP,f4ea2ee894024694a8ac91a3,f3057544c8154f75b726c189,2023,2023-03-29,50.0,0.37,0.37,5° Grado,Grado,Lengua Española,Componente 54,100202,False
IQP,65cc8f486fe74b1e9c02801d,f8b381f736ce41a0bfb0964f,2024,2024-04-14,50.0,0.01,0.01,6° Grado,Grado,Lengua Española,Componente 31,100048,False
IQP,69a5500707074877b988cc4e,912cd321cad447d2b9a472cf,2023,2023-11-12,75.0,0.95,0.95,4° Grado,Grado,Ciencias Sociales,Componente 46,100118,False
IQP,57c6f0b652064e95af90d4a4,fe20d6d0e3094301b9de4992,2026,2026-01-12,,0.07,0.07,5° Grado,Grado,Matemáticas,Componente 48,100698,False
IQP,c62fdec3dc0d4905ac12da04,912cd321cad447d2b9a472cf,2022,2022-06-20,25.0,2.12,2.12,5° Grado,Grado,Matemáticas,Componente 46,100118,False
IQP,19c204eda783440c89dee85f,ac35c5988e75463fad872a0f,2023,2023-12-04,25.0,2.17,2.17,5° Grado,Grado,Constitución animada,Componente 34,100482,False
IQP,59ad0b402f634959a92027a3,64e438a73e894fbd8ee89459,2026,2026-03-09,,0.39,0.39,5° Grado,Grado,Constitución animada,Componente 45,100086,False
IQ512,c94278333a384f8194fed944,09864cb526304beba5470168,2023,2023-03-14,,0.89,0.89,Programa Nacional de Inducción Docente,Curso/edición,Programa Nacional de Inducción Docente,Componente 13,105261,False
IQ512,2c839f2b4a5f471da3d9bd3f,aab7ebc80c134d8998f5414f,2026,2026-07-31,,0.03,0.03,Programa Nacional de Inducción Docente,Curso/edición,Programa Nacional de Inducción Docente,Componente 19,105343,False
IQ512,ba641472987f4efd821111df,7c97c1011d2c47459f4fdafd,2023,2023-05-10,75.0,0.0,0.0,Programa Nacional de Inducción Docente,Curso/edición,Programa Nacional de Inducción Docente,Componente 17,105403,False
IQ512,aae45dd9875347e7a385b679,19f183595d58476c8078ec17,2023,2023-06-11,50.0,0.06,0.06,Programa Nacional de Inducción Docente,Curso/edición,Programa Nacional de Inducción Docente,Componente 30,105293,False
IQ512,921e516d92b34b9da84d92e8,789a966057d94fcd9b74b134,2024,2024-09-29,50.0,0.22,0.22,Programa Nacional de Inducción Docente - Profundización,Curso/edición,Programa Nacional de Inducción Docente,Componente 9,105209,False
IQ512,bc2f04332ffa400c8a28d779,e4107e5415964189ac5dd008,2023,2023-01-31,,1.38,1.38,Programa Nacional de Inducción Docente,Curso/edición,Bienestar socioemocional - i512,Componente 17,105380,False
IQ512,1d776f2b1429450c92127fd3,3428be60ae7742178dc6c7b5,2023,2023-12-27,,0.16,0.16,Programa Nacional de Inducción Docente,Curso/edición,Programa Nacional de Inducción Docente,Componente 19,105484,False
IQ512,9a63fd400c084058a15c3fc0,f725dce3c25048de940ae720,2023,2023-03-06,100.0,2.4,2.4,Programa Nacional de Inducción Docente,Curso/edición,Programa Nacional de Inducción Docente,Componente 42,105392,False
IQ512,13b121f348c2479cb180b644,4334c2428b5949578c3ddcc8,2025,2025-06-29,,0.06,0.06,Programa Nacional de Inducción Docente,Curso/edición,Programa Nacional de Inducción Docente,Componente 31,105405,False
IQ512,ab7a32d72f904e65b4db2a92,bb97def0b02f4427a00195f9,2023,2023-05-17,,0.46,0.46,Programa Nacional de Inducción Docente,Curso/edición,Bienestar socioemocional - i512,Componente 5,105287,False
IQ512,82713c7d26bc4d4e8209792a,2ca1013a0fea4a1d8335308b,2024,2024-06-19,75.0,0.0,0.0,Programa Nacional de Inducción Docente,Curso/edición,Programa Nacional de Inducción Docente,Componente 30,105213,False
IQ512,9a09496310114d80b0403a53,b5a8776ef2c54783903ac8f9,2026,2026-02-24,,1.74,1.74,Programa Nacional de Inducción Docente - Profundización,Curso/edición,Gestión de aula - i512,Componente 45,105192,False
IQ512,1ef50e56c548414393b592a4,9284bc01cbf74e6e83b32755,2023,2023-06-16,100.0,0.01,0.01,Programa Nacional de Inducción Docente,Curso/edición,Bienestar socioemocional - i512,Componente 48,105327,False
IQ512,1d462bac24174361909816b3,eaaf933775e74d558f7457e0,2023,2023-01-24,25.0,0.09,0.09,Programa Nacional de Inducción Docente,Curso/edición,Programa Nacional de Inducción Docente,Componente 14,105266,False
IQ512,b5ff3fa5aa2448f5ac9fdf1d,14fbf55857cd46808fc013c3,2024,2024-10-17,25.0,0.78,0.78,Programa Nacional de Inducción Docente,Curso/edición,Gestión de aula - i512,Componente 36,105214,False
IQ512,e8783cd3cd2f473c97758516,c81ff1c9e16841139debe621,2024,2024-01-25,25.0,0.28,0.28,Programa Nacional de Inducción Docente,Curso/edición,Gestión de aula - i512,Componente 58,105232,False
IQ512,2056b88fc94a426797feea57,409c1ce3db5d4031ab8cede4,2022,2022-12-15,0.0,0.11,0.11,Programa Nacional de Inducción Docente 2024,Curso/edición,Programa Nacional de Inducción Docente,Componente 40,105200,False
IQ512,149bcc0ee43a412e966bd341,eaf87d27bcba40a3894b4cfe,2023,2023-02-13,,0.3,0.3,Programa Nacional de Inducción Docente,Curso/edición,Gestión de aula - i512,Componente 46,105197,False
IQ512,a18093d027f849fc9d1f02ec,c4a9bea4965f42a1b9c9a741,2025,2025-03-14,,0.44,0.44,Programa Nacional de Inducción Docente,Curso/edición,Bienestar socioemocional - i512,Componente 36,105373,False
IQ512,dea393a739aa49b8bd47eb1c,c8944303954243ce88e9c084,2023,2023-03-19,75.0,1.21,1.21,Programa Nacional de Inducción Docente,Curso/edición,Gestión de aula - i512,Componente 10,105414,False
IQ512,acdc6ef6f34f4aff8a382885,69331a900e66494f9794f8da,2022,2022-02-11,75.0,3.9,3.9,Programa Nacional de Inducción Docente,Curso/edición,Programa Nacional de Inducción Docente,Componente 19,105452,False
IQ512,ec78b2e3611146fc90b8a37c,9b7175652216402a805a3fdd,2024,2024-10-30,100.0,2.14,2.14,Programa Nacional de Inducción Docente - Profundización,Curso/edición,Programa Nacional de Inducción Docente,Componente 21,105493,False
IQ512,028f231b01db45d492e97c2a,7039f0d846de4df3a4087385,2023,2023-05-23,,0.8,0.8,Programa Nacional de Inducción Docente,Curso/edición,Bienestar socioemocional - i512,Componente 54,105358,False
IQ512,529f17a0acb14e439fdfb192,a0782928bfea4b25a50344b8,2023,2023-12-22,100.0,0.0,0.0,Programa Nacional de Inducción Docente,Curso/edición,Gestión de aula - i512,Componente 20,105491,False
IQ512,050044052e44416c848ea285,480cb530aa2d48c5acbe06c6,2023,2023-10-17,0.0,0.35,0.35,Programa Nacional de Inducción Docente,Curso/edición,Bienestar socioemocional - i512,Componente 55,105498,False
IQ512,60cbd8e636e64faea7e2a0f4,52070d7c908441c19c81e2c7,2025,2025-04-10,,0.5,0.5,Programa Nacional de Inducción Docente,Curso/edición,Gestión de aula - i512,Componente 12,105185,False
IQ512,60f428cf3ab745d580efb7d4,0dd7db72057a4e239a9db895,2023,2023-08-05,25.0,0.78,0.78,Programa Nacional de Inducción Docente,Curso/edición,Programa Nacional de Inducción Docente,Componente 43,105294,False
IQ512,a004a9f4e62a46b8925c51ba,0a362d417cf54e7dab6cdd00,2023,2023-12-07,100.0,0.13,0.13,Programa Nacional de Inducción Docente,Curso/edición,Bienestar socioemocional - i512,Componente 41,105480,False
IQ512,2c80879dc2144c7491a4606b,f8bd01058ec24f7687709926,2024,2024-11-20,0.0,0.49,0.49,Programa Nacional de Inducción Docente,Curso/edición,Gestión de aula - i512,Componente 45,105503,False
IQ512,6f98d44dd7ea41d386340dd9,16963ecc19514a569b574e66,2024,2024-10-28,75.0,1.26,1.26,Programa Nacional de Inducción Docente 2024,Curso/edición,Bienestar socioemocional - i512,Componente 39,105282,False
IQ512,66fef872bda54776a233095b,87a63a6576034f30a2ca2aa0,2024,2024-11-09,25.0,0.75,0.75,Programa Nacional de Inducción Docente,Curso/edición,Programa Nacional de Inducción Docente,Componente 27,105504,False
IQ512,81074213705f4715bcc93a3c,ee4deaa2fa3d4862ba9d842c,2024,2024-06-03,,0.35,0.35,Programa Nacional de Inducción Docente 2024,Curso/edición,Programa Nacional de Inducción Docente,Componente 34,105440,False
IQ512,d9317fc41566406fb6380aa3,4bdc4f3031be4f2a88f7fdae,2023,2023-07-29,75.0,1.61,1.61,Programa Nacional de Inducción Docente,Curso/edición,Programa Nacional de Inducción Docente,Componente 36,105315,False
IQ512,25f4191f47694edea2f75ab6,b7689f9636d544ffa0dd719c,2023,2023-08-04,75.0,0.52,0.52,Programa Nacional de Inducción Docente,Curso/edición,Gestión de aula - i512,Componente 24,105298,False
IQ512,f01faf17395b4b71a8e5374f,e787a33bd6ea4f8d94c0de47,2023,2023-02-27,100.0,0.0,0.0,Programa Nacional de Inducción Docente,Curso/edición,Gestión de aula - i512,Componente 32,105234,False
IQ512,0276b104a33042edb06de16a,52070d7c908441c19c81e2c7,2023,2023-05-18,,0.03,0.03,Programa Nacional de Inducción Docente,Curso/edición,Gestión de aula - i512,Componente 38,105185,False
IQ512,303a2cae2b814653ac21ad3e,dc9add5ed8c04437af365e25,2023,2023-12-19,100.0,0.13,0.13,Programa Nacional de Inducción Docente,Curso/edición,Gestión de aula - i512,Componente 29,105365,False
IQ512,9ccaa686e4a74f878052e5ef,cda3874536714598a7278442,2023,2023-06-08,25.0,0.11,0.11,Programa Nacional de Inducción Docente,Curso/edición,Gestión de aula - i512,Componente 44,105448,False
IQ512,3f5b23ec7e404da4a8480000,ebfeac2bf81d46ffa1acc1df,2023,2023-11-16,,0.81,0.81,Programa Nacional de Inducción Docente,Curso/edición,Bienestar socioemocional - i512,Componente 6,105281,False
IQ512,296f038368114a67a01c90bc,fde0d11bbab04b19bf3f769a,2023,2023-07-19,,0.09,0.09,Programa Nacional de Inducción Docente,Curso/edición,Gestión de aula - i512,Componente 33,105319,False
IQ512,37238e67a8a64df4983a6792,0fadfe3c6ab5414fba887b0a,2024,2024-08-04,0.0,0.12,0.12,Programa Nacional de Inducción Docente,Curso/edición,Gestión de aula - i512,Componente 51,105366,False
IQ512,e9e7eae191d04d00b20ed044,68059c30a12b42cba1649cfa,2023,2023-11-17,100.0,1.16,1.16,Programa Nacional de Inducción Docente,Curso/edición,Gestión de aula - i512,Componente 6,105312,False
IQ512,a447e136cea348ae86e2cf3c,5f672ae6d5114233aa935797,2023,2023-09-13,,1.63,1.63,Programa Nacional de Inducción Docente,Curso/edición,Bienestar socioemocional - i512,Componente 39,105408,False
IQ512,26a15108e7fc4a7b9d210c44,100a404f17da46218111c086,2023,2023-09-22,25.0,0.64,0.64,Liderazgo docente - i512,Curso/edición,Gestión de aula - i512,Componente 39,105320,False
IQ512,d27aa8c0673c449d97326341,8d0eb23ba8034db2a653adeb,2026,2026-08-24,100.0,0.21,0.21,Programa Nacional de Inducción Docente,Curso/edición,Gestión de aula - i512,Componente 20,105441,False
IQ512,a8594ef9271347db8cc1dafe,c0658296ef1c49628c88e909,2024,2024-12-25,,2.95,2.95,Programa Nacional de Inducción Docente,Curso/edición,Gestión de aula - i512,Componente 12,105222,False
IQ512,7a436c6cb7aa41d19810963e,048a6a45d2254440a7f8bcb6,2023,2023-01-23,100.0,2.2,2.2,Programa Nacional de Inducción Docente - Profundización,Curso/edición,Gestión de aula - i512,Componente 36,105273,False
IQ512,d018cec9635d49d88a5441df,d3fe58ef906f423b9c61a65e,2023,2023-05-06,,0.43,0.43,Programa Nacional de Inducción Docente,Curso/edición,Gestión de aula - i512,Componente 52,105289,False
IQ512,2a07928ba5f347de8ffd6990,7c78be731e404e6688c4fca7,2023,2023-02-23,,1.99,1.99,Programa Nacional de Inducción Docente,Curso/edición,Programa Nacional de Inducción Docente,Componente 2,105190,False
IQ512,3778ca3651e04188be7dfc02,b7689f9636d544ffa0dd719c,2023,2023-02-21,75.0,0.01,0.01,Programa Nacional de Inducción Docente,Curso/edición,Programa Nacional de Inducción Docente,Componente 9,105298,False
IQ512,90aa5f05567146889504d78f,8c65783833dd4180924459e0,2023,2023-12-16,75.0,0.72,0.72,Programa Nacional de Inducción Docente,Curso/edición,Gestión de aula - i512,Componente 50,105215,False
IQ512,c385fd71c8dd49fab56b52a4,c8944303954243ce88e9c084,2023,2023-02-03,100.0,1.5,1.5,Programa Nacional de Inducción Docente,Curso/edición,Programa Nacional de Inducción Docente,Componente 10,105414,False
IQ512,e23cd31b948947dfaa5d9c40,afb11e2a8fd64c6eb4a7347a,2023,2023-08-25,,1.98,1.98,Programa Nacional de Inducción Docente,Curso/edición,Gestión de aula - i512,Componente 28,105413,False
IQ512,89016b65f6024639a3213b6a,f43415bb5f284a04a93c3541,2022,2022-09-20,,0.05,0.05,Programa Nacional de Inducción Docente,Curso/edición,Programa Nacional de Inducción Docente,Componente 44,105387,False
IQ512,a8d255e2bb8b4d1cadcd0d45,4bb110e24fe2492eb911d1e0,2024,2024-11-21,25.0,0.27,0.27,Programa Nacional de Inducción Docente,Curso/edición,Programa Nacional de Inducción Docente,Componente 25,105459,False
IQ512,d8c910765be8443086e648f3,667cdf13f4544e49a127203b,2024,2024-10-06,,0.61,0.61,Programa Nacional de Inducción Docente,Curso/edición,Programa Nacional de Inducción Docente,Componente 4,105208,False
IQ512,ddcc618cd2a44c158b1f40e6,deaa5cd206be451baee5138f,2025,2025-05-03,50.0,1.15,1.15,Programa Nacional de Inducción Docente,Curso/edición,Bienestar socioemocional - i512,Componente 34,105427,False
IQ512,d63f4072e37b4731917a9d41,9b7175652216402a805a3fdd,2026,2026-04-01,,0.07,0.07,Programa Nacional de Inducción Docente,Curso/edición,Programa Nacional de Inducción Docente,Componente 58,105493,False
IQ512,3dbd8a7adf5f43bda0fcf6f3,79324cb4aa6b4259839a8deb,2023,2023-05-26,,0.23,0.23,Programa Nacional de Inducción Docente,Curso/edición,Gestión de aula - i512,Componente 29,105370,False
IQ512,1ed9be93cd654945840a5557,afe18387cae94f10ac7ac99b,2023,2023-09-14,50.0,0.75,0.75,Programa Nacional de Inducción Docente,Curso/edición,Programa Nacional de Inducción Docente,Componente 5,105216,False
IQ512,520fa578f2d5495ca3614b3b,43d57b839ff140d7a40571b4,2024,2024-08-30,0.0,0.67,0.67,Programa Nacional de Inducción Docente,Curso/edición,Gestión de aula - i512,Componente 41,105495,False
IQ512,f7f2784ca0444a44acb09eb7,1a5e5b71b1ae4ec89c2cbbd1,2024,2024-01-03,,0.14,0.14,Programa Nacional de Inducción Docente,Curso/edición,Gestión de aula - i512,Componente 4,105402,False
IQ512,c30504e1bbe146d6b031ad55,b8b47e3a2e0b4246878c90e5,2026,2026-03-13,0.0,0.65,0.65,Programa Nacional de Inducción Docente,Curso/edición,Programa Nacional de Inducción Docente,Componente 9,105398,False
IQ512,7933708708b14debad75c0fd,0fadfe3c6ab5414fba887b0a,2022,2022-06-15,25.0,0.16,0.16,Programa Nacional de Inducción Docente - Profundización,Curso/edición,Gestión de aula - i512,Componente 22,105366,False
IQ512,f7872365630943cf9c515c00,c81ff1c9e16841139debe621,2023,2023-08-25,75.0,0.37,0.37,Programa Nacional de Inducción Docente,Curso/edición,Gestión de aula - i512,Componente 42,105232,False
IQ512,b6d45ccc5246480da1bb4ae7,ebb888b1f4054bb4b462d7e0,2022,2022-02-03,25.0,0.33,0.33,Programa Nacional de Inducción Docente,Curso/edición,Programa Nacional de Inducción Docente,Componente 38,105404,False
IQ512,40ad8259a3634eb8825c2224,a38e5c6a8de344dcb13006e2,2026,2026-06-25,100.0,0.5,0.5,Programa Nacional de Inducción Docente,Curso/edición,Gestión de aula - i512,Componente 19,105450,False
IQ512,7efd009d1519429ea15cde1e,2f51da8f89db420faeb2beb8,2023,2023-06-25,,1.53,1.53,Programa Nacional de Inducción Docente - Profundización,Curso/edición,Programa Nacional de Inducción Docente,Componente 51,105328,False
IQ512,ba7ec768a0284ce595589ef8,fab4b866c7b84ba5a715f2a1,2026,2026-07-01,,0.1,0.1,Programa Nacional de Inducción Docente,Curso/edición,Bienestar socioemocional - i512,Componente 39,105286,False
IQ512,ccd155ca2fd248549d378bef,226ab906583c44cf903022d1,2023,2023-03-13,50.0,0.94,0.94,Programa Nacional de Inducción Docente,Curso/edición,Programa Nacional de Inducción Docente,Componente 42,105326,False
IQ512,49f4166f84dc49f7be7ab272,5801920e315f4226bd9a3ac6,2023,2023-03-28,50.0,2.27,2.27,Programa Nacional de Inducción Docente,Curso/edición,Gestión de aula - i512,Componente 45,105454,False
IQ512,c2690d8e6577412097802930,43d57b839ff140d7a40571b4,2023,2023-04-25,50.0,,,Programa Nacional de Inducción Docente,Curso/edición,Gestión de aula - i512,Componente 25,105495,False
IQ512,33166d3c9ffd464e8baf1f90,667cdf13f4544e49a127203b,2023,2023-05-14,25.0,1.43,1.43,Programa Nacional de Inducción Docente,Curso/edición,Gestión de aula - i512,Componente 15,105208,False
IQ512,95512a29bd3b42c995ac5195,8dbd1b8e7c074f439acf6516,2026,2026-05-17,,3.39,3.39,Programa Nacional de Inducción Docente,Curso/edición,Gestión de aula - i512,Componente 58,105187,False
IQ512,35b0de68f460494f9604b58d,16963ecc19514a569b574e66,2023,2023-01-28,0.0,0.13,0.13,Liderazgo docente - i512,Curso/edición,Gestión de aula - i512,Componente 55,105282,False
IQ512,eaded65124f247afa4520650,f72e9ce329294b1f9608a401,2023,2023-04-07,100.0,0.14,0.14,Liderazgo docente - i512,Curso/edición,Bienestar socioemocional - i512,Componente 1,105199,False
IQ512,f24cde2afd5244bb9f2bcdad,63611ab7ed0a4909925eb8ea,2023,2023-06-28,,3.38,3.38,Programa Nacional de Inducción Docente,Curso/edición,Programa Nacional de Inducción Docente,Componente 11,105193,False
IQ512,a71ea2ceb8c94cdab01c465e,85f0eac0dd064d718d98d289,2023,2023-09-06,50.0,0.03,0.03,Programa Nacional de Inducción Docente,Curso/edición,Programa Nacional de Inducción Docente,Componente 39,105463,False
IQ512,d1fb7fc626ad483b8cd8d90f,40ab3eef356740b3bc68a471,2023,2023-06-23,,0.01,0.01,Programa Nacional de Inducción Docente,Curso/edición,Programa Nacional de Inducción Docente,Componente 46,105355,False
IQ512,79eb5f43e1f6406da07f9dd7,51054bc35cf34983a8602e77,2023,2023-11-19,,0.09,0.09,Programa Nacional de Inducción Docente,Curso/edición,Bienestar socioemocional - i512,Componente 8,105306,False
IQ512,a1e96e08ff4642cd8b972937,68059c30a12b42cba1649cfa,2024,2024-02-13,,1.09,1.09,Programa Nacional de Inducción Docente,Curso/edición,Gestión de aula - i512,Componente 37,105312,False
IQ512,36976869e0754dceabad2fc9,02c149178dab43b18f85520e,2024,2024-09-07,,0.56,0.56,Programa Nacional de Inducción Docente,Curso/edición,Programa Nacional de Inducción Docente,Componente 24,105181,False
IQ512,7a317cfb1cda4e88991da7b5,9eff69a9b37941ddbbc85221,2024,2024-10-17,50.0,1.32,1.32,Programa Nacional de Inducción Docente,Curso/edición,Programa Nacional de Inducción Docente,Componente 14,105430,False
IQ512,6fd32417d7284110b94b4a3c,39c0bd3e6ca148b08ac8d17a,2023,2023-12-02,100.0,0.89,0.89,Programa Nacional de Inducción Docente,Curso/edición,Gestión de aula - i512,Componente 41,105338,False
IQ512,8aec346c2b59401a9f2ebdfa,71555451160147fea88120fb,2026,2026-03-17,,0.1,0.1,Programa Nacional de Inducción Docente - Profundización,Curso/edición,Programa Nacional de Inducción Docente,Componente 23,105353,False
IQ512,eb783bf6c07743009e96b08f,be430629430f473593b6ce21,2026,2026-01-05,,0.13,0.13,Programa Nacional de Inducción Docente,Curso/edición,Bienestar socioemocional - i512,Componente 7,105219,False
IQ512,2df4eca74cf749d89d29d1fd,2c587aaa354f4c60baecf071,2022,2022-12-03,75.0,0.13,0.13,Liderazgo docente - i512,Curso/edición,Programa Nacional de Inducción Docente,Componente 16,105346,False
IQ512,80483afa5e624aa49713cb89,7626b6d687ba4961acf35576,2023,2023-07-13,,0.92,0.92,Programa Nacional de Inducción Docente,Curso/edición,Gestión de aula - i512,Componente 16,105456,False
IQ512,a43591b8de894986af4ef889,f725dce3c25048de940ae720,2024,2024-08-24,75.0,0.29,0.29,Programa Nacional de Inducción Docente,Curso/edición,Bienestar socioemocional - i512,Componente 22,105392,False
IQ512,8b2dfde84f8b46a9bdf1afac,40ab3eef356740b3bc68a471,2023,2023-12-06,25.0,0.41,0.41,Programa Nacional de Inducción Docente,Curso/edición,Gestión de aula - i512,Componente 18,105355,False
IQ512,d4494e4782a547d5832e4d06,7c5261ea744241b18d6195c1,2023,2023-05-21,,0.21,0.21,Programa Nacional de Inducción Docente,Curso/edición,Gestión de aula - i512,Componente 21,105478,False
IQ512,110f857e806d40bc9b03e307,c8944303954243ce88e9c084,2023,2023-08-02,100.0,0.76,0.76,Programa Nacional de Inducción Docente - Profundización,Curso/edición,Bienestar socioemocional - i512,Componente 18,105414,False
IQ512,2bb420cbbc1a4afc9dca9358,7d2866ab1bec4dbebc4c60b3,2024,2024-01-25,,0.04,0.04,Programa Nacional de Inducción Docente,Curso/edición,Bienestar socioemocional - i512,Componente 42,105360,True
IQ512,864fd5eeb9f44dd3b9ed41d9,7c78be731e404e6688c4fca7,2023,2023-11-09,100.0,,,Programa Nacional de Inducción Docente,Curso/edición,Bienestar socioemocional - i512,Componente 48,105190,False
IQ512,4a50d9ed81ba46948aa53293,878fe7906dbd4aa7a53de962,2023,2023-04-20,0.0,1.06,1.06,Programa Nacional de Inducción Docente,Curso/edición,Programa Nacional de Inducción Docente,Componente 17,105335,False
IQ512,68c64b5fab38462e9fe9d0d0,0fadfe3c6ab5414fba887b0a,2024,2024-01-17,,0.51,0.51,Programa Nacional de Inducción Docente,Curso/edición,Gestión de aula - i512,Componente 5,105366,False
IQ512,dd4fa585127b440b8c320715,53eb07b5870a4ec2863ddb43,2023,2023-01-11,,1.17,1.17,Programa Nacional de Inducción Docente,Curso/edición,Gestión de aula - i512,Componente 39,105259,False
IQ512,abf8dc019cdf40b19e18accc,03e0948083cf496c8409b830,2023,2023-03-15,50.0,1.82,1.82,Programa Nacional de Inducción Docente,Curso/edición,Programa Nacional de Inducción Docente,Componente 28,105487,False
IQ512,50180284e6f24b86972f55eb,10779687102844adb5b33c17,2023,2023-10-04,50.0,0.03,0.03,Programa Nacional de Inducción Docente,Curso/edición,Programa Nacional de Inducción Docente,Componente 37,105308,False
IQ512,ac01a12b27de49ff8e7820be,c4a9bea4965f42a1b9c9a741,2023,2023-09-02,25.0,0.8,0.8,Programa Nacional de Inducción Docente,Curso/edición,Programa Nacional de Inducción Docente,Componente 25,105373,False
IQ512,d37e44436b9d435bbfc81fba,c0658296ef1c49628c88e909,2023,2023-10-25,,0.5,0.5,Programa Nacional de Inducción Docente,Curso/edición,Programa Nacional de Inducción Docente,Componente 15,105222,False
IQ512,85cb590163c8479f9be953f2,1b90cd3262b14408bd139115,2024,2024-07-08,,0.02,0.02,Programa Nacional de Inducción Docente,Curso/edición,Gestión de aula - i512,Componente 55,105297,False
IQ512,2e7c686790ec4256bfbabe17,d5b46ee4fe114b659378e375,2023,2023-09-12,50.0,0.54,0.54,Programa Nacional de Inducción Docente,Curso/edición,Bienestar socioemocional - i512,Componente 47,105458,False
IQ512,784f391310c6438ea971a7c2,f49d42df9e20459d95b6c638,2023,2023-03-30,,0.06,0.06,Programa Nacional de Inducción Docente,Curso/edición,Gestión de aula - i512,Componente 5,105254,False
IQ512,d1d604b3d4b14100a9c2aa05,d25d3bc0a66b46f7978782f5,2023,2023-04-06,,0.19,0.19,Liderazgo docente - i512,Curso/edición,Gestión de aula - i512,Componente 22,105499,False
IQ512,9395f8c6691a48479f41cf24,2b8d508e2b9b454b998483be,2024,2024-08-24,100.0,0.39,0.39,Programa Nacional de Inducción Docente,Curso/edición,Gestión de aula - i512,Componente 21,105354,False
IQ512,fb79dbbbadd14179a8fc04f8,62446d6d19dd4ab8bc2e277f,2024,2024-02-21,100.0,1.04,1.04,Programa Nacional de Inducción Docente,Curso/edición,Programa Nacional de Inducción Docente,Componente 56,105345,False
IQ512,92b54cd6a456495c90a7571f,da8f4eb7991e451faef98e65,2025,2025-03-26,25.0,0.26,0.26,Programa Nacional de Inducción Docente,Curso/edición,Gestión de aula - i512,Componente 35,105443,False
IQ512,13137c7b6d284eceb9126cd0,4bdc4f3031be4f2a88f7fdae,2023,2023-04-16,,1.12,1.12,Programa Nacional de Inducción Docente,Curso/edición,Bienestar socioemocional - i512,Componente 19,105315,False
IQ512,78a0c1e1246443909243b168,9e0f4f4dea694cd3bc13fb6a,2023,2023-08-22,50.0,0.8,0.8,Programa Nacional de Inducción Docente,Curso/edición,Gestión de aula - i512,Componente 1,105340,False
IQ512,dca20be010184f88bd886e5b,475a21182220425692a2670b,2023,2023-06-07,0.0,0.47,0.47,Programa Nacional de Inducción Docente,Curso/edición,Bienestar socioemocional - i512,Componente 10,105426,False
IQ512,9be5090d1b2a420cb04ae5c6,f72e9ce329294b1f9608a401,2023,2023-05-06,50.0,0.48,0.48,Programa Nacional de Inducción Docente,Curso/edición,Gestión de aula - i512,Componente 55,105199,False
IQ512,3e7fd14dc9d941c29d827416,480cb530aa2d48c5acbe06c6,2022,2022-01-23,100.0,0.25,0.25,Programa Nacional de Inducción Docente,Curso/edición,Programa Nacional de Inducción Docente,Componente 36,105498,False
IQ512,ae84685a207b413bb53da12a,c8f0b975ecdd4e1e88941736,2023,2023-12-16,75.0,1.92,1.92,Programa Nacional de Inducción Docente,Curso/edición,Programa Nacional de Inducción Docente,Componente 19,105492,False
IQ512,7454289836204ad99bb83f81,b75ef5c228a24d329f8a6f28,2024,2024-04-26,,0.35,0.35,Programa Nacional de Inducción Docente,Curso/edición,Programa Nacional de Inducción Docente,Componente 17,105227,False
IQ512,39d0dbfd7db94bf282230098,2ffc3a699fde49ff8aaaad8f,2025,2025-01-21,,1.21,1.21,Programa Nacional de Inducción Docente,Curso/edición,Programa Nacional de Inducción Docente,Componente 16,105393,False
IQ512,d6fa266799b74c1f9d305748,dd7d5df7942948d5beb11771,2021,2021-02-02,,4.43,4.0,Programa Nacional de Inducción Docente,Curso/edición,Programa Nacional de Inducción Docente,Componente 31,105425,False
IQ512,27b949df715b47ca93c91d94,6ab5327c92dd4863b6ab8275,2024,2024-03-08,75.0,0.29,0.29,Programa Nacional de Inducción Docente,Curso/edición,Programa Nacional de Inducción Docente,Componente 58,105274,False
IQ512,b38c9717ee9644eeb88b18e4,dc9add5ed8c04437af365e25,2023,2023-02-04,0.0,0.42,0.42,Programa Nacional de Inducción Docente,Curso/edición,Programa Nacional de Inducción Docente,Componente 36,105365,False
IQ512,3047c6afa39e4c789468ea13,87a63a6576034f30a2ca2aa0,2023,2023-02-13,,0.4,0.4,Programa Nacional de Inducción Docente,Curso/edición,Gestión de aula - i512,Componente 4,105504,False
IQ512,ac822a88290c42eea81072d5,fab4b866c7b84ba5a715f2a1,2023,2023-11-02,,1.3,1.3,Programa Nacional de Inducción Docente - Profundización,Curso/edición,Bienestar socioemocional - i512,Componente 33,105286,True
IQ512,9825cb71fef84ac584b41dab,afe18387cae94f10ac7ac99b,2024,2024-11-24,,0.2,0.2,Programa Nacional de Inducción Docente,Curso/edición,Gestión de aula - i512,Componente 59,105216,False
IQ512,4956bf53dc2e4afa84a5ab2f,afe18387cae94f10ac7ac99b,2026,2026-03-20,,0.36,0.36,Programa Nacional de Inducción Docente,Curso/edición,Programa Nacional de Inducción Docente,Componente 46,105216,False
IQ512,331a14771e6f4a5fa439f444,c94ca48f23744b1d9b7ca355,2023,2023-06-25,50.0,0.48,0.48,Programa Nacional de Inducción Docente,Curso/edición,Gestión de aula - i512,Componente 8,105385,False
IQ512,b97c4c753ff04026bb17f4a8,956081ea695941f48afa6996,2023,2023-04-15,0.0,0.04,0.04,Programa Nacional de Inducción Docente,Curso/edición,Gestión de aula - i512,Componente 1,105410,False
IQ512,8b592d51b3134239bb92df28,f43415bb5f284a04a93c3541,2023,2023-06-16,50.0,0.2,0.2,Programa Nacional de Inducción Docente,Curso/edición,Bienestar socioemocional - i512,Componente 48,105387,False
IQ512,ea6dad0b7efe40118d7a71e0,9304fb0da0fc4b26af6cc39e,2023,2023-02-02,75.0,0.17,0.17,Programa Nacional de Inducción Docente,Curso/edición,Bienestar socioemocional - i512,Componente 26,105412,False
IQ512,d2714ad90fca421bb370b847,bb97def0b02f4427a00195f9,2024,2024-12-24,50.0,0.03,0.03,Programa Nacional de Inducción Docente - Profundización,Curso/edición,Gestión de aula - i512,Componente 10,105287,False
IQ512,a62333651b7344d3a5c3611b,f725dce3c25048de940ae720,2024,2024-11-06,,0.01,0.01,Programa Nacional de Inducción Docente,Curso/edición,Gestión de aula - i512,Componente 11,105392,False
IQ512,19f132cda3474861a4cc0435,63611ab7ed0a4909925eb8ea,2024,2024-02-01,25.0,0.84,0.84,Programa Nacional de Inducción Docente,Curso/edición,Bienestar socioemocional - i512,Componente 29,105193,False
IQ512,a63d66b0c6514580a461ca63,ad782a2c837b447f8d17bf13,2023,2023-10-19,50.0,0.58,0.58,Programa Nacional de Inducción Docente,Curso/edición,Bienestar socioemocional - i512,Componente 13,105339,False
IQ512,75c3d337c8554587bb1eeddc,4bb110e24fe2492eb911d1e0,2023,2023-04-30,,0.18,0.18,Programa Nacional de Inducción Docente - Profundización,Curso/edición,Bienestar socioemocional - i512,Componente 50,105459,False
IQ512,b22320cca6ec4dd7bb33ca78,61cd8af4c3e245febebed4e5,2023,2023-12-16,25.0,0.67,0.67,Programa Nacional de Inducción Docente,Curso/edición,Bienestar socioemocional - i512,Componente 28,105272,False
IQ512,1b3c7c90048c42aa9b4f87b6,c8944303954243ce88e9c084,2023,2023-09-21,50.0,1.6,1.6,Programa Nacional de Inducción Docente,Curso/edición,Bienestar socioemocional - i512,Componente 20,105414,False
IQ512,6638592da6694e528bae9741,1ccfbb61b6fa4ebbafb739d9,2023,2023-08-24,0.0,0.02,0.02,Programa Nacional de Inducción Docente,Curso/edición,Bienestar socioemocional - i512,Componente 59,105429,False
IQ512,7ae66434d7e04eaeb22346c2,a5a8230bd2014d8298760152,2023,2023-06-26,50.0,0.17,0.17,Programa Nacional de Inducción Docente,Curso/edición,Bienestar socioemocional - i512,Componente 59,105270,False
IQ512,79bfd318108a44799ab238e5,d785be91f8eb4df6bfaed1aa,2023,2023-11-05,0.0,0.18,0.18,Programa Nacional de Inducción Docente,Curso/edición,Programa Nacional de Inducción Docente,Componente 42,105406,False
IQ512,c38454208bde4a01b1f83494,51054bc35cf34983a8602e77,2024,2024-08-28,50.0,0.15,0.15,Liderazgo docente - i512,Curso/edición,Bienestar socioemocional - i512,Componente 49,105306,False
IQ512,74a6b844260b4db08f4b5fc2,78bce0d675ec40bdba5ed449,2023,2023-10-09,,0.65,0.65,Programa Nacional de Inducción Docente - Profundización,Curso/edición,Programa Nacional de Inducción Docente,Componente 47,105350,False
IQ512,39539533da3a47a6bf774703,415994463ca44d63a6bb05b8,2022,2022-08-02,25.0,1.24,1.24,Programa Nacional de Inducción Docente,Curso/edición,Programa Nacional de Inducción Docente,Componente 55,105221,False
IQ512,4a085b6d398042779e303080,0190c7be89ab454fa26d0681,2023,2023-01-24,100.0,2.51,2.51,Programa Nacional de Inducción Docente,Curso/edición,Gestión de aula - i512,Componente 56,105300,False
IQ512,3cd2890fc45544c190440b84,c4a9bea4965f42a1b9c9a741,2023,2023-03-31,,0.06,0.06,Programa Nacional de Inducción Docente,Curso/edición,Gestión de aula - i512,Componente 54,105373,False
IQ512,e029d46fc7b74ddf91018620,f8454e8e12044d649df927e8,2026,2026-08-01,,0.58,0.58,Programa Nacional de Inducción Docente,Curso/edición,Gestión de aula - i512,Componente 52,105304,False
IQ512,adb7b272e2a74c0a8a18bb4e,52070d7c908441c19c81e2c7,2023,2023-01-30,25.0,0.37,0.37,Programa Nacional de Inducción Docente,Curso/edición,Bienestar socioemocional - i512,Componente 47,105185,False
IQ512,4db9e4dee5fc45c4a27495c1,4bb110e24fe2492eb911d1e0,2023,2023-11-29,0.0,0.04,0.04,Programa Nacional de Inducción Docente,Curso/edición,Bienestar socioemocional - i512,Componente 44,105459,False
IQ512,7dd6cf33af8a4fd6b5839c1c,f725dce3c25048de940ae720,2023,2023-03-14,100.0,1.16,1.16,Programa Nacional de Inducción Docente,Curso/edición,Programa Nacional de Inducción Docente,Componente 54,105392,False
IQ512,323418a3851a43b49d9fdd98,4c95c3752ca8491f8e9b000e,2023,2023-12-14,25.0,0.12,0.12,Programa Nacional de Inducción Docente,Curso/edición,Programa Nacional de Inducción Docente,Componente 57,105369,False
IQ512,9762e91ce80e4733b8ef8c53,fde0d11bbab04b19bf3f769a,2024,2024-07-30,,0.04,0.04,Programa Nacional de Inducción Docente,Curso/edición,Gestión de aula - i512,Componente 1,105319,False
IQ512,10728219d60d4101837ccec1,29e4c3f6d6874d1abf5a233a,2023,2023-02-24,100.0,0.01,0.01,Programa Nacional de Inducción Docente,Curso/edición,Programa Nacional de Inducción Docente,Componente 8,105362,False
IQ512,558aadf9057b4d80841d3a93,7934a8e8372f427f9193cb18,2023,2023-07-01,100.0,0.13,0.13,Programa Nacional de Inducción Docente,Curso/edición,Gestión de aula - i512,Componente 32,105411,False
IQ512,b2caeb5b8aa74bb8a56b7d50,2aa2ec1b31df42e2aff144c3,2023,2023-04-10,,0.32,0.32,Programa Nacional de Inducción Docente,Curso/edición,Bienestar socioemocional - i512,Componente 36,105195,False
IQ512,c62b7249503a4e1c87c31439,116a93cc79584811af092901,2023,2023-08-29,25.0,1.72,1.72,Programa Nacional de Inducción Docente,Curso/edición,Bienestar socioemocional - i512,Componente 39,105212,False
IQ512,308e13cfd83540abb18faccf,f8454e8e12044d649df927e8,2023,2023-04-18,,1.39,1.39,Programa Nacional de Inducción Docente,Curso/edición,Gestión de aula - i512,Componente 42,105304,False
IQ512,59daa858c12341349b49ad11,e4375dafb40b4109b294d0bd,2023,2023-07-17,,1.28,1.28,Programa Nacional de Inducción Docente,Curso/edición,Gestión de aula - i512,Componente 23,105237,False
IQ512,b46faa5ff3764c2f8bc39909,ff1d4b25fd634bb5987c6c7c,2023,2023-01-31,100.0,0.31,0.31,Programa Nacional de Inducción Docente,Curso/edición,Gestión de aula - i512,Componente 50,105309,False
IQ512,d9092549e7484ef986765699,72335bdd56fe43e8b51efc30,2024,2024-02-05,,0.86,0.86,Programa Nacional de Inducción Docente,Curso/edición,Gestión de aula - i512,Componente 34,105292,False
IQ512,5c6e87b47470456a8c0a6437,ca96bb883dfd41ac89ca221d,2023,2023-05-29,25.0,0.34,0.34,Programa Nacional de Inducción Docente,Curso/edición,Programa Nacional de Inducción Docente,Componente 46,105189,False
IQ512,aa8aa20980a84805a6b7f16e,8d0eb23ba8034db2a653adeb,2022,2022-09-03,100.0,0.1,0.1,Programa Nacional de Inducción Docente,Curso/edición,Bienestar socioemocional - i512,Componente 52,105441,False
IQ512,1804ec5523a0419ca9c54a53,eaaf933775e74d558f7457e0,2025,2025-09-08,0.0,0.62,0.62,Programa Nacional de Inducción Docente,Curso/edición,Bienestar socioemocional - i512,Componente 27,105266,False
IQ512,24929c62bd9f49e196c6bf4b,9ae5108a734a44a3b3b0a45c,2023,2023-02-25,100.0,0.0,0.0,Programa Nacional de Inducción Docente,Curso/edición,Bienestar socioemocional - i512,Componente 36,105276,False
IQ512,27b70d87309e44b1bfbf96a5,149e0e0a2e1747fdac1861ac,2023,2023-01-23,,1.59,1.59,Programa Nacional de Inducción Docente,Curso/edición,Programa Nacional de Inducción Docente,Componente 20,105348,False
IQ512,f4fa9d57d8444a82bd6ba609,0dbbc457357f412ebd5f899c,2023,2023-07-02,100.0,0.15,0.15,Programa Nacional de Inducción Docente,Curso/edición,Programa Nacional de Inducción Docente,Componente 31,105235,False
IQ512,430bff1adb0147d78651ded8,7b88eae260654464869a1582,2023,2023-01-24,50.0,1.14,1.14,Programa Nacional de Inducción Docente - Profundización,Curso/edición,Gestión de aula - i512,Componente 21,105291,False
IQ512,706e5bbf58d9416384773d5b,bc168b28c5224f708e58d5d4,2024,2024-06-22,100.0,1.99,1.99,Programa Nacional de Inducción Docente,Curso/edición,Bienestar socioemocional - i512,Componente 38,105470,False
IQ512,eedb7be1a97349e1a184a34c,71555451160147fea88120fb,2024,2024-01-05,,0.1,0.1,Programa Nacional de Inducción Docente,Curso/edición,Programa Nacional de Inducción Docente,Componente 45,105353,False
IQ512,669d5e6783c6466fa7405837,048a6a45d2254440a7f8bcb6,2023,2023-02-06,,,,Programa Nacional de Inducción Docente,Curso/edición,Bienestar socioemocional - i512,Componente 5,105273,False
IQ512,50db8ef732d74206bc37fc97,116a93cc79584811af092901,2026,2026-01-22,0.0,0.13,0.13,Programa Nacional de Inducción Docente,Curso/edición,Programa Nacional de Inducción Docente,Componente 7,105212,False
IQ512,6ba3aac97faa47d0a985294d,9d75fc29e5864ce98f59de4a,2023,2023-01-24,,0.0,0.0,Programa Nacional de Inducción Docente,Curso/edición,Programa Nacional de Inducción Docente,Componente 36,105303,False
IQ512,65ce2f9d85c1486895bc4d73,ca96bb883dfd41ac89ca221d,2026,2026-01-29,,0.11,0.11,Programa Nacional de Inducción Docente,Curso/edición,Gestión de aula - i512,Componente 3,105189,False
IQ512,66c704fd62514b108cae7476,6ab5327c92dd4863b6ab8275,2023,2023-03-27,,0.11,0.11,Programa Nacional de Inducción Docente,Curso/edición,Bienestar socioemocional - i512,Componente 59,105274,False
IQ512,04756df3b9844b1fa4b6fd09,317cad1675a4463991b7333b,2025,2025-09-24,50.0,0.28,0.28,Programa Nacional de Inducción Docente,Curso/edición,Bienestar socioemocional - i512,Componente 26,105198,False
IQ512,7b3fb863807e4bb5b3be4490,dcbafb2f0d93482fb9a489d7,2023,2023-05-10,75.0,0.51,0.51,Programa Nacional de Inducción Docente,Curso/edición,Bienestar socioemocional - i512,Componente 47,105438,False
IQ512,007d3676f55548bc9ac9f3a1,f725dce3c25048de940ae720,2023,2023-08-13,25.0,0.04,0.04,Programa Nacional de Inducción Docente,Curso/edición,Programa Nacional de Inducción Docente,Componente 49,105392,False
IQ512,5ff2017adf2f4f2396d02fcf,0ad4e0ae144244f4836aea4c,2023,2023-11-12,100.0,0.14,0.14,Programa Nacional de Inducción Docente,Curso/edición,Programa Nacional de Inducción Docente,Componente 16,105394,False
IQ512,c1826b0992214f0592d89f0e,8c65783833dd4180924459e0,2023,2023-10-01,25.0,0.46,0.46,Programa Nacional de Inducción Docente 2024,Curso/edición,Bienestar socioemocional - i512,Componente 27,105215,False
IQ512,d09374115218481e9c090ded,cc5ec518471243968b44d76b,2023,2023-07-23,25.0,0.06,0.06,Programa Nacional de Inducción Docente 2024,Curso/edición,Gestión de aula - i512,Componente 42,105265,False
IQ512,3125fd86426f45c98624edf2,667cdf13f4544e49a127203b,2023,2023-01-27,0.0,0.4,0.4,Programa Nacional de Inducción Docente,Curso/edición,Gestión de aula - i512,Componente 26,105208,False
IQ512,616dbf5222de4a9585e68be6,9ae5108a734a44a3b3b0a45c,2023,2023-09-30,0.0,0.31,0.31,Programa Nacional de Inducción Docente,Curso/edición,Gestión de aula - i512,Componente 21,105276,False
IQ512,d9097c6914cc4be3ad6a8217,6fa8c8f76c604db6ba5a05cb,2023,2023-11-15,0.0,,,Programa Nacional de Inducción Docente,Curso/edición,Gestión de aula - i512,Componente 13,105382,False
IQ512,c7232e5630614eb2ac8c8132,8c65783833dd4180924459e0,2026,2026-07-20,,0.76,0.76,Programa Nacional de Inducción Docente,Curso/edición,Gestión de aula - i512,Componente 42,105215,False
IQ512,585c6622293f47499db00d4e,8148d7ea7d3b4f1b9ade5df4,2024,2024-07-31,,0.06,0.06,Programa Nacional de Inducción Docente,Curso/edición,Gestión de aula - i512,Componente 50,105421,False
IQ512,f07549eb222d4fa5ab899c98,9284bc01cbf74e6e83b32755,2025,2025-08-09,,0.45,0.45,Programa Nacional de Inducción Docente,Curso/edición,Bienestar socioemocional - i512,Componente 1,105327,False
IQ512,8570a88f20c34964967e1d14,ea2b216a5f034a29b40d010c,2024,2024-03-21,50.0,0.18,0.18,Programa Nacional de Inducción Docente,Curso/edición,Gestión de aula - i512,Componente 43,105223,False
IQ512,41156e03a7724a3b94e9319d,b737d77513944641945c1412,2023,2023-08-24,100.0,0.22,0.22,Programa Nacional de Inducción Docente,Curso/edición,Programa Nacional de Inducción Docente,Componente 42,105186,False
IQ512,1d13d301e173485884dc01a6,09864cb526304beba5470168,2022,2022-12-15,100.0,0.16,0.16,Programa Nacional de Inducción Docente,Curso/edición,Bienestar socioemocional - i512,Componente 7,105261,False
IQ512,8eaaa0aafc9d456eb9b9f213,789a966057d94fcd9b74b134,2023,2023-07-17,100.0,0.77,0.77,Programa Nacional de Inducción Docente,Curso/edición,Gestión de aula - i512,Componente 37,105209,False
IQ512,e615d37ad6d3417cb269131f,0dd7db72057a4e239a9db895,2023,2023-11-10,,0.36,0.36,Programa Nacional de Inducción Docente,Curso/edición,Bienestar socioemocional - i512,Componente 40,105294,False
IQ512,85351a9847264c89ace7b0f4,4bb110e24fe2492eb911d1e0,2023,2023-04-11,,0.01,0.01,Programa Nacional de Inducción Docente,Curso/edición,Bienestar socioemocional - i512,Componente 11,105459,False
IQ512,24e89c1897a34b0599054422,3ea9261b601c4157ba343a94,2023,2023-03-10,100.0,1.62,1.62,Programa Nacional de Inducción Docente,Curso/edición,Gestión de aula - i512,Componente 32,105351,False
IQ512,e33ed6e2a7e747d7b35fd8e3,71555451160147fea88120fb,2023,2023-09-24,,0.32,0.32,Programa Nacional de Inducción Docente,Curso/edición,Programa Nacional de Inducción Docente,Componente 35,105353,False
IQ512,cdc83fd1a764408eaac82c18,63611ab7ed0a4909925eb8ea,2023,2023-11-29,100.0,0.16,0.16,Programa Nacional de Inducción Docente,Curso/edición,Gestión de aula - i512,Componente 39,105193,False
IQ512,c4782383e80b4c58b1271cad,deaa5cd206be451baee5138f,2023,2023-10-18,50.0,0.09,0.09,Programa Nacional de Inducción Docente - Profundización,Curso/edición,Gestión de aula - i512,Componente 57,105427,False
IQ512,91cc571ee7ba44f685993c09,de6563148ddd406597ed22bc,2026,2026-03-19,100.0,3.17,3.17,Programa Nacional de Inducción Docente,Curso/edición,Gestión de aula - i512,Componente 52,105372,False
IQ512,896f58938cb241b29e990936,8a4fab570ee244668f796f31,2023,2023-06-11,,2.87,2.87,Programa Nacional de Inducción Docente,Curso/edición,Bienestar socioemocional - i512,Componente 50,105331,False
IQ512,5585907ad356435aa7156722,03e0948083cf496c8409b830,2023,2023-03-05,25.0,1.58,1.58,Programa Nacional de Inducción Docente,Curso/edición,Bienestar socioemocional - i512,Componente 54,105487,False
IQ512,56205455848f4975b55dd1f4,2d38f58bc6994ecfbef0ee09,2023,2023-02-21,0.0,0.03,0.03,Programa Nacional de Inducción Docente,Curso/edición,Bienestar socioemocional - i512,Componente 44,105395,False
IQ512,27f2e77e93a941869e3a3eab,eaf87d27bcba40a3894b4cfe,2023,2023-09-30,100.0,2.9,2.9,Programa Nacional de Inducción Docente - Profundización,Curso/edición,Bienestar socioemocional - i512,Componente 43,105197,False
IQ512,b20086dd467d4e9eacc9a247,29e4c3f6d6874d1abf5a233a,2025,2025-06-13,25.0,2.91,2.91,Programa Nacional de Inducción Docente - Profundización,Curso/edición,Programa Nacional de Inducción Docente,Componente 44,105362,False
IQ512,c7520c53905a4b7288d4f24a,e9a2bc567b8d4d419a4e616a,2023,2023-03-25,50.0,0.39,0.39,Programa Nacional de Inducción Docente,Curso/edición,Gestión de aula - i512,Componente 56,105248,False
IQ512,94d4f1012dc544f3b5ca5308,b5a8776ef2c54783903ac8f9,2024,2024-09-23,25.0,0.0,0.0,Programa Nacional de Inducción Docente,Curso/edición,Gestión de aula - i512,Componente 31,105192,False
IQ512,3ec37012ac97485683158f7b,ca96bb883dfd41ac89ca221d,2024,2024-10-11,,0.04,0.04,Programa Nacional de Inducción Docente,Curso/edición,Bienestar socioemocional - i512,Componente 20,105189,False
IQ512,318c49ba4c7a45cba645dfd9,09864cb526304beba5470168,2022,2022-10-08,0.0,0.89,0.89,Programa Nacional de Inducción Docente,Curso/edición,Programa Nacional de Inducción Docente,Componente 36,105261,False
IQ512,e1b4d455d51f4962ae445cf1,f89cbc7c7d1a4ca699ada917,2026,2026-07-04,25.0,0.14,0.14,Programa Nacional de Inducción Docente 2024,Curso/edición,Programa Nacional de Inducción Docente,Componente 33,105466,False
IQ512,a6da6041be344f9aae2b03cc,2c587aaa354f4c60baecf071,2023,2023-09-04,,0.16,0.16,Programa Nacional de Inducción Docente 2024,Curso/edición,Programa Nacional de Inducción Docente,Componente 12,105346,False
IQ512,13dbf38f74804869b2170ff0,409c1ce3db5d4031ab8cede4,2026,2026-03-02,,0.58,0.58,Programa Nacional de Inducción Docente,Curso/edición,Programa Nacional de Inducción Docente,Componente 43,105200,False
IQ512,b7f99aaae42d408d9c08839a,fa1c1fd9d6224fc886871f2b,2025,2025-01-11,25.0,0.6,0.6,Programa Nacional de Inducción Docente,Curso/edición,Programa Nacional de Inducción Docente,Componente 42,105210,False
IQ512,49dcc7cc787e45b39b2524a3,0dd7db72057a4e239a9db895,2024,2024-08-24,75.0,0.7,0.7,Programa Nacional de Inducción Docente,Curso/edición,Programa Nacional de Inducción Docente,Componente 15,105294,False
IQ512,2384c03318ba41dbb641bb85,c81ff1c9e16841139debe621,2026,2026-04-27,25.0,0.69,0.69,Programa Nacional de Inducción Docente,Curso/edición,Programa Nacional de Inducción Docente,Componente 55,105232,False
IQ512,f00c266e22c44a5ba1b5a7f2,cf1b0dd049e74f23912a0d61,2025,2025-03-29,100.0,0.12,0.12,Programa Nacional de Inducción Docente - Profundización,Curso/edición,Bienestar socioemocional - i512,Componente 21,105389,False
IQ512,d39c94c934e44d029203ea86,03e0948083cf496c8409b830,2024,2024-11-19,75.0,0.06,0.06,Programa Nacional de Inducción Docente,Curso/edición,Programa Nacional de Inducción Docente,Componente 31,105487,False
IQ512,8f6e9b179c374a579b9caf31,afb11e2a8fd64c6eb4a7347a,2024,2024-01-30,,0.15,0.15,Programa Nacional de Inducción Docente,Curso/edición,Programa Nacional de Inducción Docente,Componente 55,105413,False
IQ512,77f38809f1484afd8a0a934a,9306d41a6f4e4252b2c3074f,2023,2023-04-13,50.0,0.1,0.1,Programa Nacional de Inducción Docente,Curso/edición,Gestión de aula - i512,Componente 51,105269,False
IQ512,24cd157d8f0843c0a83ab235,5385b7f6848147308ba6f326,2024,2024-07-26,100.0,0.43,0.43,Programa Nacional de Inducción Docente,Curso/edición,Programa Nacional de Inducción Docente,Componente 57,105244,False
IQ512,f507e5e4d7fe47de8fbca82e,fa1c1fd9d6224fc886871f2b,2023,2023-12-26,0.0,0.04,0.04,Programa Nacional de Inducción Docente,Curso/edición,Bienestar socioemocional - i512,Componente 26,105210,False
IQ512,8553f01f99e74fc889357815,4334c2428b5949578c3ddcc8,2023,2023-03-03,0.0,0.56,0.56,Programa Nacional de Inducción Docente,Curso/edición,Programa Nacional de Inducción Docente,Componente 58,105405,False
IQ512,c7bcd7a0b1bf4759a4b29427,0dd7db72057a4e239a9db895,2023,2023-06-03,,0.59,0.59,Programa Nacional de Inducción Docente,Curso/edición,Bienestar socioemocional - i512,Componente 20,105294,False
IQ512,58b06c520ba54843bb880c22,98a45bf5c0a1409a8e9c00e7,2023,2023-01-19,75.0,1.19,1.19,Liderazgo docente - i512,Curso/edición,Programa Nacional de Inducción Docente,Componente 58,105419,False
IQ512,b803b40929e34bddadee10cb,265a1767f3f449a586ffc754,2023,2023-02-28,75.0,0.0,0.0,Programa Nacional de Inducción Docente,Curso/edición,Programa Nacional de Inducción Docente,Componente 14,105378,False
IQ512,a0ee0e7cd9a941f98346f263,789a966057d94fcd9b74b134,2023,2023-04-16,50.0,1.77,1.77,Programa Nacional de Inducción Docente,Curso/edición,Bienestar socioemocional - i512,Componente 59,105209,False
IQ512,334bfd9d70044d3781573c1a,9b7175652216402a805a3fdd,2024,2024-08-16,,1.92,1.92,Programa Nacional de Inducción Docente,Curso/edición,Bienestar socioemocional - i512,Componente 14,105493,False
IQ512,8f2ac3fc44f047f78ec838be,a5a4765354c74c4c8484b2cb,2024,2024-10-27,25.0,0.13,0.13,Programa Nacional de Inducción Docente,Curso/edición,Gestión de aula - i512,Componente 50,105388,False
IQ512,d164a279934249ad90c78c04,3428be60ae7742178dc6c7b5,2023,2023-03-13,,0.11,0.11,Programa Nacional de Inducción Docente,Curso/edición,Programa Nacional de Inducción Docente,Componente 50,105484,False
IQ512,fdbc3bbf00c844b5af764425,63611ab7ed0a4909925eb8ea,2023,2023-08-06,25.0,0.57,0.57,Programa Nacional de Inducción Docente,Curso/edición,Programa Nacional de Inducción Docente,Componente 18,105193,False
IQ512,a7530f4c7df34f54811522fb,ad782a2c837b447f8d17bf13,2026,2026-04-29,,0.0,0.0,Programa Nacional de Inducción Docente,Curso/edición,Gestión de aula - i512,Componente 11,105339,False
IQ512,cc20b24085244e5d989279d1,317cad1675a4463991b7333b,2023,2023-01-22,50.0,0.21,0.21,Programa Nacional de Inducción Docente,Curso/edición,Gestión de aula - i512,Componente 55,105198,False
IQ512,5c5bf67dee724542b6301bc4,cecabdfd5a4c41b797ecc269,2024,2024-01-12,25.0,0.02,0.02,Programa Nacional de Inducción Docente,Curso/edición,Gestión de aula - i512,Componente 27,105342,False
IQ512,9f8e7ae192f9454ca9f489e9,6356b8e091924075b99d6a5e,2026,2026-02-27,,0.21,0.21,Programa Nacional de Inducción Docente - Profundización,Curso/edición,Gestión de aula - i512,Componente 2,105497,False
IQ512,de97642081e94562890d326a,f8bd01058ec24f7687709926,2023,2023-02-26,75.0,2.09,2.09,Programa Nacional de Inducción Docente,Curso/edición,Bienestar socioemocional - i512,Componente 21,105503,False
IQ512,ef084fb72cb34bc587afbc20,b5a8776ef2c54783903ac8f9,2023,2023-04-13,,,,Programa Nacional de Inducción Docente,Curso/edición,Bienestar socioemocional - i512,Componente 7,105192,False
IQ512,fc05f38b35af481aa7fe6ab1,ee4deaa2fa3d4862ba9d842c,2023,2023-03-04,,1.4,1.4,Programa Nacional de Inducción Docente - Profundización,Curso/edición,Gestión de aula - i512,Componente 53,105440,False
IQ512,7cbf7ec2dbe84152b1be2fb4,14fbf55857cd46808fc013c3,2025,2025-07-15,,0.2,0.2,Programa Nacional de Inducción Docente,Curso/edición,Gestión de aula - i512,Componente 59,105214,False
IQ512,28b0533af4c84e3e9ce2cc63,c3cd54892e8547f7beecdac0,2024,2024-01-27,,0.01,0.01,Programa Nacional de Inducción Docente - Profundización,Curso/edición,Bienestar socioemocional - i512,Componente 14,105453,False
IQ512,2b66221c909146f98f7c6dc6,77048e22c70c4334a9e4be71,2023,2023-10-16,100.0,,,Programa Nacional de Inducción Docente,Curso/edición,Programa Nacional de Inducción Docente,Componente 27,105299,False
IQ512,bb7b76c5e2f8496eb5eb66ae,df1221bdf1d5490c947d6b72,2023,2023-04-28,25.0,0.24,0.24,Programa Nacional de Inducción Docente,Curso/edición,Gestión de aula - i512,Componente 51,105488,False
IQ512,5547959003224d2bbba1a8b6,4334c2428b5949578c3ddcc8,2026,2026-04-07,,0.23,0.23,Programa Nacional de Inducción Docente,Curso/edición,Bienestar socioemocional - i512,Componente 51,105405,False
IQ512,6421aa51459f4d8e9294abf0,a38e5c6a8de344dcb13006e2,2023,2023-03-08,50.0,1.03,1.03,Programa Nacional de Inducción Docente,Curso/edición,Bienestar socioemocional - i512,Componente 41,105450,False
IQ512,65bb6348a53f4a30ac48171b,9ae5108a734a44a3b3b0a45c,2023,2023-09-01,100.0,0.19,0.19,Programa Nacional de Inducción Docente,Curso/edición,Bienestar socioemocional - i512,Componente 38,105276,False
IQ512,92147ef7a9d24dcdb8229c22,cd3c62e122094cf7980f5a2c,2025,2025-05-31,50.0,0.32,0.32,Programa Nacional de Inducción Docente - Profundización,Curso/edición,Programa Nacional de Inducción Docente,Componente 39,105344,False
IQ512,b7ea2c7201514beb817720ac,c8f0b975ecdd4e1e88941736,2023,2023-07-21,,1.42,1.42,Programa Nacional de Inducción Docente,Curso/edición,Bienestar socioemocional - i512,Componente 47,105492,False
IQ512,88c1b1da4a274a43a4183740,a8b827d7c1c345a29590caf7,2023,2023-10-20,,0.62,0.62,Programa Nacional de Inducción Docente 2024,Curso/edición,Gestión de aula - i512,Componente 9,105318,False
IQ512,7e8be8bbca8249d4a649a3d6,74b9644a6001467d9530e829,2023,2023-08-29,,0.47,0.47,Programa Nacional de Inducción Docente,Curso/edición,Gestión de aula - i512,Componente 25,105283,False
IQ512,c6e649b07d394fec93ae5540,8dbd1b8e7c074f439acf6516,2023,2023-03-27,75.0,0.38,0.38,Programa Nacional de Inducción Docente,Curso/edición,Bienestar socioemocional - i512,Componente 51,105187,False
IQ512,00176b772e01421493768b5b,8d0eb23ba8034db2a653adeb,2023,2023-08-22,,0.08,0.08,Programa Nacional de Inducción Docente,Curso/edición,Gestión de aula - i512,Componente 44,105441,False
IQ512,b41d702e334e488c9f43e8d1,3737a9ad4bbc41cdb6393199,2023,2023-01-27,50.0,0.96,0.96,Programa Nacional de Inducción Docente,Curso/edición,Gestión de aula - i512,Componente 45,105236,False
IQ512,a91d3b8fff9d477f9a4ae37b,57593167db0842d697f8d79f,2024,2024-09-12,75.0,0.1,0.1,Programa Nacional de Inducción Docente,Curso/edición,Bienestar socioemocional - i512,Componente 4,105295,False
IQ512,fc25cab518184167a83bd955,246ecfff06dd4c809a037219,2023,2023-08-25,50.0,0.78,0.78,Programa Nacional de Inducción Docente,Curso/edición,Gestión de aula - i512,Componente 5,105502,False
IQ512,7343b240c5914f44ad4dbdf1,f8bd01058ec24f7687709926,2023,2023-08-20,0.0,0.38,0.38,Programa Nacional de Inducción Docente - Profundización,Curso/edición,Programa Nacional de Inducción Docente,Componente 1,105503,False
IQ512,4e11adbd7c1d4815afa1232e,2c587aaa354f4c60baecf071,2024,2024-06-03,50.0,0.83,0.83,Programa Nacional de Inducción Docente,Curso/edición,Bienestar socioemocional - i512,Componente 14,105346,False
IQ512,404771ac1d46413195fb00c7,789a966057d94fcd9b74b134,2024,2024-02-03,100.0,1.63,1.63,Programa Nacional de Inducción Docente,Curso/edición,Gestión de aula - i512,Componente 14,105209,True
IQ512,de59775b1ab54f37bff54b29,ead28e25c79f4763920a5313,2023,2023-05-31,50.0,0.04,0.04,Programa Nacional de Inducción Docente,Curso/edición,Bienestar socioemocional - i512,Componente 46,105361,False
IQ512,fc145ad2ae11401283841d3e,14fbf55857cd46808fc013c3,2023,2023-09-22,0.0,0.19,0.19,Programa Nacional de Inducción Docente,Curso/edición,Bienestar socioemocional - i512,Componente 26,105214,False
IQ512,998ae5a020604b0692fc65a0,af3f1b807df249cb9f0c8a25,2024,2024-05-19,,0.16,0.16,Programa Nacional de Inducción Docente,Curso/edición,Gestión de aula - i512,Componente 15,105368,False
IQ512,b80ec939a3854f45a5719e25,98020567346040b982c95840,2024,2024-08-13,0.0,1.92,1.92,Programa Nacional de Inducción Docente,Curso/edición,Gestión de aula - i512,Componente 8,105239,False
IQ512,4ae323ca29fa453b8ed2a11b,ad782a2c837b447f8d17bf13,2024,2024-01-05,25.0,0.45,0.45,Programa Nacional de Inducción Docente,Curso/edición,Gestión de aula - i512,Componente 26,105339,False
IQ512,58419585019a481bb4d240a9,aab7ebc80c134d8998f5414f,2024,2024-04-01,100.0,0.15,0.15,Programa Nacional de Inducción Docente - Profundización,Curso/edición,Programa Nacional de Inducción Docente,Componente 39,105343,False
IQ512,295fc45474c545589d31b83f,79f90b3590f94ab8862a51e8,2022,2022-01-11,50.0,0.12,0.12,Programa Nacional de Inducción Docente,Curso/edición,Bienestar socioemocional - i512,Componente 41,105205,False
IQ512,29def760eaa34a7188446a44,ead28e25c79f4763920a5313,2023,2023-07-14,,0.07,0.07,Programa Nacional de Inducción Docente,Curso/edición,Gestión de aula - i512,Componente 10,105361,False
IQ512,02e3250ee90f49268d20bc7e,09864cb526304beba5470168,2023,2023-07-01,0.0,0.65,0.65,Programa Nacional de Inducción Docente,Curso/edición,Gestión de aula - i512,Componente 24,105261,False
IQ512,e4252ddcbc7d4e0c9abe623a,19f183595d58476c8078ec17,2023,2023-07-01,25.0,0.5,0.5,Programa Nacional de Inducción Docente - Profundización,Curso/edición,Bienestar socioemocional - i512,Componente 40,105293,False
IQ512,4b4f62ac76814b508e46d4ea,deaa5cd206be451baee5138f,2023,2023-04-09,75.0,0.1,0.1,Programa Nacional de Inducción Docente,Curso/edición,Programa Nacional de Inducción Docente,Componente 45,105427,False
IQ512,2699125572894095806dfc31,ff1d4b25fd634bb5987c6c7c,2023,2023-02-05,100.0,0.53,0.53,Programa Nacional de Inducción Docente,Curso/edición,Bienestar socioemocional - i512,Componente 4,105309,False
IQ512,763c21130a7e4366b0f8f42b,81d8095ac7184e0f886a15af,2022,2022-09-16,,,,Programa Nacional de Inducción Docente,Curso/edición,Gestión de aula - i512,Componente 4,105431,False
IQ512,f69d64c51fed404bb29533c9,85f0eac0dd064d718d98d289,2025,2025-07-29,100.0,0.65,0.65,Programa Nacional de Inducción Docente,Curso/edición,Programa Nacional de Inducción Docente,Componente 29,105463,False
IQ512,d3357802248f47239240fee4,bb0efadaeed747038ebffaa2,2023,2023-06-06,25.0,1.18,1.18,Liderazgo docente - i512,Curso/edición,Programa Nacional de Inducción Docente,Componente 13,105228,False
IQ512,51b710fa245749798bb884ab,7b88eae260654464869a1582,2023,2023-04-17,100.0,2.37,2.37,Programa Nacional de Inducción Docente,Curso/edición,Bienestar socioemocional - i512,Componente 34,105291,False
IQ512,88d7977d0d1e41aa856d2fde,7c97c1011d2c47459f4fdafd,2023,2023-04-03,25.0,1.59,1.59,Programa Nacional de Inducción Docente,Curso/edición,Bienestar socioemocional - i512,Componente 40,105403,False
IQ512,9c08a3317f2643c49d4372a4,fa1c1fd9d6224fc886871f2b,2023,2023-09-29,,0.21,0.21,Programa Nacional de Inducción Docente,Curso/edición,Gestión de aula - i512,Componente 4,105210,False
IQ512,06848dc14c024a1d8fa57bb6,c8f0b975ecdd4e1e88941736,2023,2023-02-14,,0.34,0.34,Programa Nacional de Inducción Docente,Curso/edición,Programa Nacional de Inducción Docente,Componente 29,105492,False
IQ512,a179d4d85ac242a5a51359b9,dc9add5ed8c04437af365e25,2023,2023-09-11,,1.71,1.71,Programa Nacional de Inducción Docente,Curso/edición,Bienestar socioemocional - i512,Componente 16,105365,False
IQ512,9a0c47ba7b6d4caf806cdc29,a1752d97d16944db859ca475,2024,2024-04-29,,0.02,0.02,Programa Nacional de Inducción Docente,Curso/edición,Programa Nacional de Inducción Docente,Componente 10,105251,False
IQ512,2e70563a0b2042c5931f8d45,a38e5c6a8de344dcb13006e2,2024,2024-10-02,0.0,0.51,0.51,Programa Nacional de Inducción Docente,Curso/edición,Gestión de aula - i512,Componente 20,105450,False
IQ512,c8d6c350747b4ac3b9a418ca,246ecfff06dd4c809a037219,2023,2023-12-20,50.0,0.05,0.05,Programa Nacional de Inducción Docente,Curso/edición,Programa Nacional de Inducción Docente,Componente 29,105502,False
IQ512,51b40cf5295d49c3848c7db3,62446d6d19dd4ab8bc2e277f,2023,2023-03-13,,2.45,2.45,Programa Nacional de Inducción Docente - Profundización,Curso/edición,Bienestar socioemocional - i512,Componente 31,105345,False
IQ512,9cc50d86b65744a48287336e,03e0948083cf496c8409b830,2023,2023-01-28,,0.0,0.0,Programa Nacional de Inducción Docente,Curso/edición,Bienestar socioemocional - i512,Componente 14,105487,False
IQ512,4254515c72b14b4f84626073,c0658296ef1c49628c88e909,2023,2023-07-06,0.0,1.11,1.11,Programa Nacional de Inducción Docente,Curso/edición,Bienestar socioemocional - i512,Componente 24,105222,False
IQ512,0ee9f0180a84439281d7537d,16963ecc19514a569b574e66,2023,2023-01-21,,2.06,2.06,Programa Nacional de Inducción Docente,Curso/edición,Gestión de aula - i512,Componente 32,105282,False
IQ512,452c3269ce244bb0966c9586,eaf87d27bcba40a3894b4cfe,2023,2023-12-09,,0.02,0.02,Programa Nacional de Inducción Docente,Curso/edición,Programa Nacional de Inducción Docente,Componente 42,105197,False
IQ512,2d59d9aadade4782b5fc6eb6,d5b46ee4fe114b659378e375,2023,2023-01-12,0.0,1.96,1.96,Programa Nacional de Inducción Docente,Curso/edición,Programa Nacional de Inducción Docente,Componente 11,105458,False
IQ512,e98c914a412440b995117f23,30da5377a4434ea1ae7823d1,2023,2023-08-21,,1.17,1.17,Programa Nacional de Inducción Docente 2024,Curso/edición,Bienestar socioemocional - i512,Componente 53,105220,False
IQ512,59aaabeb58fc483cbcc218e8,a38e5c6a8de344dcb13006e2,2024,2024-11-08,100.0,0.52,0.52,Programa Nacional de Inducción Docente,Curso/edición,Programa Nacional de Inducción Docente,Componente 10,105450,False
IQ512,acb37d2213fe4f5abac75548,9eff69a9b37941ddbbc85221,2024,2024-09-21,25.0,0.35,0.35,Programa Nacional de Inducción Docente,Curso/edición,Gestión de aula - i512,Componente 56,105430,False
IQ512,10d60d36e97a4ea7a7664f67,53eb07b5870a4ec2863ddb43,2023,2023-09-19,0.0,0.12,0.12,Programa Nacional de Inducción Docente,Curso/edición,Gestión de aula - i512,Componente 47,105259,False
IQ512,b589e0975a6542fd9291fea6,3428be60ae7742178dc6c7b5,2023,2023-10-13,100.0,0.12,0.12,Liderazgo docente - i512,Curso/edición,Gestión de aula - i512,Componente 52,105484,False
IQ512,129b479c43454fdd94e182dc,81d8095ac7184e0f886a15af,2024,2024-07-30,50.0,0.24,0.24,Programa Nacional de Inducción Docente,Curso/edición,Programa Nacional de Inducción Docente,Componente 27,105431,False
IQ512,383be9c2a5a84b92930bc952,a499816553f0493b932b624d,2023,2023-06-01,,2.27,2.27,Programa Nacional de Inducción Docente,Curso/edición,Gestión de aula - i512,Componente 50,105271,True
IQ512,711ead49ada04977bcf9071f,81d8095ac7184e0f886a15af,2023,2023-08-08,75.0,0.28,0.28,Programa Nacional de Inducción Docente,Curso/edición,Programa Nacional de Inducción Docente,Componente 27,105431,False
IQ512,6fb85fad5965440ab8a492e5,b75ef5c228a24d329f8a6f28,2023,2023-01-22,25.0,0.02,0.02,Programa Nacional de Inducción Docente,Curso/edición,Bienestar socioemocional - i512,Componente 53,105227,False
IQ512,9de88b7611a1443ba61bfb4b,0dd7db72057a4e239a9db895,2023,2023-04-23,0.0,0.27,0.27,Programa Nacional de Inducción Docente,Curso/edición,Bienestar socioemocional - i512,Componente 22,105294,False
IQ512,3eee2fa03caa4b998f5cf458,2aa2ec1b31df42e2aff144c3,2024,2024-01-12,0.0,1.11,1.11,Programa Nacional de Inducción Docente - Profundización,Curso/edición,Programa Nacional de Inducción Docente,Componente 19,105195,False
IQ512,8375db57f67e424093e8a28d,de6563148ddd406597ed22bc,2025,2025-09-17,,0.71,0.71,Programa Nacional de Inducción Docente,Curso/edición,Bienestar socioemocional - i512,Componente 33,105372,False
IQ512,8fb3958360914e65a34165f8,13dbf1462b0341dca63d01ab,2024,2024-04-13,75.0,0.13,0.13,Programa Nacional de Inducción Docente - Profundización,Curso/edición,Programa Nacional de Inducción Docente,Componente 33,105449,True
IQ512,b6edf4d34a704078949ea96c,3737a9ad4bbc41cdb6393199,2023,2023-03-11,25.0,0.02,0.02,Programa Nacional de Inducción Docente,Curso/edición,Bienestar socioemocional - i512,Componente 18,105236,False
IQ512,4649aff491064834ad046165,51054bc35cf34983a8602e77,2023,2023-05-25,100.0,0.52,0.52,Programa Nacional de Inducción Docente,Curso/edición,Gestión de aula - i512,Componente 22,105306,False
IQ512,c573c291be8d4e44a4e36a62,8148d7ea7d3b4f1b9ade5df4,2023,2023-04-07,,0.46,0.46,Programa Nacional de Inducción Docente,Curso/edición,Bienestar socioemocional - i512,Componente 32,105421,False
IQ512,667d67bd044f4ba7854a4093,149e0e0a2e1747fdac1861ac,2023,2023-03-21,25.0,0.01,0.01,Programa Nacional de Inducción Docente,Curso/edición,Bienestar socioemocional - i512,Componente 47,105348,False
IQ512,579de2d91182460c8a873aab,b737d77513944641945c1412,2024,2024-08-09,,0.04,0.04,Programa Nacional de Inducción Docente,Curso/edición,Bienestar socioemocional - i512,Componente 3,105186,False
IQ512,b82b27371d1a435fb78cc75a,84bc8a546e684c5687c661a9,2023,2023-07-05,25.0,0.11,0.11,Programa Nacional de Inducción Docente,Curso/edición,Gestión de aula - i512,Componente 9,105428,False
IQ512,fc9ef75e60a142c291b66b42,f72e9ce329294b1f9608a401,2022,2022-04-20,,1.08,1.08,Liderazgo docente - i512,Curso/edición,Programa Nacional de Inducción Docente,Componente 54,105199,False
IQ512,a18282da330b4740b7e7cffa,ead28e25c79f4763920a5313,2024,2024-06-28,25.0,0.45,0.45,Programa Nacional de Inducción Docente,Curso/edición,Bienestar socioemocional - i512,Componente 3,105361,False
IQ512,ef1732e4c03c4d288effad82,2ca1013a0fea4a1d8335308b,2026,2026-02-12,,0.12,0.12,Programa Nacional de Inducción Docente,Curso/edición,Programa Nacional de Inducción Docente,Componente 36,105213,False
IQ512,6926e031e87a497b8c7c0f6d,74b9644a6001467d9530e829,2026,2026-07-03,,0.01,0.01,Programa Nacional de Inducción Docente,Curso/edición,Gestión de aula - i512,Componente 13,105283,False
IQ512,a9b093590e46420d80f1e153,79f90b3590f94ab8862a51e8,2024,2024-04-28,50.0,0.04,0.04,Programa Nacional de Inducción Docente,Curso/edición,Gestión de aula - i512,Componente 37,105205,False
IQ512,fabb46cbd9c44ed097152dbc,5178575c252d488398975cfd,2024,2024-10-09,50.0,0.35,0.35,Programa Nacional de Inducción Docente,Curso/edición,Bienestar socioemocional - i512,Componente 22,105465,False
IQ512,648bb3fc740947d18b5871ef,c94ca48f23744b1d9b7ca355,2023,2023-12-15,50.0,2.53,2.53,Programa Nacional de Inducción Docente,Curso/edición,Bienestar socioemocional - i512,Componente 1,105385,False
IQ512,969d84d77eda43e39a4638d9,e787a33bd6ea4f8d94c0de47,2023,2023-05-16,100.0,0.23,0.23,Programa Nacional de Inducción Docente,Curso/edición,Bienestar socioemocional - i512,Componente 5,105234,False
IQ512,d8c7640edbff4233a495cc4a,be430629430f473593b6ce21,2024,2024-06-09,,,,Programa Nacional de Inducción Docente,Curso/edición,Programa Nacional de Inducción Docente,Componente 58,105219,False
IQ512,9f5c2594be0340dc8f445f61,85f0eac0dd064d718d98d289,2023,2023-01-18,50.0,0.11,0.11,Programa Nacional de Inducción Docente,Curso/edición,Bienestar socioemocional - i512,Componente 53,105463,False
IQ512,32f658b24b0048caa9ea4327,8c65783833dd4180924459e0,2023,2023-12-27,100.0,0.03,0.03,Programa Nacional de Inducción Docente - Profundización,Curso/edición,Programa Nacional de Inducción Docente,Componente 34,105215,False
IQ512,d20b20a3b58545a1a1059ecc,a38e5c6a8de344dcb13006e2,2023,2023-09-20,,0.68,0.68,Programa Nacional de Inducción Docente 2024,Curso/edición,Gestión de aula - i512,Componente 19,105450,False
IQ512,e95841a34f8645cd810799d4,9304fb0da0fc4b26af6cc39e,2023,2023-06-30,,0.87,0.87,Programa Nacional de Inducción Docente,Curso/edición,Programa Nacional de Inducción Docente,Componente 25,105412,False
IQ512,999c441794aa4ec79115fea9,a8b827d7c1c345a29590caf7,2025,2025-01-18,,0.67,0.67,Programa Nacional de Inducción Docente 2024,Curso/edición,Programa Nacional de Inducción Docente,Componente 43,105318,False
IQ512,5f3f6edf5ca4472b934111a4,b7689f9636d544ffa0dd719c,2023,2023-05-07,100.0,0.27,0.27,Programa Nacional de Inducción Docente 2024,Curso/edición,Programa Nacional de Inducción Docente,Componente 22,105298,False
IQ512,f61785f41d1d4c35953b3693,c8944303954243ce88e9c084,2025,2025-09-11,25.0,0.32,0.32,Programa Nacional de Inducción Docente - Profundización,Curso/edición,Programa Nacional de Inducción Docente,Componente 26,105414,False
IQ512,e7a1b704bcef41c7bb6e8549,b140c9baa55e481cb97c165e,2023,2023-06-20,25.0,0.01,0.01,Programa Nacional de Inducción Docente,Curso/edición,Bienestar socioemocional - i512,Componente 52,105288,False
IQ512,cf752a9b5f8b4fb3b17d47fc,19f183595d58476c8078ec17,2023,2023-05-12,50.0,0.17,0.17,Programa Nacional de Inducción Docente,Curso/edición,Bienestar socioemocional - i512,Componente 38,105293,False
IQ512,68edbd9dc6f1414ebe32d393,c8944303954243ce88e9c084,2022,2022-03-21,100.0,0.01,0.01,Programa Nacional de Inducción Docente,Curso/edición,Gestión de aula - i512,Componente 58,105414,False
IQ512,11f97732b66042d4a1663a1f,7626b6d687ba4961acf35576,2023,2023-10-07,,0.84,0.84,Programa Nacional de Inducción Docente - Profundización,Curso/edición,Bienestar socioemocional - i512,Componente 18,105456,False
IQ512,7b52e9ecd0784c45bc3d6027,14fbf55857cd46808fc013c3,2025,2025-03-22,75.0,0.31,0.31,Programa Nacional de Inducción Docente 2024,Curso/edición,Gestión de aula - i512,Componente 19,105214,False
IQ512,410cc6b0d9d1439491732cb2,a38e5c6a8de344dcb13006e2,2023,2023-10-01,0.0,1.64,1.64,Programa Nacional de Inducción Docente,Curso/edición,Gestión de aula - i512,Componente 12,105450,False
IQ512,5cd6894de0c04253bbf26581,1a5e5b71b1ae4ec89c2cbbd1,2023,2023-09-03,100.0,0.01,0.01,Programa Nacional de Inducción Docente,Curso/edición,Bienestar socioemocional - i512,Componente 59,105402,False
IQ512,5fff9d70bfbc4b7fa774ad16,39c0bd3e6ca148b08ac8d17a,2023,2023-03-10,,2.4,2.4,Programa Nacional de Inducción Docente - Profundización,Curso/edición,Programa Nacional de Inducción Docente,Componente 23,105338,False
IQ512,45f69ba938f34e69b0b1b08f,9d75fc29e5864ce98f59de4a,2023,2023-04-22,,1.49,1.49,Programa Nacional de Inducción Docente,Curso/edición,Programa Nacional de Inducción Docente,Componente 27,105303,False
IQ512,2e0678956c5d4cceb1da49dc,e4107e5415964189ac5dd008,2026,2026-02-26,100.0,0.01,0.01,Programa Nacional de Inducción Docente,Curso/edición,Gestión de aula - i512,Componente 43,105380,False
IQ512,5606da8eb553419fbdec2286,ad782a2c837b447f8d17bf13,2026,2026-05-10,25.0,0.59,0.59,Liderazgo docente - i512,Curso/edición,Gestión de aula - i512,Componente 20,105339,False
IQ512,208fa5b12d0841b89a32ca69,b8b47e3a2e0b4246878c90e5,2024,2024-12-24,25.0,0.05,0.05,Programa Nacional de Inducción Docente,Curso/edición,Programa Nacional de Inducción Docente,Componente 25,105398,False
IQ512,aecf8dad15a947c3a7a25b69,100a404f17da46218111c086,2024,2024-01-28,100.0,0.67,0.67,Programa Nacional de Inducción Docente 2024,Curso/edición,Gestión de aula - i512,Componente 49,105320,False
IQ512,33dc4030cf68466b8a358cee,c4a9bea4965f42a1b9c9a741,2023,2023-07-17,,,,Programa Nacional de Inducción Docente 2024,Curso/edición,Gestión de aula - i512,Componente 33,105373,False
IQ512,1894b3471d5441eb95a54c4b,f43415bb5f284a04a93c3541,2024,2024-09-17,0.0,0.11,0.11,Programa Nacional de Inducción Docente,Curso/edición,Programa Nacional de Inducción Docente,Componente 34,105387,False
IQ512,dc57bc53e22f443096d42038,b40f6703aeb44096b2737c8f,2023,2023-12-30,25.0,0.1,0.1,Programa Nacional de Inducción Docente - Profundización,Curso/edición,Bienestar socioemocional - i512,Componente 4,105260,False
IQ512,b02fca97a207454e8c608759,c73395599d4445a6a2a4bfef,2023,2023-03-29,75.0,0.12,0.12,Programa Nacional de Inducción Docente 2024,Curso/edición,Gestión de aula - i512,Componente 46,105469,False
IQ512,23bcaa9bf5694d69b2ef2da6,c0658296ef1c49628c88e909,2023,2023-09-11,100.0,0.23,0.23,Programa Nacional de Inducción Docente,Curso/edición,Programa Nacional de Inducción Docente,Componente 52,105222,False
IQ512,7e06f1f3c1424470ad935e7d,39c0bd3e6ca148b08ac8d17a,2023,2023-03-07,25.0,1.63,1.63,Programa Nacional de Inducción Docente,Curso/edición,Bienestar socioemocional - i512,Componente 12,105338,False
IQ512,91e2d0d7838f46ce8bc9b7c2,61cd8af4c3e245febebed4e5,2023,2023-03-13,,0.2,0.2,Programa Nacional de Inducción Docente,Curso/edición,Programa Nacional de Inducción Docente,Componente 46,105272,False
IQ512,097fa5262c32479e948e07b1,f89cbc7c7d1a4ca699ada917,2024,2024-01-06,,0.45,0.45,Programa Nacional de Inducción Docente,Curso/edición,Programa Nacional de Inducción Docente,Componente 34,105466,False
IQ512,6dbdeeeeb83d4dc5a2deaaff,6356b8e091924075b99d6a5e,2022,2022-06-19,,0.99,0.99,Programa Nacional de Inducción Docente,Curso/edición,Gestión de aula - i512,Componente 32,105497,False
IQ512,64aae94c7a2b47f885567aba,bb0efadaeed747038ebffaa2,2023,2023-10-23,,0.38,0.38,Programa Nacional de Inducción Docente,Curso/edición,Programa Nacional de Inducción Docente,Componente 57,105228,False
IQ512,a2a5167f7bf74ce99d338b04,af3f1b807df249cb9f0c8a25,2023,2023-12-22,50.0,0.17,0.17,Programa Nacional de Inducción Docente 2024,Curso/edición,Bienestar socioemocional - i512,Componente 37,105368,False
IQ512,2181ba2df1e1474d93aba00e,0584bd68b35245949e4d9e03,2024,2024-03-10,,0.2,0.2,Programa Nacional de Inducción Docente,Curso/edición,Programa Nacional de Inducción Docente,Componente 43,105486,False
IQ512,2efe1ad63ff94de6b8817a74,fab4b866c7b84ba5a715f2a1,2022,2022-08-11,,0.52,0.52,Programa Nacional de Inducción Docente,Curso/edición,Bienestar socioemocional - i512,Componente 29,105286,False
IQ512,a9ddb90a2a114abdb386cbd3,df1221bdf1d5490c947d6b72,2024,2024-03-17,75.0,0.04,0.04,Programa Nacional de Inducción Docente,Curso/edición,Bienestar socioemocional - i512,Componente 32,105488,False
IQ512,181e7ef17d8f4331a6176c82,c0658296ef1c49628c88e909,2024,2024-02-28,25.0,1.05,1.05,Programa Nacional de Inducción Docente,Curso/edición,Gestión de aula - i512,Componente 27,105222,False
IQ512,d9f966289ea2452b974ffa81,b7689f9636d544ffa0dd719c,2023,2023-07-20,50.0,0.85,0.85,Programa Nacional de Inducción Docente,Curso/edición,Gestión de aula - i512,Componente 19,105298,False
IQ512,dec9a618712f495c98f8eeab,0190c7be89ab454fa26d0681,2023,2023-08-25,,0.21,0.21,Programa Nacional de Inducción Docente,Curso/edición,Programa Nacional de Inducción Docente,Componente 10,105300,False
IQ512,563ffc2454be4eadb71e2b88,c3cd54892e8547f7beecdac0,2023,2023-08-10,,2.31,2.31,Programa Nacional de Inducción Docente,Curso/edición,Gestión de aula - i512,Componente 31,105453,False
IQ512,20bad7a305924a2ebc97f370,e4655a4bf0354abc82264339,2023,2023-10-07,50.0,0.18,0.18,Programa Nacional de Inducción Docente,Curso/edición,Bienestar socioemocional - i512,Componente 51,105247,False
IQ512,49d013f438f1403296a49f90,84bc8a546e684c5687c661a9,2025,2025-04-11,25.0,0.1,0.1,Programa Nacional de Inducción Docente,Curso/edición,Programa Nacional de Inducción Docente,Componente 7,105428,False
IQ512,5e18cdc43ade4c779af7a722,cc5ec518471243968b44d76b,2023,2023-12-03,,0.04,0.04,Programa Nacional de Inducción Docente,Curso/edición,Programa Nacional de Inducción Docente,Componente 42,105265,False
IQ512,fe15e712e62e45099cef6c4c,30da5377a4434ea1ae7823d1,2023,2023-04-04,25.0,0.42,0.42,Programa Nacional de Inducción Docente - Profundización,Curso/edición,Gestión de aula - i512,Componente 38,105220,False
IQ512,fa4f850139ca40a0834973eb,317cad1675a4463991b7333b,2023,2023-07-01,100.0,0.6,0.6,Programa Nacional de Inducción Docente 2024,Curso/edición,Bienestar socioemocional - i512,Componente 21,105198,False
IQ512,cae3c8db680747638cb8970f,53eb07b5870a4ec2863ddb43,2023,2023-11-22,,2.11,2.11,Programa Nacional de Inducción Docente,Curso/edición,Bienestar socioemocional - i512,Componente 55,105259,False
IQ512,fcc4cb608e0245ce86cb1ba6,df1221bdf1d5490c947d6b72,2023,2023-10-09,75.0,0.71,0.71,Programa Nacional de Inducción Docente,Curso/edición,Programa Nacional de Inducción Docente,Componente 35,105488,False
IQ512,c0f67eaef99e4176aadbb2a5,0fadfe3c6ab5414fba887b0a,2023,2023-05-21,,0.41,0.41,Programa Nacional de Inducción Docente,Curso/edición,Programa Nacional de Inducción Docente,Componente 37,105366,False
IQ512,16db1deb342440dbb25a1cbc,e9a2bc567b8d4d419a4e616a,2023,2023-03-26,25.0,0.27,0.27,Programa Nacional de Inducción Docente,Curso/edición,Programa Nacional de Inducción Docente,Componente 43,105248,False
IQ512,b7e3c05627d6462b9c2762e8,0fa455afdddb43f79ea334d3,2024,2024-06-07,,0.85,0.85,Programa Nacional de Inducción Docente,Curso/edición,Gestión de aula - i512,Componente 31,105357,False
IQ512,8ef6cfaabf2f4e8fae74ffe1,246ecfff06dd4c809a037219,2023,2023-07-08,50.0,1.21,1.21,Programa Nacional de Inducción Docente,Curso/edición,Gestión de aula - i512,Componente 38,105502,False
IQ512,6adaca9875a642bd8ce2909b,317cad1675a4463991b7333b,2023,2023-02-12,0.0,0.17,0.17,Programa Nacional de Inducción Docente,Curso/edición,Programa Nacional de Inducción Docente,Componente 29,105198,False
IQ512,720c616ee35a416285cae023,4bb110e24fe2492eb911d1e0,2023,2023-10-16,,1.22,1.22,Programa Nacional de Inducción Docente,Curso/edición,Gestión de aula - i512,Componente 36,105459,False
IQ512,cb9121ef92f84df7a71de3a2,bb97def0b02f4427a00195f9,2023,2023-06-12,75.0,0.27,0.27,Programa Nacional de Inducción Docente,Curso/edición,Programa Nacional de Inducción Docente,Componente 44,105287,False
IQ512,f8ddaf5f29694ab48b4bcee5,9304fb0da0fc4b26af6cc39e,2026,2026-01-21,,0.02,0.02,Programa Nacional de Inducción Docente,Curso/edición,Bienestar socioemocional - i512,Componente 38,105412,False
IQ512,783a86d11c56485093dd1562,f9da23eabcd84ae9a6c31d19,2023,2023-07-25,,0.0,0.0,Programa Nacional de Inducción Docente,Curso/edición,Gestión de aula - i512,Componente 11,105471,False
IQ512,708b46ad8bba4325b4ac417c,149e0e0a2e1747fdac1861ac,2024,2024-04-19,75.0,1.28,1.28,Programa Nacional de Inducción Docente - Profundización,Curso/edición,Programa Nacional de Inducción Docente,Componente 24,105348,False
IQ512,0b1efc22ec8a49eeb7c1897e,0a362d417cf54e7dab6cdd00,2026,2026-05-31,,0.46,0.46,Programa Nacional de Inducción Docente,Curso/edición,Bienestar socioemocional - i512,Componente 50,105480,False
IQ512,9f10e0094ec04665887d9a74,accb6322787d4f4aa7284f37,2023,2023-09-18,50.0,0.27,0.27,Programa Nacional de Inducción Docente,Curso/edición,Bienestar socioemocional - i512,Componente 22,105301,False
IQ512,be41f55562d748d189393599,cf1b0dd049e74f23912a0d61,2024,2024-12-05,25.0,0.01,0.01,Programa Nacional de Inducción Docente,Curso/edición,Programa Nacional de Inducción Docente,Componente 50,105389,False
IQ512,087f0696c9c347158407c92f,480cb530aa2d48c5acbe06c6,2023,2023-05-23,100.0,0.27,0.27,Programa Nacional de Inducción Docente,Curso/edición,Programa Nacional de Inducción Docente,Componente 15,105498,False
IQ512,588826ba1071459dac23a2bb,048a6a45d2254440a7f8bcb6,2023,2023-06-09,100.0,0.63,0.63,Programa Nacional de Inducción Docente,Curso/edición,Bienestar socioemocional - i512,Componente 58,105273,False
IQ512,cb813a3e194244bfa37480de,03e0948083cf496c8409b830,2023,2023-07-29,,0.65,0.65,Liderazgo docente - i512,Curso/edición,Bienestar socioemocional - i512,Componente 19,105487,False
IQ512,27cbc6a563a14b1c9a9dbd88,dcbafb2f0d93482fb9a489d7,2023,2023-08-06,0.0,0.04,0.04,Liderazgo docente - i512,Curso/edición,Bienestar socioemocional - i512,Componente 49,105438,False
IQ512,15edc28d7db348f4801ac18c,226ab906583c44cf903022d1,2023,2023-04-25,75.0,1.03,1.03,Programa Nacional de Inducción Docente,Curso/edición,Bienestar socioemocional - i512,Componente 50,105326,False
IQ512,016775ef7b4f4f37a8b51acb,63611ab7ed0a4909925eb8ea,2023,2023-01-24,100.0,0.6,0.6,Programa Nacional de Inducción Docente,Curso/edición,Gestión de aula - i512,Componente 58,105193,False
IQ512,2de47b12c4604aa49d657354,a1752d97d16944db859ca475,2023,2023-07-25,,0.32,0.32,Programa Nacional de Inducción Docente,Curso/edición,Gestión de aula - i512,Componente 1,105251,False
IQ512,a2e9715122d84d3abec53603,d5b46ee4fe114b659378e375,2023,2023-08-26,,0.03,0.03,Programa Nacional de Inducción Docente - Profundización,Curso/edición,Programa Nacional de Inducción Docente,Componente 13,105458,False
IQ512,ed4c6ef74cbb4de4bbee714c,c0658296ef1c49628c88e909,2023,2023-01-21,100.0,0.53,0.53,Programa Nacional de Inducción Docente,Curso/edición,Bienestar socioemocional - i512,Componente 58,105222,False
IQ512,ef7440f628954f3babc5f8f5,0ad4e0ae144244f4836aea4c,2024,2024-06-06,50.0,0.77,0.77,Programa Nacional de Inducción Docente,Curso/edición,Bienestar socioemocional - i512,Componente 28,105394,False
IQ512,95eb6dda1f9846528283ce15,cd3c62e122094cf7980f5a2c,2023,2023-06-18,25.0,0.14,0.14,Programa Nacional de Inducción Docente,Curso/edición,Programa Nacional de Inducción Docente,Componente 56,105344,False
IQ512,a9d9ccf35f23413b83e70c9a,c0658296ef1c49628c88e909,2023,2023-02-12,,0.23,0.23,Programa Nacional de Inducción Docente,Curso/edición,Gestión de aula - i512,Componente 46,105222,False
IQ512,001e7cce38484898a86e56f2,03e0948083cf496c8409b830,2024,2024-08-13,50.0,0.92,0.92,Programa Nacional de Inducción Docente,Curso/edición,Programa Nacional de Inducción Docente,Componente 36,105487,False
IQ512,1f5a824e0db24c419c4ed002,bc168b28c5224f708e58d5d4,2023,2023-09-26,75.0,0.12,0.12,Programa Nacional de Inducción Docente,Curso/edición,Bienestar socioemocional - i512,Componente 21,105470,False
IQ512,5cbbb9619fc246e4a02094b4,a139ad8bb62944db909c8a9d,2024,2024-01-05,100.0,2.24,2.24,Programa Nacional de Inducción Docente,Curso/edición,Programa Nacional de Inducción Docente,Componente 28,105356,True
IQ512,4a976557cf384cdeb4cf6c71,a5a4765354c74c4c8484b2cb,2023,2023-09-28,,0.55,0.55,Programa Nacional de Inducción Docente,Curso/edición,Bienestar socioemocional - i512,Componente 7,105388,False
IQ512,eb604e4a6e81441a824cbc87,a8b827d7c1c345a29590caf7,2023,2023-08-23,100.0,0.1,0.1,Programa Nacional de Inducción Docente,Curso/edición,Gestión de aula - i512,Componente 55,105318,False
IQ512,7d5fef8c8a604a9da1ff0759,29e4c3f6d6874d1abf5a233a,2023,2023-07-21,,0.0,0.0,Programa Nacional de Inducción Docente,Curso/edición,Gestión de aula - i512,Componente 35,105362,False
IQ512,ea27fd4f66664e739fc37519,a499816553f0493b932b624d,2023,2023-07-16,25.0,0.07,0.07,Programa Nacional de Inducción Docente,Curso/edición,Bienestar socioemocional - i512,Componente 27,105271,False
IQ512,4084322a438c45429549eede,f89cbc7c7d1a4ca699ada917,2025,2025-04-02,50.0,0.55,0.55,Programa Nacional de Inducción Docente,Curso/edición,Bienestar socioemocional - i512,Componente 33,105466,False
IQ512,1ad9372291624995a5cc5c53,8705b545ae8e424aa55121c8,2023,2023-08-18,75.0,0.43,0.43,Liderazgo docente - i512,Curso/edición,Gestión de aula - i512,Componente 40,105490,False
IQ512,391452af39ed4b84b272aa95,2ca1013a0fea4a1d8335308b,2023,2023-08-29,,0.19,0.19,Programa Nacional de Inducción Docente 2024,Curso/edición,Gestión de aula - i512,Componente 36,105213,False
IQ512,02205be9b8a84048be020eca,52070d7c908441c19c81e2c7,2023,2023-10-05,0.0,1.14,1.14,Programa Nacional de Inducción Docente,Curso/edición,Programa Nacional de Inducción Docente,Componente 32,105185,False
IQ512,3483298bced842b590777d39,b8b47e3a2e0b4246878c90e5,2024,2024-01-09,100.0,0.9,0.9,Programa Nacional de Inducción Docente,Curso/edición,Programa Nacional de Inducción Docente,Componente 50,105398,False
IQ512,39c6543ff1b349acbe90dcc5,409c1ce3db5d4031ab8cede4,2023,2023-08-07,100.0,0.22,0.22,Programa Nacional de Inducción Docente 2024,Curso/edición,Gestión de aula - i512,Componente 47,105200,False
IQ512,4e429db9a4014856ad70a246,f89cbc7c7d1a4ca699ada917,2026,2026-05-09,,0.2,0.2,Programa Nacional de Inducción Docente - Profundización,Curso/edición,Bienestar socioemocional - i512,Componente 28,105466,False
IQ512,cb210d7601f44f0b9c04fc11,8dbd1b8e7c074f439acf6516,2026,2026-02-03,0.0,0.51,0.51,Programa Nacional de Inducción Docente,Curso/edición,Gestión de aula - i512,Componente 51,105187,False
IQ512,eee092e845e64145851ebb61,226ab906583c44cf903022d1,2023,2023-03-01,50.0,0.4,0.4,Programa Nacional de Inducción Docente - Profundización,Curso/edición,Bienestar socioemocional - i512,Componente 36,105326,False
IQ512,b4cb27474e8f41279dc4d941,667cdf13f4544e49a127203b,2023,2023-12-30,75.0,0.16,0.16,Programa Nacional de Inducción Docente,Curso/edición,Bienestar socioemocional - i512,Componente 42,105208,False
IQ512,fa394a33a33d4250ac051d84,df1221bdf1d5490c947d6b72,2023,2023-09-05,0.0,0.29,0.29,Programa Nacional de Inducción Docente - Profundización,Curso/edición,Programa Nacional de Inducción Docente,Componente 47,105488,False
IQ512,fe06e255abc545d28b72c39f,74b9644a6001467d9530e829,2023,2023-12-05,,5.3,4.0,Programa Nacional de Inducción Docente,Curso/edición,Bienestar socioemocional - i512,Componente 54,105283,True
IQ512,7f0af9f7ddb845bebdf4473b,7c78be731e404e6688c4fca7,2023,2023-02-04,100.0,0.31,0.31,Programa Nacional de Inducción Docente,Curso/edición,Gestión de aula - i512,Componente 19,105190,False
IQ512,33fa91d54fc44fdba653e74f,523d47509c534aaea699114f,2023,2023-09-18,100.0,0.83,0.83,Programa Nacional de Inducción Docente - Profundización,Curso/edición,Gestión de aula - i512,Componente 21,105242,False
IQ512,4570a6007f26437c9b23e74a,5385b7f6848147308ba6f326,2023,2023-10-20,50.0,0.3,0.3,Programa Nacional de Inducción Docente,Curso/edición,Bienestar socioemocional - i512,Componente 23,105244,False
IQ512,a7f21ca21b9b445bb0ada6b7,2b8d508e2b9b454b998483be,2023,2023-06-07,100.0,0.47,0.47,Programa Nacional de Inducción Docente - Profundización,Curso/edición,Bienestar socioemocional - i512,Componente 22,105354,False
IQ512,d289d8fb46034e4c94cf802d,e4107e5415964189ac5dd008,2023,2023-06-12,100.0,1.1,1.1,Programa Nacional de Inducción Docente,Curso/edición,Gestión de aula - i512,Componente 9,105380,False
IQ512,387f05a224f344da9ddf27e8,74b9644a6001467d9530e829,2023,2023-10-02,,0.41,0.41,Programa Nacional de Inducción Docente,Curso/edición,Bienestar socioemocional - i512,Componente 21,105283,False
IQ512,31ba2d5d8e9a4db8941f2842,cda3874536714598a7278442,2023,2023-02-17,25.0,1.42,1.42,Programa Nacional de Inducción Docente,Curso/edición,Gestión de aula - i512,Componente 7,105448,False
IQ512,ece64592a25848faa8353eda,78bce0d675ec40bdba5ed449,2023,2023-09-27,25.0,2.06,2.06,Programa Nacional de Inducción Docente,Curso/edición,Gestión de aula - i512,Componente 38,105350,False
IQ512,25748ac8c5564bbdb9fda2f4,5801920e315f4226bd9a3ac6,2024,2024-06-03,0.0,0.36,0.36,Programa Nacional de Inducción Docente 2024,Curso/edición,Bienestar socioemocional - i512,Componente 5,105454,False
IQ512,06fa7218882340a2864bc6f0,9e0f4f4dea694cd3bc13fb6a,2023,2023-04-14,0.0,0.2,0.2,Programa Nacional de Inducción Docente,Curso/edición,Programa Nacional de Inducción Docente,Componente 42,105340,False
IQ512,ecdc02a678014632bf4ee49c,10322a41c7d34bbb91a599c0,2024,2024-10-06,,0.25,0.25,Liderazgo docente - i512,Curso/edición,Gestión de aula - i512,Componente 7,105229,False
IQ512,a5a97416b86346b98e78073d,7d2866ab1bec4dbebc4c60b3,2023,2023-11-23,75.0,0.96,0.96,Programa Nacional de Inducción Docente - Profundización,Curso/edición,Bienestar socioemocional - i512,Componente 35,105360,False
IQ512,77c1d7440710405e9038209a,1ccfbb61b6fa4ebbafb739d9,2024,2024-04-29,,0.21,0.21,Programa Nacional de Inducción Docente,Curso/edición,Gestión de aula - i512,Componente 58,105429,False
IQ512,7e39269d210a46cda0e1397e,c81ff1c9e16841139debe621,2023,2023-11-01,100.0,,,Programa Nacional de Inducción Docente,Curso/edición,Programa Nacional de Inducción Docente,Componente 53,105232,False
IQ512,127dd3ed7312461eb719d491,cda3874536714598a7278442,2023,2023-12-24,50.0,0.09,0.09,Programa Nacional de Inducción Docente 2024,Curso/edición,Gestión de aula - i512,Componente 33,105448,False
IQ512,d6527848fa9b4762ac20117d,b75ef5c228a24d329f8a6f28,2024,2024-01-23,,0.33,0.33,Programa Nacional de Inducción Docente,Curso/edición,Programa Nacional de Inducción Docente,Componente 27,105227,False
IQ512,80f9d9d1222f4753a29c739b,b8b47e3a2e0b4246878c90e5,2023,2023-03-28,,0.04,0.04,Programa Nacional de Inducción Docente,Curso/edición,Bienestar socioemocional - i512,Componente 47,105398,False
IQ512,c4268267c71a4d9e85d43530,789a966057d94fcd9b74b134,2023,2023-06-24,75.0,1.46,1.46,Programa Nacional de Inducción Docente 2024,Curso/edición,Bienestar socioemocional - i512,Componente 8,105209,False
IQ512,b6428c4525e446abb77d4cc7,956081ea695941f48afa6996,2023,2023-06-09,,0.19,0.19,Programa Nacional de Inducción Docente,Curso/edición,Gestión de aula - i512,Componente 3,105410,False
IQ512,d7873d54ea534484b5adcd59,bb0efadaeed747038ebffaa2,2023,2023-10-20,25.0,0.05,0.05,Programa Nacional de Inducción Docente,Curso/edición,Bienestar socioemocional - i512,Componente 13,105228,False
IQ512,06d3a9bd978d4795af6f6e37,19f183595d58476c8078ec17,2025,2025-03-01,25.0,1.17,1.17,Programa Nacional de Inducción Docente,Curso/edición,Gestión de aula - i512,Componente 24,105293,False
IQ512,6e382d40cbad44e5b7da7da7,048a6a45d2254440a7f8bcb6,2024,2024-12-28,,0.57,0.57,Programa Nacional de Inducción Docente - Profundización,Curso/edición,Bienestar socioemocional - i512,Componente 26,105273,False
IQ512,e492847757ab4c0e86570c7a,12733ae4d9de48f9b9b5b82a,2023,2023-09-17,75.0,0.01,0.01,Programa Nacional de Inducción Docente,Curso/edición,Bienestar socioemocional - i512,Componente 29,105243,False
IQ512,39ec94cb1d5748bab82f7dd2,d970babf17db42949d372711,2023,2023-08-19,,0.64,0.64,Programa Nacional de Inducción Docente,Curso/edición,Gestión de aula - i512,Componente 27,105323,False
IQ512,8d2fe4b642df4d57a3955bad,cda3874536714598a7278442,2023,2023-09-13,100.0,0.01,0.01,Programa Nacional de Inducción Docente,Curso/edición,Gestión de aula - i512,Componente 48,105448,False
IQ512,027f73eb88164d629bb3cabc,b75ef5c228a24d329f8a6f28,2023,2023-05-12,,0.55,0.55,Programa Nacional de Inducción Docente,Curso/edición,Bienestar socioemocional - i512,Componente 6,105227,False
IQ512,5a89d4c143404f8cab644988,a38e5c6a8de344dcb13006e2,2023,2023-11-22,,0.06,0.06,Programa Nacional de Inducción Docente,Curso/edición,Gestión de aula - i512,Componente 48,105450,False
IQ512,94d4e2b038ea4f3eaad14cd0,0dbbc457357f412ebd5f899c,2026,2026-07-12,0.0,1.04,1.04,Programa Nacional de Inducción Docente,Curso/edición,Bienestar socioemocional - i512,Componente 5,105235,False
IQ512,afecdae000e54fc182b316b1,2d38f58bc6994ecfbef0ee09,2025,2025-01-17,,0.05,0.05,Programa Nacional de Inducción Docente,Curso/edición,Gestión de aula - i512,Componente 54,105395,False
IQ512,a3dbce4991ab4e1babf17599,87a63a6576034f30a2ca2aa0,2023,2023-06-20,,1.03,1.03,Programa Nacional de Inducción Docente - Profundización,Curso/edición,Bienestar socioemocional - i512,Componente 23,105504,False
IQ512,03cc284dbc8a402aa26838ae,f43415bb5f284a04a93c3541,2024,2024-08-07,0.0,0.69,0.69,Programa Nacional de Inducción Docente,Curso/edición,Bienestar socioemocional - i512,Componente 51,105387,False
IQ512,2f7697b917d348e0915ec27f,dd7d5df7942948d5beb11771,2023,2023-03-06,,0.35,0.35,Programa Nacional de Inducción Docente,Curso/edición,Bienestar socioemocional - i512,Componente 8,105425,False
IQ512,32d6fd8aa91449daae4cd61d,afe18387cae94f10ac7ac99b,2023,2023-12-09,,0.23,0.23,Programa Nacional de Inducción Docente,Curso/edición,Gestión de aula - i512,Componente 10,105216,False
IQ512,6262d369f9634ebbb25820da,a139ad8bb62944db909c8a9d,2023,2023-05-02,50.0,0.18,0.18,Programa Nacional de Inducción Docente,Curso/edición,Programa Nacional de Inducción Docente,Componente 12,105356,False
IQ512,b79e3f0d4f104eef9969c88a,d5b46ee4fe114b659378e375,2024,2024-03-06,,0.09,0.09,Programa Nacional de Inducción Docente,Curso/edición,Gestión de aula - i512,Componente 37,105458,False
IQ512,7f19879467024e1bb87fee94,2ffc3a699fde49ff8aaaad8f,2023,2023-03-06,100.0,1.97,1.97,Programa Nacional de Inducción Docente,Curso/edición,Gestión de aula - i512,Componente 2,105393,False
IQ512,8a4ae56d8ccb4a35b5a09326,fab4b866c7b84ba5a715f2a1,2023,2023-08-02,,0.06,0.06,Programa Nacional de Inducción Docente,Curso/edición,Programa Nacional de Inducción Docente,Componente 55,105286,False
IQ512,aca9b88083e34175971d12d2,8148d7ea7d3b4f1b9ade5df4,2023,2023-06-26,,0.04,0.04,Programa Nacional de Inducción Docente - Profundización,Curso/edición,Gestión de aula - i512,Componente 52,105421,False
IQ512,5742aaff7be246079fbc725f,9b7175652216402a805a3fdd,2023,2023-09-15,25.0,,,Programa Nacional de Inducción Docente,Curso/edición,Bienestar socioemocional - i512,Componente 1,105493,False
IQ512,56363eb687544afebdf8c625,2aa2ec1b31df42e2aff144c3,2023,2023-03-10,100.0,2.91,2.91,Programa Nacional de Inducción Docente,Curso/edición,Gestión de aula - i512,Componente 50,105195,False
IQ512,36e528aed181484f965be4a0,dbf30d1d82f44993a8117167,2023,2023-10-30,,0.19,0.19,Programa Nacional de Inducción Docente - Profundización,Curso/edición,Gestión de aula - i512,Componente 31,105464,False
IQ512,6d0a78f06a704a06814f333c,4334c2428b5949578c3ddcc8,2023,2023-09-18,25.0,0.01,0.01,Programa Nacional de Inducción Docente - Profundización,Curso/edición,Programa Nacional de Inducción Docente,Componente 13,105405,False
IQ512,bcf55410b68a44018551c457,f8454e8e12044d649df927e8,2023,2023-09-09,75.0,0.06,0.06,Programa Nacional de Inducción Docente,Curso/edición,Programa Nacional de Inducción Docente,Componente 19,105304,False
IQ512,f8eac479e79c429aaeeff200,4334c2428b5949578c3ddcc8,2023,2023-05-28,,5.23,4.0,Programa Nacional de Inducción Docente,Curso/edición,Gestión de aula - i512,Componente 47,105405,False
IQ512,ba5cab4f0a064fb194369df4,c0658296ef1c49628c88e909,2023,2023-11-09,25.0,0.63,0.63,Programa Nacional de Inducción Docente,Curso/edición,Gestión de aula - i512,Componente 17,105222,False
IQ512,aefbd596a6924a67a12693ad,915c01a76bc4415ea1a96f50,2023,2023-04-28,75.0,,,Programa Nacional de Inducción Docente,Curso/edición,Gestión de aula - i512,Componente 27,105246,False
IQ512,b48b7c6582f34dfd9e02606c,0a362d417cf54e7dab6cdd00,2023,2023-05-13,,1.15,1.15,Programa Nacional de Inducción Docente,Curso/edición,Programa Nacional de Inducción Docente,Componente 28,105480,False
IQ512,acba58363f174d00a7c7db3e,9b7175652216402a805a3fdd,2025,2025-04-21,100.0,0.21,0.21,Programa Nacional de Inducción Docente,Curso/edición,Gestión de aula - i512,Componente 43,105493,False
IQ512,568b5b8cb18c41268d475b35,62446d6d19dd4ab8bc2e277f,2023,2023-07-08,,0.31,0.31,Programa Nacional de Inducción Docente,Curso/edición,Bienestar socioemocional - i512,Componente 51,105345,False
IQ512,74392d7701c14a4aa26c6eac,cecabdfd5a4c41b797ecc269,2023,2023-01-09,75.0,0.01,0.01,Programa Nacional de Inducción Docente,Curso/edición,Bienestar socioemocional - i512,Componente 22,105342,False
IQ512,58296cd53d6b4633934002c4,d785be91f8eb4df6bfaed1aa,2023,2023-10-16,50.0,1.18,1.18,Programa Nacional de Inducción Docente,Curso/edición,Programa Nacional de Inducción Docente,Componente 53,105406,False
IQ512,56901f94cb1340aaaa2d9774,8c65783833dd4180924459e0,2024,2024-04-23,100.0,0.0,0.0,Programa Nacional de Inducción Docente,Curso/edición,Programa Nacional de Inducción Docente,Componente 2,105215,False
IQ512,08cc03731cc7468699d827fa,e4375dafb40b4109b294d0bd,2023,2023-10-20,0.0,0.54,0.54,Programa Nacional de Inducción Docente,Curso/edición,Bienestar socioemocional - i512,Componente 12,105237,False
IQ512,ae9e7c8b93c24c168d2b80f1,f89cbc7c7d1a4ca699ada917,2024,2024-03-25,,0.44,0.44,Programa Nacional de Inducción Docente,Curso/edición,Gestión de aula - i512,Componente 46,105466,False
IQ512,fb8a3c6e15764627ad77e0e8,02c149178dab43b18f85520e,2024,2024-12-23,100.0,0.11,0.11,Programa Nacional de Inducción Docente,Curso/edición,Bienestar socioemocional - i512,Componente 28,105181,False
IQ512,ef20607125c740c19e65b35c,415994463ca44d63a6bb05b8,2025,2025-10-07,,0.02,0.02,Programa Nacional de Inducción Docente,Curso/edición,Bienestar socioemocional - i512,Componente 49,105221,False
IQ512,22ed6d779d5e4f1f97563ffe,317cad1675a4463991b7333b,2023,2023-07-25,25.0,0.22,0.22,Programa Nacional de Inducción Docente,Curso/edición,Bienestar socioemocional - i512,Componente 32,105198,False
IQ512,a8484a9cf27c4ae3afc71f6d,0190c7be89ab454fa26d0681,2023,2023-05-28,,0.28,0.28,Programa Nacional de Inducción Docente - Profundización,Curso/edición,Programa Nacional de Inducción Docente,Componente 15,105300,False
IQ512,1aa27123f93547a2a9f9acdd,1df7064f364c4f69a3e07067,2023,2023-07-12,,0.79,0.79,Programa Nacional de Inducción Docente,Curso/edición,Programa Nacional de Inducción Docente,Componente 12,105455,False
IQ512,2f7c6d1fef1544fbb7b3fbc2,658a9241e7654203bf21d06e,2026,2026-02-22,75.0,0.37,0.37,Programa Nacional de Inducción Docente,Curso/edición,Programa Nacional de Inducción Docente,Componente 26,105225,False
IQ512,9f155b98770e4a64adbceb03,19f183595d58476c8078ec17,2024,2024-04-04,50.0,1.91,1.91,Programa Nacional de Inducción Docente,Curso/edición,Gestión de aula - i512,Componente 24,105293,False
IQ512,5a5a2ff23c4349449fdec7f9,6ddeea143c7840409481471f,2026,2026-08-12,100.0,0.01,0.01,Programa Nacional de Inducción Docente,Curso/edición,Gestión de aula - i512,Componente 42,105485,False
IQ512,afc7009b7bc044af8b8d3c55,40ab3eef356740b3bc68a471,2023,2023-08-13,50.0,2.33,2.33,Programa Nacional de Inducción Docente 2024,Curso/edición,Programa Nacional de Inducción Docente,Componente 2,105355,False
IQ512,b4c7fba4ca804780ac4f0676,2f51da8f89db420faeb2beb8,2023,2023-01-16,100.0,0.05,0.05,Liderazgo docente - i512,Curso/edición,Gestión de aula - i512,Componente 45,105328,False
IQ512,e9a02e22b6654b868534d91c,a70a29c511f8494a86fd6308,2022,2022-02-12,,0.04,0.04,Programa Nacional de Inducción Docente,Curso/edición,Programa Nacional de Inducción Docente,Componente 39,105202,False
IQ512,01ad953292c5497e846a1299,226ab906583c44cf903022d1,2023,2023-03-21,,0.45,0.45,Programa Nacional de Inducción Docente,Curso/edición,Programa Nacional de Inducción Docente,Componente 17,105326,False
IQ512,e435fa5ad3084bc69cad2789,be430629430f473593b6ce21,2023,2023-03-20,,0.51,0.51,Programa Nacional de Inducción Docente,Curso/edición,Programa Nacional de Inducción Docente,Componente 14,105219,False
IQ512,e05a192f46374cec95378ccc,f49d42df9e20459d95b6c638,2024,2024-06-01,50.0,1.28,1.28,Programa Nacional de Inducción Docente,Curso/edición,Gestión de aula - i512,Componente 46,105254,False
IQ512,275d6d373b244ec19dd1e75b,7b88eae260654464869a1582,2023,2023-09-14,100.0,2.58,2.58,Programa Nacional de Inducción Docente,Curso/edición,Gestión de aula - i512,Componente 6,105291,False
IQ512,02f748e9640e451da3b91474,dcbafb2f0d93482fb9a489d7,2023,2023-05-16,0.0,0.74,0.74,Programa Nacional de Inducción Docente - Profundización,Curso/edición,Programa Nacional de Inducción Docente,Componente 29,105438,False
IQ512,250023a69d4247a4b3d313fb,cc5ec518471243968b44d76b,2023,2023-08-05,75.0,0.05,0.05,Programa Nacional de Inducción Docente,Curso/edición,Programa Nacional de Inducción Docente,Componente 55,105265,False
IQ512,8a6ee13663da4ff5bb2ff4ae,d785be91f8eb4df6bfaed1aa,2023,2023-11-29,,0.57,0.57,Programa Nacional de Inducción Docente,Curso/edición,Bienestar socioemocional - i512,Componente 37,105406,False
IQ512,13846d99406d4ef7bc6baedb,84bc8a546e684c5687c661a9,2023,2023-11-18,50.0,1.42,1.42,Programa Nacional de Inducción Docente,Curso/edición,Gestión de aula - i512,Componente 2,105428,False
IQ512,d506df7d0e9e42eb879894b3,9b7175652216402a805a3fdd,2024,2024-07-08,,0.99,0.99,Programa Nacional de Inducción Docente,Curso/edición,Bienestar socioemocional - i512,Componente 34,105493,False
IQ512,f422f4bf2802493082d2b66d,409c1ce3db5d4031ab8cede4,2026,2026-05-25,,0.46,0.46,Programa Nacional de Inducción Docente,Curso/edición,Programa Nacional de Inducción Docente,Componente 57,105200,False
IQ512,cd9622a5cd7544668d028a68,dcbafb2f0d93482fb9a489d7,2024,2024-04-06,50.0,0.21,0.21,Programa Nacional de Inducción Docente,Curso/edición,Bienestar socioemocional - i512,Componente 29,105438,False
IQ512,28ec1e1df2f64d88a2cb412c,fab4b866c7b84ba5a715f2a1,2023,2023-03-11,,0.19,0.19,Programa Nacional de Inducción Docente,Curso/edición,Bienestar socioemocional - i512,Componente 54,105286,False
IQ512,3d6850dc0aa44195bb746ce5,af3f1b807df249cb9f0c8a25,2024,2024-11-15,100.0,,,Programa Nacional de Inducción Docente,Curso/edición,Gestión de aula - i512,Componente 59,105368,False
IQ512,aef9a1e859a64a7f86fba21f,bc168b28c5224f708e58d5d4,2025,2025-04-13,25.0,0.01,0.01,Programa Nacional de Inducción Docente,Curso/edición,Bienestar socioemocional - i512,Componente 7,105470,False
IQ512,095754070cf6418ab4218fa4,69331a900e66494f9794f8da,2023,2023-10-30,,0.12,0.12,Programa Nacional de Inducción Docente 2024,Curso/edición,Bienestar socioemocional - i512,Componente 26,105452,False
IQ512,8ed7d2084bc440a5bba9e5a8,1ccfbb61b6fa4ebbafb739d9,2023,2023-09-15,,0.17,0.17,Programa Nacional de Inducción Docente,Curso/edición,Gestión de aula - i512,Componente 43,105429,False
IQ512,0051ffa8f378465fbd3daed3,84bc8a546e684c5687c661a9,2023,2023-03-04,,0.31,0.31,Programa Nacional de Inducción Docente,Curso/edición,Bienestar socioemocional - i512,Componente 11,105428,False
IQ512,a9be1792f8574ef19ad2b88f,0190c7be89ab454fa26d0681,2023,2023-02-04,25.0,0.09,0.09,Programa Nacional de Inducción Docente,Curso/edición,Gestión de aula - i512,Componente 28,105300,False
IQ512,83ca3a6712f6448d913331c7,5178575c252d488398975cfd,2023,2023-11-14,100.0,0.14,0.14,Programa Nacional de Inducción Docente,Curso/edición,Bienestar socioemocional - i512,Componente 14,105465,False
IQ512,cd9553e92e094310b643e14b,9304fb0da0fc4b26af6cc39e,2023,2023-08-29,25.0,0.04,0.04,Programa Nacional de Inducción Docente 2024,Curso/edición,Programa Nacional de Inducción Docente,Componente 39,105412,False
IQ512,b4e1356d3d2846f08cddcaab,c6416ee31cee41d9abfddc87,2023,2023-05-13,,0.16,0.16,Programa Nacional de Inducción Docente,Curso/edición,Programa Nacional de Inducción Docente,Componente 55,105240,True
IQ512,f0c6509775c64f10a431c4c9,77048e22c70c4334a9e4be71,2023,2023-01-23,100.0,,,Programa Nacional de Inducción Docente,Curso/edición,Gestión de aula - i512,Componente 44,105299,False
IQ512,cc1ab248a51b4077948e30cf,e787a33bd6ea4f8d94c0de47,2024,2024-04-27,,4.25,4.0,Programa Nacional de Inducción Docente,Curso/edición,Programa Nacional de Inducción Docente,Componente 22,105234,False
IQ512,e414524b35684d3b8d1cff13,7934a8e8372f427f9193cb18,2023,2023-07-16,,1.67,1.67,Programa Nacional de Inducción Docente,Curso/edición,Bienestar socioemocional - i512,Componente 30,105411,False
IQ512,e56dd8bcbd6c4dc38de44be9,667cdf13f4544e49a127203b,2025,2025-05-09,,1.55,1.55,Programa Nacional de Inducción Docente,Curso/edición,Bienestar socioemocional - i512,Componente 8,105208,False
IQ512,7ecd32dc784d4e54a7ebeb8e,a139ad8bb62944db909c8a9d,2022,2022-05-27,,0.01,0.01,Programa Nacional de Inducción Docente,Curso/edición,Gestión de aula - i512,Componente 12,105356,False
IQ512,179e4beba9694f9881c2f6b4,789a966057d94fcd9b74b134,2023,2023-09-19,75.0,0.12,0.12,Programa Nacional de Inducción Docente,Curso/edición,Gestión de aula - i512,Componente 1,105209,False
IQ512,f1deb942f8b84470ac258dd2,eaaf933775e74d558f7457e0,2023,2023-10-14,100.0,0.11,0.11,Programa Nacional de Inducción Docente 2024,Curso/edición,Programa Nacional de Inducción Docente,Componente 24,105266,False
IQ512,ff8c322e54334cb8ab8e28e4,265a1767f3f449a586ffc754,2023,2023-10-27,75.0,0.14,0.14,Programa Nacional de Inducción Docente,Curso/edición,Gestión de aula - i512,Componente 33,105378,False
IQ512,d41df98542c3453ba1d97c25,f8bd01058ec24f7687709926,2023,2023-03-02,25.0,0.76,0.76,Programa Nacional de Inducción Docente,Curso/edición,Programa Nacional de Inducción Docente,Componente 36,105503,False
IQ512,a2a6416f6a324146a5971e21,6e773ac41aea4fe5b98eba0c,2023,2023-02-22,100.0,0.02,0.02,Programa Nacional de Inducción Docente,Curso/edición,Programa Nacional de Inducción Docente,Componente 51,105489,False
IQ512,f87ca351b8aa44fd801ddc92,10322a41c7d34bbb91a599c0,2023,2023-07-03,100.0,0.59,0.59,Programa Nacional de Inducción Docente,Curso/edición,Gestión de aula - i512,Componente 42,105229,False
IQ512,f37be37295094f72a9a7af48,415994463ca44d63a6bb05b8,2025,2025-06-10,25.0,0.16,0.16,Programa Nacional de Inducción Docente,Curso/edición,Bienestar socioemocional - i512,Componente 31,105221,False
IQ512,729ef808ce6b45b3bd6ca372,fa1c1fd9d6224fc886871f2b,2023,2023-03-27,50.0,0.43,0.43,Programa Nacional de Inducción Docente,Curso/edición,Programa Nacional de Inducción Docente,Componente 58,105210,False
IQ512,2c1278825b8a45b8b879b2a3,98a45bf5c0a1409a8e9c00e7,2023,2023-02-28,75.0,1.88,1.88,Programa Nacional de Inducción Docente,Curso/edición,Gestión de aula - i512,Componente 18,105419,False
IQ512,0dafceb2a9df4f8b96a25046,b737d77513944641945c1412,2023,2023-08-10,50.0,0.34,0.34,Programa Nacional de Inducción Docente,Curso/edición,Gestión de aula - i512,Componente 4,105186,False
IQ512,7ae56f471f96487d87f7f6a4,fa1c1fd9d6224fc886871f2b,2024,2024-04-14,25.0,1.96,1.96,Programa Nacional de Inducción Docente - Profundización,Curso/edición,Bienestar socioemocional - i512,Componente 44,105210,False
IQ512,a033be23da0e45cb89009efc,7b88eae260654464869a1582,2024,2024-01-26,,0.24,0.24,Programa Nacional de Inducción Docente,Curso/edición,Programa Nacional de Inducción Docente,Componente 58,105291,False
IQ512,db3b9cdfe68a42f4b1439bce,1df7064f364c4f69a3e07067,2023,2023-01-05,100.0,0.24,0.24,Programa Nacional de Inducción Docente,Curso/edición,Gestión de aula - i512,Componente 45,105455,False
IQ512,d84411cf054f4a98a89feea2,2b8d508e2b9b454b998483be,2022,2022-10-14,25.0,0.03,0.03,Programa Nacional de Inducción Docente,Curso/edición,Gestión de aula - i512,Componente 11,105354,False
IQ512,d4be6877284242d19c881c2a,0dfad5ed7353466680d96d8d,2024,2024-04-24,,1.49,1.49,Programa Nacional de Inducción Docente,Curso/edición,Programa Nacional de Inducción Docente,Componente 55,105386,False
IQ512,9bd158fac3ac4fd2ae18235e,915c01a76bc4415ea1a96f50,2023,2023-05-18,,0.34,0.34,Programa Nacional de Inducción Docente,Curso/edición,Gestión de aula - i512,Componente 5,105246,False
IQ512,a5f02050469043218a850383,f43415bb5f284a04a93c3541,2023,2023-02-15,,0.54,0.54,Programa Nacional de Inducción Docente,Curso/edición,Gestión de aula - i512,Componente 27,105387,False
IQ512,7957081ba09c400e8b44d5b6,0190c7be89ab454fa26d0681,2025,2025-04-30,,0.14,0.14,Programa Nacional de Inducción Docente,Curso/edición,Bienestar socioemocional - i512,Componente 40,105300,False
IQ512,4898bb360ab54c0bbce9460e,a1752d97d16944db859ca475,2023,2023-06-22,,0.34,0.34,Programa Nacional de Inducción Docente - Profundización,Curso/edición,Gestión de aula - i512,Componente 14,105251,False
IQ512,183fe78be84446dab8d45981,b140c9baa55e481cb97c165e,2023,2023-12-23,,1.71,1.71,Programa Nacional de Inducción Docente 2024,Curso/edición,Bienestar socioemocional - i512,Componente 24,105288,False
IQ512,5a4f748a75eb4411b749e745,480cb530aa2d48c5acbe06c6,2024,2024-04-13,0.0,0.36,0.36,Programa Nacional de Inducción Docente,Curso/edición,Gestión de aula - i512,Componente 19,105498,False
IQ512,1eecb55c77ef448096506e5f,accb6322787d4f4aa7284f37,2025,2025-01-24,,0.09,0.09,Programa Nacional de Inducción Docente,Curso/edición,Programa Nacional de Inducción Docente,Componente 38,105301,False
IQ512,68d6242fc5384927a410a52e,0dbbc457357f412ebd5f899c,2023,2023-03-03,75.0,0.0,0.0,Programa Nacional de Inducción Docente,Curso/edición,Gestión de aula - i512,Componente 3,105235,False
IQ512,81488c4b4d3346e49b3d4a36,ead28e25c79f4763920a5313,2022,2022-09-28,25.0,0.6,0.6,Programa Nacional de Inducción Docente 2024,Curso/edición,Gestión de aula - i512,Componente 35,105361,False
IQ512,a261f254b4ab475e988c42b9,16963ecc19514a569b574e66,2024,2024-05-28,25.0,0.77,0.77,Programa Nacional de Inducción Docente,Curso/edición,Bienestar socioemocional - i512,Componente 43,105282,False
IQ512,d9418f5e250d453f803fda86,81d8095ac7184e0f886a15af,2023,2023-05-12,,0.13,0.13,Programa Nacional de Inducción Docente,Curso/edición,Gestión de aula - i512,Componente 57,105431,False
IQ512,b4fa15794aa041b0913a8d29,9eff69a9b37941ddbbc85221,2026,2026-04-16,50.0,1.9,1.9,Programa Nacional de Inducción Docente,Curso/edición,Bienestar socioemocional - i512,Componente 55,105430,False
IQ512,637e1f9e0fcf4b14b13ce292,fdbbde9f14274a8a9948cc87,2023,2023-10-15,,2.07,2.07,Programa Nacional de Inducción Docente,Curso/edición,Bienestar socioemocional - i512,Componente 12,105444,False
IQ512,b66a415e87c84f89a64827e7,8705b545ae8e424aa55121c8,2024,2024-07-25,25.0,0.69,0.69,Liderazgo docente - i512,Curso/edición,Programa Nacional de Inducción Docente,Componente 5,105490,False
IQ512,a8e932b29f5a48119a6a66a7,226ab906583c44cf903022d1,2023,2023-07-03,,0.68,0.68,Programa Nacional de Inducción Docente,Curso/edición,Programa Nacional de Inducción Docente,Componente 58,105326,False
IQ512,4f92f3101f2c4c25acfb065d,52070d7c908441c19c81e2c7,2023,2023-11-01,75.0,0.31,0.31,Programa Nacional de Inducción Docente,Curso/edición,Gestión de aula - i512,Componente 43,105185,False
IQ512,aefa5d5b60b748ffa17b474c,a8b827d7c1c345a29590caf7,2023,2023-04-08,,0.17,0.17,Programa Nacional de Inducción Docente,Curso/edición,Bienestar socioemocional - i512,Componente 5,105318,False
IQ512,049a8f76c97a4d4eba9cbfd7,87a63a6576034f30a2ca2aa0,2023,2023-08-12,,0.35,0.35,Programa Nacional de Inducción Docente,Curso/edición,Programa Nacional de Inducción Docente,Componente 17,105504,True
IQ512,82f6bff5cde548d6b1cb0969,ebb888b1f4054bb4b462d7e0,2024,2024-04-12,75.0,0.02,0.02,Programa Nacional de Inducción Docente,Curso/edición,Bienestar socioemocional - i512,Componente 50,105404,False
IQ512,25cfc21b4c994b198168dc38,39c0bd3e6ca148b08ac8d17a,2026,2026-02-18,75.0,1.07,1.07,Programa Nacional de Inducción Docente,Curso/edición,Programa Nacional de Inducción Docente,Componente 16,105338,False
IQ512,147d0c348c1a4bceaf9f3f49,8705b545ae8e424aa55121c8,2023,2023-03-21,50.0,0.15,0.15,Programa Nacional de Inducción Docente,Curso/edición,Gestión de aula - i512,Componente 15,105490,True
IQ512,89338d0bf10c42ed8702fc31,eaaf933775e74d558f7457e0,2023,2023-07-17,50.0,0.32,0.32,Programa Nacional de Inducción Docente,Curso/edición,Gestión de aula - i512,Componente 36,105266,False
IQ512,d57f0b18764c42b2a168c813,0fadfe3c6ab5414fba887b0a,2023,2023-05-28,,1.03,1.03,Programa Nacional de Inducción Docente,Curso/edición,Gestión de aula - i512,Componente 28,105366,False
IQ512,9d5b101b150d402fbf868be2,dc9add5ed8c04437af365e25,2026,2026-03-12,50.0,0.01,0.01,Programa Nacional de Inducción Docente - Profundización,Curso/edición,Gestión de aula - i512,Componente 26,105365,False
IQ512,3912d89077db480a98929152,2f51da8f89db420faeb2beb8,2024,2024-07-24,100.0,0.39,0.39,Programa Nacional de Inducción Docente,Curso/edición,Programa Nacional de Inducción Docente,Componente 12,105328,False
IQ512,2969c97028724a3e8d1a6cf9,79324cb4aa6b4259839a8deb,2024,2024-04-17,,0.66,0.66,Programa Nacional de Inducción Docente,Curso/edición,Programa Nacional de Inducción Docente,Componente 43,105370,False
IQ512,8bdc79cb59474c3caa4b28c7,a499816553f0493b932b624d,2023,2023-08-11,75.0,0.15,0.15,Programa Nacional de Inducción Docente,Curso/edición,Programa Nacional de Inducción Docente,Componente 15,105271,False
IQ512,d76ce1bd69174c52816acdf2,19f183595d58476c8078ec17,2023,2023-03-26,,0.11,0.11,Programa Nacional de Inducción Docente,Curso/edición,Bienestar socioemocional - i512,Componente 45,105293,False
IQ512,0877c278cbcc44f09ae38951,39c0bd3e6ca148b08ac8d17a,2023,2023-11-03,,0.86,0.86,Programa Nacional de Inducción Docente,Curso/edición,Gestión de aula - i512,Componente 28,105338,False
IQ512,e205ff3cff4c4bc6a971bcd8,4bb110e24fe2492eb911d1e0,2026,2026-06-08,,1.18,1.18,Programa Nacional de Inducción Docente,Curso/edición,Bienestar socioemocional - i512,Componente 36,105459,False
IQ512,f048a7ee6e794fd48507a7a8,f9da23eabcd84ae9a6c31d19,2023,2023-04-30,,0.14,0.14,Programa Nacional de Inducción Docente,Curso/edición,Programa Nacional de Inducción Docente,Componente 3,105471,False
IQ512,c922341baa5f4eb0b5098ec8,aab7ebc80c134d8998f5414f,2024,2024-10-07,,0.1,0.1,Programa Nacional de Inducción Docente 2024,Curso/edición,Programa Nacional de Inducción Docente,Componente 18,105343,False
IQ512,45bb700639c34085834a89df,cd3c62e122094cf7980f5a2c,2023,2023-03-24,100.0,0.03,0.03,Programa Nacional de Inducción Docente,Curso/edición,Programa Nacional de Inducción Docente,Componente 43,105344,False
IQ512,d0b944241f144c41ab80bef9,dc9add5ed8c04437af365e25,2023,2023-06-09,,0.84,0.84,Programa Nacional de Inducción Docente,Curso/edición,Bienestar socioemocional - i512,Componente 51,105365,False
IQ512,bbbb81049bb14089ab845799,b5a8776ef2c54783903ac8f9,2024,2024-02-13,100.0,1.97,1.97,Programa Nacional de Inducción Docente,Curso/edición,Bienestar socioemocional - i512,Componente 27,105192,False
IQ512,f568cd4329cc43988fc18bd8,12733ae4d9de48f9b9b5b82a,2023,2023-11-04,,,,Programa Nacional de Inducción Docente,Curso/edición,Programa Nacional de Inducción Docente,Componente 20,105243,False
IQ512,0943ed92026a4195812960f0,246ecfff06dd4c809a037219,2024,2024-03-16,25.0,0.11,0.11,Programa Nacional de Inducción Docente,Curso/edición,Bienestar socioemocional - i512,Componente 48,105502,False
IQ512,faa54dd6ee7540eb81362814,dbf30d1d82f44993a8117167,2024,2024-05-06,100.0,0.27,0.27,Programa Nacional de Inducción Docente,Curso/edición,Programa Nacional de Inducción Docente,Componente 47,105464,False
IQ512,50551f6fb82b49389d60b92e,dd7d5df7942948d5beb11771,2023,2023-04-16,50.0,0.25,0.25,Programa Nacional de Inducción Docente,Curso/edición,Programa Nacional de Inducción Docente,Componente 36,105425,False
IQ512,02d217ee155b438fbc8c4e9a,409c1ce3db5d4031ab8cede4,2023,2023-03-31,100.0,0.49,0.49,Programa Nacional de Inducción Docente,Curso/edición,Bienestar socioemocional - i512,Componente 17,105200,False
IQ512,db4abe82e2064708bd1b2a85,10779687102844adb5b33c17,2024,2024-06-07,25.0,0.17,0.17,Programa Nacional de Inducción Docente,Curso/edición,Programa Nacional de Inducción Docente,Componente 28,105308,False
IQ512,b3b2fa3ac69841ab94d00df6,78bce0d675ec40bdba5ed449,2023,2023-07-19,0.0,0.01,0.01,Programa Nacional de Inducción Docente,Curso/edición,Programa Nacional de Inducción Docente,Componente 30,105350,False
IQ512,f92e329f8fc2491e80eccbd0,100a404f17da46218111c086,2022,2022-05-18,25.0,0.09,0.09,Programa Nacional de Inducción Docente,Curso/edición,Bienestar socioemocional - i512,Componente 8,105320,True
IQ512,af86fc9dcc214b9b99dd5f86,bb97def0b02f4427a00195f9,2023,2023-11-28,0.0,0.98,0.98,Programa Nacional de Inducción Docente,Curso/edición,Bienestar socioemocional - i512,Componente 58,105287,False
IQ512,613e459ae08a41c58aa0dbe8,b737d77513944641945c1412,2022,2022-10-20,,0.11,0.11,Programa Nacional de Inducción Docente,Curso/edición,Bienestar socioemocional - i512,Componente 53,105186,False
IQ512,662e6e5206de4343a96e4934,7934a8e8372f427f9193cb18,2023,2023-05-29,75.0,0.84,0.84,Programa Nacional de Inducción Docente,Curso/edición,Bienestar socioemocional - i512,Componente 40,105411,False
IQ512,1aab9c38a536490299b46b84,72335bdd56fe43e8b51efc30,2024,2024-10-18,,0.13,0.13,Programa Nacional de Inducción Docente,Curso/edición,Programa Nacional de Inducción Docente,Componente 46,105292,False
IQ512,587ad63da5184e4c8265df34,03e0948083cf496c8409b830,2025,2025-09-01,50.0,0.3,0.3,Programa Nacional de Inducción Docente,Curso/edición,Programa Nacional de Inducción Docente,Componente 21,105487,False
IQ512,fe1492c80fd64efb9bc18e09,2ca1013a0fea4a1d8335308b,2023,2023-06-11,50.0,1.71,1.71,Programa Nacional de Inducción Docente - Profundización,Curso/edición,Programa Nacional de Inducción Docente,Componente 31,105213,False
IQ512,27d97166987940679d912ba0,b8b47e3a2e0b4246878c90e5,2022,2022-02-28,75.0,0.06,0.06,Programa Nacional de Inducción Docente,Curso/edición,Gestión de aula - i512,Componente 53,105398,False
IQ512,773ed8d420f349928b0239db,74b9644a6001467d9530e829,2023,2023-11-29,75.0,1.48,1.48,Programa Nacional de Inducción Docente,Curso/edición,Bienestar socioemocional - i512,Componente 40,105283,False
IQ512,a3c5892eafef4036b4b23742,10322a41c7d34bbb91a599c0,2023,2023-09-21,,0.87,0.87,Programa Nacional de Inducción Docente,Curso/edición,Bienestar socioemocional - i512,Componente 34,105229,False
IQ512,1f1fe80f6e634514a7fd2015,2c587aaa354f4c60baecf071,2023,2023-05-06,0.0,0.57,0.57,Programa Nacional de Inducción Docente,Curso/edición,Programa Nacional de Inducción Docente,Componente 28,105346,False
IQ512,afe8f67f87f8403597265aa4,ebb888b1f4054bb4b462d7e0,2026,2026-05-18,0.0,0.54,0.54,Programa Nacional de Inducción Docente,Curso/edición,Gestión de aula - i512,Componente 10,105404,False
IQ512,bc07c33875aa4f81bc4ccf55,1ccfbb61b6fa4ebbafb739d9,2024,2024-06-06,100.0,0.23,0.23,Programa Nacional de Inducción Docente,Curso/edición,Programa Nacional de Inducción Docente,Componente 57,105429,False
IQ512,0315cf4efe4d41609d533637,149e0e0a2e1747fdac1861ac,2023,2023-06-25,,0.4,0.4,Programa Nacional de Inducción Docente,Curso/edición,Programa Nacional de Inducción Docente,Componente 35,105348,False
IQ512,f5c86301161f426a9751adc9,85f0eac0dd064d718d98d289,2023,2023-02-26,,1.9,1.9,Programa Nacional de Inducción Docente,Curso/edición,Bienestar socioemocional - i512,Componente 40,105463,False
IQ512,c977da2a9257484b9e080db8,c3cd54892e8547f7beecdac0,2023,2023-09-18,100.0,0.43,0.43,Programa Nacional de Inducción Docente,Curso/edición,Programa Nacional de Inducción Docente,Componente 4,105453,False
IQ512,11dd4d6e84824615bb2a18f5,03e0948083cf496c8409b830,2026,2026-08-06,25.0,0.33,0.33,Programa Nacional de Inducción Docente,Curso/edición,Programa Nacional de Inducción Docente,Componente 13,105487,False
IQ512,09f4c7f43f7743089fa91474,f49d42df9e20459d95b6c638,2024,2024-08-01,75.0,0.65,0.65,Programa Nacional de Inducción Docente 2024,Curso/edición,Programa Nacional de Inducción Docente,Componente 9,105254,False
IQ512,95c9c363f12547fa95a80b79,4804d793882e420ba3b02325,2026,2026-01-02,0.0,0.42,0.42,Programa Nacional de Inducción Docente,Curso/edición,Gestión de aula - i512,Componente 30,105367,False
IQ512,d69d81113b7a465ab66ea5dc,eaf87d27bcba40a3894b4cfe,2026,2026-02-26,25.0,0.03,0.03,Programa Nacional de Inducción Docente,Curso/edición,Gestión de aula - i512,Componente 3,105197,False
IQ512,26c8dbed390b4a1fa6fadbe1,4804d793882e420ba3b02325,2023,2023-03-23,50.0,0.19,0.19,Programa Nacional de Inducción Docente,Curso/edición,Bienestar socioemocional - i512,Componente 45,105367,False
IQ512,253f4a54c6ca4e3d9526d14c,c6416ee31cee41d9abfddc87,2023,2023-10-12,50.0,0.03,0.03,Programa Nacional de Inducción Docente,Curso/edición,Bienestar socioemocional - i512,Componente 56,105240,False
IQ512,5d9ab80e1769432d8473b3ca,09864cb526304beba5470168,2022,2022-03-16,50.0,3.23,3.23,Programa Nacional de Inducción Docente,Curso/edición,Programa Nacional de Inducción Docente,Componente 51,105261,True
IQ512,1adac0697edd47f2882c1987,bb97def0b02f4427a00195f9,2023,2023-03-16,,1.52,1.52,Programa Nacional de Inducción Docente,Curso/edición,Programa Nacional de Inducción Docente,Componente 27,105287,False
IQ512,374ab78db42c4a33a2a2bd1f,c94ca48f23744b1d9b7ca355,2023,2023-03-02,0.0,0.07,0.07,Programa Nacional de Inducción Docente - Profundización,Curso/edición,Programa Nacional de Inducción Docente,Componente 55,105385,False
IQ512,1f7f5c0ee3404d899fd35b9b,cd3c62e122094cf7980f5a2c,2023,2023-06-11,100.0,0.26,0.26,Programa Nacional de Inducción Docente,Curso/edición,Programa Nacional de Inducción Docente,Componente 10,105344,False
IQ512,c208149679cf407aa0783351,100a404f17da46218111c086,2023,2023-07-16,,1.35,1.35,Programa Nacional de Inducción Docente,Curso/edición,Programa Nacional de Inducción Docente,Componente 24,105320,False
IQ512,95f921a0bcf1423095e8e72b,c94ca48f23744b1d9b7ca355,2023,2023-10-31,0.0,2.73,2.73,Programa Nacional de Inducción Docente,Curso/edición,Bienestar socioemocional - i512,Componente 56,105385,False
IQ512,1fa5cf15ff6040188b45fd00,16963ecc19514a569b574e66,2023,2023-03-23,100.0,0.46,0.46,Programa Nacional de Inducción Docente 2024,Curso/edición,Bienestar socioemocional - i512,Componente 53,105282,False
IQ512,c8bf129a88f74cb29e87e04c,16963ecc19514a569b574e66,2023,2023-09-13,,0.06,0.06,Programa Nacional de Inducción Docente,Curso/edición,Programa Nacional de Inducción Docente,Componente 9,105282,False
IQ512,cab241a998fc44948c0caebe,0dd7db72057a4e239a9db895,2025,2025-08-09,,0.11,0.11,Programa Nacional de Inducción Docente,Curso/edición,Programa Nacional de Inducción Docente,Componente 30,105294,False
IQ512,f39fe8324d974919b8bcdedf,ebb888b1f4054bb4b462d7e0,2023,2023-05-10,,0.55,0.55,Programa Nacional de Inducción Docente,Curso/edición,Bienestar socioemocional - i512,Componente 1,105404,False
IQ512,3372ac314c92462db6479b74,eaaf933775e74d558f7457e0,2024,2024-01-16,25.0,0.38,0.38,Programa Nacional de Inducción Docente,Curso/edición,Gestión de aula - i512,Componente 51,105266,False
IQ512,fa7e950502f74cb28cdbca0a,cc5ec518471243968b44d76b,2024,2024-10-16,,0.82,0.82,Programa Nacional de Inducción Docente,Curso/edición,Programa Nacional de Inducción Docente,Componente 31,105265,False
IQ512,a2a666190776429c96d924e0,667cdf13f4544e49a127203b,2023,2023-01-06,75.0,0.2,0.2,Programa Nacional de Inducción Docente,Curso/edición,Bienestar socioemocional - i512,Componente 32,105208,False
IQ512,4b78cb0fcbb648fca776a908,68059c30a12b42cba1649cfa,2023,2023-11-09,50.0,0.94,0.94,Programa Nacional de Inducción Docente,Curso/edición,Programa Nacional de Inducción Docente,Componente 46,105312,False
IQ512,faee4aa32fb3407280c7a6b0,87a63a6576034f30a2ca2aa0,2023,2023-06-03,25.0,0.1,0.1,Programa Nacional de Inducción Docente - Profundización,Curso/edición,Gestión de aula - i512,Componente 28,105504,False
IQ512,f4db4892f3b343dea45868f0,85f0eac0dd064d718d98d289,2023,2023-06-06,,0.82,0.82,Programa Nacional de Inducción Docente,Curso/edición,Programa Nacional de Inducción Docente,Componente 17,105463,False
IQ512,1562f63d98bf496ab74e4300,4c95c3752ca8491f8e9b000e,2023,2023-10-19,50.0,0.0,0.0,Programa Nacional de Inducción Docente,Curso/edición,Gestión de aula - i512,Componente 42,105369,False
IQ512,60f0866198264297adc8e063,de6563148ddd406597ed22bc,2023,2023-01-30,75.0,1.51,1.51,Programa Nacional de Inducción Docente,Curso/edición,Bienestar socioemocional - i512,Componente 4,105372,False
IQ512,517648424dfa435295210e18,4bb110e24fe2492eb911d1e0,2023,2023-07-27,50.0,0.1,0.1,Programa Nacional de Inducción Docente,Curso/edición,Bienestar socioemocional - i512,Componente 23,105459,False
IQ512,1035b540ec464d7a90b17105,480cb530aa2d48c5acbe06c6,2023,2023-01-28,,0.46,0.46,Programa Nacional de Inducción Docente 2024,Curso/edición,Gestión de aula - i512,Componente 40,105498,False
IQ512,8d460b4a5fdb417bb582ac76,5385b7f6848147308ba6f326,2023,2023-08-25,25.0,0.51,0.51,Programa Nacional de Inducción Docente,Curso/edición,Programa Nacional de Inducción Docente,Componente 4,105244,False
IQ512,cb2a316356c340959bbce441,03e0948083cf496c8409b830,2023,2023-01-02,25.0,0.05,0.05,Programa Nacional de Inducción Docente,Curso/edición,Programa Nacional de Inducción Docente,Componente 29,105487,False
IQ512,04be12a00e944dc19958ba66,b5a8776ef2c54783903ac8f9,2026,2026-02-09,75.0,1.32,1.32,Programa Nacional de Inducción Docente,Curso/edición,Programa Nacional de Inducción Docente,Componente 40,105192,False
IQ512,c2e1394558324c3b99f06291,cecabdfd5a4c41b797ecc269,2023,2023-10-25,,0.28,0.28,Liderazgo docente - i512,Curso/edición,Bienestar socioemocional - i512,Componente 40,105342,False
IQ512,4792d2fad098474c8a1492bd,ea2b216a5f034a29b40d010c,2025,2025-12-28,100.0,1.19,1.19,Programa Nacional de Inducción Docente,Curso/edición,Gestión de aula - i512,Componente 20,105223,False
IQ512,10dbc05497ed4a44850c8a66,6e773ac41aea4fe5b98eba0c,2024,2024-05-20,25.0,1.03,1.03,Programa Nacional de Inducción Docente,Curso/edición,Bienestar socioemocional - i512,Componente 55,105489,False
IQ512,07dcb5a13632450088df7bf1,100a404f17da46218111c086,2022,2022-05-10,75.0,0.37,0.37,Programa Nacional de Inducción Docente,Curso/edición,Gestión de aula - i512,Componente 45,105320,False
IQ512,16fd9ca8c1f84b91a46e9a2f,02c149178dab43b18f85520e,2024,2024-03-27,0.0,0.53,0.53,Programa Nacional de Inducción Docente,Curso/edición,Bienestar socioemocional - i512,Componente 33,105181,False
IQ512,3f909c0b087b4c959d961c98,62446d6d19dd4ab8bc2e277f,2025,2025-12-23,25.0,0.7,0.7,Programa Nacional de Inducción Docente,Curso/edición,Programa Nacional de Inducción Docente,Componente 22,105345,False
IQ512,91d570e1f31148ceb69db809,a5a8230bd2014d8298760152,2023,2023-04-20,,2.77,2.77,Programa Nacional de Inducción Docente - Profundización,Curso/edición,Bienestar socioemocional - i512,Componente 47,105270,False
IQ512,3ceff850515d4271be8ec5b1,1df7064f364c4f69a3e07067,2024,2024-08-21,25.0,2.37,2.37,Programa Nacional de Inducción Docente,Curso/edición,Bienestar socioemocional - i512,Componente 25,105455,False
IQ512,7d34bd6669484a58b8caa309,79f90b3590f94ab8862a51e8,2023,2023-11-16,,0.41,0.41,Programa Nacional de Inducción Docente,Curso/edición,Bienestar socioemocional - i512,Componente 57,105205,False
IQ512,798c44e4f5a644c7bb351183,b7689f9636d544ffa0dd719c,2023,2023-07-09,,0.01,0.01,Programa Nacional de Inducción Docente,Curso/edición,Programa Nacional de Inducción Docente,Componente 2,105298,False
IQ512,ffa067e27e974b35b2e7718c,cc5ec518471243968b44d76b,2023,2023-02-04,,0.06,0.06,Programa Nacional de Inducción Docente,Curso/edición,Bienestar socioemocional - i512,Componente 31,105265,False
IQ512,99b074cfd851409aa3a0a099,4804d793882e420ba3b02325,2023,2023-10-03,,0.45,0.45,Programa Nacional de Inducción Docente,Curso/edición,Programa Nacional de Inducción Docente,Componente 11,105367,False
IQ512,36bf180c5c9a4c848dbbf2f1,6ab5327c92dd4863b6ab8275,2023,2023-02-05,,1.21,1.21,Programa Nacional de Inducción Docente - Profundización,Curso/edición,Programa Nacional de Inducción Docente,Componente 54,105274,False
IQ512,9e873f21153f426e9d6ceee1,2ca1013a0fea4a1d8335308b,2025,2025-06-30,,0.18,0.18,Programa Nacional de Inducción Docente,Curso/edición,Programa Nacional de Inducción Docente,Componente 57,105213,False
IQ512,c323f25afeaa478291025948,bc168b28c5224f708e58d5d4,2026,2026-02-28,50.0,0.08,0.08,Programa Nacional de Inducción Docente,Curso/edición,Bienestar socioemocional - i512,Componente 45,105470,False
IQ512,39e6499913054d3990b347b6,100a404f17da46218111c086,2023,2023-10-26,75.0,0.34,0.34,Programa Nacional de Inducción Docente,Curso/edición,Bienestar socioemocional - i512,Componente 48,105320,False
IQ512,3bdc24d822284c94bc7fbadd,5178575c252d488398975cfd,2024,2024-02-24,50.0,0.21,0.21,Programa Nacional de Inducción Docente,Curso/edición,Programa Nacional de Inducción Docente,Componente 8,105465,False
IQ512,228b6856d2794d36b05d6d3b,30da5377a4434ea1ae7823d1,2023,2023-05-18,,4.71,4.0,Programa Nacional de Inducción Docente,Curso/edición,Bienestar socioemocional - i512,Componente 55,105220,False
IQ512,4765354e436248efbe470540,8c65783833dd4180924459e0,2023,2023-09-20,50.0,0.11,0.11,Programa Nacional de Inducción Docente,Curso/edición,Gestión de aula - i512,Componente 54,105215,False
IQ512,cd418e9df033485ab5ca9189,13dbf1462b0341dca63d01ab,2024,2024-12-05,,1.07,1.07,Programa Nacional de Inducción Docente,Curso/edición,Gestión de aula - i512,Componente 45,105449,False
IQ512,e90efcf55a264495a561b2da,bb97def0b02f4427a00195f9,2023,2023-09-13,,0.04,0.04,Programa Nacional de Inducción Docente,Curso/edición,Programa Nacional de Inducción Docente,Componente 50,105287,False
IQ512,c7234d9a453047429a769fbc,98020567346040b982c95840,2023,2023-05-28,25.0,0.04,0.04,Programa Nacional de Inducción Docente,Curso/edición,Gestión de aula - i512,Componente 17,105239,False
IQ512,9dbdf868360f404987bf9ec1,7c78be731e404e6688c4fca7,2024,2024-07-02,100.0,0.08,0.08,Programa Nacional de Inducción Docente,Curso/edición,Bienestar socioemocional - i512,Componente 23,105190,False
IQ512,ee221273d9f34e1b8e2c3e7a,a5a4765354c74c4c8484b2cb,2023,2023-01-25,,0.79,0.79,Programa Nacional de Inducción Docente,Curso/edición,Bienestar socioemocional - i512,Componente 14,105388,False
IQ512,3df918fac17a4ee89f05af72,b8b47e3a2e0b4246878c90e5,2023,2023-01-03,,0.79,0.79,Programa Nacional de Inducción Docente,Curso/edición,Gestión de aula - i512,Componente 39,105398,False
IQ512,3f1730a5196f40fa90b401be,a5a4765354c74c4c8484b2cb,2025,2025-07-16,50.0,0.24,0.24,Programa Nacional de Inducción Docente,Curso/edición,Bienestar socioemocional - i512,Componente 13,105388,False
IQ512,c9a5d897e8da4051a7950cc8,79f90b3590f94ab8862a51e8,2024,2024-10-04,,0.0,0.0,Programa Nacional de Inducción Docente,Curso/edición,Programa Nacional de Inducción Docente,Componente 2,105205,False
IQ512,f00f733b1aca45c9bc1f936d,e4655a4bf0354abc82264339,2024,2024-04-05,75.0,0.02,0.02,Programa Nacional de Inducción Docente,Curso/edición,Programa Nacional de Inducción Docente,Componente 39,105247,False
IQ512,8c9d2e5630164cec9ab1ccf5,c8944303954243ce88e9c084,2025,2025-01-21,25.0,0.28,0.28,Programa Nacional de Inducción Docente 2024,Curso/edición,Bienestar socioemocional - i512,Componente 21,105414,False
IQ512,86e49320e36f4f968ebaeb14,1ccfbb61b6fa4ebbafb739d9,2023,2023-08-12,,0.4,0.4,Programa Nacional de Inducción Docente,Curso/edición,Gestión de aula - i512,Componente 31,105429,False
IQ512,c22340758dd344a9b503a3b1,0190c7be89ab454fa26d0681,2023,2023-09-09,,0.75,0.75,Programa Nacional de Inducción Docente,Curso/edición,Bienestar socioemocional - i512,Componente 54,105300,False
IQ512,78584ba417eb4de79d0a30c3,f49d42df9e20459d95b6c638,2024,2024-04-27,,0.12,0.12,Programa Nacional de Inducción Docente,Curso/edición,Bienestar socioemocional - i512,Componente 58,105254,False
IQ512,4c30b1c54ed842dc86739c45,2ffc3a699fde49ff8aaaad8f,2023,2023-12-11,,0.67,0.67,Liderazgo docente - i512,Curso/edición,Bienestar socioemocional - i512,Componente 9,105393,False
IQ512,ef3a7da4c5d3432ca28f134f,10779687102844adb5b33c17,2025,2025-02-23,0.0,,,Programa Nacional de Inducción Docente,Curso/edición,Programa Nacional de Inducción Docente,Componente 22,105308,False
IQ512,a28b3ab1122e47bdae751a82,ad782a2c837b447f8d17bf13,2023,2023-03-31,,2.18,2.18,Programa Nacional de Inducción Docente,Curso/edición,Programa Nacional de Inducción Docente,Componente 8,105339,False
IQ512,6a1a1756ce7b47e583246f14,2aa2ec1b31df42e2aff144c3,2023,2023-11-29,,,,Liderazgo docente - i512,Curso/edición,Bienestar socioemocional - i512,Componente 18,105195,False
IQ512,8d21e69c00074065a49d6145,53eb07b5870a4ec2863ddb43,2023,2023-12-07,75.0,0.01,0.01,Programa Nacional de Inducción Docente,Curso/edición,Bienestar socioemocional - i512,Componente 39,105259,False
IQ512,f17fc3d5180b4c629fa2fabf,12733ae4d9de48f9b9b5b82a,2026,2026-04-22,,1.87,1.87,Programa Nacional de Inducción Docente,Curso/edición,Programa Nacional de Inducción Docente,Componente 35,105243,False
IQ512,3ffb24340a0b470d8f0f65b1,265a1767f3f449a586ffc754,2024,2024-01-02,,0.42,0.42,Liderazgo docente - i512,Curso/edición,Programa Nacional de Inducción Docente,Componente 43,105378,False
IQ512,db05d45058a94a88b5e869e2,fa1c1fd9d6224fc886871f2b,2023,2023-02-26,0.0,1.81,1.81,Programa Nacional de Inducción Docente,Curso/edición,Gestión de aula - i512,Componente 38,105210,False
IQ512,14041f5a61e24780a7a36700,afe18387cae94f10ac7ac99b,2024,2024-07-28,,1.36,1.36,Programa Nacional de Inducción Docente,Curso/edición,Gestión de aula - i512,Componente 48,105216,False
IQ512,278d0b7ecf474c4db4ac6c0b,aab7ebc80c134d8998f5414f,2023,2023-08-30,50.0,0.33,0.33,Programa Nacional de Inducción Docente 2024,Curso/edición,Bienestar socioemocional - i512,Componente 5,105343,False
IQ512,eb7f5d5ca2ac4b88978d38f8,265a1767f3f449a586ffc754,2023,2023-02-20,,0.12,0.12,Programa Nacional de Inducción Docente,Curso/edición,Programa Nacional de Inducción Docente,Componente 58,105378,False
IQ512,6f4da6d44480404387335edd,bb97def0b02f4427a00195f9,2024,2024-03-06,100.0,0.18,0.18,Programa Nacional de Inducción Docente,Curso/edición,Bienestar socioemocional - i512,Componente 40,105287,False
IQ512,23a46952e8d548d5bbd30921,df1221bdf1d5490c947d6b72,2023,2023-02-12,25.0,0.59,0.59,Programa Nacional de Inducción Docente,Curso/edición,Programa Nacional de Inducción Docente,Componente 6,105488,False
IQ512,1f2260312ba349c7940b543e,4804d793882e420ba3b02325,2024,2024-02-09,,0.92,0.92,Programa Nacional de Inducción Docente,Curso/edición,Bienestar socioemocional - i512,Componente 10,105367,False
IQ512,c798058439a745f8a9d19ada,789a966057d94fcd9b74b134,2023,2023-10-14,,0.39,0.39,Programa Nacional de Inducción Docente,Curso/edición,Gestión de aula - i512,Componente 23,105209,False
IQ512,979fc3b84d4d4d219f7a8b64,1a5e5b71b1ae4ec89c2cbbd1,2024,2024-06-08,25.0,1.09,1.09,Programa Nacional de Inducción Docente,Curso/edición,Bienestar socioemocional - i512,Componente 41,105402,False
IQ512,4ef9b589651340f1becf2f6e,2aa2ec1b31df42e2aff144c3,2023,2023-02-15,100.0,1.0,1.0,Programa Nacional de Inducción Docente,Curso/edición,Bienestar socioemocional - i512,Componente 29,105195,False
IQ512,9d36e23351b542c490a5093b,ad782a2c837b447f8d17bf13,2023,2023-02-27,100.0,1.72,1.72,Programa Nacional de Inducción Docente - Profundización,Curso/edición,Bienestar socioemocional - i512,Componente 51,105339,False
IQ512,7e149dcae93b4df28d8d9801,afb11e2a8fd64c6eb4a7347a,2024,2024-07-16,,1.43,1.43,Programa Nacional de Inducción Docente - Profundización,Curso/edición,Gestión de aula - i512,Componente 52,105413,False
IQ512,a05b4cd10f1d4e59a79535f5,63611ab7ed0a4909925eb8ea,2024,2024-07-07,100.0,0.13,0.13,Programa Nacional de Inducción Docente,Curso/edición,Gestión de aula - i512,Componente 25,105193,False
IQ512,aa369d70522e4f3089d47414,f49d42df9e20459d95b6c638,2023,2023-11-06,75.0,0.58,0.58,Programa Nacional de Inducción Docente,Curso/edición,Gestión de aula - i512,Componente 15,105254,False
IQ512,fa21b7d784424f65b6ad68a4,52070d7c908441c19c81e2c7,2023,2023-05-10,,0.09,0.09,Programa Nacional de Inducción Docente - Profundización,Curso/edición,Bienestar socioemocional - i512,Componente 36,105185,False
IQ512,d711528483e347ad8c616efe,1df7064f364c4f69a3e07067,2023,2023-10-17,50.0,0.39,0.39,Programa Nacional de Inducción Docente,Curso/edición,Programa Nacional de Inducción Docente,Componente 58,105455,False
IQ512,8a3edd3f120846be94f4887f,62446d6d19dd4ab8bc2e277f,2023,2023-10-23,100.0,0.07,0.07,Liderazgo docente - i512,Curso/edición,Programa Nacional de Inducción Docente,Componente 5,105345,False
IQ512,5eaf47459c4b4b9ba934e6dc,1cf334471470420f98e44da4,2024,2024-04-25,75.0,0.37,0.37,Programa Nacional de Inducción Docente - Profundización,Curso/edición,Gestión de aula - i512,Componente 53,105479,False
IQ512,840b5087efae4f7ba6f5968f,7d2866ab1bec4dbebc4c60b3,2023,2023-06-30,,0.49,0.49,Programa Nacional de Inducción Docente,Curso/edición,Programa Nacional de Inducción Docente,Componente 30,105360,False
IQ512,4b09f5f059d24491a4a137f0,f8bd01058ec24f7687709926,2023,2023-01-29,75.0,0.44,0.44,Programa Nacional de Inducción Docente,Curso/edición,Programa Nacional de Inducción Docente,Componente 10,105503,False
IQ512,2bbb19aa4b96480b9b8d06bc,63611ab7ed0a4909925eb8ea,2022,2022-09-15,,0.3,0.3,Programa Nacional de Inducción Docente,Curso/edición,Gestión de aula - i512,Componente 35,105193,False
IQ512,5e9866d5f62e4ac3980faa51,0dfad5ed7353466680d96d8d,2023,2023-11-30,75.0,0.25,0.25,Liderazgo docente - i512,Curso/edición,Programa Nacional de Inducción Docente,Componente 22,105386,False
IQ512,7eb3bf7fe90443f4a735bdbc,d25d3bc0a66b46f7978782f5,2023,2023-10-14,,0.14,0.14,Programa Nacional de Inducción Docente 2024,Curso/edición,Bienestar socioemocional - i512,Componente 15,105499,False
IQ512,ce3345199cb64c9d86b48c12,e4107e5415964189ac5dd008,2023,2023-11-24,50.0,1.02,1.02,Programa Nacional de Inducción Docente,Curso/edición,Programa Nacional de Inducción Docente,Componente 49,105380,False
IQ512,ae164314667946908eb87994,7c97c1011d2c47459f4fdafd,2023,2023-03-12,0.0,2.99,2.99,Programa Nacional de Inducción Docente,Curso/edición,Bienestar socioemocional - i512,Componente 58,105403,False
IQ512,ebfc6e35a56742a989ae8b6b,149e0e0a2e1747fdac1861ac,2024,2024-11-26,100.0,0.0,0.0,Liderazgo docente - i512,Curso/edición,Bienestar socioemocional - i512,Componente 11,105348,False
IQ512,abb04089b9a74bbc94831006,c3cd54892e8547f7beecdac0,2023,2023-04-13,50.0,0.14,0.14,Programa Nacional de Inducción Docente,Curso/edición,Programa Nacional de Inducción Docente,Componente 15,105453,False
IQ512,872082f89e6945c3a6097902,de6563148ddd406597ed22bc,2023,2023-04-02,50.0,0.46,0.46,Programa Nacional de Inducción Docente,Curso/edición,Gestión de aula - i512,Componente 8,105372,False
IQ512,29654757d5a04a0da76c792a,8705b545ae8e424aa55121c8,2023,2023-11-21,50.0,0.59,0.59,Programa Nacional de Inducción Docente,Curso/edición,Bienestar socioemocional - i512,Componente 47,105490,False
IQ512,fc113b83cf0346cab5a8320e,eaf87d27bcba40a3894b4cfe,2023,2023-09-16,50.0,0.17,0.17,Liderazgo docente - i512,Curso/edición,Programa Nacional de Inducción Docente,Componente 42,105197,False
IQ512,6c73c61698274ea680c985e2,53eb07b5870a4ec2863ddb43,2023,2023-04-17,,0.22,0.22,Programa Nacional de Inducción Docente,Curso/edición,Programa Nacional de Inducción Docente,Componente 54,105259,False
IQ512,90caf3bcf5864df38459b335,7c5261ea744241b18d6195c1,2023,2023-11-04,,0.37,0.37,Programa Nacional de Inducción Docente - Profundización,Curso/edición,Programa Nacional de Inducción Docente,Componente 26,105478,False
IQ512,dd44d4a8b6544fdb9e69e96d,417fa9aef26f46c283aaff91,2023,2023-09-01,75.0,0.01,0.01,Programa Nacional de Inducción Docente,Curso/edición,Programa Nacional de Inducción Docente,Componente 13,105476,False
IQ512,5986608ac4484a6680ef09ba,0dfad5ed7353466680d96d8d,2023,2023-07-16,25.0,0.06,0.06,Programa Nacional de Inducción Docente,Curso/edición,Programa Nacional de Inducción Docente,Componente 41,105386,False
IQ512,a7991dac2fc547f58478db1e,c0658296ef1c49628c88e909,2023,2023-12-30,,0.31,0.31,Programa Nacional de Inducción Docente,Curso/edición,Bienestar socioemocional - i512,Componente 2,105222,False
IQ512,da1f9fe8b9ed44dfbe0344dc,2c587aaa354f4c60baecf071,2023,2023-02-25,,2.46,2.46,Programa Nacional de Inducción Docente,Curso/edición,Gestión de aula - i512,Componente 11,105346,False
IQ512,47f7c7fae8fe4b4c9530ded4,af3f1b807df249cb9f0c8a25,2024,2024-05-05,,0.42,0.42,Programa Nacional de Inducción Docente,Curso/edición,Bienestar socioemocional - i512,Componente 1,105368,False
IQ512,eb4e40c77fbf4da28639b718,eaf87d27bcba40a3894b4cfe,2023,2023-06-09,100.0,0.27,0.27,Programa Nacional de Inducción Docente - Profundización,Curso/edición,Gestión de aula - i512,Componente 32,105197,False
IQ512,3aeae437185f420dbdceef48,1df7064f364c4f69a3e07067,2025,2025-11-30,50.0,0.26,0.26,Programa Nacional de Inducción Docente,Curso/edición,Gestión de aula - i512,Componente 49,105455,False
IQ512,efa8f09871f94f76b16edba0,480cb530aa2d48c5acbe06c6,2024,2024-06-25,,0.03,0.03,Programa Nacional de Inducción Docente,Curso/edición,Bienestar socioemocional - i512,Componente 36,105498,False
IQ512,466537dbf7644d27a7d172fd,878fe7906dbd4aa7a53de962,2023,2023-07-20,75.0,0.52,0.52,Programa Nacional de Inducción Docente,Curso/edición,Bienestar socioemocional - i512,Componente 38,105335,False
IQ512,bc1d6df8d11b49109f535e22,0fadfe3c6ab5414fba887b0a,2023,2023-10-11,25.0,0.89,0.89,Programa Nacional de Inducción Docente,Curso/edición,Gestión de aula - i512,Componente 48,105366,False
IQ512,725e5b5dad44452fb052c591,b5a8776ef2c54783903ac8f9,2022,2022-02-26,,0.06,0.06,Programa Nacional de Inducción Docente,Curso/edición,Programa Nacional de Inducción Docente,Componente 12,105192,False
IQ512,ed9576a053eb42bea3f8ab73,789a966057d94fcd9b74b134,2024,2024-10-04,100.0,0.0,0.0,Programa Nacional de Inducción Docente,Curso/edición,Programa Nacional de Inducción Docente,Componente 31,105209,False
IQ512,7aae9448d7c7457d9e6e4ce0,e4375dafb40b4109b294d0bd,2023,2023-03-14,,0.03,0.03,Programa Nacional de Inducción Docente,Curso/edición,Programa Nacional de Inducción Docente,Componente 28,105237,False
IQ512,0a02a708db2f49aeab980483,cda3874536714598a7278442,2024,2024-12-09,,1.81,1.81,Programa Nacional de Inducción Docente,Curso/edición,Programa Nacional de Inducción Docente,Componente 44,105448,False
IQ512,10cedbfab8f84215b40cee17,f43415bb5f284a04a93c3541,2024,2024-08-09,,0.86,0.86,Programa Nacional de Inducción Docente,Curso/edición,Bienestar socioemocional - i512,Componente 14,105387,False
IQ512,85cd487cbbab4d38a8967587,4804d793882e420ba3b02325,2023,2023-02-21,,0.18,0.18,Programa Nacional de Inducción Docente,Curso/edición,Programa Nacional de Inducción Docente,Componente 34,105367,False
IQ512,cdf557db179347ebac5da807,63611ab7ed0a4909925eb8ea,2023,2023-10-19,,1.67,1.67,Programa Nacional de Inducción Docente,Curso/edición,Bienestar socioemocional - i512,Componente 56,105193,False
IQ512,93d74135f70a4c7d8ad6237d,4334c2428b5949578c3ddcc8,2023,2023-08-16,100.0,0.87,0.87,Programa Nacional de Inducción Docente,Curso/edición,Programa Nacional de Inducción Docente,Componente 22,105405,False
IQ512,36af45982dc84b728bb4f6cf,cf1b0dd049e74f23912a0d61,2023,2023-12-16,,0.68,0.68,Programa Nacional de Inducción Docente,Curso/edición,Gestión de aula - i512,Componente 3,105389,False
IQ512,b0336782ada244ac87e7560c,0dd7db72057a4e239a9db895,2022,2022-04-16,,0.14,0.14,Programa Nacional de Inducción Docente,Curso/edición,Bienestar socioemocional - i512,Componente 38,105294,False
IQ512,d8a726a2fa47406f8da24386,a70a29c511f8494a86fd6308,2023,2023-04-13,,0.0,0.0,Programa Nacional de Inducción Docente,Curso/edición,Bienestar socioemocional - i512,Componente 5,105202,False
IQ512,40a860cf42c542b899b1945d,417fa9aef26f46c283aaff91,2024,2024-01-02,,0.01,0.01,Programa Nacional de Inducción Docente,Curso/edición,Gestión de aula - i512,Componente 43,105476,False
IQ512,bd3d600f466d49928d1caecd,cda3874536714598a7278442,2023,2023-09-14,0.0,0.1,0.1,Programa Nacional de Inducción Docente - Profundización,Curso/edición,Bienestar socioemocional - i512,Componente 6,105448,False
IQ512,42ae7f84cdca43b3bcfbb1c0,be430629430f473593b6ce21,2023,2023-09-14,,0.42,0.42,Programa Nacional de Inducción Docente,Curso/edición,Programa Nacional de Inducción Docente,Componente 49,105219,False
IQ512,24ddde3d972846c9939515c9,8a4fab570ee244668f796f31,2024,2024-07-05,,0.4,0.4,Programa Nacional de Inducción Docente,Curso/edición,Programa Nacional de Inducción Docente,Componente 1,105331,False
IQ512,41ec8f0256564907ab37c615,ca96bb883dfd41ac89ca221d,2026,2026-04-20,,2.06,2.06,Programa Nacional de Inducción Docente,Curso/edición,Programa Nacional de Inducción Docente,Componente 30,105189,False
IQ512,8e75cfd387d54d75b7cd512d,da8f4eb7991e451faef98e65,2023,2023-05-26,,0.01,0.01,Programa Nacional de Inducción Docente,Curso/edición,Programa Nacional de Inducción Docente,Componente 49,105443,False
IQ512,e895fcd5ab9145c893a01104,9304fb0da0fc4b26af6cc39e,2023,2023-02-13,,1.24,1.24,Programa Nacional de Inducción Docente - Profundización,Curso/edición,Programa Nacional de Inducción Docente,Componente 8,105412,False
IQ512,10c1eb26a1d54af288a6221a,30da5377a4434ea1ae7823d1,2024,2024-09-02,0.0,1.23,1.23,Programa Nacional de Inducción Docente,Curso/edición,Gestión de aula - i512,Componente 34,105220,False
IQ512,b8a455ccb53c48d48eed03aa,03e0948083cf496c8409b830,2024,2024-08-20,,0.09,0.09,Programa Nacional de Inducción Docente 2024,Curso/edición,Programa Nacional de Inducción Docente,Componente 18,105487,False
IQ512,e5036b177b0d47cf97f14a8c,475a21182220425692a2670b,2024,2024-11-15,100.0,0.09,0.09,Programa Nacional de Inducción Docente,Curso/edición,Gestión de aula - i512,Componente 44,105426,False
IQ512,83cf1eaf95e1451d95aac1c1,789a966057d94fcd9b74b134,2023,2023-04-23,,1.05,1.05,Programa Nacional de Inducción Docente,Curso/edición,Bienestar socioemocional - i512,Componente 42,105209,False
IQ512,e482c267c5f945369baba634,cecabdfd5a4c41b797ecc269,2023,2023-07-09,25.0,0.86,0.86,Programa Nacional de Inducción Docente 2024,Curso/edición,Bienestar socioemocional - i512,Componente 34,105342,False
IQ512,b41183197133453fba077a31,2cf47bfe9cbe421387f017b0,2023,2023-06-22,50.0,0.08,0.08,Programa Nacional de Inducción Docente,Curso/edición,Bienestar socioemocional - i512,Componente 52,105437,False
IQ512,4b1c162183e74a62b2cd738a,b75ef5c228a24d329f8a6f28,2026,2026-02-08,100.0,0.13,0.13,Programa Nacional de Inducción Docente,Curso/edición,Programa Nacional de Inducción Docente,Componente 8,105227,False
IQ512,a39d3a4f4f244d87bece8197,10322a41c7d34bbb91a599c0,2023,2023-04-09,0.0,1.45,1.45,Programa Nacional de Inducción Docente,Curso/edición,Bienestar socioemocional - i512,Componente 12,105229,False
IQ512,c54bc08894804ae7a0d9cf0f,7039f0d846de4df3a4087385,2023,2023-05-26,100.0,0.63,0.63,Programa Nacional de Inducción Docente 2024,Curso/edición,Programa Nacional de Inducción Docente,Componente 7,105358,False
IQ512,05c8904162484862b4afcc29,af3f1b807df249cb9f0c8a25,2024,2024-08-03,,0.02,0.02,Programa Nacional de Inducción Docente,Curso/edición,Gestión de aula - i512,Componente 45,105368,False
IQ512,58c8ef338082457cab595627,bb0efadaeed747038ebffaa2,2026,2026-02-27,75.0,0.23,0.23,Programa Nacional de Inducción Docente - Profundización,Curso/edición,Programa Nacional de Inducción Docente,Componente 30,105228,False
IQ512,55f9b00c65264aa99d5a2a00,1cf334471470420f98e44da4,2023,2023-12-14,,0.77,0.77,Programa Nacional de Inducción Docente,Curso/edición,Bienestar socioemocional - i512,Componente 5,105479,False
IQ512,f34f4dcd8f3948d4aa4bce9e,dcbafb2f0d93482fb9a489d7,2024,2024-04-21,75.0,0.65,0.65,Programa Nacional de Inducción Docente,Curso/edición,Programa Nacional de Inducción Docente,Componente 9,105438,False
IQ512,2d7d15432802419eb6619c65,de6563148ddd406597ed22bc,2026,2026-08-05,75.0,0.23,0.23,Programa Nacional de Inducción Docente,Curso/edición,Gestión de aula - i512,Componente 56,105372,False
IQ512,960c99c79da94f5d863a3144,a70a29c511f8494a86fd6308,2025,2025-10-19,25.0,0.07,0.07,Programa Nacional de Inducción Docente,Curso/edición,Bienestar socioemocional - i512,Componente 22,105202,False
IQ512,66fa464e9ef74342b438feac,b7689f9636d544ffa0dd719c,2023,2023-04-12,,1.68,1.68,Programa Nacional de Inducción Docente,Curso/edición,Gestión de aula - i512,Componente 49,105298,False
IQ512,9f93669a0af64165b36c98d7,74b9644a6001467d9530e829,2023,2023-05-18,,0.35,0.35,Programa Nacional de Inducción Docente,Curso/edición,Programa Nacional de Inducción Docente,Componente 25,105283,False
IQ512,d74ebd13937f4499b7ead839,7b88eae260654464869a1582,2023,2023-05-03,0.0,0.49,0.49,Programa Nacional de Inducción Docente,Curso/edición,Bienestar socioemocional - i512,Componente 27,105291,False
IQ512,426eea1e37974ce1ba0a1efb,2ca1013a0fea4a1d8335308b,2023,2023-07-13,75.0,0.04,0.04,Programa Nacional de Inducción Docente,Curso/edición,Gestión de aula - i512,Componente 29,105213,False
IQ512,c82b12524b5d4f67bf79d0eb,0dd7db72057a4e239a9db895,2023,2023-05-08,100.0,1.47,1.47,Programa Nacional de Inducción Docente,Curso/edición,Programa Nacional de Inducción Docente,Componente 12,105294,False
IQ512,34ca50869cf3423fa9e12259,265a1767f3f449a586ffc754,2023,2023-06-26,25.0,0.14,0.14,Programa Nacional de Inducción Docente - Profundización,Curso/edición,Programa Nacional de Inducción Docente,Componente 59,105378,False
IQ512,ad8bdb34164c4f889cc41b0e,16963ecc19514a569b574e66,2023,2023-01-26,,0.35,0.35,Programa Nacional de Inducción Docente,Curso/edición,Programa Nacional de Inducción Docente,Componente 30,105282,False
IQ512,9349b4583f93456cabf3c27a,ff1d4b25fd634bb5987c6c7c,2023,2023-09-30,,0.36,0.36,Programa Nacional de Inducción Docente,Curso/edición,Programa Nacional de Inducción Docente,Componente 12,105309,False
IQ512,0d6f5d7521264526a2ab8ace,74b9644a6001467d9530e829,2023,2023-02-21,,0.6,0.6,Programa Nacional de Inducción Docente 2024,Curso/edición,Bienestar socioemocional - i512,Componente 8,105283,False
IQ512,a8091a44cd6e428e8f67c3ac,a5a8230bd2014d8298760152,2024,2024-01-22,25.0,0.7,0.7,Programa Nacional de Inducción Docente,Curso/edición,Bienestar socioemocional - i512,Componente 6,105270,False
IQ512,567a946ae59d4bcd8eb56b47,72335bdd56fe43e8b51efc30,2023,2023-09-15,25.0,1.19,1.19,Programa Nacional de Inducción Docente - Profundización,Curso/edición,Bienestar socioemocional - i512,Componente 32,105292,False
IQ512,4b2a71ca9c0a4496a207cc68,c4a9bea4965f42a1b9c9a741,2023,2023-09-08,50.0,3.84,3.84,Programa Nacional de Inducción Docente,Curso/edición,Gestión de aula - i512,Componente 34,105373,False
IQ512,492d89b6e9c34ba6b8cf6070,bb97def0b02f4427a00195f9,2023,2023-06-29,,,,Programa Nacional de Inducción Docente,Curso/edición,Gestión de aula - i512,Componente 4,105287,False
IQ512,ff0b32113b2b41ee90351d4f,52070d7c908441c19c81e2c7,2025,2025-05-15,,1.05,1.05,Liderazgo docente - i512,Curso/edición,Gestión de aula - i512,Componente 51,105185,False
IQ512,3de05c2f08ad4b5d841184c3,415994463ca44d63a6bb05b8,2024,2024-03-30,,1.87,1.87,Programa Nacional de Inducción Docente,Curso/edición,Bienestar socioemocional - i512,Componente 30,105221,False
IQ512,0b206715ee98429d9cbb8ff8,be430629430f473593b6ce21,2026,2026-08-10,50.0,0.28,0.28,Programa Nacional de Inducción Docente,Curso/edición,Bienestar socioemocional - i512,Componente 49,105219,False
IQ512,d9ac33b67780407ca70bb111,7626b6d687ba4961acf35576,2023,2023-07-11,,1.3,1.3,Liderazgo docente - i512,Curso/edición,Gestión de aula - i512,Componente 44,105456,False
IQ512,0ba7243febb840a6808fc304,72335bdd56fe43e8b51efc30,2023,2023-10-17,,0.8,0.8,Programa Nacional de Inducción Docente,Curso/edición,Programa Nacional de Inducción Docente,Componente 25,105292,False
IQ512,6d44e808f6ee4aa0894bba93,16963ecc19514a569b574e66,2023,2023-12-08,100.0,2.51,2.51,Programa Nacional de Inducción Docente,Curso/edición,Programa Nacional de Inducción Docente,Componente 25,105282,False
IQ512,babf8b5b44e44a8ebe58180e,accb6322787d4f4aa7284f37,2023,2023-02-26,50.0,,,Programa Nacional de Inducción Docente,Curso/edición,Gestión de aula - i512,Componente 59,105301,False
IQ512,0871bab08487449abfc0b79a,7b88eae260654464869a1582,2023,2023-04-27,50.0,0.84,0.84,Programa Nacional de Inducción Docente - Profundización,Curso/edición,Programa Nacional de Inducción Docente,Componente 30,105291,False
IQ512,e4dff2a8910f4db691bf7c6e,f725dce3c25048de940ae720,2023,2023-07-07,50.0,0.66,0.66,Programa Nacional de Inducción Docente,Curso/edición,Programa Nacional de Inducción Docente,Componente 44,105392,False
IQ512,5c3196075ede41798e11b4f0,c8f0b975ecdd4e1e88941736,2023,2023-05-30,50.0,0.55,0.55,Programa Nacional de Inducción Docente,Curso/edición,Bienestar socioemocional - i512,Componente 50,105492,False
IQ512,23e35fc96ae8425f8970b3b7,0584bd68b35245949e4d9e03,2024,2024-07-21,100.0,1.43,1.43,Programa Nacional de Inducción Docente,Curso/edición,Programa Nacional de Inducción Docente,Componente 41,105486,False
IQ512,a55816e4a5ef4022a24d0bb5,6e773ac41aea4fe5b98eba0c,2024,2024-10-10,50.0,0.05,0.05,Programa Nacional de Inducción Docente,Curso/edición,Programa Nacional de Inducción Docente,Componente 16,105489,False
IQ512,a6e29430aceb46a09ac6118f,57593167db0842d697f8d79f,2024,2024-02-16,,0.19,0.19,Programa Nacional de Inducción Docente,Curso/edición,Programa Nacional de Inducción Docente,Componente 34,105295,False
IQ512,ecaddff1c2f34b9db6d8dd5c,3428be60ae7742178dc6c7b5,2023,2023-07-15,25.0,0.87,0.87,Programa Nacional de Inducción Docente,Curso/edición,Programa Nacional de Inducción Docente,Componente 43,105484,True
IQ512,cd352fa9b95e4b5c8d1aaa97,100a404f17da46218111c086,2023,2023-10-07,,0.16,0.16,Programa Nacional de Inducción Docente,Curso/edición,Gestión de aula - i512,Componente 4,105320,False
IQ512,546107d1fdc9445e87e86ab8,672eb382c9fb4d33af06c219,2023,2023-05-14,,1.06,1.06,Programa Nacional de Inducción Docente - Profundización,Curso/edición,Programa Nacional de Inducción Docente,Componente 24,105313,False
IQ512,1d65777821c64b5d8a779867,9304fb0da0fc4b26af6cc39e,2023,2023-07-28,,1.11,1.11,Programa Nacional de Inducción Docente,Curso/edición,Gestión de aula - i512,Componente 44,105412,True
IQ512,b8d38b7ff8874023b8a84366,e9a2bc567b8d4d419a4e616a,2023,2023-07-25,,2.46,2.46,Programa Nacional de Inducción Docente,Curso/edición,Gestión de aula - i512,Componente 15,105248,False
IQ512,0fd2136656fe46b789afbbf6,6fa8c8f76c604db6ba5a05cb,2026,2026-01-27,,0.02,0.02,Programa Nacional de Inducción Docente,Curso/edición,Programa Nacional de Inducción Docente,Componente 45,105382,False
IQ512,06d10f706a544739b5a5df58,10779687102844adb5b33c17,2022,2022-09-21,50.0,0.11,0.11,Programa Nacional de Inducción Docente,Curso/edición,Gestión de aula - i512,Componente 30,105308,False
IQ512,e7a419f0a2ce4abbbe7ef26a,7d2866ab1bec4dbebc4c60b3,2023,2023-09-26,75.0,0.05,0.05,Programa Nacional de Inducción Docente,Curso/edición,Bienestar socioemocional - i512,Componente 20,105360,False
IQ512,ddb40a982dc74c06b2c98c0e,d3fe58ef906f423b9c61a65e,2023,2023-11-14,75.0,0.74,0.74,Programa Nacional de Inducción Docente,Curso/edición,Gestión de aula - i512,Componente 28,105289,False
IQ512,29d7eb1d2e7a45268a6ddeba,79f90b3590f94ab8862a51e8,2026,2026-05-12,,0.87,0.87,Liderazgo docente - i512,Curso/edición,Gestión de aula - i512,Componente 17,105205,False
IQ512,f0701607314541aaa1e52bab,6e773ac41aea4fe5b98eba0c,2023,2023-07-21,,0.82,0.82,Programa Nacional de Inducción Docente,Curso/edición,Gestión de aula - i512,Componente 24,105489,False
IQ512,dac23c9223844c00b99479ea,fde0d11bbab04b19bf3f769a,2022,2022-04-07,75.0,0.73,0.73,Programa Nacional de Inducción Docente,Curso/edición,Programa Nacional de Inducción Docente,Componente 49,105319,False
IQ512,c6c7dd834c934f3cad865614,8d0eb23ba8034db2a653adeb,2024,2024-04-01,25.0,,,Programa Nacional de Inducción Docente,Curso/edición,Programa Nacional de Inducción Docente,Componente 5,105441,False
IQ512,94dfd5679f81447081aef71f,bb97def0b02f4427a00195f9,2024,2024-12-01,25.0,0.18,0.18,Programa Nacional de Inducción Docente 2024,Curso/edición,Bienestar socioemocional - i512,Componente 17,105287,False
IQ512,9287d09267b545d6a3dbe6c9,deaa5cd206be451baee5138f,2022,2022-07-16,50.0,2.37,2.37,Liderazgo docente - i512,Curso/edición,Programa Nacional de Inducción Docente,Componente 33,105427,False
IQ512,3d9c799497714ab6a2670d35,deaa5cd206be451baee5138f,2023,2023-09-01,,0.04,0.04,Programa Nacional de Inducción Docente,Curso/edición,Bienestar socioemocional - i512,Componente 28,105427,False
IQ512,922c4c75e1f14cb8844fdd1a,7039f0d846de4df3a4087385,2023,2023-11-19,0.0,0.01,0.01,Programa Nacional de Inducción Docente,Curso/edición,Bienestar socioemocional - i512,Componente 9,105358,False
IQ512,6ec126cb232343a18f9b3629,0190c7be89ab454fa26d0681,2024,2024-03-27,50.0,1.41,1.41,Programa Nacional de Inducción Docente,Curso/edición,Programa Nacional de Inducción Docente,Componente 53,105300,False
IQ512,9c5ca2facaea40f7a410381a,ca96bb883dfd41ac89ca221d,2023,2023-11-15,100.0,0.6,0.6,Programa Nacional de Inducción Docente 2024,Curso/edición,Bienestar socioemocional - i512,Componente 6,105189,False
IQ512,af11be72584e4d868ab41be2,ad782a2c837b447f8d17bf13,2023,2023-09-25,,0.41,0.41,Programa Nacional de Inducción Docente - Profundización,Curso/edición,Bienestar socioemocional - i512,Componente 23,105339,False
IQ512,beb9630c9c374df087cdbd7a,afb11e2a8fd64c6eb4a7347a,2024,2024-12-13,,1.09,1.09,Programa Nacional de Inducción Docente,Curso/edición,Gestión de aula - i512,Componente 52,105413,False
IQ512,effe538f54634d2c81be4ff1,9e0f4f4dea694cd3bc13fb6a,2025,2025-03-03,75.0,0.8,0.8,Programa Nacional de Inducción Docente,Curso/edición,Bienestar socioemocional - i512,Componente 2,105340,False
IQ512,b6105056ad8c402c83e21603,eaaf933775e74d558f7457e0,2023,2023-08-08,,2.38,2.38,Programa Nacional de Inducción Docente,Curso/edición,Gestión de aula - i512,Componente 45,105266,False
IQ512,16de5e3af6a8415b8ab515b0,246ecfff06dd4c809a037219,2024,2024-04-08,100.0,1.35,1.35,Programa Nacional de Inducción Docente,Curso/edición,Programa Nacional de Inducción Docente,Componente 8,105502,False
IQ512,9042f71a58544baeb5f9b6c9,6e773ac41aea4fe5b98eba0c,2024,2024-07-24,25.0,0.02,0.02,Programa Nacional de Inducción Docente,Curso/edición,Gestión de aula - i512,Componente 13,105489,False
IQ512,52f1cf43c0434171ac346293,ad782a2c837b447f8d17bf13,2025,2025-07-20,,0.27,0.27,Programa Nacional de Inducción Docente,Curso/edición,Bienestar socioemocional - i512,Componente 43,105339,False
IQ512,6b2b805d00f54dda8c84844c,0dd7db72057a4e239a9db895,2024,2024-12-11,0.0,0.22,0.22,Programa Nacional de Inducción Docente,Curso/edición,Gestión de aula - i512,Componente 58,105294,False
IQ512,88f09c4ceb7c44a699442c54,6ddeea143c7840409481471f,2023,2023-03-23,0.0,,,Programa Nacional de Inducción Docente,Curso/edición,Gestión de aula - i512,Componente 1,105485,False
IQ512,e1d0275e2de141e0807950da,53eb07b5870a4ec2863ddb43,2023,2023-09-24,,0.05,0.05,Programa Nacional de Inducción Docente,Curso/edición,Bienestar socioemocional - i512,Componente 3,105259,False
IQ512,0fcbdbc9685f4198a37bcee2,e4655a4bf0354abc82264339,2023,2023-02-05,,0.18,0.18,Programa Nacional de Inducción Docente,Curso/edición,Gestión de aula - i512,Componente 50,105247,False
IQ512,5f94aa7a89df4bd3ab296be4,317cad1675a4463991b7333b,2023,2023-09-06,25.0,0.25,0.25,Programa Nacional de Inducción Docente,Curso/edición,Gestión de aula - i512,Componente 49,105198,False
IQ512,ffe8bb7fe76e410499eb3808,d970babf17db42949d372711,2023,2023-08-15,25.0,0.03,0.03,Programa Nacional de Inducción Docente,Curso/edición,Programa Nacional de Inducción Docente,Componente 46,105323,False
IQ512,871d354597d84363b0708548,f725dce3c25048de940ae720,2024,2024-12-08,,0.5,0.5,Programa Nacional de Inducción Docente,Curso/edición,Gestión de aula - i512,Componente 31,105392,False
IQ512,87f5df5ce4724f4786fbfda6,19f183595d58476c8078ec17,2025,2025-10-07,,0.06,0.06,Programa Nacional de Inducción Docente,Curso/edición,Programa Nacional de Inducción Docente,Componente 5,105293,False
IQ512,ed53154329d84e5b8f2240a3,ea2b216a5f034a29b40d010c,2024,2024-05-29,75.0,0.6,0.6,Programa Nacional de Inducción Docente,Curso/edición,Gestión de aula - i512,Componente 3,105223,False
IQ512,f4f15cbed7df4df2aed671b6,9d75fc29e5864ce98f59de4a,2023,2023-01-03,,0.57,0.57,Programa Nacional de Inducción Docente,Curso/edición,Programa Nacional de Inducción Docente,Componente 42,105303,False
IQ512,746a63fe3db74bb599a8d344,5801920e315f4226bd9a3ac6,2023,2023-07-16,0.0,0.13,0.13,Programa Nacional de Inducción Docente,Curso/edición,Bienestar socioemocional - i512,Componente 44,105454,False
IQ512,be105020c92b4de6a9b8859e,1b90cd3262b14408bd139115,2025,2025-07-24,0.0,1.2,1.2,Programa Nacional de Inducción Docente,Curso/edición,Programa Nacional de Inducción Docente,Componente 10,105297,False
IQ512,044d060abdbb421584c588b5,6356b8e091924075b99d6a5e,2024,2024-10-21,0.0,0.23,0.23,Programa Nacional de Inducción Docente,Curso/edición,Gestión de aula - i512,Componente 19,105497,False
IQ512,dd44a38802954510977657a2,8dbd1b8e7c074f439acf6516,2026,2026-05-10,100.0,0.8,0.8,Programa Nacional de Inducción Docente,Curso/edición,Programa Nacional de Inducción Docente,Componente 39,105187,False
IQ512,6b83bc0380764114bf212e33,fb75da999a4541fbb560d80c,2023,2023-04-14,,0.1,0.1,Programa Nacional de Inducción Docente,Curso/edición,Programa Nacional de Inducción Docente,Componente 49,105349,False
IQ512,4923841ce0cf48c6989a4174,b3fbd494ec9e480b97e312ec,2022,2022-10-29,0.0,0.22,0.22,Programa Nacional de Inducción Docente,Curso/edición,Bienestar socioemocional - i512,Componente 58,105280,False
IQ512,421c2c14304b40df81c8d4ed,e9a2bc567b8d4d419a4e616a,2025,2025-01-19,,0.36,0.36,Programa Nacional de Inducción Docente,Curso/edición,Gestión de aula - i512,Componente 8,105248,False
IQ512,db1358a162594062b0da5777,43d57b839ff140d7a40571b4,2024,2024-11-20,,0.13,0.13,Programa Nacional de Inducción Docente,Curso/edición,Gestión de aula - i512,Componente 55,105495,False
IQ512,50bce968b1d441978e6e568a,29e4c3f6d6874d1abf5a233a,2025,2025-10-04,75.0,0.41,0.41,Programa Nacional de Inducción Docente,Curso/edición,Programa Nacional de Inducción Docente,Componente 17,105362,False
IQ512,24e33f25b6b94a18978a8a34,1ccfbb61b6fa4ebbafb739d9,2024,2024-09-12,75.0,0.04,0.04,Programa Nacional de Inducción Docente - Profundización,Curso/edición,Programa Nacional de Inducción Docente,Componente 35,105429,False
IQ512,f69b2a4daf684ee8a7fddac9,81d8095ac7184e0f886a15af,2024,2024-08-23,25.0,0.96,0.96,Programa Nacional de Inducción Docente - Profundización,Curso/edición,Bienestar socioemocional - i512,Componente 15,105431,False
IQ512,cc2646780f9c47b9b8a4bcf8,72335bdd56fe43e8b51efc30,2023,2023-06-26,50.0,1.24,1.24,Programa Nacional de Inducción Docente,Curso/edición,Gestión de aula - i512,Componente 46,105292,False
IQ512,b7208058d7c144ee8d4c2d2a,2c5128f884c94d33abeba8fb,2023,2023-03-19,100.0,0.02,0.02,Programa Nacional de Inducción Docente,Curso/edición,Gestión de aula - i512,Componente 37,105352,False
IQ512,4590dd22c77e4ddf9dd9dc40,878fe7906dbd4aa7a53de962,2023,2023-05-18,,1.01,1.01,Programa Nacional de Inducción Docente,Curso/edición,Programa Nacional de Inducción Docente,Componente 51,105335,False
IQ512,354d7ae9065a4c37978e0f9c,ff1d4b25fd634bb5987c6c7c,2023,2023-03-15,,0.27,0.27,Programa Nacional de Inducción Docente - Profundización,Curso/edición,Gestión de aula - i512,Componente 42,105309,False
IQ512,ea1313be08424a3281cc48aa,a8b827d7c1c345a29590caf7,2023,2023-09-02,,0.05,0.05,Programa Nacional de Inducción Docente,Curso/edición,Bienestar socioemocional - i512,Componente 10,105318,False
IQ512,072c339e96314045b6a15642,b40f6703aeb44096b2737c8f,2023,2023-09-08,75.0,0.35,0.35,Programa Nacional de Inducción Docente,Curso/edición,Gestión de aula - i512,Componente 51,105260,False
IQ512,b58fdc56cee74485ac1be96a,bb0efadaeed747038ebffaa2,2026,2026-07-17,50.0,0.47,0.47,Programa Nacional de Inducción Docente - Profundización,Curso/edición,Programa Nacional de Inducción Docente,Componente 16,105228,False
IQ512,4414258c1d544f109c743f23,bc168b28c5224f708e58d5d4,2023,2023-10-06,0.0,0.54,0.54,Programa Nacional de Inducción Docente,Curso/edición,Bienestar socioemocional - i512,Componente 52,105470,False
IQ512,fb0e82be3e374a339946ef38,a139ad8bb62944db909c8a9d,2024,2024-09-05,,0.45,0.45,Programa Nacional de Inducción Docente,Curso/edición,Programa Nacional de Inducción Docente,Componente 3,105356,False
IQ512,6c5553d4fdc248df90237e4d,cda3874536714598a7278442,2023,2023-07-04,75.0,0.47,0.47,Programa Nacional de Inducción Docente - Profundización,Curso/edición,Gestión de aula - i512,Componente 28,105448,False
IQ512,4bbfdcb172244a7894399450,d785be91f8eb4df6bfaed1aa,2023,2023-12-30,50.0,0.01,0.01,Programa Nacional de Inducción Docente,Curso/edición,Gestión de aula - i512,Componente 36,105406,False
IQ512,ae7c241ce6094befa31e7f54,dd7d5df7942948d5beb11771,2023,2023-02-23,50.0,0.17,0.17,Programa Nacional de Inducción Docente,Curso/edición,Bienestar socioemocional - i512,Componente 51,105425,False
IQ512,07020dcd75334fe0ab96a716,317cad1675a4463991b7333b,2023,2023-08-30,,0.21,0.21,Programa Nacional de Inducción Docente,Curso/edición,Programa Nacional de Inducción Docente,Componente 40,105198,False
IQ512,a6d2141a5f004843ab3421ab,accb6322787d4f4aa7284f37,2023,2023-03-14,,0.08,0.08,Liderazgo docente - i512,Curso/edición,Programa Nacional de Inducción Docente,Componente 52,105301,False
IQ512,32a83766954a435394e589f6,c8f0b975ecdd4e1e88941736,2023,2023-10-16,,1.84,1.84,Programa Nacional de Inducción Docente,Curso/edición,Programa Nacional de Inducción Docente,Componente 23,105492,False
IQ512,d8d150c96ac64dfa9bbf86df,4334c2428b5949578c3ddcc8,2023,2023-08-15,,0.6,0.6,Programa Nacional de Inducción Docente,Curso/edición,Programa Nacional de Inducción Docente,Componente 15,105405,False
IQ512,6d4d15dfa25d40af8eaaa7fd,b40f6703aeb44096b2737c8f,2023,2023-05-22,,2.38,2.38,Programa Nacional de Inducción Docente,Curso/edición,Gestión de aula - i512,Componente 37,105260,False
IQ512,5648b448327e4205a019978c,a5a4765354c74c4c8484b2cb,2025,2025-07-12,,0.15,0.15,Programa Nacional de Inducción Docente,Curso/edición,Gestión de aula - i512,Componente 14,105388,False
IQ512,1821102fdf0f42a99a119328,2ffc3a699fde49ff8aaaad8f,2026,2026-02-27,75.0,0.0,0.0,Programa Nacional de Inducción Docente,Curso/edición,Programa Nacional de Inducción Docente,Componente 23,105393,False
IQ512,424ca40d48eb43e4abf14a49,fab4b866c7b84ba5a715f2a1,2024,2024-11-14,,0.29,0.29,Programa Nacional de Inducción Docente,Curso/edición,Bienestar socioemocional - i512,Componente 15,105286,False
IQ512,90b04266f1ea4c61806a2c12,ab85e0ab513d49afa52c78c9,2023,2023-10-02,25.0,0.29,0.29,Programa Nacional de Inducción Docente,Curso/edición,Bienestar socioemocional - i512,Componente 31,105439,False
IQ512,0d202c07da954d82bf49e99e,30da5377a4434ea1ae7823d1,2023,2023-09-26,100.0,0.92,0.92,Programa Nacional de Inducción Docente,Curso/edición,Bienestar socioemocional - i512,Componente 3,105220,False
IQ512,6d2cbc30a8c5414c9504bf08,8d0eb23ba8034db2a653adeb,2026,2026-05-20,25.0,1.12,1.12,Programa Nacional de Inducción Docente,Curso/edición,Programa Nacional de Inducción Docente,Componente 4,105441,False
IQ512,ee7c7ddedc6747adacea1d65,93be58af9f7e4d578badaa94,2023,2023-06-20,75.0,1.1,1.1,Programa Nacional de Inducción Docente,Curso/edición,Programa Nacional de Inducción Docente,Componente 20,105442,False
IQ512,6880503cfe824762a2534f7d,fab4b866c7b84ba5a715f2a1,2023,2023-01-13,,0.79,0.79,Programa Nacional de Inducción Docente - Profundización,Curso/edición,Bienestar socioemocional - i512,Componente 32,105286,False
IQ512,dd286a1668bd461c9d9e606e,6e773ac41aea4fe5b98eba0c,2023,2023-10-12,,1.12,1.12,Programa Nacional de Inducción Docente - Profundización,Curso/edición,Gestión de aula - i512,Componente 12,105489,False
IQ512,997a29940fa34cfb98590d0a,be430629430f473593b6ce21,2023,2023-02-19,,0.01,0.01,Programa Nacional de Inducción Docente,Curso/edición,Gestión de aula - i512,Componente 41,105219,False
IQ512,7bfad13a902b4e1aa2717138,ea2b216a5f034a29b40d010c,2023,2023-01-13,25.0,,,Programa Nacional de Inducción Docente - Profundización,Curso/edición,Programa Nacional de Inducción Docente,Componente 39,105223,False
IQ512,9172590a9fed4a4db7cb6ba8,3428be60ae7742178dc6c7b5,2025,2025-11-19,100.0,0.09,0.09,Programa Nacional de Inducción Docente 2024,Curso/edición,Gestión de aula - i512,Componente 3,105484,False
IQ512,83d36d7394ec4196b9424f4d,10779687102844adb5b33c17,2023,2023-10-06,25.0,0.33,0.33,Programa Nacional de Inducción Docente,Curso/edición,Programa Nacional de Inducción Docente,Componente 7,105308,False
IQ512,dbaae8666da54213875615d8,7626b6d687ba4961acf35576,2024,2024-09-23,,0.29,0.29,Programa Nacional de Inducción Docente,Curso/edición,Gestión de aula - i512,Componente 27,105456,False
IQ512,fb892d33134e4fa4aef95d7e,1df7064f364c4f69a3e07067,2023,2023-01-15,25.0,0.06,0.06,Programa Nacional de Inducción Docente,Curso/edición,Programa Nacional de Inducción Docente,Componente 45,105455,False
IQ512,9d5b4305599d4c1699fdb8ca,3737a9ad4bbc41cdb6393199,2023,2023-11-21,25.0,0.34,0.34,Programa Nacional de Inducción Docente,Curso/edición,Gestión de aula - i512,Componente 25,105236,False
IQ512,a409226bde7e41bb9a7fa764,ea2b216a5f034a29b40d010c,2026,2026-03-26,,0.95,0.95,Programa Nacional de Inducción Docente,Curso/edición,Bienestar socioemocional - i512,Componente 10,105223,False
IQ512,196bb1cc167c4fafb126143b,f49d42df9e20459d95b6c638,2023,2023-12-12,50.0,0.42,0.42,Programa Nacional de Inducción Docente,Curso/edición,Gestión de aula - i512,Componente 26,105254,False
IQ512,46b724dd51e547198c51274b,52070d7c908441c19c81e2c7,2023,2023-11-10,100.0,0.85,0.85,Programa Nacional de Inducción Docente,Curso/edición,Gestión de aula - i512,Componente 21,105185,False
IQ512,cabdb4b1c6e040c2af5a6d3f,317cad1675a4463991b7333b,2023,2023-10-30,50.0,0.52,0.52,Programa Nacional de Inducción Docente - Profundización,Curso/edición,Programa Nacional de Inducción Docente,Componente 29,105198,False
IQ512,4cca00da6583425cb0e71aca,317cad1675a4463991b7333b,2023,2023-05-02,,0.19,0.19,Programa Nacional de Inducción Docente,Curso/edición,Programa Nacional de Inducción Docente,Componente 46,105198,False
IQ512,f788646903124463a4f8d687,0dbbc457357f412ebd5f899c,2025,2025-06-01,,1.03,1.03,Programa Nacional de Inducción Docente,Curso/edición,Bienestar socioemocional - i512,Componente 17,105235,False
IQ512,140b3a1cde2e4f3aa2048461,69331a900e66494f9794f8da,2023,2023-06-05,75.0,0.42,0.42,Programa Nacional de Inducción Docente - Profundización,Curso/edición,Bienestar socioemocional - i512,Componente 39,105452,False
IQ512,e25d38e29a8244b3a5fba754,226ab906583c44cf903022d1,2023,2023-02-06,75.0,0.63,0.63,Programa Nacional de Inducción Docente,Curso/edición,Programa Nacional de Inducción Docente,Componente 56,105326,False
IQ512,ef010e24e49944b28ba228a5,ca96bb883dfd41ac89ca221d,2024,2024-06-26,0.0,0.33,0.33,Programa Nacional de Inducción Docente - Profundización,Curso/edición,Gestión de aula - i512,Componente 14,105189,False
IQ512,1046442d990f432baa759437,149e0e0a2e1747fdac1861ac,2023,2023-03-19,25.0,0.78,0.78,Programa Nacional de Inducción Docente,Curso/edición,Gestión de aula - i512,Componente 48,105348,False
IQ512,bb2a339f0c6048e2aa5e7a6f,30da5377a4434ea1ae7823d1,2023,2023-10-09,100.0,0.16,0.16,Programa Nacional de Inducción Docente,Curso/edición,Bienestar socioemocional - i512,Componente 17,105220,False
IQ512,d03bfdd566414f6ca463826a,3428be60ae7742178dc6c7b5,2023,2023-07-26,75.0,1.42,1.42,Programa Nacional de Inducción Docente - Profundización,Curso/edición,Programa Nacional de Inducción Docente,Componente 16,105484,False
IQ512,667494d86e9a4e8e88eb41ee,cc5ec518471243968b44d76b,2024,2024-06-03,100.0,0.39,0.39,Programa Nacional de Inducción Docente,Curso/edición,Programa Nacional de Inducción Docente,Componente 13,105265,False
IQ512,cd941cc00e2b40b298f86e73,cf1b0dd049e74f23912a0d61,2024,2024-09-09,,0.15,0.15,Programa Nacional de Inducción Docente,Curso/edición,Gestión de aula - i512,Componente 32,105389,False
IQ512,0f222462571944688a7ff801,fde0d11bbab04b19bf3f769a,2023,2023-03-02,75.0,0.64,0.64,Programa Nacional de Inducción Docente,Curso/edición,Gestión de aula - i512,Componente 52,105319,False
IQ512,1aed4302d75547ec847d46ba,cecabdfd5a4c41b797ecc269,2025,2025-05-04,75.0,0.48,0.48,Programa Nacional de Inducción Docente,Curso/edición,Gestión de aula - i512,Componente 26,105342,False
IQ512,ad403daa83ca4557a9a21992,e787a33bd6ea4f8d94c0de47,2022,2022-04-07,,0.3,0.3,Programa Nacional de Inducción Docente - Profundización,Curso/edición,Gestión de aula - i512,Componente 31,105234,False
IQ512,5a244176ebf2430b9fa7aeb1,c8f0b975ecdd4e1e88941736,2024,2024-09-28,,0.57,0.57,Programa Nacional de Inducción Docente,Curso/edición,Programa Nacional de Inducción Docente,Componente 52,105492,False
IQ512,665a9aaec32f4e5780921da2,9eff69a9b37941ddbbc85221,2023,2023-11-13,100.0,0.8,0.8,Programa Nacional de Inducción Docente,Curso/edición,Bienestar socioemocional - i512,Componente 19,105430,False
IQ512,45adac0ebeaa4feeaeceaf54,2f51da8f89db420faeb2beb8,2025,2025-01-06,75.0,0.66,0.66,Programa Nacional de Inducción Docente,Curso/edición,Gestión de aula - i512,Componente 33,105328,False
IQ512,e06a1372e41a4f059392fd0e,0190c7be89ab454fa26d0681,2026,2026-06-02,75.0,0.18,0.18,Programa Nacional de Inducción Docente,Curso/edición,Programa Nacional de Inducción Docente,Componente 46,105300,False
IQ512,32cf1bef7547434cbf9697e7,8d0eb23ba8034db2a653adeb,2023,2023-09-09,,0.07,0.07,Programa Nacional de Inducción Docente,Curso/edición,Programa Nacional de Inducción Docente,Componente 51,105441,False
IQ512,dcff84d8c15b4a2e8d27c7b4,e4655a4bf0354abc82264339,2025,2025-09-26,,0.6,0.6,Programa Nacional de Inducción Docente 2024,Curso/edición,Bienestar socioemocional - i512,Componente 27,105247,False
IQ512,47cdfb35c3994b80bc9ba373,39c0bd3e6ca148b08ac8d17a,2024,2024-08-18,,0.72,0.72,Liderazgo docente - i512,Curso/edición,Gestión de aula - i512,Componente 18,105338,False
IQ512,6adf4e6fe62748f081884957,a38e5c6a8de344dcb13006e2,2024,2024-09-18,,0.06,0.06,Programa Nacional de Inducción Docente,Curso/edición,Gestión de aula - i512,Componente 53,105450,False
IQ512,123dc56d82be42f8b209ff2e,10322a41c7d34bbb91a599c0,2023,2023-10-06,50.0,3.21,3.21,Programa Nacional de Inducción Docente - Profundización,Curso/edición,Gestión de aula - i512,Componente 28,105229,False
IQ512,e607f5e0821c4c31af90d180,0fadfe3c6ab5414fba887b0a,2023,2023-01-15,100.0,1.32,1.32,Programa Nacional de Inducción Docente,Curso/edición,Programa Nacional de Inducción Docente,Componente 41,105366,False
IQ512,8b3e80f49cc34d37bfd9e137,265a1767f3f449a586ffc754,2023,2023-10-24,25.0,0.18,0.18,Programa Nacional de Inducción Docente - Profundización,Curso/edición,Bienestar socioemocional - i512,Componente 58,105378,False
IQ512,04c240c6f1bd4f2db7c095fb,b8b47e3a2e0b4246878c90e5,2023,2023-08-09,0.0,0.11,0.11,Programa Nacional de Inducción Docente,Curso/edición,Bienestar socioemocional - i512,Componente 40,105398,False
IQ512,26b732ab3b374e1dbca219ad,1df7064f364c4f69a3e07067,2023,2023-12-06,75.0,0.32,0.32,Programa Nacional de Inducción Docente,Curso/edición,Gestión de aula - i512,Componente 54,105455,False
IQ512,5b09341c9f1a4637be2c288a,475a21182220425692a2670b,2025,2025-10-25,50.0,0.21,0.21,Programa Nacional de Inducción Docente,Curso/edición,Bienestar socioemocional - i512,Componente 16,105426,False
IQ512,0d5957ef6f104ab8948d4b37,789a966057d94fcd9b74b134,2023,2023-11-24,75.0,0.29,0.29,Programa Nacional de Inducción Docente,Curso/edición,Bienestar socioemocional - i512,Componente 37,105209,False
IQ512,7e9302d0eb264ced9f0a65d0,ad782a2c837b447f8d17bf13,2024,2024-01-19,50.0,0.91,0.91,Programa Nacional de Inducción Docente,Curso/edición,Bienestar socioemocional - i512,Componente 17,105339,False
IQ512,ea71597c321441c8b7291e56,915c01a76bc4415ea1a96f50,2023,2023-11-25,75.0,0.0,0.0,Programa Nacional de Inducción Docente 2024,Curso/edición,Bienestar socioemocional - i512,Componente 19,105246,False
IQ512,aa319eb836c24c3dab58cb7c,317cad1675a4463991b7333b,2023,2023-06-21,0.0,2.24,2.24,Programa Nacional de Inducción Docente,Curso/edición,Gestión de aula - i512,Componente 7,105198,False
IQ512,35aef094833a455a80d7fc2a,d5b46ee4fe114b659378e375,2023,2023-10-27,,0.25,0.25,Programa Nacional de Inducción Docente 2024,Curso/edición,Bienestar socioemocional - i512,Componente 40,105458,False
IQ512,29a5f809c7354cdeb05e2e2a,81d8095ac7184e0f886a15af,2024,2024-02-06,,0.1,0.1,Programa Nacional de Inducción Docente - Profundización,Curso/edición,Programa Nacional de Inducción Docente,Componente 46,105431,False
IQ512,acddee19724c4a65a4aff6c2,16963ecc19514a569b574e66,2023,2023-09-09,100.0,0.16,0.16,Programa Nacional de Inducción Docente,Curso/edición,Bienestar socioemocional - i512,Componente 18,105282,False
IQ512,a203a25cd6444b8f962e00d0,98020567346040b982c95840,2025,2025-07-23,75.0,0.01,0.01,Programa Nacional de Inducción Docente,Curso/edición,Programa Nacional de Inducción Docente,Componente 37,105239,False
IQ512,016c5a7ba1334ba6bcfa4144,09864cb526304beba5470168,2024,2024-09-12,50.0,0.56,0.56,Programa Nacional de Inducción Docente - Profundización,Curso/edición,Bienestar socioemocional - i512,Componente 37,105261,True
IQ512,b5da44b8dfb34f3bb2b6ad74,4bb110e24fe2492eb911d1e0,2024,2024-09-20,,0.74,0.74,Programa Nacional de Inducción Docente,Curso/edición,Gestión de aula - i512,Componente 1,105459,False
IQ512,8572ed7198b9400b8b06125c,3428be60ae7742178dc6c7b5,2023,2023-05-19,100.0,0.64,0.64,Programa Nacional de Inducción Docente 2024,Curso/edición,Programa Nacional de Inducción Docente,Componente 17,105484,False
IQ512,759e0ed10fda4076a8838559,9284bc01cbf74e6e83b32755,2023,2023-11-20,25.0,0.61,0.61,Programa Nacional de Inducción Docente,Curso/edición,Programa Nacional de Inducción Docente,Componente 27,105327,False
IQ512,74eb7a89907f40159d7bb2b2,956081ea695941f48afa6996,2023,2023-03-27,25.0,0.11,0.11,Programa Nacional de Inducción Docente,Curso/edición,Bienestar socioemocional - i512,Componente 34,105410,False
IQ512,efb8ebaf8e034a1eb19a840e,ead28e25c79f4763920a5313,2023,2023-01-07,,0.89,0.89,Programa Nacional de Inducción Docente 2024,Curso/edición,Bienestar socioemocional - i512,Componente 57,105361,False
IQ512,871b4038183546468970bb6e,a38e5c6a8de344dcb13006e2,2023,2023-11-25,50.0,0.38,0.38,Programa Nacional de Inducción Docente,Curso/edición,Bienestar socioemocional - i512,Componente 13,105450,False
IQ512,761a3807edf64511b8260359,81d8095ac7184e0f886a15af,2023,2023-06-12,,0.27,0.27,Programa Nacional de Inducción Docente,Curso/edición,Programa Nacional de Inducción Docente,Componente 25,105431,False
IQ512,1ddd247e5d7743719acb95de,10779687102844adb5b33c17,2023,2023-09-20,25.0,0.05,0.05,Programa Nacional de Inducción Docente,Curso/edición,Bienestar socioemocional - i512,Componente 3,105308,False
IQ512,de8113e9df05443bafce3bb7,13dbf1462b0341dca63d01ab,2024,2024-03-26,,0.96,0.96,Programa Nacional de Inducción Docente,Curso/edición,Programa Nacional de Inducción Docente,Componente 39,105449,False
IQ512,8d09d11a7894471d97ef8420,ebfeac2bf81d46ffa1acc1df,2023,2023-01-16,,0.28,0.28,Liderazgo docente - i512,Curso/edición,Programa Nacional de Inducción Docente,Componente 45,105281,False
IQ512,222628879ed6483f8f965008,9b7175652216402a805a3fdd,2025,2025-08-12,75.0,0.0,0.0,Programa Nacional de Inducción Docente,Curso/edición,Gestión de aula - i512,Componente 2,105493,False
IQ512,570c084163e34633a1f0fc46,b8b47e3a2e0b4246878c90e5,2023,2023-07-01,0.0,0.52,0.52,Programa Nacional de Inducción Docente,Curso/edición,Programa Nacional de Inducción Docente,Componente 12,105398,False
IQ512,5e3030329746430792e45a33,a70a29c511f8494a86fd6308,2025,2025-02-23,,1.29,1.29,Programa Nacional de Inducción Docente,Curso/edición,Programa Nacional de Inducción Docente,Componente 42,105202,False
IQ512,ed1c5ba6a5b14c2d834257a0,2cf47bfe9cbe421387f017b0,2023,2023-10-28,,1.27,1.27,Liderazgo docente - i512,Curso/edición,Bienestar socioemocional - i512,Componente 30,105437,False
IQ512,126612acf43a4789aaf7783b,fab4b866c7b84ba5a715f2a1,2025,2025-07-18,50.0,0.06,0.06,Programa Nacional de Inducción Docente - Profundización,Curso/edición,Programa Nacional de Inducción Docente,Componente 35,105286,False
IQ512,f112b16d4ab8492683cb90d4,c6416ee31cee41d9abfddc87,2023,2023-05-18,50.0,0.04,0.04,Programa Nacional de Inducción Docente,Curso/edición,Bienestar socioemocional - i512,Componente 31,105240,False
IQ512,7f8adb5ed5db476c9fff2097,1cf334471470420f98e44da4,2024,2024-02-11,,0.05,0.05,Programa Nacional de Inducción Docente,Curso/edición,Programa Nacional de Inducción Docente,Componente 39,105479,False
IQ512,e65858c6a84b4bfdbcb6beb4,b8b47e3a2e0b4246878c90e5,2023,2023-10-17,50.0,0.21,0.21,Programa Nacional de Inducción Docente,Curso/edición,Programa Nacional de Inducción Docente,Componente 53,105398,False
IQ512,1aabbf8609914d7e83622536,0584bd68b35245949e4d9e03,2023,2023-01-21,,2.76,2.76,Programa Nacional de Inducción Docente,Curso/edición,Gestión de aula - i512,Componente 30,105486,False
IQ512,8b4172d32d594990a25c5cbd,e9a2bc567b8d4d419a4e616a,2024,2024-08-19,,0.69,0.69,Programa Nacional de Inducción Docente,Curso/edición,Gestión de aula - i512,Componente 15,105248,False
IQ512,6edbfb557a3e42a38ac62115,cc5ec518471243968b44d76b,2025,2025-03-26,50.0,0.14,0.14,Programa Nacional de Inducción Docente,Curso/edición,Bienestar socioemocional - i512,Componente 36,105265,False
IQ512,9b91b406b4774a82865b8495,fb75da999a4541fbb560d80c,2023,2023-04-25,75.0,0.26,0.26,Programa Nacional de Inducción Docente,Curso/edición,Bienestar socioemocional - i512,Componente 6,105349,False
IQ512,6d1f80d9c57c4eaeb1113053,cd3c62e122094cf7980f5a2c,2023,2023-09-25,0.0,1.39,1.39,Programa Nacional de Inducción Docente,Curso/edición,Programa Nacional de Inducción Docente,Componente 57,105344,False
IQ512,678dbfbd64f04038a347d0b8,116a93cc79584811af092901,2022,2022-09-14,,0.3,0.3,Programa Nacional de Inducción Docente,Curso/edición,Gestión de aula - i512,Componente 4,105212,False
IQ512,8be421c3922a4718aaabd91c,2ca1013a0fea4a1d8335308b,2024,2024-08-31,0.0,0.1,0.1,Programa Nacional de Inducción Docente - Profundización,Curso/edición,Bienestar socioemocional - i512,Componente 30,105213,False
IQ512,8dcd24d546b241b097f7e6d6,dc9add5ed8c04437af365e25,2023,2023-05-09,50.0,3.44,3.44,Programa Nacional de Inducción Docente,Curso/edición,Bienestar socioemocional - i512,Componente 12,105365,False
IQ512,08a4202ad9a14887b20a2f87,480cb530aa2d48c5acbe06c6,2023,2023-06-18,100.0,0.3,0.3,Programa Nacional de Inducción Docente,Curso/edición,Gestión de aula - i512,Componente 16,105498,False
IQ512,c92331a53cd24c74855731c1,13dbf1462b0341dca63d01ab,2023,2023-03-26,,0.42,0.42,Programa Nacional de Inducción Docente,Curso/edición,Gestión de aula - i512,Componente 7,105449,False
IQ512,9bf58b7b91d346ae9b68eb52,789a966057d94fcd9b74b134,2024,2024-12-11,75.0,0.08,0.08,Programa Nacional de Inducción Docente,Curso/edición,Programa Nacional de Inducción Docente,Componente 26,105209,False
IQ512,c59a62c7944042cf96884b92,a8b827d7c1c345a29590caf7,2023,2023-02-06,0.0,0.21,0.21,Programa Nacional de Inducción Docente,Curso/edición,Bienestar socioemocional - i512,Componente 8,105318,False
IQ512,8f5eacd2f19a4e4c99123d9a,cecabdfd5a4c41b797ecc269,2023,2023-08-29,,0.32,0.32,Programa Nacional de Inducción Docente 2024,Curso/edición,Gestión de aula - i512,Componente 49,105342,False
IQ512,17bfe6c00ab941f99f98c7bf,7039f0d846de4df3a4087385,2023,2023-04-26,0.0,2.74,2.74,Programa Nacional de Inducción Docente,Curso/edición,Programa Nacional de Inducción Docente,Componente 4,105358,False
IQ512,430a0a144ab54015b684d765,8148d7ea7d3b4f1b9ade5df4,2024,2024-07-05,25.0,0.03,0.03,Programa Nacional de Inducción Docente,Curso/edición,Programa Nacional de Inducción Docente,Componente 38,105421,False
IQ512,642581d89b2141df9195fa40,7c97c1011d2c47459f4fdafd,2023,2023-12-30,,0.31,0.31,Programa Nacional de Inducción Docente,Curso/edición,Programa Nacional de Inducción Docente,Componente 4,105403,False
IQ512,c26afa5f927b4139930e7989,deaa5cd206be451baee5138f,2023,2023-06-24,25.0,0.01,0.01,Programa Nacional de Inducción Docente,Curso/edición,Programa Nacional de Inducción Docente,Componente 9,105427,False
IQ512,0af2bebf9eb1402aa773860e,cda3874536714598a7278442,2024,2024-10-12,25.0,0.15,0.15,Programa Nacional de Inducción Docente,Curso/edición,Gestión de aula - i512,Componente 27,105448,False
IQ512,f2db95cb3516461fac39e66f,52070d7c908441c19c81e2c7,2023,2023-03-01,0.0,1.29,1.29,Programa Nacional de Inducción Docente,Curso/edición,Bienestar socioemocional - i512,Componente 45,105185,False
IQ512,5f0841b0073d4c56835a487f,b737d77513944641945c1412,2023,2023-03-26,75.0,,,Programa Nacional de Inducción Docente,Curso/edición,Gestión de aula - i512,Componente 52,105186,False
IQ512,85157a50172f41f6b6411eb4,be430629430f473593b6ce21,2023,2023-08-13,,2.0,2.0,Programa Nacional de Inducción Docente,Curso/edición,Bienestar socioemocional - i512,Componente 47,105219,False
IQ512,374f28a349b54ff9b0c3b3ce,9eff69a9b37941ddbbc85221,2022,2022-02-23,,0.24,0.24,Programa Nacional de Inducción Docente,Curso/edición,Programa Nacional de Inducción Docente,Componente 23,105430,False
IQ512,9add1c4e8d0e4233b135b41f,c8944303954243ce88e9c084,2023,2023-10-22,0.0,0.06,0.06,Programa Nacional de Inducción Docente,Curso/edición,Bienestar socioemocional - i512,Componente 30,105414,False
IQ512,f52470d6c2274c0085b13daf,a70a29c511f8494a86fd6308,2023,2023-11-19,25.0,0.07,0.07,Programa Nacional de Inducción Docente,Curso/edición,Programa Nacional de Inducción Docente,Componente 39,105202,False
IQ512,56be00573cdb4aaf9db70711,f9da23eabcd84ae9a6c31d19,2023,2023-10-14,0.0,1.48,1.48,Programa Nacional de Inducción Docente 2024,Curso/edición,Programa Nacional de Inducción Docente,Componente 3,105471,False
IQ512,d7de69057d8a459092c210d6,accb6322787d4f4aa7284f37,2023,2023-04-21,100.0,0.38,0.38,Programa Nacional de Inducción Docente,Curso/edición,Programa Nacional de Inducción Docente,Componente 29,105301,False
IQ512,039ab8a64ba34dc6a9e4a4b3,0dbbc457357f412ebd5f899c,2023,2023-06-20,,1.64,1.64,Programa Nacional de Inducción Docente,Curso/edición,Programa Nacional de Inducción Docente,Componente 27,105235,False
IQ512,44bfd6f66c2c4fc4abda5115,b5a8776ef2c54783903ac8f9,2023,2023-11-28,100.0,1.87,1.87,Programa Nacional de Inducción Docente 2024,Curso/edición,Bienestar socioemocional - i512,Componente 12,105192,False
IQ512,ff3266a87a9047da876040d8,ead28e25c79f4763920a5313,2022,2022-03-24,0.0,0.04,0.04,Programa Nacional de Inducción Docente,Curso/edición,Programa Nacional de Inducción Docente,Componente 18,105361,False
IQ512,40e71c06dcb04984a8b903dc,a5a8230bd2014d8298760152,2023,2023-11-03,,1.25,1.25,Programa Nacional de Inducción Docente,Curso/edición,Bienestar socioemocional - i512,Componente 47,105270,False
IQ512,fc7fa210db774ac38979dbef,d3fe58ef906f423b9c61a65e,2023,2023-09-08,50.0,3.67,3.67,Programa Nacional de Inducción Docente,Curso/edición,Bienestar socioemocional - i512,Componente 57,105289,False
IQ512,090fec314d16409f89b1cb3a,2ca1013a0fea4a1d8335308b,2026,2026-02-27,,0.03,0.03,Programa Nacional de Inducción Docente,Curso/edición,Gestión de aula - i512,Componente 2,105213,False
IQ512,019ded81cf2f4829be5eb9ba,9e0f4f4dea694cd3bc13fb6a,2023,2023-07-01,50.0,0.16,0.16,Programa Nacional de Inducción Docente,Curso/edición,Bienestar socioemocional - i512,Componente 21,105340,False
IQ512,9940709ea65f485d8a1b6747,d5b46ee4fe114b659378e375,2025,2025-05-11,50.0,0.48,0.48,Programa Nacional de Inducción Docente,Curso/edición,Bienestar socioemocional - i512,Componente 18,105458,False
IQ512,5701fe886d3a422788215df1,672eb382c9fb4d33af06c219,2023,2023-01-14,,1.48,1.48,Programa Nacional de Inducción Docente,Curso/edición,Bienestar socioemocional - i512,Componente 29,105313,False
IQ512,9aa5bbc09de8461abd95da26,317cad1675a4463991b7333b,2024,2024-02-07,100.0,1.42,1.42,Programa Nacional de Inducción Docente,Curso/edición,Gestión de aula - i512,Componente 19,105198,False
IQ512,5c33fb47b5e04c02832f2190,4bb110e24fe2492eb911d1e0,2023,2023-09-18,100.0,1.44,1.44,Programa Nacional de Inducción Docente,Curso/edición,Bienestar socioemocional - i512,Componente 18,105459,False
IQ512,771ab528713946e89d1c15a0,c3cd54892e8547f7beecdac0,2024,2024-02-09,25.0,,,Programa Nacional de Inducción Docente,Curso/edición,Gestión de aula - i512,Componente 8,105453,False
IQ512,4495a3684b7b4abe9b47f9ac,6fa8c8f76c604db6ba5a05cb,2025,2025-04-15,,0.02,0.02,Programa Nacional de Inducción Docente,Curso/edición,Gestión de aula - i512,Componente 40,105382,False
IQ512,0b73990e1b6c4785b56555ea,b40f6703aeb44096b2737c8f,2023,2023-06-30,50.0,0.87,0.87,Programa Nacional de Inducción Docente,Curso/edición,Bienestar socioemocional - i512,Componente 26,105260,False
IQ512,153cd066e10e45189fa05ced,accb6322787d4f4aa7284f37,2025,2025-04-14,,1.36,1.36,Programa Nacional de Inducción Docente,Curso/edición,Gestión de aula - i512,Componente 14,105301,False
IQ512,60265254d2a542daadfcf0c3,d3fe58ef906f423b9c61a65e,2023,2023-11-17,25.0,0.7,0.7,Programa Nacional de Inducción Docente,Curso/edición,Gestión de aula - i512,Componente 19,105289,True
IQ512,a30421d20c9a40a78411bbae,b3fbd494ec9e480b97e312ec,2025,2025-04-24,,0.19,0.19,Programa Nacional de Inducción Docente,Curso/edición,Bienestar socioemocional - i512,Componente 53,105280,False
IQ512,fd6b2d3bb5b74727932cfd68,b40f6703aeb44096b2737c8f,2026,2026-07-04,,0.09,0.09,Programa Nacional de Inducción Docente,Curso/edición,Programa Nacional de Inducción Docente,Componente 28,105260,False
IQ512,2569bde2d28845fc9ddffab3,ad782a2c837b447f8d17bf13,2025,2025-08-11,25.0,0.03,0.03,Programa Nacional de Inducción Docente,Curso/edición,Programa Nacional de Inducción Docente,Componente 52,105339,False
IQ512,3351a05e05d34dcc8c27d315,13dbf1462b0341dca63d01ab,2023,2023-02-19,100.0,0.02,0.02,Programa Nacional de Inducción Docente,Curso/edición,Programa Nacional de Inducción Docente,Componente 8,105449,False
IQ512,e1d08e42d28049168c2513af,c6416ee31cee41d9abfddc87,2023,2023-05-04,50.0,0.06,0.06,Programa Nacional de Inducción Docente,Curso/edición,Gestión de aula - i512,Componente 12,105240,False
IQ512,4bc5fb625093425081731005,0190c7be89ab454fa26d0681,2023,2023-09-01,25.0,1.35,1.35,Programa Nacional de Inducción Docente,Curso/edición,Bienestar socioemocional - i512,Componente 34,105300,False
IQ512,9ac619d316bf46e88c8059b6,f9da23eabcd84ae9a6c31d19,2023,2023-05-10,,0.58,0.58,Liderazgo docente - i512,Curso/edición,Gestión de aula - i512,Componente 18,105471,False
IQ512,56c081e0e63e4021b53bf892,f8454e8e12044d649df927e8,2023,2023-05-08,,0.7,0.7,Programa Nacional de Inducción Docente,Curso/edición,Bienestar socioemocional - i512,Componente 35,105304,False
IQ512,987a8c16b2054d6892898597,d5b46ee4fe114b659378e375,2023,2023-07-02,,0.04,0.04,Programa Nacional de Inducción Docente,Curso/edición,Gestión de aula - i512,Componente 39,105458,False
IQ512,8c9bfec09f174c7e965dc146,1df7064f364c4f69a3e07067,2023,2023-10-04,,0.0,0.0,Programa Nacional de Inducción Docente,Curso/edición,Bienestar socioemocional - i512,Componente 7,105455,False
IQ512,3947712465da4f339d8a6016,f9da23eabcd84ae9a6c31d19,2023,2023-03-28,50.0,0.55,0.55,Programa Nacional de Inducción Docente 2024,Curso/edición,Gestión de aula - i512,Componente 2,105471,False
IQ512,76ec807d653c4734b5b57116,8148d7ea7d3b4f1b9ade5df4,2023,2023-09-10,,0.0,0.0,Programa Nacional de Inducción Docente 2024,Curso/edición,Bienestar socioemocional - i512,Componente 42,105421,False
IQ512,89c2ee5712e44b28aed60a32,afe18387cae94f10ac7ac99b,2023,2023-06-03,50.0,0.01,0.01,Programa Nacional de Inducción Docente,Curso/edición,Programa Nacional de Inducción Docente,Componente 56,105216,True
IQ512,36e8b1b15b98469588a41a97,71555451160147fea88120fb,2023,2023-06-27,100.0,0.36,0.36,Programa Nacional de Inducción Docente,Curso/edición,Programa Nacional de Inducción Docente,Componente 31,105353,False
IQ512,aaa8878bb2e041d89a0ebf40,81d8095ac7184e0f886a15af,2023,2023-10-20,75.0,3.22,3.22,Programa Nacional de Inducción Docente,Curso/edición,Gestión de aula - i512,Componente 57,105431,False
IQ512,80bde3c92f994ccbaac28b97,d970babf17db42949d372711,2024,2024-03-04,,0.14,0.14,Programa Nacional de Inducción Docente - Profundización,Curso/edición,Programa Nacional de Inducción Docente,Componente 17,105323,False
IQ512,3aba603b0f614d8ba945a66c,a1752d97d16944db859ca475,2024,2024-04-13,,0.1,0.1,Programa Nacional de Inducción Docente,Curso/edición,Bienestar socioemocional - i512,Componente 29,105251,False
IQ512,879ad0a5c7504664bcbe0f29,ee4deaa2fa3d4862ba9d842c,2025,2025-02-18,,1.73,1.73,Programa Nacional de Inducción Docente,Curso/edición,Bienestar socioemocional - i512,Componente 16,105440,False
IQ512,ed513400a5a04e129691269c,69331a900e66494f9794f8da,2023,2023-08-22,,0.21,0.21,Programa Nacional de Inducción Docente,Curso/edición,Bienestar socioemocional - i512,Componente 11,105452,False
IQ512,a03b41499ee7406294d373a1,ab85e0ab513d49afa52c78c9,2024,2024-07-18,,1.3,1.3,Programa Nacional de Inducción Docente,Curso/edición,Programa Nacional de Inducción Docente,Componente 41,105439,False
IQ512,46f89378c5484442b91ce281,29e4c3f6d6874d1abf5a233a,2026,2026-01-01,50.0,0.06,0.06,Programa Nacional de Inducción Docente,Curso/edición,Gestión de aula - i512,Componente 47,105362,False
IQ512,c6904065eb064f2aa26f2699,c8944303954243ce88e9c084,2023,2023-10-09,75.0,0.39,0.39,Programa Nacional de Inducción Docente,Curso/edición,Programa Nacional de Inducción Docente,Componente 10,105414,False
IQ512,43f932a5517f41e9a23b87c8,a0782928bfea4b25a50344b8,2026,2026-01-16,75.0,0.36,0.36,Programa Nacional de Inducción Docente,Curso/edición,Programa Nacional de Inducción Docente,Componente 21,105491,False
IQ512,4b27d48cc3924be39de5ba72,d785be91f8eb4df6bfaed1aa,2023,2023-07-05,100.0,2.41,2.41,Programa Nacional de Inducción Docente - Profundización,Curso/edición,Bienestar socioemocional - i512,Componente 59,105406,False
IQ512,0c427783f2fd4f5ebdb29e95,c73395599d4445a6a2a4bfef,2026,2026-08-01,100.0,0.07,0.07,Liderazgo docente - i512,Curso/edición,Gestión de aula - i512,Componente 49,105469,False
IQ512,97b9199ca07c433db660ab03,eaf87d27bcba40a3894b4cfe,2023,2023-11-24,,0.23,0.23,Programa Nacional de Inducción Docente,Curso/edición,Bienestar socioemocional - i512,Componente 47,105197,False
IQ512,e0bcfc6634d3489383460f65,9d75fc29e5864ce98f59de4a,2023,2023-12-24,,0.65,0.65,Programa Nacional de Inducción Docente - Profundización,Curso/edición,Gestión de aula - i512,Componente 9,105303,False
IQ512,9ac84f7228cc475ba9907a9e,956081ea695941f48afa6996,2023,2023-05-05,,,,Programa Nacional de Inducción Docente,Curso/edición,Bienestar socioemocional - i512,Componente 28,105410,False
IQ512,a550b887e5454b68bdbf465a,915c01a76bc4415ea1a96f50,2023,2023-02-08,0.0,0.84,0.84,Programa Nacional de Inducción Docente,Curso/edición,Gestión de aula - i512,Componente 34,105246,False
IQ512,a03bb7468be34103b5e79dc1,667cdf13f4544e49a127203b,2024,2024-05-31,0.0,0.04,0.04,Programa Nacional de Inducción Docente,Curso/edición,Bienestar socioemocional - i512,Componente 1,105208,False
IQ512,e99c67313d844b96a521995a,d970babf17db42949d372711,2023,2023-04-15,25.0,0.76,0.76,Programa Nacional de Inducción Docente,Curso/edición,Gestión de aula - i512,Componente 56,105323,False
IQ512,3f49931d89ec465a85a899db,d785be91f8eb4df6bfaed1aa,2024,2024-09-01,100.0,0.33,0.33,Programa Nacional de Inducción Docente - Profundización,Curso/edición,Programa Nacional de Inducción Docente,Componente 48,105406,False
IQ512,35bd4104f3924bec83baed0f,2c5128f884c94d33abeba8fb,2023,2023-02-18,100.0,0.24,0.24,Programa Nacional de Inducción Docente,Curso/edición,Programa Nacional de Inducción Docente,Componente 52,105352,False
IQ512,fd1ae9a5cc7f410ab8f14211,048a6a45d2254440a7f8bcb6,2025,2025-03-29,,0.02,0.02,Programa Nacional de Inducción Docente,Curso/edición,Gestión de aula - i512,Componente 59,105273,False
IQ512,ed0dc46f8f774d9d9a9eefd6,30da5377a4434ea1ae7823d1,2024,2024-11-20,,0.07,0.07,Programa Nacional de Inducción Docente,Curso/edición,Gestión de aula - i512,Componente 53,105220,False
IQ512,d60232ec84fc4f76a3fb5b90,2ffc3a699fde49ff8aaaad8f,2024,2024-02-06,100.0,0.02,0.02,Programa Nacional de Inducción Docente,Curso/edición,Bienestar socioemocional - i512,Componente 33,105393,False
IQ512,07c3df623d5e405f94c42c77,69331a900e66494f9794f8da,2021,2021-04-28,75.0,0.76,0.76,Programa Nacional de Inducción Docente,Curso/edición,Programa Nacional de Inducción Docente,Componente 50,105452,False
IQ512,a94229b211984f118bf9cfba,03e0948083cf496c8409b830,2023,2023-10-17,,0.05,0.05,Programa Nacional de Inducción Docente,Curso/edición,Bienestar socioemocional - i512,Componente 10,105487,False
IQ512,88d1f2236420445a8981aca6,4334c2428b5949578c3ddcc8,2023,2023-11-19,100.0,0.42,0.42,Programa Nacional de Inducción Docente,Curso/edición,Programa Nacional de Inducción Docente,Componente 56,105405,False
IQ512,fc92c22e8cc84cfb8cc8f1af,98020567346040b982c95840,2023,2023-06-26,,1.73,1.73,Programa Nacional de Inducción Docente,Curso/edición,Gestión de aula - i512,Componente 33,105239,False
IQ512,6502d7113d644f2ab4f7f2c2,84bc8a546e684c5687c661a9,2024,2024-04-29,0.0,0.22,0.22,Programa Nacional de Inducción Docente,Curso/edición,Bienestar socioemocional - i512,Componente 40,105428,False
IQ512,884e5e0704a84b909e7ce54d,accb6322787d4f4aa7284f37,2024,2024-10-30,50.0,0.33,0.33,Programa Nacional de Inducción Docente,Curso/edición,Programa Nacional de Inducción Docente,Componente 10,105301,False
IQ512,56b9dea72fd646efa90c591a,f725dce3c25048de940ae720,2023,2023-02-07,100.0,0.01,0.01,Programa Nacional de Inducción Docente,Curso/edición,Programa Nacional de Inducción Docente,Componente 31,105392,False
IQ512,a49742d57f6244789f932e22,f8454e8e12044d649df927e8,2023,2023-03-01,100.0,0.48,0.48,Programa Nacional de Inducción Docente,Curso/edición,Programa Nacional de Inducción Docente,Componente 11,105304,False
IQ512,e9047061744849d99d6e3199,10779687102844adb5b33c17,2023,2023-03-18,,0.34,0.34,Programa Nacional de Inducción Docente,Curso/edición,Programa Nacional de Inducción Docente,Componente 55,105308,False
IQ512,1a97653cb38a4538851cc2fb,52070d7c908441c19c81e2c7,2023,2023-05-28,50.0,0.06,0.06,Programa Nacional de Inducción Docente,Curso/edición,Programa Nacional de Inducción Docente,Componente 30,105185,False
IQ512,ea20772ae10a429baa2e7c14,4804d793882e420ba3b02325,2023,2023-07-05,,,,Programa Nacional de Inducción Docente,Curso/edición,Gestión de aula - i512,Componente 36,105367,False
IQ512,41cac4b595264597b7ded423,523d47509c534aaea699114f,2023,2023-11-23,25.0,0.67,0.67,Programa Nacional de Inducción Docente,Curso/edición,Bienestar socioemocional - i512,Componente 21,105242,False
IQ512,f7819674314c4428a85206ad,c3cd54892e8547f7beecdac0,2023,2023-08-07,100.0,0.49,0.49,Liderazgo docente - i512,Curso/edición,Bienestar socioemocional - i512,Componente 39,105453,False
IQ512,ee13990d3faa4c688a8d2f15,97ff07f1ea4b4ccfbe5b7701,2023,2023-09-26,75.0,1.74,1.74,Programa Nacional de Inducción Docente,Curso/edición,Bienestar socioemocional - i512,Componente 7,105460,False
IQ512,403c6993521d4a63afceb1a8,2f51da8f89db420faeb2beb8,2023,2023-06-07,25.0,3.94,3.94,Programa Nacional de Inducción Docente,Curso/edición,Bienestar socioemocional - i512,Componente 24,105328,False
IQ512,66a3b9d4e5b2462b9c1c2ecc,2c587aaa354f4c60baecf071,2024,2024-04-04,25.0,0.22,0.22,Programa Nacional de Inducción Docente,Curso/edición,Programa Nacional de Inducción Docente,Componente 52,105346,False
IQ512,2ff343f5a53d49b99402f5b3,4c95c3752ca8491f8e9b000e,2023,2023-02-18,75.0,0.32,0.32,Programa Nacional de Inducción Docente - Profundización,Curso/edición,Bienestar socioemocional - i512,Componente 20,105369,False
IQ512,2030cab011394eccacbc9d91,a38e5c6a8de344dcb13006e2,2023,2023-12-03,,0.28,0.28,Programa Nacional de Inducción Docente,Curso/edición,Bienestar socioemocional - i512,Componente 25,105450,False
IQ512,8d6794df28ac4b2c8b930e35,c81ff1c9e16841139debe621,2023,2023-09-23,100.0,0.21,0.21,Programa Nacional de Inducción Docente,Curso/edición,Gestión de aula - i512,Componente 54,105232,False
IQ512,cf97a541cff549dca46e6325,cc5ec518471243968b44d76b,2023,2023-04-04,,1.44,1.44,Programa Nacional de Inducción Docente,Curso/edición,Programa Nacional de Inducción Docente,Componente 59,105265,False
IQ512,ca549f5992f2413bbff67342,523d47509c534aaea699114f,2023,2023-11-03,,1.01,1.01,Programa Nacional de Inducción Docente,Curso/edición,Programa Nacional de Inducción Docente,Componente 3,105242,False
IQ512,f67e3b170767419689f86db8,0dbbc457357f412ebd5f899c,2023,2023-10-25,100.0,4.65,4.0,Programa Nacional de Inducción Docente,Curso/edición,Gestión de aula - i512,Componente 29,105235,False
IQ512,7ea07a4fb77f4aecbe6a4652,7039f0d846de4df3a4087385,2024,2024-04-21,100.0,0.85,0.85,Programa Nacional de Inducción Docente,Curso/edición,Gestión de aula - i512,Componente 40,105358,False
IQ512,bd834143a53b4798a9c4e640,6e773ac41aea4fe5b98eba0c,2024,2024-04-24,25.0,0.12,0.12,Programa Nacional de Inducción Docente,Curso/edición,Bienestar socioemocional - i512,Componente 26,105489,False
IQ512,054f5b69f35f499d84270d03,667cdf13f4544e49a127203b,2026,2026-06-02,50.0,0.36,0.36,Programa Nacional de Inducción Docente,Curso/edición,Bienestar socioemocional - i512,Componente 39,105208,False
IQ512,54515c4f884949cc81bc1556,c6416ee31cee41d9abfddc87,2024,2024-02-29,25.0,1.58,1.58,Programa Nacional de Inducción Docente - Profundización,Curso/edición,Programa Nacional de Inducción Docente,Componente 40,105240,False
IQ512,e21ed71179924ab29c580e20,87a63a6576034f30a2ca2aa0,2023,2023-12-13,0.0,0.25,0.25,Programa Nacional de Inducción Docente,Curso/edición,Programa Nacional de Inducción Docente,Componente 18,105504,False
IQ512,415aa876061e466c9cd08204,2aa2ec1b31df42e2aff144c3,2025,2025-08-13,25.0,0.72,0.72,Programa Nacional de Inducción Docente,Curso/edición,Gestión de aula - i512,Componente 37,105195,False
IQ512,6a9cfef5591c4052a196cbda,9b7175652216402a805a3fdd,2025,2025-05-24,25.0,0.01,0.01,Programa Nacional de Inducción Docente,Curso/edición,Programa Nacional de Inducción Docente,Componente 50,105493,False
IQ512,f723a7f75d0e4cca9397d971,246ecfff06dd4c809a037219,2023,2023-10-01,,0.32,0.32,Programa Nacional de Inducción Docente,Curso/edición,Gestión de aula - i512,Componente 11,105502,False
IQ512,c168d87071114f08a8d823e6,9d75fc29e5864ce98f59de4a,2025,2025-01-28,50.0,1.11,1.11,Programa Nacional de Inducción Docente,Curso/edición,Programa Nacional de Inducción Docente,Componente 20,105303,False
IQ512,7cea5574032f45a4b24404f7,71555451160147fea88120fb,2023,2023-10-09,,0.71,0.71,Programa Nacional de Inducción Docente,Curso/edición,Gestión de aula - i512,Componente 49,105353,False
IQ512,8095ebd3325841739c1a38d9,63611ab7ed0a4909925eb8ea,2023,2023-03-26,75.0,0.18,0.18,Programa Nacional de Inducción Docente,Curso/edición,Gestión de aula - i512,Componente 40,105193,False
IQ512,b67d66b39afa43268bd7b3db,5385b7f6848147308ba6f326,2023,2023-12-08,,0.92,0.92,Programa Nacional de Inducción Docente,Curso/edición,Gestión de aula - i512,Componente 31,105244,False
IQ512,e645fe1c019d4799be813267,b140c9baa55e481cb97c165e,2023,2023-04-05,50.0,0.04,0.04,Programa Nacional de Inducción Docente,Curso/edición,Programa Nacional de Inducción Docente,Componente 21,105288,False
IQ512,1b8b2046eb0f4059b5457cd8,62446d6d19dd4ab8bc2e277f,2024,2024-04-02,50.0,0.09,0.09,Programa Nacional de Inducción Docente,Curso/edición,Bienestar socioemocional - i512,Componente 1,105345,False
IQ512,a46260be24f14109a7543284,0ad4e0ae144244f4836aea4c,2026,2026-06-12,100.0,1.32,1.32,Programa Nacional de Inducción Docente,Curso/edición,Programa Nacional de Inducción Docente,Componente 41,105394,False
IQ512,08e4dd50988b41eb9891936f,116a93cc79584811af092901,2024,2024-02-02,0.0,0.02,0.02,Programa Nacional de Inducción Docente - Profundización,Curso/edición,Bienestar socioemocional - i512,Componente 59,105212,False
IQ512,3fb56c3fe65c4ba4b147faeb,1cf334471470420f98e44da4,2023,2023-08-05,,0.88,0.88,Programa Nacional de Inducción Docente,Curso/edición,Programa Nacional de Inducción Docente,Componente 29,105479,False
IQ512,4d458fcc50294f5394c7020e,d25d3bc0a66b46f7978782f5,2023,2023-06-25,100.0,0.22,0.22,Programa Nacional de Inducción Docente,Curso/edición,Bienestar socioemocional - i512,Componente 40,105499,False
IQ512,3ddcc354ae3e46949e20d818,f89cbc7c7d1a4ca699ada917,2024,2024-06-04,50.0,0.18,0.18,Programa Nacional de Inducción Docente,Curso/edición,Gestión de aula - i512,Componente 29,105466,False
IQ512,3e9a81ce463f4a04ac65e186,a38e5c6a8de344dcb13006e2,2023,2023-07-16,0.0,0.09,0.09,Programa Nacional de Inducción Docente,Curso/edición,Bienestar socioemocional - i512,Componente 55,105450,False
IQ512,6ec1aba913a5486b9efb6b4a,71555451160147fea88120fb,2025,2025-02-09,50.0,0.3,0.3,Programa Nacional de Inducción Docente,Curso/edición,Gestión de aula - i512,Componente 13,105353,False
IQ512,798de5e94a0a4f578fc2b9c8,8a4fab570ee244668f796f31,2023,2023-07-18,100.0,0.74,0.74,Programa Nacional de Inducción Docente,Curso/edición,Bienestar socioemocional - i512,Componente 10,105331,False
IQ512,cc28081027ee4a31bef91cc0,78bce0d675ec40bdba5ed449,2023,2023-01-07,50.0,0.27,0.27,Programa Nacional de Inducción Docente - Profundización,Curso/edición,Bienestar socioemocional - i512,Componente 38,105350,False
IQ512,737d9eacb0a44a2583822e45,0190c7be89ab454fa26d0681,2023,2023-05-30,,1.24,1.24,Programa Nacional de Inducción Docente,Curso/edición,Bienestar socioemocional - i512,Componente 52,105300,False
IQ512,43e1fae7402e48aaa4b80856,9306d41a6f4e4252b2c3074f,2023,2023-02-28,,0.07,0.07,Programa Nacional de Inducción Docente - Profundización,Curso/edición,Programa Nacional de Inducción Docente,Componente 43,105269,False
IQ512,6e70540943a24c8b8fa2ccd3,8c65783833dd4180924459e0,2023,2023-02-13,50.0,0.53,0.53,Programa Nacional de Inducción Docente,Curso/edición,Bienestar socioemocional - i512,Componente 9,105215,True
IQ512,9c185f375c6443e6ad5b76a8,eaf87d27bcba40a3894b4cfe,2023,2023-11-27,,1.72,1.72,Programa Nacional de Inducción Docente,Curso/edición,Bienestar socioemocional - i512,Componente 55,105197,False
IQ512,c7ff17775cff4d1c93cf62a9,dc9add5ed8c04437af365e25,2024,2024-04-12,75.0,7.19,4.0,Programa Nacional de Inducción Docente,Curso/edición,Bienestar socioemocional - i512,Componente 13,105365,False
IQ512,1a383a3cd120416887907c12,b140c9baa55e481cb97c165e,2023,2023-08-05,100.0,0.01,0.01,Programa Nacional de Inducción Docente,Curso/edición,Programa Nacional de Inducción Docente,Componente 57,105288,False
IQ512,54cc026271e74fe08ffc3e7d,658a9241e7654203bf21d06e,2023,2023-05-04,25.0,1.48,1.48,Programa Nacional de Inducción Docente,Curso/edición,Programa Nacional de Inducción Docente,Componente 7,105225,False
IQ512,5f8e5ad70c154ecfb5435fee,417fa9aef26f46c283aaff91,2023,2023-08-31,0.0,0.09,0.09,Programa Nacional de Inducción Docente - Profundización,Curso/edición,Bienestar socioemocional - i512,Componente 37,105476,False
IQ512,313281da1143453f86715f60,ead28e25c79f4763920a5313,2024,2024-01-01,25.0,0.27,0.27,Programa Nacional de Inducción Docente,Curso/edición,Bienestar socioemocional - i512,Componente 8,105361,False
IQ512,fb98fca4f6054d2994869fee,a1752d97d16944db859ca475,2024,2024-03-12,0.0,,,Programa Nacional de Inducción Docente,Curso/edición,Gestión de aula - i512,Componente 13,105251,False
IQ512,e758e96ae327452e908c573f,04cf5d039aeb4bfe9c8e08be,2025,2025-12-22,25.0,0.1,0.1,Programa Nacional de Inducción Docente,Curso/edición,Programa Nacional de Inducción Docente,Componente 12,105250,False
IQ512,efa12574f30445b5a1af0e2b,72335bdd56fe43e8b51efc30,2023,2023-02-14,,0.23,0.23,Programa Nacional de Inducción Docente,Curso/edición,Programa Nacional de Inducción Docente,Componente 54,105292,False
IQ512,078b4eed19a64231a3072fe1,b140c9baa55e481cb97c165e,2024,2024-05-07,,0.4,0.4,Liderazgo docente - i512,Curso/edición,Bienestar socioemocional - i512,Componente 51,105288,False
IQ512,68ab59be21be4652b9ca11a4,5801920e315f4226bd9a3ac6,2023,2023-08-22,,0.04,0.04,Programa Nacional de Inducción Docente,Curso/edición,Gestión de aula - i512,Componente 42,105454,False
IQ512,b2e8694e1b2a457b94c5bd53,eaf87d27bcba40a3894b4cfe,2023,2023-11-27,,0.1,0.1,Programa Nacional de Inducción Docente,Curso/edición,Programa Nacional de Inducción Docente,Componente 56,105197,False
IQ512,ae83e200b0b641a8bb2fa3e4,97ff07f1ea4b4ccfbe5b7701,2024,2024-12-26,50.0,0.13,0.13,Programa Nacional de Inducción Docente,Curso/edición,Bienestar socioemocional - i512,Componente 39,105460,False
IQ512,54fece85e9c44c6690f5a329,bc168b28c5224f708e58d5d4,2023,2023-01-14,25.0,0.92,0.92,Programa Nacional de Inducción Docente,Curso/edición,Gestión de aula - i512,Componente 7,105470,False
IQ512,55f7dc85ee5b4fc7916d8d5f,f725dce3c25048de940ae720,2023,2023-09-26,50.0,0.04,0.04,Programa Nacional de Inducción Docente,Curso/edición,Programa Nacional de Inducción Docente,Componente 58,105392,False
IQ512,8c58320382f943369447fff3,e9a2bc567b8d4d419a4e616a,2023,2023-01-10,50.0,0.13,0.13,Programa Nacional de Inducción Docente,Curso/edición,Programa Nacional de Inducción Docente,Componente 21,105248,False
IQ512,2dc2783bfb8348439052e253,79f90b3590f94ab8862a51e8,2024,2024-11-27,,0.02,0.02,Programa Nacional de Inducción Docente,Curso/edición,Programa Nacional de Inducción Docente,Componente 30,105205,False
IQ512,5c05ddd9fbef40e3adb43cd9,c8f0b975ecdd4e1e88941736,2023,2023-10-01,,1.94,1.94,Programa Nacional de Inducción Docente,Curso/edición,Gestión de aula - i512,Componente 5,105492,False
IQ512,4432b8af94654ddca1e8ea5b,0fa455afdddb43f79ea334d3,2025,2025-06-07,,0.71,0.71,Programa Nacional de Inducción Docente,Curso/edición,Bienestar socioemocional - i512,Componente 27,105357,False
IQ512,34cedd8d053f4d0795fb25be,b5a8776ef2c54783903ac8f9,2023,2023-10-28,100.0,0.83,0.83,Programa Nacional de Inducción Docente,Curso/edición,Bienestar socioemocional - i512,Componente 15,105192,False
IQ512,e6b5ad8dba624d7e92b1fc2e,39c0bd3e6ca148b08ac8d17a,2023,2023-12-09,100.0,0.01,0.01,Programa Nacional de Inducción Docente,Curso/edición,Programa Nacional de Inducción Docente,Componente 42,105338,False
IQ512,ca1d83309c034767bbb6a00f,1cf334471470420f98e44da4,2023,2023-09-15,0.0,2.66,2.66,Programa Nacional de Inducción Docente - Profundización,Curso/edición,Bienestar socioemocional - i512,Componente 26,105479,False
IQ512,7ce3f50b2649493b9ab1396e,e4655a4bf0354abc82264339,2023,2023-05-07,,,,Programa Nacional de Inducción Docente,Curso/edición,Gestión de aula - i512,Componente 47,105247,False
IQ512,2db74deeab574ae38ca7d493,1ccfbb61b6fa4ebbafb739d9,2023,2023-05-25,25.0,0.35,0.35,Programa Nacional de Inducción Docente,Curso/edición,Programa Nacional de Inducción Docente,Componente 28,105429,False
IQ512,0ada4f078e904497b1bd0d49,ab85e0ab513d49afa52c78c9,2023,2023-08-09,100.0,0.32,0.32,Liderazgo docente - i512,Curso/edición,Programa Nacional de Inducción Docente,Componente 51,105439,False
IQ512,050b0f0ed88d4e118c8c53bd,6356b8e091924075b99d6a5e,2023,2023-01-08,0.0,0.55,0.55,Programa Nacional de Inducción Docente,Curso/edición,Bienestar socioemocional - i512,Componente 48,105497,False
IQ512,a98b1bb8ed08431ebb64f8ef,8d0eb23ba8034db2a653adeb,2023,2023-04-22,,0.66,0.66,Programa Nacional de Inducción Docente,Curso/edición,Programa Nacional de Inducción Docente,Componente 49,105441,False
IQ512,74f96d50481d495a817dc318,a0782928bfea4b25a50344b8,2023,2023-02-11,,1.25,1.25,Programa Nacional de Inducción Docente,Curso/edición,Bienestar socioemocional - i512,Componente 21,105491,False
IQ512,107403676827402e8c2cc1c1,2c5128f884c94d33abeba8fb,2025,2025-12-23,0.0,0.32,0.32,Programa Nacional de Inducción Docente,Curso/edición,Bienestar socioemocional - i512,Componente 23,105352,False
IQ512,2159d55e7bdb43648dedcb2f,fa1c1fd9d6224fc886871f2b,2025,2025-11-06,75.0,0.39,0.39,Programa Nacional de Inducción Docente - Profundización,Curso/edición,Gestión de aula - i512,Componente 24,105210,False
IQ512,efddd22732504baa9dd1d859,52070d7c908441c19c81e2c7,2025,2025-10-03,,0.01,0.01,Programa Nacional de Inducción Docente 2024,Curso/edición,Programa Nacional de Inducción Docente,Componente 50,105185,False
IQ512,99daba6426a34657aa4b0802,5385b7f6848147308ba6f326,2023,2023-02-10,0.0,0.67,0.67,Programa Nacional de Inducción Docente,Curso/edición,Programa Nacional de Inducción Docente,Componente 31,105244,False
IQ512,bf4a5cdec6184a49a96236cc,b75ef5c228a24d329f8a6f28,2024,2024-04-07,,0.51,0.51,Programa Nacional de Inducción Docente,Curso/edición,Programa Nacional de Inducción Docente,Componente 53,105227,False
IQ512,a4df6fb59de140358c4819d8,475a21182220425692a2670b,2026,2026-03-21,,0.0,0.0,Programa Nacional de Inducción Docente,Curso/edición,Bienestar socioemocional - i512,Componente 29,105426,False
IQ512,887c093ae0ef4317a9b3030e,09864cb526304beba5470168,2023,2023-02-10,50.0,2.29,2.29,Programa Nacional de Inducción Docente,Curso/edición,Bienestar socioemocional - i512,Componente 56,105261,False
IQ512,177c4d0676ed4e5899ce172d,98a45bf5c0a1409a8e9c00e7,2025,2025-01-26,25.0,2.01,2.01,Programa Nacional de Inducción Docente,Curso/edición,Bienestar socioemocional - i512,Componente 26,105419,False
IQ512,b8e796d440dd435395353866,9bf8820c6be149eb8e7eafcd,2023,2023-10-13,25.0,0.81,0.81,Programa Nacional de Inducción Docente 2024,Curso/edición,Gestión de aula - i512,Componente 20,105451,False
IQ512,99b80c14d2cd49e6ad3d5001,7c78be731e404e6688c4fca7,2024,2024-11-18,50.0,0.45,0.45,Programa Nacional de Inducción Docente,Curso/edición,Gestión de aula - i512,Componente 15,105190,False
IQ512,d171809f3b7d492b8e2a2d3d,fde0d11bbab04b19bf3f769a,2023,2023-05-04,,1.51,1.51,Programa Nacional de Inducción Docente,Curso/edición,Programa Nacional de Inducción Docente,Componente 58,105319,False
IQ512,b1c9d2dfb35d408ab1c91d0b,f43415bb5f284a04a93c3541,2023,2023-05-28,50.0,0.0,0.0,Programa Nacional de Inducción Docente,Curso/edición,Gestión de aula - i512,Componente 56,105387,False
IQ512,4f7146d259b24a59ba325848,97ff07f1ea4b4ccfbe5b7701,2023,2023-10-29,25.0,1.34,1.34,Programa Nacional de Inducción Docente,Curso/edición,Programa Nacional de Inducción Docente,Componente 33,105460,False
IQ512,1f91f92adad44a469be017bc,c8f0b975ecdd4e1e88941736,2024,2024-05-25,50.0,0.01,0.01,Programa Nacional de Inducción Docente,Curso/edición,Bienestar socioemocional - i512,Componente 15,105492,False
IQ512,ee7d3c9288b548d2958885f3,ee4deaa2fa3d4862ba9d842c,2023,2023-07-23,,0.01,0.01,Programa Nacional de Inducción Docente,Curso/edición,Gestión de aula - i512,Componente 28,105440,False
IQ512,1ba2dba899c04482b241efb4,2aa2ec1b31df42e2aff144c3,2023,2023-10-05,,2.33,2.33,Programa Nacional de Inducción Docente,Curso/edición,Bienestar socioemocional - i512,Componente 47,105195,False
IQ512,67fc12edf6684a80b2f66730,72335bdd56fe43e8b51efc30,2023,2023-12-13,,0.52,0.52,Programa Nacional de Inducción Docente,Curso/edición,Gestión de aula - i512,Componente 4,105292,False
IQ512,a0b3a9690ad641548581fb54,cd3c62e122094cf7980f5a2c,2023,2023-03-12,25.0,1.2,1.2,Programa Nacional de Inducción Docente,Curso/edición,Bienestar socioemocional - i512,Componente 31,105344,False
IQ512,2c91f4006899451a81088910,3737a9ad4bbc41cdb6393199,2023,2023-01-11,,2.31,2.31,Programa Nacional de Inducción Docente,Curso/edición,Gestión de aula - i512,Componente 16,105236,False
IQ512,70d00ef09e194fc3bbd4f15d,e4655a4bf0354abc82264339,2024,2024-03-22,25.0,0.54,0.54,Programa Nacional de Inducción Docente 2024,Curso/edición,Gestión de aula - i512,Componente 40,105247,False
IQ512,38e5accd481942acac68f31b,dbf30d1d82f44993a8117167,2023,2023-11-27,100.0,0.27,0.27,Liderazgo docente - i512,Curso/edición,Bienestar socioemocional - i512,Componente 16,105464,False
IQ512,7ca36f9e4ca54fa0807f49f0,fdbbde9f14274a8a9948cc87,2022,2022-10-25,100.0,0.08,0.08,Programa Nacional de Inducción Docente 2024,Curso/edición,Gestión de aula - i512,Componente 6,105444,False
IQ512,0c254aa5dd744a7d93d96ac2,0dd7db72057a4e239a9db895,2023,2023-08-21,,0.04,0.04,Liderazgo docente - i512,Curso/edición,Gestión de aula - i512,Componente 47,105294,False
IQ512,6eb2954067ff462aba5f7b76,c6416ee31cee41d9abfddc87,2023,2023-11-08,50.0,1.92,1.92,Programa Nacional de Inducción Docente,Curso/edición,Bienestar socioemocional - i512,Componente 47,105240,False
IQ512,81568059f7e640db84b17206,048a6a45d2254440a7f8bcb6,2023,2023-02-11,25.0,0.17,0.17,Programa Nacional de Inducción Docente,Curso/edición,Gestión de aula - i512,Componente 17,105273,False
IQ512,11a91f21e5ae408eb1ec2f59,7934a8e8372f427f9193cb18,2022,2022-02-21,,0.07,0.07,Programa Nacional de Inducción Docente,Curso/edición,Gestión de aula - i512,Componente 3,105411,False
IQ512,c3dc23ea21514e1f848a3ba7,c8944303954243ce88e9c084,2023,2023-10-15,25.0,0.36,0.36,Programa Nacional de Inducción Docente,Curso/edición,Bienestar socioemocional - i512,Componente 19,105414,False
IQ512,c722787e842c4294bc111e62,8c65783833dd4180924459e0,2022,2022-08-18,,4.8,4.0,Programa Nacional de Inducción Docente,Curso/edición,Programa Nacional de Inducción Docente,Componente 5,105215,False
IQ512,1bcfe8f0cf884ea984766f27,a139ad8bb62944db909c8a9d,2023,2023-11-11,50.0,0.13,0.13,Programa Nacional de Inducción Docente,Curso/edición,Bienestar socioemocional - i512,Componente 27,105356,False
IQ512,dc20e38e31ca406e8763bac1,9eff69a9b37941ddbbc85221,2023,2023-12-02,,1.01,1.01,Programa Nacional de Inducción Docente,Curso/edición,Programa Nacional de Inducción Docente,Componente 38,105430,False
IQ512,d470b02af7ae45d59b45e2ea,f8454e8e12044d649df927e8,2023,2023-05-08,50.0,0.35,0.35,Programa Nacional de Inducción Docente,Curso/edición,Gestión de aula - i512,Componente 49,105304,False
IQ512,f6b1d5e83ce74b07b1201603,246ecfff06dd4c809a037219,2023,2023-06-22,,0.63,0.63,Programa Nacional de Inducción Docente,Curso/edición,Gestión de aula - i512,Componente 7,105502,False
IQ512,492a8ccf67644f47818858e4,c94ca48f23744b1d9b7ca355,2023,2023-04-01,50.0,0.18,0.18,Programa Nacional de Inducción Docente,Curso/edición,Programa Nacional de Inducción Docente,Componente 51,105385,False
IQ512,c7af1b1fe5d94f1bb6ef2b79,9b7175652216402a805a3fdd,2022,2022-03-13,,0.07,0.07,Programa Nacional de Inducción Docente,Curso/edición,Gestión de aula - i512,Componente 37,105493,False
IQ512,08f77ee3d0be4ba794253aba,b40f6703aeb44096b2737c8f,2022,2022-05-27,25.0,0.34,0.34,Programa Nacional de Inducción Docente,Curso/edición,Programa Nacional de Inducción Docente,Componente 32,105260,False
IQ512,3035eb116110423bb76391ca,52070d7c908441c19c81e2c7,2024,2024-06-02,75.0,0.0,0.0,Programa Nacional de Inducción Docente,Curso/edición,Programa Nacional de Inducción Docente,Componente 48,105185,False
IQ512,7ab53de7de394b90aa2c381d,e4655a4bf0354abc82264339,2024,2024-02-22,,0.95,0.95,Programa Nacional de Inducción Docente 2024,Curso/edición,Programa Nacional de Inducción Docente,Componente 36,105247,False
IQ512,bb6b734e929b4e45aa0e5581,40ab3eef356740b3bc68a471,2024,2024-12-14,,0.43,0.43,Programa Nacional de Inducción Docente,Curso/edición,Bienestar socioemocional - i512,Componente 42,105355,False
IQ512,3166bdbe7b3e42cb93a68cef,a1752d97d16944db859ca475,2026,2026-06-21,100.0,0.03,0.03,Programa Nacional de Inducción Docente,Curso/edición,Programa Nacional de Inducción Docente,Componente 35,105251,False
IQ512,6edd8d77b94f4b08b39ca775,93be58af9f7e4d578badaa94,2024,2024-01-04,50.0,0.17,0.17,Programa Nacional de Inducción Docente,Curso/edición,Gestión de aula - i512,Componente 27,105442,False
IQ512,2ade18ca889a4bde8c8f45cd,98a45bf5c0a1409a8e9c00e7,2023,2023-03-05,75.0,0.0,0.0,Programa Nacional de Inducción Docente,Curso/edición,Bienestar socioemocional - i512,Componente 30,105419,False
IQ512,85e69d6301d24c1cbd3f40f4,72335bdd56fe43e8b51efc30,2025,2025-07-10,,0.05,0.05,Programa Nacional de Inducción Docente,Curso/edición,Bienestar socioemocional - i512,Componente 41,105292,False
IQ512,3be36799b65c4364a61cffe3,f49d42df9e20459d95b6c638,2023,2023-01-30,,0.47,0.47,Liderazgo docente - i512,Curso/edición,Programa Nacional de Inducción Docente,Componente 33,105254,False
IQ512,d3c4b13105ec4cd7849e9844,f72e9ce329294b1f9608a401,2023,2023-06-21,0.0,0.42,0.42,Programa Nacional de Inducción Docente 2024,Curso/edición,Programa Nacional de Inducción Docente,Componente 57,105199,False
IQ512,6e3d3e1fb94b40948c82856a,09864cb526304beba5470168,2023,2023-09-17,25.0,1.38,1.38,Programa Nacional de Inducción Docente,Curso/edición,Gestión de aula - i512,Componente 59,105261,False
IQ512,4a95ca0072354550a6d75aea,6e773ac41aea4fe5b98eba0c,2023,2023-07-09,,0.39,0.39,Liderazgo docente - i512,Curso/edición,Bienestar socioemocional - i512,Componente 37,105489,False
IQ512,9cd37a5026fc492085a4d225,4bb110e24fe2492eb911d1e0,2024,2024-12-20,25.0,1.11,1.11,Programa Nacional de Inducción Docente,Curso/edición,Gestión de aula - i512,Componente 48,105459,False
IQ512,33f2484499424ae78717cd09,d3fe58ef906f423b9c61a65e,2023,2023-09-07,,0.06,0.06,Programa Nacional de Inducción Docente,Curso/edición,Programa Nacional de Inducción Docente,Componente 54,105289,False
IQ512,0d2978d5ef984b9e8a55c57e,b75ef5c228a24d329f8a6f28,2024,2024-06-03,50.0,2.5,2.5,Programa Nacional de Inducción Docente,Curso/edición,Bienestar socioemocional - i512,Componente 38,105227,False
IQ512,5094a6bd230d4632bf323eae,c8944303954243ce88e9c084,2023,2023-09-14,100.0,0.6,0.6,Programa Nacional de Inducción Docente - Profundización,Curso/edición,Bienestar socioemocional - i512,Componente 1,105414,False
IQ512,eddde560b5d849449f0872d9,d785be91f8eb4df6bfaed1aa,2024,2024-01-29,25.0,0.67,0.67,Programa Nacional de Inducción Docente 2024,Curso/edición,Gestión de aula - i512,Componente 21,105406,False
IQ512,48fd6c9348a5447380c19fd5,a5a8230bd2014d8298760152,2024,2024-08-27,100.0,0.93,0.93,Programa Nacional de Inducción Docente,Curso/edición,Gestión de aula - i512,Componente 54,105270,False
IQ512,a310150563e24fe2b34a98bb,81d8095ac7184e0f886a15af,2021,2021-04-10,,0.45,0.45,Programa Nacional de Inducción Docente - Profundización,Curso/edición,Gestión de aula - i512,Componente 9,105431,False
IQ512,c28c7e0d99274973b5f8df37,dd7d5df7942948d5beb11771,2026,2026-02-06,75.0,0.22,0.22,Programa Nacional de Inducción Docente,Curso/edición,Bienestar socioemocional - i512,Componente 25,105425,False
IQ512,c4c72ab6d56a40678e5bbeb1,c3cd54892e8547f7beecdac0,2025,2025-08-29,0.0,0.43,0.43,Programa Nacional de Inducción Docente,Curso/edición,Programa Nacional de Inducción Docente,Componente 16,105453,False
IQ512,67eb86d7c52a4831add0dd31,eaf87d27bcba40a3894b4cfe,2023,2023-07-29,100.0,2.17,2.17,Programa Nacional de Inducción Docente - Profundización,Curso/edición,Gestión de aula - i512,Componente 38,105197,False
IQ512,77b70b6e121d40afa6c98016,8c65783833dd4180924459e0,2023,2023-03-18,25.0,0.01,0.01,Liderazgo docente - i512,Curso/edición,Bienestar socioemocional - i512,Componente 14,105215,False
IQ512,2eed477840c74a3db8ac001f,9306d41a6f4e4252b2c3074f,2023,2023-09-30,50.0,0.3,0.3,Programa Nacional de Inducción Docente,Curso/edición,Bienestar socioemocional - i512,Componente 45,105269,False
IQ512,6f47a64684b347989863e41b,2b8d508e2b9b454b998483be,2024,2024-08-20,25.0,0.58,0.58,Programa Nacional de Inducción Docente,Curso/edición,Programa Nacional de Inducción Docente,Componente 30,105354,False
IQ512,f6e516e4b949469bbc93b681,eaaf933775e74d558f7457e0,2023,2023-02-13,25.0,2.0,2.0,Programa Nacional de Inducción Docente,Curso/edición,Gestión de aula - i512,Componente 21,105266,False
IQ512,a62e10938d134dd4ba1cd41f,afb11e2a8fd64c6eb4a7347a,2023,2023-04-07,,0.49,0.49,Programa Nacional de Inducción Docente,Curso/edición,Bienestar socioemocional - i512,Componente 56,105413,False
IQ512,365a676e7e03463da6cac355,d970babf17db42949d372711,2023,2023-10-23,,0.07,0.07,Programa Nacional de Inducción Docente,Curso/edición,Gestión de aula - i512,Componente 28,105323,False
IQ512,722d875180124506a67c69ea,afe18387cae94f10ac7ac99b,2024,2024-10-28,0.0,0.19,0.19,Programa Nacional de Inducción Docente,Curso/edición,Programa Nacional de Inducción Docente,Componente 59,105216,False
IQ512,44247877b0c44418a4c7e931,0dfad5ed7353466680d96d8d,2023,2023-01-02,100.0,0.33,0.33,Programa Nacional de Inducción Docente 2024,Curso/edición,Programa Nacional de Inducción Docente,Componente 25,105386,False
IQ512,599d94beca854fbc98da622c,dd7d5df7942948d5beb11771,2025,2025-07-28,75.0,0.77,0.77,Programa Nacional de Inducción Docente,Curso/edición,Gestión de aula - i512,Componente 4,105425,False
IQ512,9ba342e74e9d4f2ca9e1238f,2aa2ec1b31df42e2aff144c3,2023,2023-12-27,0.0,0.12,0.12,Programa Nacional de Inducción Docente,Curso/edición,Bienestar socioemocional - i512,Componente 41,105195,False
IQ512,aae76e0bf7db4d388670f2d2,ea2b216a5f034a29b40d010c,2023,2023-02-16,25.0,1.14,1.14,Programa Nacional de Inducción Docente,Curso/edición,Programa Nacional de Inducción Docente,Componente 32,105223,False
IQ512,2fdd060e8ad14c3f8d9786e5,e4655a4bf0354abc82264339,2024,2024-03-25,75.0,0.04,0.04,Programa Nacional de Inducción Docente,Curso/edición,Bienestar socioemocional - i512,Componente 34,105247,False
IQ512,10a3ebcd7b7d48c6a2a88d62,9ae5108a734a44a3b3b0a45c,2023,2023-07-12,25.0,0.23,0.23,Programa Nacional de Inducción Docente,Curso/edición,Programa Nacional de Inducción Docente,Componente 55,105276,False
IQ512,df2c08c8620445f3919d4574,c94ca48f23744b1d9b7ca355,2024,2024-08-19,,1.01,1.01,Programa Nacional de Inducción Docente,Curso/edición,Gestión de aula - i512,Componente 35,105385,False
IQ512,e8548ec8bb1f4fafa0d432b2,10322a41c7d34bbb91a599c0,2026,2026-03-29,,1.94,1.94,Programa Nacional de Inducción Docente,Curso/edición,Programa Nacional de Inducción Docente,Componente 54,105229,False
IQ512,ceb5004b4f664840b6a11a5b,4c95c3752ca8491f8e9b000e,2023,2023-02-10,0.0,0.21,0.21,Programa Nacional de Inducción Docente - Profundización,Curso/edición,Bienestar socioemocional - i512,Componente 53,105369,False
IQ512,108b67dc3b7345e38df4068c,6356b8e091924075b99d6a5e,2024,2024-12-20,100.0,0.17,0.17,Programa Nacional de Inducción Docente,Curso/edición,Gestión de aula - i512,Componente 23,105497,False
IQ512,aab27e6d3db744ceb10729c7,68059c30a12b42cba1649cfa,2023,2023-11-08,25.0,0.49,0.49,Programa Nacional de Inducción Docente 2024,Curso/edición,Programa Nacional de Inducción Docente,Componente 43,105312,False
IQ512,917d64b3d04d47609cc52011,1df7064f364c4f69a3e07067,2024,2024-06-18,,0.18,0.18,Programa Nacional de Inducción Docente,Curso/edición,Bienestar socioemocional - i512,Componente 53,105455,False
IQ512,c6d64574b9084a559b877318,cf1b0dd049e74f23912a0d61,2023,2023-11-09,,0.5,0.5,Programa Nacional de Inducción Docente,Curso/edición,Bienestar socioemocional - i512,Componente 44,105389,False
IQ512,edbf3a1061c3461c8f6582b4,deaa5cd206be451baee5138f,2023,2023-11-13,100.0,0.61,0.61,Programa Nacional de Inducción Docente,Curso/edición,Programa Nacional de Inducción Docente,Componente 55,105427,False
IQ512,197c1d53024d473aa3a0fecc,f49d42df9e20459d95b6c638,2022,2022-07-20,,0.08,0.08,Programa Nacional de Inducción Docente,Curso/edición,Gestión de aula - i512,Componente 23,105254,False
IQ512,fcd2f964b0e744cf9cf5eb9f,ff1d4b25fd634bb5987c6c7c,2023,2023-01-16,25.0,0.25,0.25,Programa Nacional de Inducción Docente,Curso/edición,Gestión de aula - i512,Componente 53,105309,False
IQ512,b5918dc4677a495cba6629cc,accb6322787d4f4aa7284f37,2024,2024-11-22,,0.14,0.14,Programa Nacional de Inducción Docente,Curso/edición,Bienestar socioemocional - i512,Componente 50,105301,False
IQ512,9d704872906944f7a2cb7cf2,cecabdfd5a4c41b797ecc269,2024,2024-03-15,25.0,0.48,0.48,Programa Nacional de Inducción Docente,Curso/edición,Bienestar socioemocional - i512,Componente 46,105342,False
IQ512,1973c34fff6b4c349d53a2b3,b75ef5c228a24d329f8a6f28,2025,2025-10-08,,0.14,0.14,Programa Nacional de Inducción Docente,Curso/edición,Gestión de aula - i512,Componente 8,105227,False
IQ512,9a43a912ca8d4d03abe7e756,30da5377a4434ea1ae7823d1,2023,2023-08-03,,0.03,0.03,Programa Nacional de Inducción Docente,Curso/edición,Gestión de aula - i512,Componente 16,105220,False
IQ512,a44a0c7f50244421bf69621c,9284bc01cbf74e6e83b32755,2023,2023-03-22,75.0,,,Programa Nacional de Inducción Docente,Curso/edición,Bienestar socioemocional - i512,Componente 45,105327,False
IQ512,7036171dd5804b2aae0db87b,ead28e25c79f4763920a5313,2023,2023-05-12,100.0,0.41,0.41,Programa Nacional de Inducción Docente,Curso/edición,Bienestar socioemocional - i512,Componente 5,105361,False
IQ512,db501717fbd848118be8a429,af3f1b807df249cb9f0c8a25,2024,2024-10-01,100.0,0.71,0.71,Programa Nacional de Inducción Docente,Curso/edición,Bienestar socioemocional - i512,Componente 27,105368,False
IQ512,98c4c1c9f47c4f6f8fcf6f79,bb97def0b02f4427a00195f9,2023,2023-07-24,,4.35,4.0,Programa Nacional de Inducción Docente - Profundización,Curso/edición,Bienestar socioemocional - i512,Componente 49,105287,False
IQ512,d89702b61f3b4a979cec14b0,79f90b3590f94ab8862a51e8,2025,2025-11-08,25.0,0.01,0.01,Programa Nacional de Inducción Docente,Curso/edición,Programa Nacional de Inducción Docente,Componente 38,105205,False
IQ512,20f82f49b4664a4796f15159,2cf47bfe9cbe421387f017b0,2023,2023-12-08,100.0,0.14,0.14,Programa Nacional de Inducción Docente,Curso/edición,Gestión de aula - i512,Componente 17,105437,False
IQ512,626e218957d04d0eb491f1aa,c0658296ef1c49628c88e909,2023,2023-06-21,50.0,0.34,0.34,Programa Nacional de Inducción Docente - Profundización,Curso/edición,Programa Nacional de Inducción Docente,Componente 37,105222,False
IQ512,1ee8f23bd04c4a78b57a2651,bc168b28c5224f708e58d5d4,2023,2023-10-17,,0.09,0.09,Programa Nacional de Inducción Docente,Curso/edición,Bienestar socioemocional - i512,Componente 42,105470,False
IQ512,cc289dbc904442a5ba7c7d1d,5f672ae6d5114233aa935797,2025,2025-09-24,25.0,0.0,0.0,Programa Nacional de Inducción Docente 2024,Curso/edición,Gestión de aula - i512,Componente 35,105408,False
IQ512,e6eae4e2c1f943a495c18368,317cad1675a4463991b7333b,2023,2023-01-29,,0.6,0.6,Programa Nacional de Inducción Docente,Curso/edición,Gestión de aula - i512,Componente 22,105198,False
IQ512,17932a3a698f4219a5bba748,a5a4765354c74c4c8484b2cb,2023,2023-07-29,25.0,0.95,0.95,Programa Nacional de Inducción Docente,Curso/edición,Bienestar socioemocional - i512,Componente 15,105388,False
IQ512,b55306d3ca59426196a23cc5,a499816553f0493b932b624d,2023,2023-03-05,50.0,0.08,0.08,Programa Nacional de Inducción Docente,Curso/edición,Gestión de aula - i512,Componente 28,105271,False
IQ512,e8b294b349464a87b5a78e6c,85f0eac0dd064d718d98d289,2023,2023-12-05,100.0,0.89,0.89,Programa Nacional de Inducción Docente,Curso/edición,Gestión de aula - i512,Componente 5,105463,False
IQ512,110ec377231d4b24bed367a7,e4655a4bf0354abc82264339,2025,2025-10-04,100.0,0.05,0.05,Programa Nacional de Inducción Docente,Curso/edición,Programa Nacional de Inducción Docente,Componente 46,105247,False
IQ512,0b99105e16524e7dbb967a81,74b9644a6001467d9530e829,2026,2026-08-02,75.0,2.11,2.11,Programa Nacional de Inducción Docente,Curso/edición,Gestión de aula - i512,Componente 17,105283,False
IQ512,73cbba9e735746db84909a7b,14fbf55857cd46808fc013c3,2023,2023-08-11,25.0,0.68,0.68,Programa Nacional de Inducción Docente,Curso/edición,Gestión de aula - i512,Componente 27,105214,False
IQ512,c3cff55d0b7b49d8bd1d96b7,3737a9ad4bbc41cdb6393199,2023,2023-12-06,100.0,4.48,4.0,Programa Nacional de Inducción Docente,Curso/edición,Gestión de aula - i512,Componente 35,105236,False
IQ512,c4c98fcd01cd4e69a77c080e,78bce0d675ec40bdba5ed449,2023,2023-06-17,0.0,0.81,0.81,Programa Nacional de Inducción Docente,Curso/edición,Gestión de aula - i512,Componente 54,105350,False
IQ512,9e6ac9ab96a946d284776f25,0dbbc457357f412ebd5f899c,2025,2025-10-07,,0.29,0.29,Programa Nacional de Inducción Docente,Curso/edición,Bienestar socioemocional - i512,Componente 12,105235,False
IQ512,50e1cf41792541f196ff192a,69331a900e66494f9794f8da,2026,2026-09-10,50.0,0.24,0.24,Programa Nacional de Inducción Docente,Curso/edición,Bienestar socioemocional - i512,Componente 40,105452,False
IQ512,c0bf56c3ba514172bc17bb9d,79f90b3590f94ab8862a51e8,2023,2023-02-22,50.0,0.11,0.11,Programa Nacional de Inducción Docente,Curso/edición,Programa Nacional de Inducción Docente,Componente 23,105205,False
IQ512,edea1f6f57fe41e88ef11568,9304fb0da0fc4b26af6cc39e,2023,2023-08-19,100.0,0.2,0.2,Programa Nacional de Inducción Docente,Curso/edición,Programa Nacional de Inducción Docente,Componente 31,105412,False
IQ512,00d3722a07e6486eb2fd5623,956081ea695941f48afa6996,2024,2024-08-26,100.0,0.86,0.86,Programa Nacional de Inducción Docente,Curso/edición,Gestión de aula - i512,Componente 9,105410,False
IQ512,66e65ffe9f8444e682a51f48,c0658296ef1c49628c88e909,2023,2023-06-03,,0.1,0.1,Programa Nacional de Inducción Docente,Curso/edición,Programa Nacional de Inducción Docente,Componente 3,105222,False
IQ512,4e53ff32625d46bd8c6fc6cd,9d75fc29e5864ce98f59de4a,2024,2024-04-12,,0.47,0.47,Programa Nacional de Inducción Docente,Curso/edición,Bienestar socioemocional - i512,Componente 34,105303,False
IQ512,9076f533b2954f05b95d14f3,52070d7c908441c19c81e2c7,2024,2024-02-23,,0.03,0.03,Programa Nacional de Inducción Docente,Curso/edición,Gestión de aula - i512,Componente 55,105185,False
IQ512,1284d180814f41d4b3620b12,7b88eae260654464869a1582,2023,2023-08-08,50.0,0.56,0.56,Programa Nacional de Inducción Docente,Curso/edición,Gestión de aula - i512,Componente 30,105291,False
IQ512,cbfdf791702347c6866bba2f,dd7d5df7942948d5beb11771,2023,2023-12-02,0.0,0.24,0.24,Programa Nacional de Inducción Docente,Curso/edición,Bienestar socioemocional - i512,Componente 8,105425,False
IQ512,9c112c3152534b3eac75b3d3,af3f1b807df249cb9f0c8a25,2024,2024-12-27,75.0,0.49,0.49,Liderazgo docente - i512,Curso/edición,Bienestar socioemocional - i512,Componente 13,105368,False
IQ512,e3b873fba6a94c1cb1a4990e,a499816553f0493b932b624d,2023,2023-01-21,75.0,0.55,0.55,Programa Nacional de Inducción Docente,Curso/edición,Bienestar socioemocional - i512,Componente 9,105271,False
IQ512,f9c32bf8dc4148868444aecb,9d75fc29e5864ce98f59de4a,2026,2026-04-08,,0.42,0.42,Programa Nacional de Inducción Docente,Curso/edición,Bienestar socioemocional - i512,Componente 8,105303,False
IQ512,28626b32c9b44d7d90b15eb3,0a362d417cf54e7dab6cdd00,2024,2024-10-02,,0.01,0.01,Programa Nacional de Inducción Docente,Curso/edición,Programa Nacional de Inducción Docente,Componente 45,105480,False
IQ512,b466675f820f4f5e90b59e6b,ff1d4b25fd634bb5987c6c7c,2023,2023-10-30,,1.75,1.75,Programa Nacional de Inducción Docente,Curso/edición,Programa Nacional de Inducción Docente,Componente 2,105309,False
IQ512,ecb64737098042e48ccbd800,7d2866ab1bec4dbebc4c60b3,2023,2023-07-31,50.0,0.36,0.36,Programa Nacional de Inducción Docente,Curso/edición,Gestión de aula - i512,Componente 43,105360,False
IQ512,0f6bd20c92094a2b89599a3d,72335bdd56fe43e8b51efc30,2023,2023-02-20,100.0,0.5,0.5,Programa Nacional de Inducción Docente,Curso/edición,Programa Nacional de Inducción Docente,Componente 46,105292,False
IQ512,9425eb5cc1214621a3199f8b,2ffc3a699fde49ff8aaaad8f,2022,2022-05-19,100.0,0.25,0.25,Liderazgo docente - i512,Curso/edición,Programa Nacional de Inducción Docente,Componente 19,105393,False
IQ512,259639f43e1a427ab3a54c71,bb0efadaeed747038ebffaa2,2023,2023-10-09,0.0,0.55,0.55,Programa Nacional de Inducción Docente,Curso/edición,Gestión de aula - i512,Componente 42,105228,False
IQ512,dc8add9959b34e1ea425e336,afe18387cae94f10ac7ac99b,2022,2022-11-27,,0.63,0.63,Programa Nacional de Inducción Docente,Curso/edición,Gestión de aula - i512,Componente 32,105216,False
IQ512,d08c641bfa8e417698df8327,b8b47e3a2e0b4246878c90e5,2026,2026-05-26,50.0,1.31,1.31,Programa Nacional de Inducción Docente,Curso/edición,Programa Nacional de Inducción Docente,Componente 48,105398,False
IQ512,3e7dc7a98fb84306b46e2ae9,ee4deaa2fa3d4862ba9d842c,2023,2023-06-22,,0.66,0.66,Programa Nacional de Inducción Docente - Profundización,Curso/edición,Bienestar socioemocional - i512,Componente 43,105440,False
IQ512,e4d7b23f780048f790220def,7039f0d846de4df3a4087385,2023,2023-08-23,,0.37,0.37,Programa Nacional de Inducción Docente,Curso/edición,Bienestar socioemocional - i512,Componente 13,105358,False
IQ512,0162a52c9f9548c6a51787f0,dc9add5ed8c04437af365e25,2023,2023-10-04,100.0,0.02,0.02,Programa Nacional de Inducción Docente - Profundización,Curso/edición,Bienestar socioemocional - i512,Componente 46,105365,False
IQ512,4a8c9630ad2e4f6d8cbff9ec,fdbbde9f14274a8a9948cc87,2023,2023-11-07,,0.21,0.21,Programa Nacional de Inducción Docente,Curso/edición,Bienestar socioemocional - i512,Componente 55,105444,False
IQ512,1e968d0084694a10b34889f7,fab4b866c7b84ba5a715f2a1,2023,2023-03-02,100.0,0.18,0.18,Programa Nacional de Inducción Docente,Curso/edición,Programa Nacional de Inducción Docente,Componente 40,105286,False
IQ512,be4e53b7300e4521ba00d516,475a21182220425692a2670b,2024,2024-01-03,,0.54,0.54,Programa Nacional de Inducción Docente,Curso/edición,Gestión de aula - i512,Componente 2,105426,False
IQ512,8016dba114354b51ae0ebf51,0ad4e0ae144244f4836aea4c,2023,2023-12-30,100.0,0.12,0.12,Programa Nacional de Inducción Docente,Curso/edición,Programa Nacional de Inducción Docente,Componente 16,105394,False
IQ512,c22f963da7264c2c9f80013e,0dfad5ed7353466680d96d8d,2024,2024-04-14,50.0,1.15,1.15,Programa Nacional de Inducción Docente - Profundización,Curso/edición,Programa Nacional de Inducción Docente,Componente 31,105386,False
IQ512,43e8e07d5e8049928e5c229e,f8454e8e12044d649df927e8,2022,2022-08-15,100.0,0.28,0.28,Programa Nacional de Inducción Docente,Curso/edición,Programa Nacional de Inducción Docente,Componente 14,105304,False
IQ512,bb0d3b848c864f5685f0a178,9b7175652216402a805a3fdd,2023,2023-06-28,100.0,0.02,0.02,Programa Nacional de Inducción Docente,Curso/edición,Gestión de aula - i512,Componente 58,105493,False
IQ512,25b2fda3f8ac49be895c0a4a,7626b6d687ba4961acf35576,2024,2024-04-17,,0.06,0.06,Programa Nacional de Inducción Docente,Curso/edición,Programa Nacional de Inducción Docente,Componente 33,105456,False
IQ512,e199f61b485a43a3b8d50380,2c587aaa354f4c60baecf071,2026,2026-06-03,,0.08,0.08,Programa Nacional de Inducción Docente,Curso/edición,Gestión de aula - i512,Componente 12,105346,False
IQ512,b5ceaf65ae464b18ac52fe54,85f0eac0dd064d718d98d289,2023,2023-10-16,,0.01,0.01,Programa Nacional de Inducción Docente,Curso/edición,Gestión de aula - i512,Componente 58,105463,False
IQ512,10382e3cee6b47fc8541fb81,6ab5327c92dd4863b6ab8275,2023,2023-05-06,,1.3,1.3,Programa Nacional de Inducción Docente,Curso/edición,Bienestar socioemocional - i512,Componente 52,105274,False
IQ512,8927503201ae4a87868305be,789a966057d94fcd9b74b134,2024,2024-04-01,,0.06,0.06,Programa Nacional de Inducción Docente,Curso/edición,Gestión de aula - i512,Componente 10,105209,False
IQ512,e535fda1a6924dc9be175207,ea2b216a5f034a29b40d010c,2023,2023-12-09,,0.64,0.64,Programa Nacional de Inducción Docente,Curso/edición,Gestión de aula - i512,Componente 18,105223,False
IQ512,3d3251ecefc24a09a7a3bf3b,19f183595d58476c8078ec17,2023,2023-11-02,50.0,2.68,2.68,Programa Nacional de Inducción Docente,Curso/edición,Bienestar socioemocional - i512,Componente 57,105293,False
IQ512,0716cba643e048269b50296c,a499816553f0493b932b624d,2023,2023-08-16,,0.91,0.91,Programa Nacional de Inducción Docente,Curso/edición,Gestión de aula - i512,Componente 37,105271,False
IQ512,4b75061342384b299a8c498b,74b9644a6001467d9530e829,2023,2023-09-15,,0.57,0.57,Programa Nacional de Inducción Docente,Curso/edición,Bienestar socioemocional - i512,Componente 21,105283,False
IQ512,6d38a259dd744b35ac982d69,8dbd1b8e7c074f439acf6516,2023,2023-12-15,,0.24,0.24,Programa Nacional de Inducción Docente,Curso/edición,Programa Nacional de Inducción Docente,Componente 31,105187,False
IQ512,0eafda37e6d54e3f9cae70ef,7626b6d687ba4961acf35576,2024,2024-11-18,75.0,0.69,0.69,Programa Nacional de Inducción Docente,Curso/edición,Programa Nacional de Inducción Docente,Componente 44,105456,False
IQ512,6d4953cc62aa484bab38d7f0,317cad1675a4463991b7333b,2026,2026-02-23,,1.16,1.16,Programa Nacional de Inducción Docente,Curso/edición,Gestión de aula - i512,Componente 54,105198,False
IQ512,31da746bed484b1aa66ff670,7c5261ea744241b18d6195c1,2023,2023-05-22,75.0,0.93,0.93,Programa Nacional de Inducción Docente - Profundización,Curso/edición,Bienestar socioemocional - i512,Componente 10,105478,False
IQ512,86d5545473134fe392cb5911,a139ad8bb62944db909c8a9d,2026,2026-01-25,100.0,0.17,0.17,Programa Nacional de Inducción Docente,Curso/edición,Bienestar socioemocional - i512,Componente 20,105356,False
IQ512,f33fc0daf39947ddb78270a1,c73395599d4445a6a2a4bfef,2024,2024-08-13,25.0,0.29,0.29,Programa Nacional de Inducción Docente,Curso/edición,Bienestar socioemocional - i512,Componente 30,105469,False
IQ512,dfa786b3617040a4bbc17a78,2aa2ec1b31df42e2aff144c3,2025,2025-09-05,,0.09,0.09,Programa Nacional de Inducción Docente,Curso/edición,Programa Nacional de Inducción Docente,Componente 21,105195,False
IQ512,10ec3f21b70b4972b2c6c772,a5a4765354c74c4c8484b2cb,2023,2023-12-24,50.0,0.63,0.63,Programa Nacional de Inducción Docente,Curso/edición,Bienestar socioemocional - i512,Componente 43,105388,False
IQ512,4b23f5eb8b924bfd8c1c338f,ca96bb883dfd41ac89ca221d,2023,2023-08-02,25.0,0.3,0.3,Programa Nacional de Inducción Docente - Profundización,Curso/edición,Gestión de aula - i512,Componente 14,105189,False
IQ512,8f005803d6f74eac9d3d807c,a1752d97d16944db859ca475,2023,2023-10-15,25.0,0.82,0.82,Programa Nacional de Inducción Docente,Curso/edición,Gestión de aula - i512,Componente 27,105251,False
IQ512,0d2f4c59cf224f6c9aa541c5,2d38f58bc6994ecfbef0ee09,2023,2023-12-28,100.0,0.02,0.02,Programa Nacional de Inducción Docente 2024,Curso/edición,Gestión de aula - i512,Componente 56,105395,False
IQ512,336d4a32113c40eebd4be7e0,048a6a45d2254440a7f8bcb6,2023,2023-06-08,75.0,0.58,0.58,Programa Nacional de Inducción Docente - Profundización,Curso/edición,Gestión de aula - i512,Componente 53,105273,False
IQ512,5673a8d1f0cd47339a1a5bde,87a63a6576034f30a2ca2aa0,2024,2024-04-14,25.0,0.09,0.09,Programa Nacional de Inducción Docente,Curso/edición,Programa Nacional de Inducción Docente,Componente 4,105504,False
IQ512,e5165131812241619f8adcd3,afb11e2a8fd64c6eb4a7347a,2023,2023-04-23,,0.53,0.53,Programa Nacional de Inducción Docente - Profundización,Curso/edición,Bienestar socioemocional - i512,Componente 39,105413,False
IQ512,cfa3dfc215324f7b9a968a32,d785be91f8eb4df6bfaed1aa,2023,2023-08-11,75.0,0.05,0.05,Programa Nacional de Inducción Docente,Curso/edición,Bienestar socioemocional - i512,Componente 4,105406,False
IQ512,76e42f6ed7cc4c28ba3f2b69,97ff07f1ea4b4ccfbe5b7701,2023,2023-04-25,0.0,0.08,0.08,Liderazgo docente - i512,Curso/edición,Gestión de aula - i512,Componente 10,105460,False
IQ512,a70ce53bad054abea4af4ce2,04cf5d039aeb4bfe9c8e08be,2025,2025-07-12,25.0,0.06,0.06,Programa Nacional de Inducción Docente,Curso/edición,Programa Nacional de Inducción Docente,Componente 56,105250,False
IQ512,4e27c46dbb5d48008443ef48,57593167db0842d697f8d79f,2023,2023-02-04,25.0,0.25,0.25,Programa Nacional de Inducción Docente,Curso/edición,Bienestar socioemocional - i512,Componente 46,105295,False
IQ512,dafad7fdcb17469185efb7bb,e4655a4bf0354abc82264339,2025,2025-08-11,75.0,0.56,0.56,Programa Nacional de Inducción Docente,Curso/edición,Gestión de aula - i512,Componente 21,105247,False
IQ512,cd0748aca16742aea6c77283,e787a33bd6ea4f8d94c0de47,2023,2023-09-25,50.0,0.66,0.66,Programa Nacional de Inducción Docente,Curso/edición,Programa Nacional de Inducción Docente,Componente 35,105234,False
IQ512,148feef2af22448e8998945b,5385b7f6848147308ba6f326,2023,2023-05-21,,,,Programa Nacional de Inducción Docente,Curso/edición,Gestión de aula - i512,Componente 48,105244,False
IQ512,d0a173883066438f889b6672,dd7d5df7942948d5beb11771,2023,2023-12-30,,0.42,0.42,Programa Nacional de Inducción Docente - Profundización,Curso/edición,Gestión de aula - i512,Componente 16,105425,False
IQ512,49ac35e2be2a45bea4f3a963,9ae5108a734a44a3b3b0a45c,2023,2023-08-29,0.0,0.14,0.14,Programa Nacional de Inducción Docente,Curso/edición,Programa Nacional de Inducción Docente,Componente 2,105276,False
IQ512,1a3cd31e5b59403998fe22c2,f9da23eabcd84ae9a6c31d19,2023,2023-10-31,100.0,2.45,2.45,Programa Nacional de Inducción Docente,Curso/edición,Gestión de aula - i512,Componente 6,105471,False
IQ512,db17d4fd2a3a48bb9027b864,ebfeac2bf81d46ffa1acc1df,2023,2023-12-29,75.0,0.02,0.02,Programa Nacional de Inducción Docente,Curso/edición,Programa Nacional de Inducción Docente,Componente 1,105281,False
IQ512,99127b5d0736441a84a636f2,03e0948083cf496c8409b830,2024,2024-07-30,,0.01,0.01,Programa Nacional de Inducción Docente,Curso/edición,Gestión de aula - i512,Componente 44,105487,False
IQ512,b84dfd272cf64505b97681d0,8c65783833dd4180924459e0,2023,2023-08-20,100.0,1.06,1.06,Programa Nacional de Inducción Docente,Curso/edición,Programa Nacional de Inducción Docente,Componente 25,105215,False
IQ512,751afa2e98184d3fb85933f8,6ab5327c92dd4863b6ab8275,2026,2026-05-09,,0.01,0.01,Programa Nacional de Inducción Docente,Curso/edición,Bienestar socioemocional - i512,Componente 41,105274,False
IQ512,b5965e1872db4b978314d872,77048e22c70c4334a9e4be71,2023,2023-03-26,,1.59,1.59,Programa Nacional de Inducción Docente,Curso/edición,Gestión de aula - i512,Componente 36,105299,False
IQ512,564bd7e713a34b45ab3eddc9,c3cd54892e8547f7beecdac0,2023,2023-03-09,,0.36,0.36,Programa Nacional de Inducción Docente,Curso/edición,Gestión de aula - i512,Componente 11,105453,False
IQ512,6cbe1a4b87714601ac4924fe,ea2b216a5f034a29b40d010c,2023,2023-11-01,,0.22,0.22,Programa Nacional de Inducción Docente,Curso/edición,Programa Nacional de Inducción Docente,Componente 31,105223,False
IQ512,d13f52ada1744da6be624695,9304fb0da0fc4b26af6cc39e,2024,2024-05-21,75.0,0.11,0.11,Programa Nacional de Inducción Docente,Curso/edición,Gestión de aula - i512,Componente 35,105412,False
IQ512,91f579e7a02d41ccb6fef9e4,e9a2bc567b8d4d419a4e616a,2023,2023-06-11,50.0,0.43,0.43,Programa Nacional de Inducción Docente,Curso/edición,Programa Nacional de Inducción Docente,Componente 14,105248,False
IQ512,9d2e5d4977d145959719ccf7,6e773ac41aea4fe5b98eba0c,2023,2023-09-07,50.0,0.39,0.39,Programa Nacional de Inducción Docente 2024,Curso/edición,Gestión de aula - i512,Componente 55,105489,False
IQ512,a88da595d762445b925369b6,c73395599d4445a6a2a4bfef,2024,2024-04-09,100.0,0.83,0.83,Programa Nacional de Inducción Docente,Curso/edición,Bienestar socioemocional - i512,Componente 48,105469,False
IQ512,b5f67283599243f980b9dd99,0a362d417cf54e7dab6cdd00,2023,2023-10-16,100.0,0.34,0.34,Programa Nacional de Inducción Docente,Curso/edición,Gestión de aula - i512,Componente 19,105480,False
IQ512,2bb5b2ac6a9b45b5844aeaf2,84bc8a546e684c5687c661a9,2023,2023-12-12,,2.1,2.1,Programa Nacional de Inducción Docente,Curso/edición,Programa Nacional de Inducción Docente,Componente 11,105428,False
IQ512,06a8531082d041c7a6012490,79f90b3590f94ab8862a51e8,2023,2023-03-30,,1.09,1.09,Programa Nacional de Inducción Docente,Curso/edición,Programa Nacional de Inducción Docente,Componente 21,105205,False
IQ512,0582cad5e8cd4374bf3f8dc8,dc9add5ed8c04437af365e25,2025,2025-05-21,,0.72,0.72,Programa Nacional de Inducción Docente,Curso/edición,Gestión de aula - i512,Componente 48,105365,False
IQ512,71e14d2f0f23462d873ec942,1df7064f364c4f69a3e07067,2024,2024-09-30,50.0,0.09,0.09,Programa Nacional de Inducción Docente,Curso/edición,Gestión de aula - i512,Componente 12,105455,False
IQ512,113b012fc50940e2aacdfdd0,79f90b3590f94ab8862a51e8,2023,2023-08-26,,0.28,0.28,Programa Nacional de Inducción Docente,Curso/edición,Bienestar socioemocional - i512,Componente 31,105205,False
IQ512,d7b54a46d6e14371bab43bf7,a1752d97d16944db859ca475,2024,2024-11-07,25.0,1.27,1.27,Programa Nacional de Inducción Docente 2024,Curso/edición,Gestión de aula - i512,Componente 5,105251,False
IQ512,90e4b025169e46109ac9983b,0dfad5ed7353466680d96d8d,2024,2024-06-09,0.0,0.03,0.03,Programa Nacional de Inducción Docente,Curso/edición,Gestión de aula - i512,Componente 22,105386,False
IQ512,ea89eaa7b71d4865accc8903,fa1c1fd9d6224fc886871f2b,2023,2023-02-20,50.0,0.85,0.85,Programa Nacional de Inducción Docente - Profundización,Curso/edición,Bienestar socioemocional - i512,Componente 38,105210,False
IQ512,d9616aa8617240289b975deb,02c149178dab43b18f85520e,2024,2024-06-15,50.0,0.56,0.56,Programa Nacional de Inducción Docente,Curso/edición,Programa Nacional de Inducción Docente,Componente 29,105181,False
IQ512,a3922a72c6c04f3a97cfee19,d3fe58ef906f423b9c61a65e,2023,2023-05-14,75.0,0.22,0.22,Programa Nacional de Inducción Docente,Curso/edición,Programa Nacional de Inducción Docente,Componente 3,105289,False
IQ512,42b698339d5740dc972e1133,ebfeac2bf81d46ffa1acc1df,2024,2024-03-18,,1.02,1.02,Programa Nacional de Inducción Docente,Curso/edición,Bienestar socioemocional - i512,Componente 9,105281,False
IQ512,f79c136da68f486b8af55205,c6416ee31cee41d9abfddc87,2025,2025-09-30,,0.26,0.26,Programa Nacional de Inducción Docente,Curso/edición,Gestión de aula - i512,Componente 57,105240,False
IQ512,117aa63690ba4ab78474624d,eaaf933775e74d558f7457e0,2022,2022-06-12,25.0,0.0,0.0,Programa Nacional de Inducción Docente,Curso/edición,Gestión de aula - i512,Componente 12,105266,False
IQ512,f79e29a738e44707804d6522,87a63a6576034f30a2ca2aa0,2026,2026-01-14,0.0,3.22,3.22,Programa Nacional de Inducción Docente,Curso/edición,Programa Nacional de Inducción Docente,Componente 51,105504,False
IQ512,38ea1f8ed3be4e399aa12d57,0190c7be89ab454fa26d0681,2023,2023-05-16,,1.29,1.29,Programa Nacional de Inducción Docente - Profundización,Curso/edición,Gestión de aula - i512,Componente 3,105300,False
IQ512,ceb7cf1997804357b011f08b,29e4c3f6d6874d1abf5a233a,2023,2023-09-24,100.0,0.3,0.3,Programa Nacional de Inducción Docente,Curso/edición,Programa Nacional de Inducción Docente,Componente 44,105362,False
IQ512,2badfb661cd24b878627f588,da8f4eb7991e451faef98e65,2023,2023-06-03,25.0,0.9,0.9,Programa Nacional de Inducción Docente,Curso/edición,Programa Nacional de Inducción Docente,Componente 21,105443,False
IQ512,58544ea7f9eb46a7931af6fb,8148d7ea7d3b4f1b9ade5df4,2023,2023-10-19,,0.8,0.8,Programa Nacional de Inducción Docente,Curso/edición,Gestión de aula - i512,Componente 49,105421,False
IQ512,321b138fe9934548b7b9c8e9,accb6322787d4f4aa7284f37,2023,2023-02-25,100.0,0.19,0.19,Programa Nacional de Inducción Docente,Curso/edición,Gestión de aula - i512,Componente 16,105301,False
IQ512,4e7a7a020794474a97dc5b19,10322a41c7d34bbb91a599c0,2023,2023-05-27,25.0,0.99,0.99,Programa Nacional de Inducción Docente 2024,Curso/edición,Bienestar socioemocional - i512,Componente 21,105229,False
IQ512,050d46446cce4677b0b1d0c6,02c149178dab43b18f85520e,2026,2026-01-10,0.0,0.42,0.42,Programa Nacional de Inducción Docente - Profundización,Curso/edición,Bienestar socioemocional - i512,Componente 39,105181,False
IQ512,175013510aad4b02abec5a10,9bf8820c6be149eb8e7eafcd,2024,2024-05-20,25.0,0.62,0.62,Programa Nacional de Inducción Docente,Curso/edición,Gestión de aula - i512,Componente 56,105451,False
IQ512,4b00e02d6dcb462cac37337e,ead28e25c79f4763920a5313,2023,2023-05-30,,,,Programa Nacional de Inducción Docente,Curso/edición,Programa Nacional de Inducción Docente,Componente 45,105361,False
IQ512,92781046f96b414f8586ce80,9304fb0da0fc4b26af6cc39e,2023,2023-03-10,75.0,0.03,0.03,Programa Nacional de Inducción Docente,Curso/edición,Gestión de aula - i512,Componente 52,105412,False
IQ512,60e1ba8d35974539ba8b4637,0dbbc457357f412ebd5f899c,2025,2025-05-05,50.0,0.83,0.83,Liderazgo docente - i512,Curso/edición,Bienestar socioemocional - i512,Componente 58,105235,False
IQ512,2b6c418774ee4cef8374bfb3,cc5ec518471243968b44d76b,2024,2024-11-21,0.0,0.18,0.18,Programa Nacional de Inducción Docente,Curso/edición,Gestión de aula - i512,Componente 53,105265,False
IQ512,d1b6907eae954b5d99d1880b,a5a4765354c74c4c8484b2cb,2024,2024-07-14,75.0,0.67,0.67,Programa Nacional de Inducción Docente,Curso/edición,Gestión de aula - i512,Componente 23,105388,False
IQ512,600f3e46218a462b82c7bdd3,afb11e2a8fd64c6eb4a7347a,2023,2023-10-27,,0.42,0.42,Programa Nacional de Inducción Docente,Curso/edición,Bienestar socioemocional - i512,Componente 24,105413,False
IQ512,7bd4057333364f049a8a9157,f49d42df9e20459d95b6c638,2023,2023-05-03,100.0,0.22,0.22,Programa Nacional de Inducción Docente,Curso/edición,Gestión de aula - i512,Componente 20,105254,False
IQ512,81125ace34694d74b0dd8942,b737d77513944641945c1412,2025,2025-11-12,100.0,0.14,0.14,Programa Nacional de Inducción Docente,Curso/edición,Bienestar socioemocional - i512,Componente 3,105186,False
IQ512,1695d133e7af4f84a9688701,cc5ec518471243968b44d76b,2023,2023-08-13,50.0,0.59,0.59,Programa Nacional de Inducción Docente,Curso/edición,Programa Nacional de Inducción Docente,Componente 29,105265,False
IQ512,4a0ad397e9034586ac25ab36,9284bc01cbf74e6e83b32755,2024,2024-11-10,75.0,1.29,1.29,Programa Nacional de Inducción Docente,Curso/edición,Gestión de aula - i512,Componente 9,105327,False
IQ512,446f594f7abb4de093930666,c8f0b975ecdd4e1e88941736,2024,2024-06-06,100.0,0.06,0.06,Programa Nacional de Inducción Docente,Curso/edición,Bienestar socioemocional - i512,Componente 12,105492,False
IQ512,d4ee37eaa91e4682b6f822be,e9a2bc567b8d4d419a4e616a,2023,2023-05-28,0.0,0.53,0.53,Programa Nacional de Inducción Docente 2024,Curso/edición,Programa Nacional de Inducción Docente,Componente 11,105248,False
IQ512,e0818ea386144a20ad43585d,dcbafb2f0d93482fb9a489d7,2023,2023-01-19,100.0,0.0,0.0,Programa Nacional de Inducción Docente,Curso/edición,Programa Nacional de Inducción Docente,Componente 52,105438,False
IQ512,8a284a11a3314b5da99810a0,2f51da8f89db420faeb2beb8,2023,2023-11-12,0.0,0.0,0.0,Programa Nacional de Inducción Docente,Curso/edición,Bienestar socioemocional - i512,Componente 22,105328,False
IQ512,337a85df75ce4442b837a825,878fe7906dbd4aa7a53de962,2024,2024-02-09,,0.01,0.01,Programa Nacional de Inducción Docente,Curso/edición,Programa Nacional de Inducción Docente,Componente 4,105335,False
IQ512,c05ca809a2514e2b954f13d5,afe18387cae94f10ac7ac99b,2023,2023-11-15,75.0,0.52,0.52,Programa Nacional de Inducción Docente,Curso/edición,Programa Nacional de Inducción Docente,Componente 10,105216,False
IQ512,4adb4270c4594746ae5d2ac1,0dfad5ed7353466680d96d8d,2023,2023-06-11,,0.02,0.02,Programa Nacional de Inducción Docente,Curso/edición,Gestión de aula - i512,Componente 17,105386,False
IQ512,0515b91da6d9427d81a614e2,30da5377a4434ea1ae7823d1,2023,2023-11-11,,0.01,0.01,Programa Nacional de Inducción Docente - Profundización,Curso/edición,Programa Nacional de Inducción Docente,Componente 27,105220,False
IQ512,672e878402934ede9cac3249,e787a33bd6ea4f8d94c0de47,2022,2022-09-21,,0.3,0.3,Programa Nacional de Inducción Docente,Curso/edición,Gestión de aula - i512,Componente 9,105234,False
IQ512,a9cf6b1c279646809f52bc0f,2d38f58bc6994ecfbef0ee09,2023,2023-06-03,25.0,0.14,0.14,Programa Nacional de Inducción Docente - Profundización,Curso/edición,Gestión de aula - i512,Componente 54,105395,False
IQ512,f6f0a78c5270437ebec92bdf,b75ef5c228a24d329f8a6f28,2022,2022-04-29,100.0,0.47,0.47,Programa Nacional de Inducción Docente,Curso/edición,Bienestar socioemocional - i512,Componente 28,105227,False
IQ512,cc4f68190d7f4a51bd39a211,78bce0d675ec40bdba5ed449,2023,2023-09-21,75.0,0.57,0.57,Programa Nacional de Inducción Docente,Curso/edición,Bienestar socioemocional - i512,Componente 17,105350,False
IQ512,6515d0357a1545c3a1e3aab7,2f51da8f89db420faeb2beb8,2024,2024-02-22,,0.58,0.58,Programa Nacional de Inducción Docente,Curso/edición,Gestión de aula - i512,Componente 52,105328,False
IQ512,3de697b33a1b40098fbdc0ab,f8bd01058ec24f7687709926,2023,2023-04-26,0.0,1.4,1.4,Programa Nacional de Inducción Docente,Curso/edición,Gestión de aula - i512,Componente 9,105503,False
IQ512,f829858a30c34102b9dbbf78,2ca1013a0fea4a1d8335308b,2024,2024-12-29,75.0,0.9,0.9,Programa Nacional de Inducción Docente 2024,Curso/edición,Gestión de aula - i512,Componente 52,105213,False
IQ512,54fd631ff72c4770b1b39d8b,74b9644a6001467d9530e829,2023,2023-04-02,100.0,1.2,1.2,Programa Nacional de Inducción Docente,Curso/edición,Programa Nacional de Inducción Docente,Componente 49,105283,False
IQ512,7fb5a6d96f2e498ebe997179,dbf30d1d82f44993a8117167,2024,2024-07-04,,0.13,0.13,Programa Nacional de Inducción Docente,Curso/edición,Bienestar socioemocional - i512,Componente 43,105464,False
IQ512,aea97f8624e84d83a151f497,9306d41a6f4e4252b2c3074f,2026,2026-02-04,25.0,1.76,1.76,Programa Nacional de Inducción Docente,Curso/edición,Gestión de aula - i512,Componente 14,105269,False
IQ512,5e0be956f03a45a8913bc4e3,116a93cc79584811af092901,2023,2023-04-02,0.0,0.83,0.83,Programa Nacional de Inducción Docente,Curso/edición,Programa Nacional de Inducción Docente,Componente 37,105212,False
IQ512,22f8c8dafc0a416aa24592e5,2cf47bfe9cbe421387f017b0,2023,2023-04-22,0.0,1.92,1.92,Programa Nacional de Inducción Docente,Curso/edición,Programa Nacional de Inducción Docente,Componente 56,105437,False
IQ512,ce9ff31060474b31a918d9ed,9304fb0da0fc4b26af6cc39e,2023,2023-03-03,0.0,0.1,0.1,Programa Nacional de Inducción Docente,Curso/edición,Bienestar socioemocional - i512,Componente 36,105412,False
IQ512,5069d4f8ba8d4e2083cd8c1e,415994463ca44d63a6bb05b8,2024,2024-01-09,,0.15,0.15,Programa Nacional de Inducción Docente,Curso/edición,Gestión de aula - i512,Componente 12,105221,False
IQ512,d68bfb0289be42efad6d0a0b,f8454e8e12044d649df927e8,2024,2024-04-22,,0.09,0.09,Programa Nacional de Inducción Docente 2024,Curso/edición,Gestión de aula - i512,Componente 56,105304,False
IQ512,afbbe644d63948a5a31ada0c,a0782928bfea4b25a50344b8,2022,2022-12-25,75.0,0.18,0.18,Programa Nacional de Inducción Docente,Curso/edición,Programa Nacional de Inducción Docente,Componente 45,105491,False
IQ512,eadf37460cc54907989e7445,7b88eae260654464869a1582,2023,2023-10-28,50.0,0.44,0.44,Programa Nacional de Inducción Docente,Curso/edición,Gestión de aula - i512,Componente 48,105291,False
IQ512,d02099f26cb74f3ea2e1d719,14fbf55857cd46808fc013c3,2023,2023-11-28,50.0,0.15,0.15,Liderazgo docente - i512,Curso/edición,Gestión de aula - i512,Componente 23,105214,False
IQ512,c319cbfa0f834171a5a15229,be430629430f473593b6ce21,2024,2024-08-28,100.0,0.08,0.08,Programa Nacional de Inducción Docente,Curso/edición,Gestión de aula - i512,Componente 36,105219,False
IQ512,978ef2800ea94311ba8ba53e,0584bd68b35245949e4d9e03,2024,2024-11-02,0.0,0.06,0.06,Programa Nacional de Inducción Docente,Curso/edición,Bienestar socioemocional - i512,Componente 39,105486,False
IQ512,0a11754437a7449bbbe2063c,9284bc01cbf74e6e83b32755,2024,2024-07-09,25.0,1.61,1.61,Programa Nacional de Inducción Docente,Curso/edición,Bienestar socioemocional - i512,Componente 42,105327,False
IQ512,fbee99931c6b41aaaf27239b,f9da23eabcd84ae9a6c31d19,2024,2024-04-04,25.0,0.2,0.2,Programa Nacional de Inducción Docente,Curso/edición,Gestión de aula - i512,Componente 29,105471,False
IQ512,199425aa6206408cbd21405e,74b9644a6001467d9530e829,2023,2023-08-27,0.0,0.05,0.05,Programa Nacional de Inducción Docente,Curso/edición,Bienestar socioemocional - i512,Componente 42,105283,False
IQ512,a1bf88e16846469ebd760696,7c97c1011d2c47459f4fdafd,2024,2024-11-18,0.0,0.37,0.37,Programa Nacional de Inducción Docente - Profundización,Curso/edición,Gestión de aula - i512,Componente 43,105403,False
IQ512,728198662a294abd990953f1,f8454e8e12044d649df927e8,2023,2023-12-29,75.0,0.05,0.05,Programa Nacional de Inducción Docente,Curso/edición,Gestión de aula - i512,Componente 26,105304,False
IQ512,db261f3c0e0d4ac995e18502,aab7ebc80c134d8998f5414f,2023,2023-05-08,50.0,0.44,0.44,Programa Nacional de Inducción Docente,Curso/edición,Programa Nacional de Inducción Docente,Componente 43,105343,False
IQ512,42ae4b6b631946ecab6366da,a70a29c511f8494a86fd6308,2024,2024-01-27,75.0,1.34,1.34,Programa Nacional de Inducción Docente,Curso/edición,Gestión de aula - i512,Componente 4,105202,False
IQ512,537549b7cc7046d4a6c196d2,3428be60ae7742178dc6c7b5,2023,2023-11-15,25.0,1.04,1.04,Programa Nacional de Inducción Docente - Profundización,Curso/edición,Bienestar socioemocional - i512,Componente 44,105484,False
IQ512,41df6cdfe1874f7e9a93811f,a1752d97d16944db859ca475,2023,2023-07-26,,0.43,0.43,Programa Nacional de Inducción Docente,Curso/edición,Gestión de aula - i512,Componente 52,105251,False
IQ512,6cd4b724f458460d9a736c5c,5178575c252d488398975cfd,2025,2025-12-16,25.0,0.26,0.26,Programa Nacional de Inducción Docente,Curso/edición,Bienestar socioemocional - i512,Componente 7,105465,False
IQ512,2839a30e51484a95abd3b409,2c5128f884c94d33abeba8fb,2022,2022-10-29,100.0,0.2,0.2,Programa Nacional de Inducción Docente,Curso/edición,Programa Nacional de Inducción Docente,Componente 49,105352,False
IQ512,90785d5f1ec94f9daabdaf00,63611ab7ed0a4909925eb8ea,2023,2023-07-10,50.0,0.03,0.03,Programa Nacional de Inducción Docente,Curso/edición,Gestión de aula - i512,Componente 27,105193,False
IQ512,7ac57915d8b34174b24b0fcd,9284bc01cbf74e6e83b32755,2025,2025-08-16,25.0,,,Programa Nacional de Inducción Docente,Curso/edición,Bienestar socioemocional - i512,Componente 10,105327,False
IQ512,9cdb433f8e394cd79a4eadb2,ead28e25c79f4763920a5313,2026,2026-03-29,25.0,2.35,2.35,Programa Nacional de Inducción Docente - Profundización,Curso/edición,Bienestar socioemocional - i512,Componente 16,105361,False
IQ512,e7474da41edb4eb6a76f1fa8,149e0e0a2e1747fdac1861ac,2025,2025-02-09,100.0,1.47,1.47,Programa Nacional de Inducción Docente - Profundización,Curso/edición,Gestión de aula - i512,Componente 5,105348,False
IQ512,bcb88c3536f24de2b4adf97c,87a63a6576034f30a2ca2aa0,2023,2023-12-25,,0.71,0.71,Programa Nacional de Inducción Docente 2024,Curso/edición,Programa Nacional de Inducción Docente,Componente 38,105504,False
IQ512,4376c3588c80479ba16f9826,9d75fc29e5864ce98f59de4a,2023,2023-07-29,,0.5,0.5,Programa Nacional de Inducción Docente,Curso/edición,Programa Nacional de Inducción Docente,Componente 32,105303,False
IQ512,076970359d5142b1a57199f3,12733ae4d9de48f9b9b5b82a,2023,2023-01-02,,0.61,0.61,Programa Nacional de Inducción Docente - Profundización,Curso/edición,Gestión de aula - i512,Componente 30,105243,False
IQ512,135136fc76f149038d407722,ebfeac2bf81d46ffa1acc1df,2023,2023-08-29,25.0,0.3,0.3,Programa Nacional de Inducción Docente,Curso/edición,Programa Nacional de Inducción Docente,Componente 28,105281,False
IQ512,6bdf9c6675b241dc92899bad,dc9add5ed8c04437af365e25,2023,2023-06-07,50.0,,,Programa Nacional de Inducción Docente,Curso/edición,Programa Nacional de Inducción Docente,Componente 30,105365,False
IQ512,2b72063942334a41a6fb57a2,71555451160147fea88120fb,2023,2023-06-04,,0.74,0.74,Programa Nacional de Inducción Docente - Profundización,Curso/edición,Bienestar socioemocional - i512,Componente 10,105353,False
IQ512,decfe54c5b12498b86418565,672eb382c9fb4d33af06c219,2023,2023-01-02,100.0,0.33,0.33,Programa Nacional de Inducción Docente,Curso/edición,Bienestar socioemocional - i512,Componente 2,105313,False
IQ512,3629fc49e8494bb5bfa530f8,13dbf1462b0341dca63d01ab,2023,2023-07-04,50.0,,,Programa Nacional de Inducción Docente,Curso/edición,Programa Nacional de Inducción Docente,Componente 45,105449,False
IQ512,6befbcd797804594b82d238b,3ea9261b601c4157ba343a94,2023,2023-12-27,,0.25,0.25,Programa Nacional de Inducción Docente,Curso/edición,Bienestar socioemocional - i512,Componente 35,105351,False
IQ512,bef087e235ed418d8cd71ba4,878fe7906dbd4aa7a53de962,2023,2023-03-31,75.0,0.02,0.02,Programa Nacional de Inducción Docente,Curso/edición,Gestión de aula - i512,Componente 42,105335,False
IQ512,13963687566c48929997b073,14fbf55857cd46808fc013c3,2023,2023-08-07,,0.22,0.22,Programa Nacional de Inducción Docente,Curso/edición,Programa Nacional de Inducción Docente,Componente 6,105214,False
IQ512,2e43aa3a59e84a99b0dd98bc,71555451160147fea88120fb,2023,2023-09-06,,0.23,0.23,Programa Nacional de Inducción Docente,Curso/edición,Gestión de aula - i512,Componente 6,105353,False
IQ512,0747990abd6d4e1aae49e298,f49d42df9e20459d95b6c638,2023,2023-01-18,,0.12,0.12,Programa Nacional de Inducción Docente,Curso/edición,Gestión de aula - i512,Componente 7,105254,False
IQ512,576a3440eb814e05b22bffcc,e4655a4bf0354abc82264339,2022,2022-02-08,0.0,0.01,0.01,Programa Nacional de Inducción Docente - Profundización,Curso/edición,Gestión de aula - i512,Componente 55,105247,False
IQ512,cca263e10f8a41c29d3cea36,b40f6703aeb44096b2737c8f,2025,2025-02-24,100.0,1.32,1.32,Programa Nacional de Inducción Docente,Curso/edición,Programa Nacional de Inducción Docente,Componente 3,105260,True
IQ512,c55aa3879dba4ed1a05f134f,e4107e5415964189ac5dd008,2025,2025-09-12,25.0,0.52,0.52,Programa Nacional de Inducción Docente,Curso/edición,Bienestar socioemocional - i512,Componente 38,105380,False
IQ512,9449299353e64df3986a48d8,cda3874536714598a7278442,2024,2024-01-13,75.0,0.02,0.02,Programa Nacional de Inducción Docente,Curso/edición,Gestión de aula - i512,Componente 55,105448,False
IQ512,92cb88d432a8405db253c12b,ea2b216a5f034a29b40d010c,2023,2023-01-24,0.0,0.87,0.87,Programa Nacional de Inducción Docente 2024,Curso/edición,Programa Nacional de Inducción Docente,Componente 46,105223,False
IQ512,b01c2bf2510a4505b5ecd67b,62446d6d19dd4ab8bc2e277f,2026,2026-07-29,,0.46,0.46,Programa Nacional de Inducción Docente,Curso/edición,Bienestar socioemocional - i512,Componente 28,105345,False
IQ512,19ac48c0eef84d2c9fa88030,2ca1013a0fea4a1d8335308b,2023,2023-05-29,50.0,0.09,0.09,Programa Nacional de Inducción Docente,Curso/edición,Programa Nacional de Inducción Docente,Componente 10,105213,False
IQ512,b6b412d37faa4fc39322f0fb,956081ea695941f48afa6996,2025,2025-03-11,,0.9,0.9,Programa Nacional de Inducción Docente,Curso/edición,Programa Nacional de Inducción Docente,Componente 37,105410,False
IQ512,4b0e2da89e1447c09a145759,9e0f4f4dea694cd3bc13fb6a,2024,2024-03-29,,0.06,0.06,Programa Nacional de Inducción Docente,Curso/edición,Programa Nacional de Inducción Docente,Componente 5,105340,False
IQ512,ee6351f89fc0435da5cb798e,93be58af9f7e4d578badaa94,2024,2024-11-06,,0.65,0.65,Programa Nacional de Inducción Docente,Curso/edición,Gestión de aula - i512,Componente 23,105442,False
IQ512,9787480b9b044920821c40dd,8a4fab570ee244668f796f31,2023,2023-06-06,50.0,2.03,2.03,Programa Nacional de Inducción Docente,Curso/edición,Programa Nacional de Inducción Docente,Componente 46,105331,False
IQ512,a8b03209701f4a3db4bc3f4a,c81ff1c9e16841139debe621,2024,2024-05-08,75.0,0.03,0.03,Programa Nacional de Inducción Docente,Curso/edición,Gestión de aula - i512,Componente 30,105232,False
IQ512,7c89b51cba13493aa4bb7b15,74b9644a6001467d9530e829,2024,2024-05-25,75.0,1.31,1.31,Programa Nacional de Inducción Docente,Curso/edición,Bienestar socioemocional - i512,Componente 19,105283,False
IQ512,8bb92a34b7f9483f87ca57c9,f43415bb5f284a04a93c3541,2024,2024-02-18,,0.53,0.53,Programa Nacional de Inducción Docente,Curso/edición,Bienestar socioemocional - i512,Componente 46,105387,False
IQ512,a9f8717330934fd78ee9ae62,13dbf1462b0341dca63d01ab,2023,2023-03-16,25.0,1.05,1.05,Programa Nacional de Inducción Docente,Curso/edición,Gestión de aula - i512,Componente 23,105449,False
IQ512,1942cac3ad424735ae11bac2,1ccfbb61b6fa4ebbafb739d9,2023,2023-10-24,100.0,0.08,0.08,Programa Nacional de Inducción Docente,Curso/edición,Gestión de aula - i512,Componente 16,105429,False
IQ512,032a7d489fe649449e0b980f,3428be60ae7742178dc6c7b5,2023,2023-02-06,50.0,0.94,0.94,Programa Nacional de Inducción Docente,Curso/edición,Bienestar socioemocional - i512,Componente 55,105484,False
IQ512,e4ca4ae42a9d42bb8395851f,226ab906583c44cf903022d1,2023,2023-12-11,100.0,0.05,0.05,Programa Nacional de Inducción Docente,Curso/edición,Gestión de aula - i512,Componente 29,105326,False
IQ512,20c0286fcc0445d784bb942f,d25d3bc0a66b46f7978782f5,2023,2023-08-16,100.0,,,Programa Nacional de Inducción Docente,Curso/edición,Gestión de aula - i512,Componente 29,105499,False
IQ512,28e9a903292b40cca92b20ff,7c5261ea744241b18d6195c1,2026,2026-08-12,,0.23,0.23,Programa Nacional de Inducción Docente - Profundización,Curso/edición,Bienestar socioemocional - i512,Componente 21,105478,False
IQ512,8c0ca4bb1d7647ac8765b7cd,53eb07b5870a4ec2863ddb43,2023,2023-07-20,,0.21,0.21,Programa Nacional de Inducción Docente,Curso/edición,Programa Nacional de Inducción Docente,Componente 25,105259,False
IQ512,b90274550b9649c092eb1e85,1b90cd3262b14408bd139115,2023,2023-03-14,100.0,0.84,0.84,Programa Nacional de Inducción Docente 2024,Curso/edición,Programa Nacional de Inducción Docente,Componente 22,105297,False
IQ512,08b3ca9cf2834b2d8e223bdf,0dfad5ed7353466680d96d8d,2023,2023-10-10,50.0,1.27,1.27,Programa Nacional de Inducción Docente,Curso/edición,Gestión de aula - i512,Componente 36,105386,False
IQ512,851f0a7824cc4f9cb8f0a4bb,5801920e315f4226bd9a3ac6,2023,2023-02-23,,0.61,0.61,Programa Nacional de Inducción Docente,Curso/edición,Programa Nacional de Inducción Docente,Componente 53,105454,False
IQ512,f1cb882a6420408da7dc38b9,0dd7db72057a4e239a9db895,2023,2023-08-14,100.0,2.66,2.66,Programa Nacional de Inducción Docente,Curso/edición,Programa Nacional de Inducción Docente,Componente 6,105294,False
IQ512,6fbe015b1d8f4366be7cf563,f89cbc7c7d1a4ca699ada917,2023,2023-12-06,25.0,1.25,1.25,Programa Nacional de Inducción Docente - Profundización,Curso/edición,Gestión de aula - i512,Componente 55,105466,False
IQ512,4a480592831b4844b1b15bb2,13dbf1462b0341dca63d01ab,2023,2023-11-28,50.0,1.67,1.67,Programa Nacional de Inducción Docente,Curso/edición,Bienestar socioemocional - i512,Componente 13,105449,False
IQ512,8c4eb724ec0148078792069d,6356b8e091924075b99d6a5e,2025,2025-06-02,0.0,1.62,1.62,Programa Nacional de Inducción Docente,Curso/edición,Bienestar socioemocional - i512,Componente 20,105497,False
IQ512,a17fcf9928e148c5b7799219,c4a9bea4965f42a1b9c9a741,2023,2023-07-11,75.0,0.3,0.3,Programa Nacional de Inducción Docente,Curso/edición,Programa Nacional de Inducción Docente,Componente 11,105373,False
IQ512,24dc267a33ca4c329a7965a5,e4655a4bf0354abc82264339,2024,2024-04-13,100.0,0.97,0.97,Liderazgo docente - i512,Curso/edición,Bienestar socioemocional - i512,Componente 36,105247,False
IQ512,b22de9aed45a461897ec6ffe,9b7175652216402a805a3fdd,2026,2026-02-20,25.0,1.63,1.63,Programa Nacional de Inducción Docente,Curso/edición,Programa Nacional de Inducción Docente,Componente 29,105493,False
IQ512,e0eb8d3ede774a0cb4336376,f725dce3c25048de940ae720,2024,2024-11-02,100.0,0.49,0.49,Programa Nacional de Inducción Docente - Profundización,Curso/edición,Bienestar socioemocional - i512,Componente 7,105392,False
IQ512,a5a84fbca8144d649d15015c,a8b827d7c1c345a29590caf7,2023,2023-03-27,,0.55,0.55,Programa Nacional de Inducción Docente,Curso/edición,Bienestar socioemocional - i512,Componente 26,105318,False
IQ512,9a487a9b49c54b9087d5cff0,9304fb0da0fc4b26af6cc39e,2022,2022-08-09,25.0,0.34,0.34,Programa Nacional de Inducción Docente,Curso/edición,Bienestar socioemocional - i512,Componente 13,105412,False
IQ512,1bde23c4877d413b8e706749,2f51da8f89db420faeb2beb8,2022,2022-02-23,75.0,0.46,0.46,Programa Nacional de Inducción Docente - Profundización,Curso/edición,Programa Nacional de Inducción Docente,Componente 9,105328,False
IQ512,3419c369767e4609aed392f8,da8f4eb7991e451faef98e65,2025,2025-01-25,100.0,0.13,0.13,Programa Nacional de Inducción Docente,Curso/edición,Bienestar socioemocional - i512,Componente 30,105443,False
IQ512,b774ef7440b54a15a657c62e,72335bdd56fe43e8b51efc30,2024,2024-01-24,50.0,0.2,0.2,Programa Nacional de Inducción Docente,Curso/edición,Programa Nacional de Inducción Docente,Componente 39,105292,False
IQ512,6ec0f4a8607b4af0920c17c4,a139ad8bb62944db909c8a9d,2025,2025-06-03,0.0,0.89,0.89,Programa Nacional de Inducción Docente,Curso/edición,Programa Nacional de Inducción Docente,Componente 36,105356,False
IQ512,c26c77823c8a46fb91915074,98020567346040b982c95840,2023,2023-10-10,100.0,0.69,0.69,Liderazgo docente - i512,Curso/edición,Bienestar socioemocional - i512,Componente 3,105239,False
IQ512,be1e52345eec4b9dbe12deb3,3ea9261b601c4157ba343a94,2023,2023-04-01,100.0,0.16,0.16,Programa Nacional de Inducción Docente 2024,Curso/edición,Programa Nacional de Inducción Docente,Componente 32,105351,False
IQ512,4fce992167ff4097883d8d12,bb97def0b02f4427a00195f9,2024,2024-12-25,0.0,0.03,0.03,Programa Nacional de Inducción Docente,Curso/edición,Gestión de aula - i512,Componente 46,105287,False
IQ512,0810cff4713741388308b331,93be58af9f7e4d578badaa94,2023,2023-01-04,,4.1,4.0,Programa Nacional de Inducción Docente,Curso/edición,Gestión de aula - i512,Componente 7,105442,False
IQ512,80c6f5820c48462fa2c1226c,b7689f9636d544ffa0dd719c,2023,2023-07-13,100.0,0.39,0.39,Programa Nacional de Inducción Docente,Curso/edición,Gestión de aula - i512,Componente 12,105298,False
IQ512,85cb381216174b24a789180a,3428be60ae7742178dc6c7b5,2026,2026-03-14,50.0,0.32,0.32,Programa Nacional de Inducción Docente,Curso/edición,Programa Nacional de Inducción Docente,Componente 53,105484,False
IQ512,9817c526c0b74b9199ed2f6a,fa1c1fd9d6224fc886871f2b,2024,2024-01-10,0.0,3.0,3.0,Programa Nacional de Inducción Docente,Curso/edición,Gestión de aula - i512,Componente 24,105210,False
IQ512,328a25a7cb45460089af5c90,c0658296ef1c49628c88e909,2023,2023-03-21,25.0,0.02,0.02,Programa Nacional de Inducción Docente 2024,Curso/edición,Gestión de aula - i512,Componente 45,105222,False
IQ512,325c97713c8c4a1f84953de4,a139ad8bb62944db909c8a9d,2025,2025-02-17,50.0,5.2,4.0,Programa Nacional de Inducción Docente,Curso/edición,Bienestar socioemocional - i512,Componente 42,105356,False
IQ512,2f6291643ebe4fcc86ef7c2c,deaa5cd206be451baee5138f,2022,2022-04-05,,0.21,0.21,Programa Nacional de Inducción Docente,Curso/edición,Programa Nacional de Inducción Docente,Componente 52,105427,False
IQ512,52ecc4ac77024f278999b8de,fb75da999a4541fbb560d80c,2024,2024-03-24,100.0,0.1,0.1,Programa Nacional de Inducción Docente,Curso/edición,Bienestar socioemocional - i512,Componente 39,105349,False
IQ512,4e905fb6655740db954b931e,bc168b28c5224f708e58d5d4,2025,2025-07-13,,0.62,0.62,Programa Nacional de Inducción Docente - Profundización,Curso/edición,Bienestar socioemocional - i512,Componente 51,105470,False
IQ512,0aa13ae00632423d96fee084,dcbafb2f0d93482fb9a489d7,2023,2023-07-09,100.0,0.01,0.01,Programa Nacional de Inducción Docente,Curso/edición,Programa Nacional de Inducción Docente,Componente 32,105438,False
IQ512,7d9393a1576c424aa3a5c5ce,79324cb4aa6b4259839a8deb,2023,2023-11-08,25.0,0.32,0.32,Programa Nacional de Inducción Docente,Curso/edición,Programa Nacional de Inducción Docente,Componente 39,105370,False
IQ512,aa6aa1a922274b5795ef070f,04cf5d039aeb4bfe9c8e08be,2023,2023-08-05,100.0,0.71,0.71,Programa Nacional de Inducción Docente,Curso/edición,Gestión de aula - i512,Componente 24,105250,False
IQ512,50838b678a394353853b6901,5178575c252d488398975cfd,2023,2023-12-29,25.0,1.19,1.19,Programa Nacional de Inducción Docente,Curso/edición,Bienestar socioemocional - i512,Componente 10,105465,False
IQ512,cae2726e3ee94d2caf60b57f,480cb530aa2d48c5acbe06c6,2023,2023-05-06,,0.07,0.07,Programa Nacional de Inducción Docente,Curso/edición,Programa Nacional de Inducción Docente,Componente 22,105498,False
IQ512,db863a6449324d81acba4c8e,30da5377a4434ea1ae7823d1,2024,2024-10-25,,0.99,0.99,Programa Nacional de Inducción Docente,Curso/edición,Bienestar socioemocional - i512,Componente 6,105220,False
IQ512,418d1719a664459d90537f62,9304fb0da0fc4b26af6cc39e,2023,2023-03-16,75.0,0.56,0.56,Programa Nacional de Inducción Docente 2024,Curso/edición,Gestión de aula - i512,Componente 50,105412,False
IQ512,f4316ab96f8b446592124001,cd3c62e122094cf7980f5a2c,2025,2025-12-30,,0.38,0.38,Programa Nacional de Inducción Docente,Curso/edición,Gestión de aula - i512,Componente 26,105344,False
IQ512,ddffa0b3233646e5ac51f1ce,98020567346040b982c95840,2024,2024-02-17,100.0,0.87,0.87,Programa Nacional de Inducción Docente,Curso/edición,Programa Nacional de Inducción Docente,Componente 32,105239,False
IQ512,428eb71b269245fb925b3aa0,409c1ce3db5d4031ab8cede4,2023,2023-12-03,25.0,0.25,0.25,Programa Nacional de Inducción Docente,Curso/edición,Bienestar socioemocional - i512,Componente 47,105200,False
IQ512,10453e9a276f45d69f74c4ea,9284bc01cbf74e6e83b32755,2023,2023-11-14,0.0,0.01,0.01,Programa Nacional de Inducción Docente - Profundización,Curso/edición,Bienestar socioemocional - i512,Componente 20,105327,False
IQ512,161d51cce6a04d1ebbe612d9,f8bd01058ec24f7687709926,2023,2023-06-12,25.0,0.0,0.0,Programa Nacional de Inducción Docente,Curso/edición,Programa Nacional de Inducción Docente,Componente 8,105503,False
IQ512,838a92cb1ad749d9ac20a905,0584bd68b35245949e4d9e03,2023,2023-02-15,,3.46,3.46,Programa Nacional de Inducción Docente,Curso/edición,Programa Nacional de Inducción Docente,Componente 3,105486,False
IQ512,cc4ca9e405b24d2babf34c80,63611ab7ed0a4909925eb8ea,2026,2026-06-07,50.0,0.04,0.04,Programa Nacional de Inducción Docente,Curso/edición,Bienestar socioemocional - i512,Componente 52,105193,False
IQ512,253f626f98c54b4ba1182b0c,d25d3bc0a66b46f7978782f5,2025,2025-05-21,50.0,0.07,0.07,Programa Nacional de Inducción Docente - Profundización,Curso/edición,Programa Nacional de Inducción Docente,Componente 55,105499,False
IQ512,9a25227d59f64b3d996a8a42,71555451160147fea88120fb,2024,2024-10-03,100.0,0.53,0.53,Liderazgo docente - i512,Curso/edición,Gestión de aula - i512,Componente 39,105353,False
IQ512,761491be232140bab46ea65a,de6563148ddd406597ed22bc,2023,2023-01-27,25.0,0.02,0.02,Programa Nacional de Inducción Docente,Curso/edición,Bienestar socioemocional - i512,Componente 44,105372,False
IQ512,080a8b23f3f64c70b1bc0514,10779687102844adb5b33c17,2023,2023-07-13,25.0,0.27,0.27,Programa Nacional de Inducción Docente,Curso/edición,Bienestar socioemocional - i512,Componente 6,105308,False
IQ512,fd813f120afb42a1b580ff20,265a1767f3f449a586ffc754,2024,2024-01-02,25.0,0.28,0.28,Programa Nacional de Inducción Docente,Curso/edición,Programa Nacional de Inducción Docente,Componente 37,105378,False
IQ512,ee516bb4eb4d4c5eaa417f6f,0fa455afdddb43f79ea334d3,2025,2025-09-25,,0.15,0.15,Programa Nacional de Inducción Docente,Curso/edición,Gestión de aula - i512,Componente 49,105357,False
IQ512,8bf7cf6e495a4b6d84098ee3,116a93cc79584811af092901,2023,2023-12-08,75.0,0.08,0.08,Programa Nacional de Inducción Docente,Curso/edición,Bienestar socioemocional - i512,Componente 19,105212,False
IQ512,c72780f656204274957cff2e,ebb888b1f4054bb4b462d7e0,2023,2023-07-29,0.0,0.1,0.1,Programa Nacional de Inducción Docente,Curso/edición,Bienestar socioemocional - i512,Componente 17,105404,False
IQ512,106ef579984547618395d008,be430629430f473593b6ce21,2023,2023-01-25,,,,Programa Nacional de Inducción Docente,Curso/edición,Gestión de aula - i512,Componente 23,105219,False
IQ512,54c0454d37e441299b3da4c9,62446d6d19dd4ab8bc2e277f,2025,2025-10-04,100.0,0.03,0.03,Programa Nacional de Inducción Docente,Curso/edición,Bienestar socioemocional - i512,Componente 9,105345,False
IQ512,ee791060ec2242bf81a1d744,fa1c1fd9d6224fc886871f2b,2024,2024-01-11,100.0,1.56,1.56,Programa Nacional de Inducción Docente,Curso/edición,Programa Nacional de Inducción Docente,Componente 39,105210,False
IQ512,1b38341ca35740028dc186f3,f49d42df9e20459d95b6c638,2023,2023-07-28,50.0,1.18,1.18,Programa Nacional de Inducción Docente,Curso/edición,Gestión de aula - i512,Componente 36,105254,False
IQ512,f4eb4064302f4bd79e079e82,da8f4eb7991e451faef98e65,2023,2023-07-10,25.0,0.06,0.06,Programa Nacional de Inducción Docente,Curso/edición,Bienestar socioemocional - i512,Componente 49,105443,False
IQ512,16625c1a84644539883f0a38,6ddeea143c7840409481471f,2025,2025-01-18,25.0,0.58,0.58,Programa Nacional de Inducción Docente,Curso/edición,Programa Nacional de Inducción Docente,Componente 37,105485,False
IQ512,848c0d8f9caf4eb5bad197a8,cc5ec518471243968b44d76b,2022,2022-01-01,,0.02,0.02,Programa Nacional de Inducción Docente - Profundización,Curso/edición,Gestión de aula - i512,Componente 6,105265,False
IQ512,33fb8f0268954fb38207ec33,79f90b3590f94ab8862a51e8,2025,2025-09-16,25.0,0.59,0.59,Programa Nacional de Inducción Docente,Curso/edición,Gestión de aula - i512,Componente 1,105205,False
IQ512,9f429e362a23449ab8e1f8a3,afb11e2a8fd64c6eb4a7347a,2023,2023-03-03,25.0,0.41,0.41,Programa Nacional de Inducción Docente,Curso/edición,Gestión de aula - i512,Componente 50,105413,False
IQ512,10bc4901a3414cebbf10fe69,1df7064f364c4f69a3e07067,2023,2023-10-02,,0.69,0.69,Programa Nacional de Inducción Docente 2024,Curso/edición,Bienestar socioemocional - i512,Componente 45,105455,False
IQ512,fea094fea69f48fea6a4791f,2ffc3a699fde49ff8aaaad8f,2023,2023-07-10,,0.48,0.48,Liderazgo docente - i512,Curso/edición,Bienestar socioemocional - i512,Componente 20,105393,False
IQ512,46b887fbd67d4aa48aaecfe6,956081ea695941f48afa6996,2023,2023-04-19,25.0,0.53,0.53,Programa Nacional de Inducción Docente,Curso/edición,Gestión de aula - i512,Componente 43,105410,False
IQ512,92c8588955654b5b82853ffb,cd3c62e122094cf7980f5a2c,2025,2025-12-07,75.0,0.0,0.0,Programa Nacional de Inducción Docente,Curso/edición,Gestión de aula - i512,Componente 24,105344,False
IQ512,702d90a2fc114fda88a4e40b,100a404f17da46218111c086,2024,2024-11-14,100.0,1.07,1.07,Programa Nacional de Inducción Docente - Profundización,Curso/edición,Programa Nacional de Inducción Docente,Componente 8,105320,False
IQ512,3a214b916ba846d98d246e2a,04cf5d039aeb4bfe9c8e08be,2023,2023-02-08,50.0,0.16,0.16,Programa Nacional de Inducción Docente,Curso/edición,Programa Nacional de Inducción Docente,Componente 25,105250,False
IQ512,78a4ddc918f64b34865ca62d,7039f0d846de4df3a4087385,2023,2023-03-04,25.0,0.31,0.31,Programa Nacional de Inducción Docente,Curso/edición,Bienestar socioemocional - i512,Componente 24,105358,False
IQ512,d2f9e30207fb4c87b5409612,c0658296ef1c49628c88e909,2024,2024-05-29,,0.28,0.28,Programa Nacional de Inducción Docente,Curso/edición,Gestión de aula - i512,Componente 56,105222,False
IQ512,2a693b4aac0b40b7a49bd7ee,f8bd01058ec24f7687709926,2023,2023-05-08,,0.3,0.3,Programa Nacional de Inducción Docente,Curso/edición,Gestión de aula - i512,Componente 50,105503,False
IQ512,24df692ecc574bb3a2b18a93,e4655a4bf0354abc82264339,2024,2024-02-21,25.0,0.11,0.11,Liderazgo docente - i512,Curso/edición,Programa Nacional de Inducción Docente,Componente 3,105247,False
IQ512,00a81ca1f9c14deab2d30ba8,0ad4e0ae144244f4836aea4c,2023,2023-02-06,25.0,0.77,0.77,Programa Nacional de Inducción Docente,Curso/edición,Programa Nacional de Inducción Docente,Componente 38,105394,False
IQ512,09700cfb94934859b356a213,53eb07b5870a4ec2863ddb43,2023,2023-04-14,75.0,0.1,0.1,Programa Nacional de Inducción Docente,Curso/edición,Programa Nacional de Inducción Docente,Componente 41,105259,False
IQ512,50b4c38f8199423f97baf00d,74b9644a6001467d9530e829,2021,2021-09-22,25.0,0.38,0.38,Programa Nacional de Inducción Docente,Curso/edición,Programa Nacional de Inducción Docente,Componente 5,105283,False
IQ512,1b5edef6b9f348ea9b6c5a1f,0fadfe3c6ab5414fba887b0a,2026,2026-09-16,,0.24,0.24,Programa Nacional de Inducción Docente,Curso/edición,Programa Nacional de Inducción Docente,Componente 29,105366,False
IQ512,c837e603d0514779b5f0060c,b7689f9636d544ffa0dd719c,2026,2026-01-31,25.0,0.35,0.35,Programa Nacional de Inducción Docente,Curso/edición,Gestión de aula - i512,Componente 44,105298,False
IQ512,f1c1e2553cd946caa759d717,409c1ce3db5d4031ab8cede4,2023,2023-08-22,25.0,0.6,0.6,Liderazgo docente - i512,Curso/edición,Programa Nacional de Inducción Docente,Componente 16,105200,False
IQ512,0130552858e6428f88a20ec1,cda3874536714598a7278442,2023,2023-10-06,25.0,1.66,1.66,Programa Nacional de Inducción Docente,Curso/edición,Bienestar socioemocional - i512,Componente 34,105448,False
IQ512,36ca2b23cdcb4de9a796dc61,b5a8776ef2c54783903ac8f9,2023,2023-03-19,75.0,0.61,0.61,Programa Nacional de Inducción Docente,Curso/edición,Bienestar socioemocional - i512,Componente 48,105192,False
IQ512,75a0f28c162c46d5909e710d,b8b47e3a2e0b4246878c90e5,2023,2023-10-16,75.0,0.07,0.07,Programa Nacional de Inducción Docente,Curso/edición,Programa Nacional de Inducción Docente,Componente 31,105398,False
IQ512,3ac237220b17436b9f31db2a,0dbbc457357f412ebd5f899c,2023,2023-01-18,,0.02,0.02,Programa Nacional de Inducción Docente,Curso/edición,Programa Nacional de Inducción Docente,Componente 20,105235,False
IQ512,9298d3abc45c45869803c9ba,f49d42df9e20459d95b6c638,2023,2023-07-01,,0.0,0.0,Programa Nacional de Inducción Docente,Curso/edición,Bienestar socioemocional - i512,Componente 33,105254,False
IQ512,2fc8c56740ea4aedb942a834,02c149178dab43b18f85520e,2024,2024-02-25,,0.02,0.02,Programa Nacional de Inducción Docente,Curso/edición,Gestión de aula - i512,Componente 40,105181,False
IQ512,29c1e39e7e244f108794105d,c94ca48f23744b1d9b7ca355,2023,2023-09-07,,1.37,1.37,Programa Nacional de Inducción Docente 2024,Curso/edición,Programa Nacional de Inducción Docente,Componente 56,105385,False
IQ512,37d1bd962a7747e8970d72c8,afb11e2a8fd64c6eb4a7347a,2024,2024-04-22,25.0,0.76,0.76,Programa Nacional de Inducción Docente,Curso/edición,Gestión de aula - i512,Componente 5,105413,False
IQ512,a5143d0a123148659bcd2597,b3fbd494ec9e480b97e312ec,2023,2023-08-18,,0.17,0.17,Programa Nacional de Inducción Docente,Curso/edición,Bienestar socioemocional - i512,Componente 3,105280,False
IQ512,bdbc30ea5c144492b3aa6a08,39c0bd3e6ca148b08ac8d17a,2026,2026-07-04,50.0,0.41,0.41,Programa Nacional de Inducción Docente,Curso/edición,Bienestar socioemocional - i512,Componente 42,105338,False
IQ512,2a857264591d4ae6b11e6ec1,43d57b839ff140d7a40571b4,2023,2023-08-06,25.0,0.64,0.64,Programa Nacional de Inducción Docente,Curso/edición,Programa Nacional de Inducción Docente,Componente 35,105495,False
IQ512,bd8173b068e540a88a0b8e09,672eb382c9fb4d33af06c219,2024,2024-01-31,25.0,1.04,1.04,Programa Nacional de Inducción Docente,Curso/edición,Gestión de aula - i512,Componente 17,105313,False
IQ512,0ce5bc148efb4af6852fffd1,a8b827d7c1c345a29590caf7,2026,2026-01-23,100.0,0.19,0.19,Programa Nacional de Inducción Docente,Curso/edición,Programa Nacional de Inducción Docente,Componente 38,105318,False
IQ512,95a93b2a3306432ba5e64f57,c0658296ef1c49628c88e909,2023,2023-05-04,50.0,0.39,0.39,Programa Nacional de Inducción Docente - Profundización,Curso/edición,Bienestar socioemocional - i512,Componente 35,105222,False
IQ512,d2e1ce00bef7438eb3fda863,9ae5108a734a44a3b3b0a45c,2023,2023-12-30,75.0,0.21,0.21,Programa Nacional de Inducción Docente,Curso/edición,Programa Nacional de Inducción Docente,Componente 8,105276,False
IQ512,2b83b3eeec2743a7b9c91584,79f90b3590f94ab8862a51e8,2023,2023-06-27,,1.35,1.35,Programa Nacional de Inducción Docente,Curso/edición,Gestión de aula - i512,Componente 3,105205,False
IQ512,b60d71dc10844b28b4e31cfe,e4655a4bf0354abc82264339,2024,2024-01-05,,0.24,0.24,Programa Nacional de Inducción Docente,Curso/edición,Gestión de aula - i512,Componente 32,105247,False
IQ512,08de35be157346a8abf21f0d,bc168b28c5224f708e58d5d4,2024,2024-08-27,25.0,1.27,1.27,Programa Nacional de Inducción Docente,Curso/edición,Gestión de aula - i512,Componente 41,105470,False
IQ512,8c8312b005284b97a2149096,fab4b866c7b84ba5a715f2a1,2024,2024-01-21,25.0,0.08,0.08,Programa Nacional de Inducción Docente,Curso/edición,Programa Nacional de Inducción Docente,Componente 14,105286,False
IQ512,913d700e4e4247d4839394d6,8148d7ea7d3b4f1b9ade5df4,2023,2023-01-25,25.0,0.04,0.04,Programa Nacional de Inducción Docente,Curso/edición,Bienestar socioemocional - i512,Componente 1,105421,False
IQ512,2b0cb0b216d94e0ca0a974ce,cc5ec518471243968b44d76b,2023,2023-01-21,75.0,0.31,0.31,Programa Nacional de Inducción Docente,Curso/edición,Programa Nacional de Inducción Docente,Componente 30,105265,False
IQ512,8911c564109945c7ba7585ba,30da5377a4434ea1ae7823d1,2023,2023-11-06,,1.33,1.33,Programa Nacional de Inducción Docente,Curso/edición,Programa Nacional de Inducción Docente,Componente 42,105220,False
IQ512,8ce8aec442e647c9a2990bc5,6356b8e091924075b99d6a5e,2025,2025-07-06,,0.09,0.09,Programa Nacional de Inducción Docente,Curso/edición,Programa Nacional de Inducción Docente,Componente 31,105497,False
IQ512,f13181bb0e4842fcbebdaf7a,4bb110e24fe2492eb911d1e0,2022,2022-11-14,100.0,0.34,0.34,Programa Nacional de Inducción Docente,Curso/edición,Programa Nacional de Inducción Docente,Componente 34,105459,False
IQ512,8977d9c1a79d456db45f3812,6356b8e091924075b99d6a5e,2024,2024-02-07,,0.22,0.22,Programa Nacional de Inducción Docente,Curso/edición,Gestión de aula - i512,Componente 7,105497,False
IQ512,3e2dbf631fde4c3ea34af3ad,8dbd1b8e7c074f439acf6516,2023,2023-11-07,,0.2,0.2,Programa Nacional de Inducción Docente,Curso/edición,Programa Nacional de Inducción Docente,Componente 40,105187,False
IQ512,40ddd3c0a6bb4880800e0a65,a8b827d7c1c345a29590caf7,2026,2026-05-16,100.0,2.23,2.23,Programa Nacional de Inducción Docente,Curso/edición,Programa Nacional de Inducción Docente,Componente 50,105318,False
IQ512,bcb71520e98f436ea9d4f1ae,f43415bb5f284a04a93c3541,2023,2023-09-02,50.0,0.09,0.09,Programa Nacional de Inducción Docente,Curso/edición,Bienestar socioemocional - i512,Componente 9,105387,False
IQ512,0c488de64e134681875bf69b,39c0bd3e6ca148b08ac8d17a,2025,2025-09-19,100.0,2.46,2.46,Programa Nacional de Inducción Docente,Curso/edición,Gestión de aula - i512,Componente 27,105338,False
IQ512,06ded1f515654bf199484a10,dd7d5df7942948d5beb11771,2024,2024-07-20,25.0,0.09,0.09,Programa Nacional de Inducción Docente,Curso/edición,Bienestar socioemocional - i512,Componente 44,105425,False
IQ512,1b1c22f1df1e47fd8739dc76,226ab906583c44cf903022d1,2023,2023-09-22,0.0,1.09,1.09,Programa Nacional de Inducción Docente,Curso/edición,Bienestar socioemocional - i512,Componente 49,105326,False
IQ512,7bb92d0354f2484cbc7d243d,523d47509c534aaea699114f,2025,2025-08-19,0.0,0.03,0.03,Programa Nacional de Inducción Docente,Curso/edición,Gestión de aula - i512,Componente 8,105242,False
IQ512,dab6fdb9ed574ba0843b0876,2ffc3a699fde49ff8aaaad8f,2023,2023-05-07,25.0,1.19,1.19,Programa Nacional de Inducción Docente,Curso/edición,Gestión de aula - i512,Componente 32,105393,False
IQ512,0688935dbdc7435c96e9b841,a139ad8bb62944db909c8a9d,2024,2024-11-15,50.0,1.14,1.14,Liderazgo docente - i512,Curso/edición,Bienestar socioemocional - i512,Componente 55,105356,False
IQ512,d5534853a9464a7ca803a678,c73395599d4445a6a2a4bfef,2023,2023-08-19,,0.0,0.0,Programa Nacional de Inducción Docente 2024,Curso/edición,Gestión de aula - i512,Componente 7,105469,False
IQ512,e7bf9bf9c64643ed8719e0df,eaf87d27bcba40a3894b4cfe,2023,2023-03-29,100.0,1.77,1.77,Programa Nacional de Inducción Docente - Profundización,Curso/edición,Programa Nacional de Inducción Docente,Componente 48,105197,False
IQ512,335d00b9ff4a425ebea53de1,5178575c252d488398975cfd,2026,2026-04-21,100.0,1.88,1.88,Programa Nacional de Inducción Docente,Curso/edición,Bienestar socioemocional - i512,Componente 29,105465,False
IQ512,0e675f560a344671a95853ab,e4655a4bf0354abc82264339,2023,2023-08-15,75.0,0.12,0.12,Programa Nacional de Inducción Docente,Curso/edición,Gestión de aula - i512,Componente 38,105247,False
IQ512,fe5ddc1bbff74d3d8ce0ffd9,c6416ee31cee41d9abfddc87,2024,2024-12-05,100.0,2.18,2.18,Programa Nacional de Inducción Docente,Curso/edición,Programa Nacional de Inducción Docente,Componente 16,105240,False
IQ512,47ee04fe007d4cf782572fe5,2ca1013a0fea4a1d8335308b,2023,2023-11-03,50.0,0.27,0.27,Programa Nacional de Inducción Docente - Profundización,Curso/edición,Programa Nacional de Inducción Docente,Componente 22,105213,False
IQ512,dff6a4c5b36b4eef92d00bff,dc9add5ed8c04437af365e25,2024,2024-01-09,100.0,0.08,0.08,Programa Nacional de Inducción Docente 2024,Curso/edición,Programa Nacional de Inducción Docente,Componente 28,105365,False
IQ512,3c1d08c8f9494045b2e14762,68059c30a12b42cba1649cfa,2023,2023-05-25,,0.03,0.03,Programa Nacional de Inducción Docente,Curso/edición,Programa Nacional de Inducción Docente,Componente 23,105312,False
IQ512,1f8c75d312ab4688afeb79d2,8dbd1b8e7c074f439acf6516,2023,2023-10-05,,0.05,0.05,Programa Nacional de Inducción Docente,Curso/edición,Gestión de aula - i512,Componente 33,105187,False
IQ512,8eba1e8f557749a7814126b1,f8bd01058ec24f7687709926,2025,2025-06-08,50.0,0.53,0.53,Programa Nacional de Inducción Docente,Curso/edición,Bienestar socioemocional - i512,Componente 19,105503,False
IQ512,d3580694d148456f803bc646,3737a9ad4bbc41cdb6393199,2026,2026-04-19,,0.37,0.37,Programa Nacional de Inducción Docente,Curso/edición,Programa Nacional de Inducción Docente,Componente 14,105236,False
IQ512,53055cdd92994c62b32a08d7,e787a33bd6ea4f8d94c0de47,2026,2026-07-26,25.0,0.18,0.18,Programa Nacional de Inducción Docente,Curso/edición,Programa Nacional de Inducción Docente,Componente 49,105234,False
IQ512,a5e64b0989ff4d518a970b14,c8944303954243ce88e9c084,2023,2023-09-12,25.0,0.0,0.0,Programa Nacional de Inducción Docente,Curso/edición,Programa Nacional de Inducción Docente,Componente 35,105414,False
IQ512,0d91f19bbb6346ae8e88b16e,93be58af9f7e4d578badaa94,2024,2024-08-15,50.0,0.0,0.0,Programa Nacional de Inducción Docente - Profundización,Curso/edición,Programa Nacional de Inducción Docente,Componente 17,105442,False
IQ512,140f30d9e45e404ab9fe1219,ab85e0ab513d49afa52c78c9,2023,2023-08-18,50.0,0.09,0.09,Programa Nacional de Inducción Docente,Curso/edición,Bienestar socioemocional - i512,Componente 12,105439,False
IQ512,65c328e68393489bbb05e821,667cdf13f4544e49a127203b,2023,2023-12-25,25.0,0.61,0.61,Programa Nacional de Inducción Docente 2024,Curso/edición,Bienestar socioemocional - i512,Componente 17,105208,False
IQ512,f6ad67d4ccda43a0ae9f4bcb,8a4fab570ee244668f796f31,2024,2024-12-21,,0.97,0.97,Programa Nacional de Inducción Docente 2024,Curso/edición,Programa Nacional de Inducción Docente,Componente 44,105331,False
IQ512,f814af980def499083e3bf62,61cd8af4c3e245febebed4e5,2025,2025-10-17,,1.12,1.12,Programa Nacional de Inducción Docente,Curso/edición,Bienestar socioemocional - i512,Componente 52,105272,False
IQ512,3a76b484f1f8489fb9e0dd21,84bc8a546e684c5687c661a9,2023,2023-06-24,,0.21,0.21,Programa Nacional de Inducción Docente,Curso/edición,Bienestar socioemocional - i512,Componente 49,105428,False
IQ512,8eadcf9513004cacbb1f97ff,fa1c1fd9d6224fc886871f2b,2025,2025-05-05,,0.07,0.07,Programa Nacional de Inducción Docente,Curso/edición,Programa Nacional de Inducción Docente,Componente 42,105210,False
IQ512,dfb0916d9a6a49d5a492ca39,0ad4e0ae144244f4836aea4c,2023,2023-04-15,100.0,1.16,1.16,Programa Nacional de Inducción Docente,Curso/edición,Gestión de aula - i512,Componente 3,105394,False
IQ512,aa1346bd8d334628b28c1b8a,16963ecc19514a569b574e66,2023,2023-03-30,75.0,0.05,0.05,Liderazgo docente - i512,Curso/edición,Programa Nacional de Inducción Docente,Componente 36,105282,False
IQ512,763e6f55f3f6411484f9279a,6ab5327c92dd4863b6ab8275,2023,2023-09-24,75.0,0.0,0.0,Programa Nacional de Inducción Docente,Curso/edición,Programa Nacional de Inducción Docente,Componente 45,105274,False
IQ512,b9b63558d60846c99b005a3e,409c1ce3db5d4031ab8cede4,2024,2024-03-02,0.0,0.19,0.19,Programa Nacional de Inducción Docente,Curso/edición,Bienestar socioemocional - i512,Componente 16,105200,False
IQ512,5ec38dc8cf5f4cdd9125a35f,0dd7db72057a4e239a9db895,2024,2024-11-05,,0.19,0.19,Programa Nacional de Inducción Docente 2024,Curso/edición,Bienestar socioemocional - i512,Componente 17,105294,False
IQ512,68776beef37c480b8e9625ac,9d75fc29e5864ce98f59de4a,2023,2023-12-11,,0.83,0.83,Programa Nacional de Inducción Docente,Curso/edición,Programa Nacional de Inducción Docente,Componente 39,105303,False
IQ512,bccd66da85f540e594cb465d,3ea9261b601c4157ba343a94,2024,2024-10-13,0.0,0.33,0.33,Programa Nacional de Inducción Docente,Curso/edición,Bienestar socioemocional - i512,Componente 20,105351,False
IQ512,3d5a098f1571488ab73b51d4,fdbbde9f14274a8a9948cc87,2023,2023-12-02,,0.42,0.42,Programa Nacional de Inducción Docente,Curso/edición,Gestión de aula - i512,Componente 1,105444,False
IQ512,0c4318d1d1014c6982e8f950,6356b8e091924075b99d6a5e,2025,2025-08-14,0.0,0.21,0.21,Programa Nacional de Inducción Docente,Curso/edición,Gestión de aula - i512,Componente 28,105497,False
IQ512,7163b799f37f4239adaac482,68059c30a12b42cba1649cfa,2023,2023-09-26,75.0,0.17,0.17,Programa Nacional de Inducción Docente,Curso/edición,Gestión de aula - i512,Componente 3,105312,False
IQ512,0db43182114041c481b6fda7,7d2866ab1bec4dbebc4c60b3,2023,2023-10-08,50.0,0.0,0.0,Programa Nacional de Inducción Docente,Curso/edición,Programa Nacional de Inducción Docente,Componente 32,105360,False
IQ512,4b35839b44864a3f918b6858,6fa8c8f76c604db6ba5a05cb,2023,2023-01-03,0.0,1.85,1.85,Programa Nacional de Inducción Docente,Curso/edición,Gestión de aula - i512,Componente 43,105382,False
IQ512,ca10979ca7b14826b41a9e43,f8bd01058ec24f7687709926,2023,2023-09-20,,0.45,0.45,Programa Nacional de Inducción Docente,Curso/edición,Gestión de aula - i512,Componente 17,105503,False
IQ512,44ef5120b68c40fbb6c19a35,09864cb526304beba5470168,2024,2024-06-21,,1.99,1.99,Programa Nacional de Inducción Docente,Curso/edición,Gestión de aula - i512,Componente 39,105261,False
IQ512,4f0be7f13ab74be0b2e1e1ac,8d0eb23ba8034db2a653adeb,2023,2023-04-02,,2.92,2.92,Programa Nacional de Inducción Docente,Curso/edición,Gestión de aula - i512,Componente 46,105441,False
IQ512,aeb4ffb607044283968596e9,13dbf1462b0341dca63d01ab,2025,2025-07-21,25.0,0.21,0.21,Programa Nacional de Inducción Docente,Curso/edición,Programa Nacional de Inducción Docente,Componente 43,105449,False
IQ512,5b5bc36186e046fe94b7e4e0,afe18387cae94f10ac7ac99b,2023,2023-05-09,,0.35,0.35,Programa Nacional de Inducción Docente,Curso/edición,Programa Nacional de Inducción Docente,Componente 37,105216,False
IQ512,22e1d4656b454d718bcd8e67,ee4deaa2fa3d4862ba9d842c,2023,2023-05-09,50.0,0.43,0.43,Programa Nacional de Inducción Docente,Curso/edición,Bienestar socioemocional - i512,Componente 4,105440,False
IQ512,2616a4c3e615455aa69ad0a5,4bb110e24fe2492eb911d1e0,2023,2023-11-18,,0.46,0.46,Programa Nacional de Inducción Docente,Curso/edición,Gestión de aula - i512,Componente 5,105459,False
IQ512,98967c2ac07a4f83b45430c9,ad782a2c837b447f8d17bf13,2023,2023-01-19,50.0,0.54,0.54,Programa Nacional de Inducción Docente - Profundización,Curso/edición,Programa Nacional de Inducción Docente,Componente 54,105339,False
IQ512,ec48bc699e374419931b8deb,97ff07f1ea4b4ccfbe5b7701,2026,2026-04-29,0.0,0.02,0.02,Programa Nacional de Inducción Docente,Curso/edición,Bienestar socioemocional - i512,Componente 10,105460,False
IQ512,7ac25b97152a4f44a3ae9d06,b140c9baa55e481cb97c165e,2023,2023-04-22,25.0,0.71,0.71,Programa Nacional de Inducción Docente,Curso/edición,Bienestar socioemocional - i512,Componente 45,105288,False
IQ512,4f8ec8c4e8994fefb109ded2,0dfad5ed7353466680d96d8d,2026,2026-02-10,,0.31,0.31,Programa Nacional de Inducción Docente,Curso/edición,Bienestar socioemocional - i512,Componente 33,105386,False
IQ512,b8b2f43304b5468d9de75d34,c81ff1c9e16841139debe621,2023,2023-10-17,,0.06,0.06,Programa Nacional de Inducción Docente,Curso/edición,Gestión de aula - i512,Componente 10,105232,False
IQ512,ebaab4e6271643e3a2596a0d,8705b545ae8e424aa55121c8,2022,2022-11-05,,0.08,0.08,Programa Nacional de Inducción Docente,Curso/edición,Programa Nacional de Inducción Docente,Componente 39,105490,False
IQ512,e2643d1e43424457b2f5e617,e4375dafb40b4109b294d0bd,2023,2023-07-16,,0.47,0.47,Programa Nacional de Inducción Docente,Curso/edición,Gestión de aula - i512,Componente 52,105237,False
IQ512,c577dceccbdd48ceb5a16f91,415994463ca44d63a6bb05b8,2022,2022-06-04,75.0,1.2,1.2,Programa Nacional de Inducción Docente,Curso/edición,Gestión de aula - i512,Componente 14,105221,False
IQ512,3a2fc5b42b4742aaa78fb2dd,2d38f58bc6994ecfbef0ee09,2024,2024-08-10,50.0,0.35,0.35,Programa Nacional de Inducción Docente,Curso/edición,Programa Nacional de Inducción Docente,Componente 56,105395,False
IQ512,4449bbcb8e0a4b64bc122c03,4334c2428b5949578c3ddcc8,2023,2023-09-06,0.0,1.51,1.51,Programa Nacional de Inducción Docente,Curso/edición,Gestión de aula - i512,Componente 10,105405,False
IQ512,183c61a84da5476480641ca4,a38e5c6a8de344dcb13006e2,2023,2023-12-21,25.0,0.33,0.33,Programa Nacional de Inducción Docente,Curso/edición,Bienestar socioemocional - i512,Componente 4,105450,False
IQ512,d5d4515a5abf46b9b3523fc5,f9da23eabcd84ae9a6c31d19,2023,2023-12-28,50.0,0.55,0.55,Programa Nacional de Inducción Docente - Profundización,Curso/edición,Programa Nacional de Inducción Docente,Componente 24,105471,False
IQ512,09ade1de20fa4f8daca53d31,63611ab7ed0a4909925eb8ea,2023,2023-06-27,0.0,0.12,0.12,Programa Nacional de Inducción Docente 2024,Curso/edición,Programa Nacional de Inducción Docente,Componente 7,105193,False
IQ512,df73d691f62647438f4651c2,accb6322787d4f4aa7284f37,2023,2023-10-24,,0.0,0.0,Programa Nacional de Inducción Docente,Curso/edición,Programa Nacional de Inducción Docente,Componente 15,105301,False
IQ512,02aa3a319a6a4090ad850d8b,e4375dafb40b4109b294d0bd,2025,2025-07-09,100.0,1.19,1.19,Programa Nacional de Inducción Docente,Curso/edición,Bienestar socioemocional - i512,Componente 46,105237,False
IQ512,769010716d824666af45c9c3,5385b7f6848147308ba6f326,2024,2024-10-26,50.0,0.87,0.87,Programa Nacional de Inducción Docente - Profundización,Curso/edición,Gestión de aula - i512,Componente 55,105244,False
IQ512,92548579da27498c948af3e7,7c97c1011d2c47459f4fdafd,2022,2022-05-26,0.0,0.09,0.09,Programa Nacional de Inducción Docente,Curso/edición,Bienestar socioemocional - i512,Componente 37,105403,False
IQ512,b6f645a7aa58447488bec31f,b3fbd494ec9e480b97e312ec,2024,2024-01-20,0.0,0.17,0.17,Programa Nacional de Inducción Docente,Curso/edición,Gestión de aula - i512,Componente 14,105280,False
IQ512,dba57a19a6864eefbe2f8df8,dbf30d1d82f44993a8117167,2023,2023-01-26,100.0,0.44,0.44,Programa Nacional de Inducción Docente,Curso/edición,Gestión de aula - i512,Componente 46,105464,False
IQ512,3933d8a6d1ed4fe4ad6df96e,226ab906583c44cf903022d1,2026,2026-07-14,,0.18,0.18,Programa Nacional de Inducción Docente,Curso/edición,Gestión de aula - i512,Componente 20,105326,False
IQ512,428e551021ec4fbab9d874ee,5178575c252d488398975cfd,2024,2024-05-09,0.0,0.27,0.27,Programa Nacional de Inducción Docente,Curso/edición,Bienestar socioemocional - i512,Componente 32,105465,False
IQ512,f436804a12964b17b1d4842d,6fa8c8f76c604db6ba5a05cb,2024,2024-01-18,100.0,0.16,0.16,Programa Nacional de Inducción Docente,Curso/edición,Bienestar socioemocional - i512,Componente 32,105382,False
IQ512,61adb00058ea49f6bd977e8e,0584bd68b35245949e4d9e03,2022,2022-01-14,75.0,0.14,0.14,Programa Nacional de Inducción Docente,Curso/edición,Gestión de aula - i512,Componente 53,105486,False
IQ512,b2bccfd2a6334850b14c15c8,79f90b3590f94ab8862a51e8,2023,2023-01-07,,0.05,0.05,Programa Nacional de Inducción Docente,Curso/edición,Gestión de aula - i512,Componente 23,105205,False
IQ512,ca120ef7ec4f44fba23492d9,e4375dafb40b4109b294d0bd,2023,2023-08-17,0.0,1.2,1.2,Programa Nacional de Inducción Docente,Curso/edición,Programa Nacional de Inducción Docente,Componente 46,105237,False
IQ512,ecaae67feb9449f7ac83ba96,79324cb4aa6b4259839a8deb,2023,2023-09-02,50.0,1.16,1.16,Programa Nacional de Inducción Docente,Curso/edición,Bienestar socioemocional - i512,Componente 37,105370,False
IQ512,8db47c80c8654dd4ae10532b,3ea9261b601c4157ba343a94,2023,2023-09-22,0.0,1.29,1.29,Programa Nacional de Inducción Docente,Curso/edición,Gestión de aula - i512,Componente 18,105351,False
IQ512,0750235c160241dfb179bf96,53eb07b5870a4ec2863ddb43,2024,2024-02-08,,0.21,0.21,Programa Nacional de Inducción Docente,Curso/edición,Programa Nacional de Inducción Docente,Componente 54,105259,False
IQ512,419f766ca8c5423197152980,c4a9bea4965f42a1b9c9a741,2025,2025-05-26,25.0,0.28,0.28,Liderazgo docente - i512,Curso/edición,Programa Nacional de Inducción Docente,Componente 39,105373,False
IQ512,d45602632f8f4de886f4c068,fb75da999a4541fbb560d80c,2023,2023-03-29,,0.01,0.01,Programa Nacional de Inducción Docente - Profundización,Curso/edición,Gestión de aula - i512,Componente 35,105349,False
IQ512,a0e76e5e93f04316b5ee2dfd,cd3c62e122094cf7980f5a2c,2023,2023-08-27,0.0,2.7,2.7,Programa Nacional de Inducción Docente,Curso/edición,Gestión de aula - i512,Componente 49,105344,False
IQ512,2ec0f354a1bb444ca6b69679,e787a33bd6ea4f8d94c0de47,2023,2023-01-22,50.0,1.63,1.63,Programa Nacional de Inducción Docente,Curso/edición,Gestión de aula - i512,Componente 24,105234,False
IQ512,8afa3bcd6bf54212ba5340b3,1b90cd3262b14408bd139115,2023,2023-11-28,100.0,,,Programa Nacional de Inducción Docente,Curso/edición,Gestión de aula - i512,Componente 37,105297,False
IQ512,74c60ba68c2b43a8aa91bd3c,40ab3eef356740b3bc68a471,2026,2026-01-30,0.0,0.39,0.39,Programa Nacional de Inducción Docente,Curso/edición,Bienestar socioemocional - i512,Componente 44,105355,False
IQ512,7c1d5dfd0f3e4e39a91a555c,0dd7db72057a4e239a9db895,2023,2023-05-27,,0.38,0.38,Programa Nacional de Inducción Docente,Curso/edición,Programa Nacional de Inducción Docente,Componente 17,105294,False
IQ512,431c6beb2ea343f3b9e6f596,9e0f4f4dea694cd3bc13fb6a,2024,2024-04-27,75.0,0.03,0.03,Programa Nacional de Inducción Docente,Curso/edición,Gestión de aula - i512,Componente 52,105340,False
IQ512,24b7c7f8784449edb2a3a201,0dd7db72057a4e239a9db895,2026,2026-04-17,100.0,0.12,0.12,Programa Nacional de Inducción Docente - Profundización,Curso/edición,Gestión de aula - i512,Componente 13,105294,False
IQ512,d9ed3052b054448c843d8706,ebb888b1f4054bb4b462d7e0,2023,2023-03-14,,2.09,2.09,Programa Nacional de Inducción Docente,Curso/edición,Bienestar socioemocional - i512,Componente 16,105404,False
IQ512,13042b3468a0424093881a82,cd3c62e122094cf7980f5a2c,2025,2025-05-23,75.0,1.55,1.55,Programa Nacional de Inducción Docente,Curso/edición,Programa Nacional de Inducción Docente,Componente 56,105344,False
IQ512,b20e7e415ae04a7395893d42,789a966057d94fcd9b74b134,2023,2023-11-14,100.0,0.26,0.26,Programa Nacional de Inducción Docente,Curso/edición,Bienestar socioemocional - i512,Componente 19,105209,False
IQ512,ddf8606eaa5a449ab5481201,4804d793882e420ba3b02325,2025,2025-10-15,100.0,1.35,1.35,Programa Nacional de Inducción Docente,Curso/edición,Bienestar socioemocional - i512,Componente 43,105367,False
IQ512,476bd799e2c048e79505f220,7b88eae260654464869a1582,2024,2024-10-14,50.0,0.16,0.16,Programa Nacional de Inducción Docente,Curso/edición,Bienestar socioemocional - i512,Componente 35,105291,False
IQ512,d5a200bc4f8d439c93d73f2c,2b8d508e2b9b454b998483be,2025,2025-12-13,50.0,0.41,0.41,Programa Nacional de Inducción Docente,Curso/edición,Bienestar socioemocional - i512,Componente 49,105354,False
IQ512,26bb2f4615f646b38843a3aa,5801920e315f4226bd9a3ac6,2022,2022-01-10,25.0,1.33,1.33,Programa Nacional de Inducción Docente,Curso/edición,Gestión de aula - i512,Componente 54,105454,False
IQ512,97c4107d4305490cbc0e78f8,62446d6d19dd4ab8bc2e277f,2023,2023-12-25,100.0,0.09,0.09,Programa Nacional de Inducción Docente,Curso/edición,Programa Nacional de Inducción Docente,Componente 29,105345,False
IQ512,45a3760904064b8ab0bd1aaa,b75ef5c228a24d329f8a6f28,2024,2024-05-19,25.0,0.02,0.02,Programa Nacional de Inducción Docente,Curso/edición,Gestión de aula - i512,Componente 37,105227,False
IQ512,fa552c3e3458487db7a8fd76,da8f4eb7991e451faef98e65,2023,2023-03-05,,0.46,0.46,Programa Nacional de Inducción Docente,Curso/edición,Gestión de aula - i512,Componente 45,105443,False
IQ512,f33aa5883d444510a8b65431,2ffc3a699fde49ff8aaaad8f,2023,2023-12-04,,0.13,0.13,Programa Nacional de Inducción Docente - Profundización,Curso/edición,Programa Nacional de Inducción Docente,Componente 49,105393,False
IQ512,2334b37a7fc743d396134a8b,df1221bdf1d5490c947d6b72,2023,2023-09-06,,0.62,0.62,Programa Nacional de Inducción Docente,Curso/edición,Bienestar socioemocional - i512,Componente 41,105488,False
IQ512,94786cea994d4f21a7ce0167,409c1ce3db5d4031ab8cede4,2024,2024-03-14,100.0,0.99,0.99,Programa Nacional de Inducción Docente,Curso/edición,Programa Nacional de Inducción Docente,Componente 8,105200,False
IQ512,96e36f73d6544fcb91e27690,2c5128f884c94d33abeba8fb,2024,2024-01-04,,1.73,1.73,Programa Nacional de Inducción Docente,Curso/edición,Gestión de aula - i512,Componente 50,105352,False
IQ512,856229e535794d669e24bcdb,9284bc01cbf74e6e83b32755,2023,2023-05-24,50.0,0.13,0.13,Programa Nacional de Inducción Docente,Curso/edición,Gestión de aula - i512,Componente 54,105327,False
IQ512,9a356171c3d8446ea8f4c0d1,bb0efadaeed747038ebffaa2,2023,2023-03-16,75.0,,,Programa Nacional de Inducción Docente,Curso/edición,Gestión de aula - i512,Componente 24,105228,False
IQ512,8272b2227258432baa989cca,c73395599d4445a6a2a4bfef,2023,2023-02-20,,0.02,0.02,Programa Nacional de Inducción Docente - Profundización,Curso/edición,Programa Nacional de Inducción Docente,Componente 51,105469,False
IQ512,81670bf84f664cc7b1d539e9,d785be91f8eb4df6bfaed1aa,2023,2023-06-24,50.0,1.4,1.4,Programa Nacional de Inducción Docente,Curso/edición,Bienestar socioemocional - i512,Componente 57,105406,False
IQ512,5deb097d066840439f8ea406,915c01a76bc4415ea1a96f50,2023,2023-03-13,25.0,0.02,0.02,Programa Nacional de Inducción Docente,Curso/edición,Programa Nacional de Inducción Docente,Componente 10,105246,False
IQ512,05482a845300432da807514b,5178575c252d488398975cfd,2026,2026-07-14,25.0,0.1,0.1,Liderazgo docente - i512,Curso/edición,Gestión de aula - i512,Componente 14,105465,False
IQ512,37b178cc9f624f05bc213576,0dbbc457357f412ebd5f899c,2023,2023-11-17,75.0,0.15,0.15,Programa Nacional de Inducción Docente,Curso/edición,Gestión de aula - i512,Componente 40,105235,False
IQ512,fdd36dd7c49349598aa07d52,98a45bf5c0a1409a8e9c00e7,2023,2023-02-22,,0.27,0.27,Programa Nacional de Inducción Docente,Curso/edición,Bienestar socioemocional - i512,Componente 35,105419,False
IQ512,7d48a9e7582c43258d0514da,317cad1675a4463991b7333b,2023,2023-12-28,25.0,1.2,1.2,Liderazgo docente - i512,Curso/edición,Bienestar socioemocional - i512,Componente 34,105198,False
IQ512,bda03b5b01394f78970efa11,cf1b0dd049e74f23912a0d61,2023,2023-09-01,0.0,0.22,0.22,Programa Nacional de Inducción Docente,Curso/edición,Bienestar socioemocional - i512,Componente 26,105389,False
IQ512,6ced7a5b9f6b4828914619ff,7b88eae260654464869a1582,2026,2026-06-15,,0.02,0.02,Programa Nacional de Inducción Docente,Curso/edición,Gestión de aula - i512,Componente 42,105291,False
IQ512,39872fa96da6403bbae0014e,a8b827d7c1c345a29590caf7,2023,2023-03-04,50.0,0.18,0.18,Programa Nacional de Inducción Docente,Curso/edición,Programa Nacional de Inducción Docente,Componente 15,105318,False
IQ512,5dfedad7f0ee4b4497b4044b,a38e5c6a8de344dcb13006e2,2023,2023-07-31,50.0,2.19,2.19,Liderazgo docente - i512,Curso/edición,Programa Nacional de Inducción Docente,Componente 6,105450,False
IQ512,5648209cfec7407b9180ad1d,13dbf1462b0341dca63d01ab,2023,2023-10-29,,0.52,0.52,Programa Nacional de Inducción Docente,Curso/edición,Gestión de aula - i512,Componente 23,105449,False
IQ512,2e75685d82514f8ea9842fe9,7c78be731e404e6688c4fca7,2023,2023-03-17,75.0,0.41,0.41,Programa Nacional de Inducción Docente,Curso/edición,Programa Nacional de Inducción Docente,Componente 31,105190,False
IQ512,4fed4ac97fac4df99947c3ee,417fa9aef26f46c283aaff91,2023,2023-09-03,75.0,1.02,1.02,Programa Nacional de Inducción Docente,Curso/edición,Gestión de aula - i512,Componente 47,105476,False
IQ512,5e8aec445a4e4d3bb7cfa394,ebfeac2bf81d46ffa1acc1df,2024,2024-10-07,25.0,,,Programa Nacional de Inducción Docente,Curso/edición,Gestión de aula - i512,Componente 4,105281,False
IQ512,b1824bd2bbaa46a7acb45228,fdbbde9f14274a8a9948cc87,2024,2024-01-21,0.0,0.83,0.83,Programa Nacional de Inducción Docente,Curso/edición,Programa Nacional de Inducción Docente,Componente 20,105444,False
IQ512,015c93e708fa4fed84f41282,30da5377a4434ea1ae7823d1,2024,2024-09-13,,0.67,0.67,Programa Nacional de Inducción Docente,Curso/edición,Gestión de aula - i512,Componente 30,105220,False
IQ512,9d0aa42db27742e58d9767e2,0ad4e0ae144244f4836aea4c,2023,2023-03-23,0.0,0.18,0.18,Programa Nacional de Inducción Docente,Curso/edición,Programa Nacional de Inducción Docente,Componente 21,105394,False
IQ512,a8e39c0930e94f0f8715a743,03e0948083cf496c8409b830,2023,2023-07-27,0.0,0.12,0.12,Programa Nacional de Inducción Docente - Profundización,Curso/edición,Programa Nacional de Inducción Docente,Componente 4,105487,False
IQ512,f8bba01353524771b43b5324,af3f1b807df249cb9f0c8a25,2024,2024-09-26,100.0,0.08,0.08,Programa Nacional de Inducción Docente,Curso/edición,Programa Nacional de Inducción Docente,Componente 36,105368,True
IQ512,b5c07ba3326d4cf98b65a923,04cf5d039aeb4bfe9c8e08be,2023,2023-05-18,,0.41,0.41,Programa Nacional de Inducción Docente,Curso/edición,Bienestar socioemocional - i512,Componente 1,105250,False
IQ512,428909cfe8b14a328beaae78,8d0eb23ba8034db2a653adeb,2024,2024-01-02,50.0,0.0,0.0,Programa Nacional de Inducción Docente,Curso/edición,Gestión de aula - i512,Componente 18,105441,False
IQ512,1a52a4f7992d48be80fb461e,f49d42df9e20459d95b6c638,2024,2024-01-31,50.0,0.12,0.12,Programa Nacional de Inducción Docente,Curso/edición,Bienestar socioemocional - i512,Componente 33,105254,False
IQ512,16b785ee5814457a80a8aa4b,4bdc4f3031be4f2a88f7fdae,2023,2023-03-11,75.0,0.24,0.24,Programa Nacional de Inducción Docente,Curso/edición,Programa Nacional de Inducción Docente,Componente 57,105315,False
IQ512,0d888b9d4b8b4de78675d8d3,68059c30a12b42cba1649cfa,2023,2023-07-02,,0.52,0.52,Programa Nacional de Inducción Docente,Curso/edición,Bienestar socioemocional - i512,Componente 59,105312,False
IQ512,6aa6e63a06d44e50949517fa,e4375dafb40b4109b294d0bd,2023,2023-12-22,100.0,0.57,0.57,Liderazgo docente - i512,Curso/edición,Bienestar socioemocional - i512,Componente 29,105237,False
IQ512,a2706b6c34f24c63afc1db6e,e4655a4bf0354abc82264339,2024,2024-04-15,,0.42,0.42,Programa Nacional de Inducción Docente,Curso/edición,Programa Nacional de Inducción Docente,Componente 2,105247,False
IQ512,392cdd8bd02b4908b00cf494,116a93cc79584811af092901,2024,2024-05-28,25.0,0.12,0.12,Programa Nacional de Inducción Docente,Curso/edición,Bienestar socioemocional - i512,Componente 40,105212,False
IQ512,13cafd1752c3492b8c013f5f,b75ef5c228a24d329f8a6f28,2023,2023-03-06,0.0,0.25,0.25,Programa Nacional de Inducción Docente,Curso/edición,Programa Nacional de Inducción Docente,Componente 45,105227,False
IQ512,3e7f4cb7345846eca7d90b6d,d3fe58ef906f423b9c61a65e,2023,2023-10-04,0.0,0.61,0.61,Programa Nacional de Inducción Docente - Profundización,Curso/edición,Gestión de aula - i512,Componente 16,105289,False
IQ512,7abebf1e16ad4a47b7b8c9a2,b8b47e3a2e0b4246878c90e5,2023,2023-12-21,50.0,,,Programa Nacional de Inducción Docente,Curso/edición,Programa Nacional de Inducción Docente,Componente 13,105398,False
IQ512,9832ab60663f4043b2ad9be5,cc5ec518471243968b44d76b,2023,2023-06-07,25.0,0.02,0.02,Programa Nacional de Inducción Docente,Curso/edición,Gestión de aula - i512,Componente 55,105265,False
IQ512,4b2969a8d0194bb9b1dac0f2,ebfeac2bf81d46ffa1acc1df,2024,2024-07-01,,0.08,0.08,Programa Nacional de Inducción Docente,Curso/edición,Programa Nacional de Inducción Docente,Componente 7,105281,False
IQ512,7fe9006954e746c193476062,2ca1013a0fea4a1d8335308b,2026,2026-04-26,,0.48,0.48,Programa Nacional de Inducción Docente,Curso/edición,Programa Nacional de Inducción Docente,Componente 26,105213,False
IQ512,d1946efbd7a54e0489222760,a0782928bfea4b25a50344b8,2023,2023-12-14,,0.87,0.87,Programa Nacional de Inducción Docente,Curso/edición,Bienestar socioemocional - i512,Componente 10,105491,False
IQ512,f178fb9627984e289bbf754d,cecabdfd5a4c41b797ecc269,2023,2023-11-12,100.0,0.59,0.59,Programa Nacional de Inducción Docente,Curso/edición,Bienestar socioemocional - i512,Componente 25,105342,False
IQ512,fb07f46620064426b529097b,78bce0d675ec40bdba5ed449,2026,2026-02-23,25.0,1.3,1.3,Liderazgo docente - i512,Curso/edición,Bienestar socioemocional - i512,Componente 26,105350,False
IQ512,65b040c0dac2463f8023d375,aab7ebc80c134d8998f5414f,2024,2024-07-19,25.0,0.0,0.0,Programa Nacional de Inducción Docente,Curso/edición,Bienestar socioemocional - i512,Componente 10,105343,False
IQ512,eedfb8a872dc4ecca1990799,475a21182220425692a2670b,2024,2024-12-28,100.0,0.08,0.08,Programa Nacional de Inducción Docente,Curso/edición,Gestión de aula - i512,Componente 16,105426,False
IQ512,e721466f0cca416187d3496a,a8b827d7c1c345a29590caf7,2024,2024-03-07,50.0,0.0,0.0,Programa Nacional de Inducción Docente,Curso/edición,Gestión de aula - i512,Componente 40,105318,False
IQ512,a1394a2bfdc34b67a7b1ba28,e4655a4bf0354abc82264339,2023,2023-06-10,50.0,0.3,0.3,Programa Nacional de Inducción Docente,Curso/edición,Bienestar socioemocional - i512,Componente 51,105247,False
IQ512,cc70a0588f9a4b80b43d3ae8,16963ecc19514a569b574e66,2025,2025-07-08,100.0,0.03,0.03,Programa Nacional de Inducción Docente,Curso/edición,Bienestar socioemocional - i512,Componente 32,105282,False
IQ512,2a90e4b637cf404584689265,87a63a6576034f30a2ca2aa0,2023,2023-02-26,,1.5,1.5,Programa Nacional de Inducción Docente,Curso/edición,Bienestar socioemocional - i512,Componente 30,105504,False
IQ512,83b75e26aaa84dabbe047524,cc5ec518471243968b44d76b,2024,2024-05-25,100.0,0.0,0.0,Programa Nacional de Inducción Docente,Curso/edición,Programa Nacional de Inducción Docente,Componente 36,105265,False
IQ512,b7919a4c8aee422587db1dde,409c1ce3db5d4031ab8cede4,2023,2023-11-10,,0.07,0.07,Programa Nacional de Inducción Docente,Curso/edición,Gestión de aula - i512,Componente 44,105200,False
IQ512,9518120a6c014885aac5d8ea,12733ae4d9de48f9b9b5b82a,2024,2024-03-16,0.0,0.03,0.03,Programa Nacional de Inducción Docente,Curso/edición,Gestión de aula - i512,Componente 57,105243,False
IQ512,6987df8f770f415db3d02d8c,f9da23eabcd84ae9a6c31d19,2023,2023-05-16,0.0,1.49,1.49,Programa Nacional de Inducción Docente,Curso/edición,Gestión de aula - i512,Componente 39,105471,False
IQ512,1e32daa4243b4da393e74419,0dfad5ed7353466680d96d8d,2023,2023-05-15,,0.04,0.04,Programa Nacional de Inducción Docente,Curso/edición,Bienestar socioemocional - i512,Componente 25,105386,False
IQ512,bed14ea9466c488b98858e76,0dfad5ed7353466680d96d8d,2026,2026-07-04,0.0,0.07,0.07,Programa Nacional de Inducción Docente,Curso/edición,Programa Nacional de Inducción Docente,Componente 16,105386,False
IQ512,da74768c16e54d6190ccb86e,956081ea695941f48afa6996,2026,2026-05-13,0.0,0.31,0.31,Programa Nacional de Inducción Docente - Profundización,Curso/edición,Gestión de aula - i512,Componente 10,105410,False
IQ512,1a4eb12475a24f4b8b46832c,8148d7ea7d3b4f1b9ade5df4,2025,2025-12-26,100.0,0.56,0.56,Programa Nacional de Inducción Docente,Curso/edición,Programa Nacional de Inducción Docente,Componente 43,105421,False
IQ512,689358942f0449ceba8b638c,29e4c3f6d6874d1abf5a233a,2023,2023-02-26,75.0,0.35,0.35,Programa Nacional de Inducción Docente 2024,Curso/edición,Gestión de aula - i512,Componente 7,105362,False
IQ512,9df6883a7313444fa1be0569,8dbd1b8e7c074f439acf6516,2023,2023-10-28,50.0,0.16,0.16,Programa Nacional de Inducción Docente,Curso/edición,Bienestar socioemocional - i512,Componente 2,105187,False
IQ512,b302be46b2f1485881362d84,1ccfbb61b6fa4ebbafb739d9,2023,2023-08-11,,7.4,4.0,Programa Nacional de Inducción Docente - Profundización,Curso/edición,Bienestar socioemocional - i512,Componente 21,105429,False
IQ512,72587c4aec3247808fe1d016,475a21182220425692a2670b,2025,2025-03-16,50.0,0.63,0.63,Programa Nacional de Inducción Docente,Curso/edición,Bienestar socioemocional - i512,Componente 22,105426,False
IQ512,2ebe3d01725643efa1b46589,3428be60ae7742178dc6c7b5,2022,2022-10-04,25.0,0.88,0.88,Programa Nacional de Inducción Docente - Profundización,Curso/edición,Bienestar socioemocional - i512,Componente 48,105484,False
IQ512,3ef95182d3aa4585b4898738,a0782928bfea4b25a50344b8,2022,2022-01-02,25.0,1.81,1.81,Programa Nacional de Inducción Docente - Profundización,Curso/edición,Bienestar socioemocional - i512,Componente 38,105491,False
IQ512,158ce5eb788a4b1e8c14fe83,df1221bdf1d5490c947d6b72,2023,2023-01-11,50.0,0.06,0.06,Programa Nacional de Inducción Docente,Curso/edición,Gestión de aula - i512,Componente 25,105488,False
IQ512,acfd2de12f944e4586964865,a8b827d7c1c345a29590caf7,2023,2023-05-05,,0.3,0.3,Programa Nacional de Inducción Docente,Curso/edición,Programa Nacional de Inducción Docente,Componente 34,105318,False
IQ512,8307fae35fbd46c4bdb5221d,8d0eb23ba8034db2a653adeb,2026,2026-02-06,,0.8,0.8,Programa Nacional de Inducción Docente - Profundización,Curso/edición,Bienestar socioemocional - i512,Componente 46,105441,False
IQ512,207fdfe115c5474ebc3b36a9,2ffc3a699fde49ff8aaaad8f,2026,2026-03-14,,1.85,1.85,Programa Nacional de Inducción Docente,Curso/edición,Bienestar socioemocional - i512,Componente 38,105393,False
IQ512,f7f0a1e97fe94ec1b9c291b1,789a966057d94fcd9b74b134,2024,2024-03-17,75.0,0.94,0.94,Programa Nacional de Inducción Docente,Curso/edición,Bienestar socioemocional - i512,Componente 16,105209,False
IQ512,77b85a9fabee423aaab07703,ab85e0ab513d49afa52c78c9,2022,2022-10-11,,0.05,0.05,Programa Nacional de Inducción Docente,Curso/edición,Programa Nacional de Inducción Docente,Componente 56,105439,False
IQ512,8a083538f1cf408aaac7d69b,97ff07f1ea4b4ccfbe5b7701,2024,2024-02-12,,,,Programa Nacional de Inducción Docente,Curso/edición,Programa Nacional de Inducción Docente,Componente 4,105460,False
IQ512,6f6742881c7a4f5e96092040,ab85e0ab513d49afa52c78c9,2023,2023-09-25,,1.94,1.94,Programa Nacional de Inducción Docente,Curso/edición,Bienestar socioemocional - i512,Componente 47,105439,False
IQ512,feb39830fa44415daf463079,ead28e25c79f4763920a5313,2023,2023-12-25,25.0,1.34,1.34,Programa Nacional de Inducción Docente,Curso/edición,Gestión de aula - i512,Componente 46,105361,False
IQ512,b5a8546c7e624cda993a9fb6,19f183595d58476c8078ec17,2023,2023-02-19,50.0,0.05,0.05,Programa Nacional de Inducción Docente,Curso/edición,Programa Nacional de Inducción Docente,Componente 41,105293,False
IQ512,cac5c6b5202d400d99ac5765,97ff07f1ea4b4ccfbe5b7701,2023,2023-05-12,100.0,0.43,0.43,Programa Nacional de Inducción Docente,Curso/edición,Programa Nacional de Inducción Docente,Componente 56,105460,False
IQ512,14314c53588a4c6798c515f3,2ca1013a0fea4a1d8335308b,2022,2022-10-25,,0.42,0.42,Programa Nacional de Inducción Docente,Curso/edición,Gestión de aula - i512,Componente 47,105213,True
IQ512,44c90464971c4145ba23aef2,0ad4e0ae144244f4836aea4c,2023,2023-07-18,50.0,0.57,0.57,Programa Nacional de Inducción Docente,Curso/edición,Bienestar socioemocional - i512,Componente 57,105394,False
IQ512,a0f22f2cfcfd4143b275d8cd,b5a8776ef2c54783903ac8f9,2023,2023-07-19,75.0,1.29,1.29,Programa Nacional de Inducción Docente,Curso/edición,Bienestar socioemocional - i512,Componente 34,105192,False
IQ512,274fab1879d147c484db427b,57593167db0842d697f8d79f,2023,2023-07-27,,0.35,0.35,Programa Nacional de Inducción Docente 2024,Curso/edición,Gestión de aula - i512,Componente 4,105295,False
IQ512,fab2f48e67084b87b856ea15,61cd8af4c3e245febebed4e5,2023,2023-07-03,,0.05,0.05,Programa Nacional de Inducción Docente - Profundización,Curso/edición,Programa Nacional de Inducción Docente,Componente 57,105272,False
IQ512,83a7c100b0f44f37a64850bd,4bb110e24fe2492eb911d1e0,2023,2023-04-05,100.0,0.43,0.43,Programa Nacional de Inducción Docente,Curso/edición,Programa Nacional de Inducción Docente,Componente 28,105459,False
IQ512,e3c9c2dbaa7e4ea2b011a19f,9d75fc29e5864ce98f59de4a,2026,2026-05-31,100.0,1.24,1.24,Programa Nacional de Inducción Docente - Profundización,Curso/edición,Bienestar socioemocional - i512,Componente 27,105303,False
IQ512,6ccf580ac89e438eb0050780,69331a900e66494f9794f8da,2023,2023-08-13,75.0,0.81,0.81,Programa Nacional de Inducción Docente,Curso/edición,Bienestar socioemocional - i512,Componente 50,105452,False
IQ512,e055c5d4f8904acd95601fca,f725dce3c25048de940ae720,2026,2026-07-23,0.0,0.17,0.17,Programa Nacional de Inducción Docente,Curso/edición,Programa Nacional de Inducción Docente,Componente 7,105392,False
IQ512,4181cc2d69bd413aa43f6c58,f89cbc7c7d1a4ca699ada917,2023,2023-01-23,,0.01,0.01,Programa Nacional de Inducción Docente,Curso/edición,Gestión de aula - i512,Componente 57,105466,False
IQ512,4ccb8a31bed34958a8c88732,ab85e0ab513d49afa52c78c9,2023,2023-06-17,50.0,1.35,1.35,Programa Nacional de Inducción Docente,Curso/edición,Programa Nacional de Inducción Docente,Componente 39,105439,False
IQ512,ca4f4cf2e99944188112585d,c81ff1c9e16841139debe621,2025,2025-02-20,75.0,0.21,0.21,Programa Nacional de Inducción Docente,Curso/edición,Bienestar socioemocional - i512,Componente 21,105232,False
IQ512,ad3d02712ab944969917f4f8,a499816553f0493b932b624d,2024,2024-10-21,0.0,0.4,0.4,Programa Nacional de Inducción Docente,Curso/edición,Gestión de aula - i512,Componente 14,105271,False
IQ512,2b6b5fc24ac64221bd87adc3,e4375dafb40b4109b294d0bd,2026,2026-07-30,,0.21,0.21,Programa Nacional de Inducción Docente,Curso/edición,Gestión de aula - i512,Componente 5,105237,False
IQ512,73163b508b2147a5af26cf4a,fa1c1fd9d6224fc886871f2b,2023,2023-01-17,75.0,0.25,0.25,Programa Nacional de Inducción Docente - Profundización,Curso/edición,Gestión de aula - i512,Componente 39,105210,False
IQ512,889fc477c9d74b0a9bec023d,a1752d97d16944db859ca475,2023,2023-04-04,50.0,2.19,2.19,Programa Nacional de Inducción Docente,Curso/edición,Programa Nacional de Inducción Docente,Componente 6,105251,False
IQ512,76ad67963b1d40ae88c4b4ea,3ea9261b601c4157ba343a94,2024,2024-07-03,,0.72,0.72,Programa Nacional de Inducción Docente,Curso/edición,Bienestar socioemocional - i512,Componente 45,105351,False
IQ512,ba035a3d5d564ea0b25ed66a,9eff69a9b37941ddbbc85221,2022,2022-02-26,75.0,1.7,1.7,Programa Nacional de Inducción Docente,Curso/edición,Gestión de aula - i512,Componente 38,105430,False
IQ512,75fdd6ed34ec4da192274b8b,fab4b866c7b84ba5a715f2a1,2023,2023-07-15,100.0,0.14,0.14,Programa Nacional de Inducción Docente,Curso/edición,Programa Nacional de Inducción Docente,Componente 28,105286,False
IQ512,9bf931e7e8264a8a97e309a0,409c1ce3db5d4031ab8cede4,2023,2023-01-03,0.0,0.06,0.06,Programa Nacional de Inducción Docente,Curso/edición,Programa Nacional de Inducción Docente,Componente 21,105200,False
IQ512,93705f12492941b9b84a3e10,6fa8c8f76c604db6ba5a05cb,2023,2023-03-06,100.0,4.11,4.0,Programa Nacional de Inducción Docente,Curso/edición,Programa Nacional de Inducción Docente,Componente 49,105382,False
IQ512,c5bf10a6129e4b36a4d8919e,12733ae4d9de48f9b9b5b82a,2024,2024-05-12,,1.13,1.13,Programa Nacional de Inducción Docente,Curso/edición,Programa Nacional de Inducción Docente,Componente 39,105243,False
IQ512,cce2f814b4b0426ca4d99c49,2c587aaa354f4c60baecf071,2023,2023-03-10,,0.64,0.64,Programa Nacional de Inducción Docente,Curso/edición,Gestión de aula - i512,Componente 32,105346,False
IQ512,ed7d08f571d443589d32c716,265a1767f3f449a586ffc754,2025,2025-06-12,75.0,0.23,0.23,Programa Nacional de Inducción Docente,Curso/edición,Gestión de aula - i512,Componente 9,105378,False
IQ512,939715846cd2477b8d4e3291,7c78be731e404e6688c4fca7,2024,2024-07-16,,0.75,0.75,Programa Nacional de Inducción Docente,Curso/edición,Bienestar socioemocional - i512,Componente 52,105190,False
IQ512,deb6aeded71c4cea87b6362e,04cf5d039aeb4bfe9c8e08be,2024,2024-12-27,25.0,0.03,0.03,Programa Nacional de Inducción Docente 2024,Curso/edición,Gestión de aula - i512,Componente 36,105250,False
IQ512,a88f067e7e6445e68f3ad6d1,78bce0d675ec40bdba5ed449,2023,2023-04-17,25.0,0.34,0.34,Programa Nacional de Inducción Docente,Curso/edición,Bienestar socioemocional - i512,Componente 6,105350,False
IQ512,f8e96eae4a2a459794268e6b,0ad4e0ae144244f4836aea4c,2024,2024-05-10,0.0,0.79,0.79,Programa Nacional de Inducción Docente - Profundización,Curso/edición,Programa Nacional de Inducción Docente,Componente 19,105394,False
IQ512,16d86ad967b347e5a199b16c,b40f6703aeb44096b2737c8f,2024,2024-07-30,,0.01,0.01,Programa Nacional de Inducción Docente,Curso/edición,Gestión de aula - i512,Componente 13,105260,False
IQ512,026573587e7343ad85478ea7,5385b7f6848147308ba6f326,2023,2023-02-05,,0.0,0.0,Programa Nacional de Inducción Docente - Profundización,Curso/edición,Gestión de aula - i512,Componente 50,105244,False
IQ512,febcd6299e774c5e8531c109,63611ab7ed0a4909925eb8ea,2024,2024-07-09,25.0,0.06,0.06,Programa Nacional de Inducción Docente,Curso/edición,Bienestar socioemocional - i512,Componente 11,105193,False
IQ512,630abf5343b5410d80b2988d,7d2866ab1bec4dbebc4c60b3,2023,2023-11-11,,3.06,3.06,Programa Nacional de Inducción Docente 2024,Curso/edición,Bienestar socioemocional - i512,Componente 38,105360,False
IQ512,944e9b8d32174e348f0282ba,84bc8a546e684c5687c661a9,2024,2024-04-11,,0.13,0.13,Programa Nacional de Inducción Docente,Curso/edición,Gestión de aula - i512,Componente 51,105428,False
IQ512,8d37efc3da564cd6a070bc4c,84bc8a546e684c5687c661a9,2024,2024-01-16,,0.1,0.1,Programa Nacional de Inducción Docente,Curso/edición,Bienestar socioemocional - i512,Componente 1,105428,False
IQ512,e9212f98e0f348a7a0214c3d,c8f0b975ecdd4e1e88941736,2024,2024-05-20,,0.76,0.76,Programa Nacional de Inducción Docente,Curso/edición,Programa Nacional de Inducción Docente,Componente 13,105492,False
IQ512,ba6beba158274d65ad5590a0,f8bd01058ec24f7687709926,2023,2023-09-02,75.0,1.03,1.03,Programa Nacional de Inducción Docente,Curso/edición,Programa Nacional de Inducción Docente,Componente 23,105503,False
IQ512,136dca8a13194217b6302213,dd7d5df7942948d5beb11771,2024,2024-08-05,50.0,0.23,0.23,Programa Nacional de Inducción Docente,Curso/edición,Gestión de aula - i512,Componente 44,105425,False
IQ512,b85a090658c74a79b406a078,af3f1b807df249cb9f0c8a25,2025,2025-09-02,,0.52,0.52,Programa Nacional de Inducción Docente,Curso/edición,Bienestar socioemocional - i512,Componente 4,105368,False
IQ512,4f55cd7d587947689f44b183,10322a41c7d34bbb91a599c0,2023,2023-04-28,0.0,0.69,0.69,Programa Nacional de Inducción Docente,Curso/edición,Bienestar socioemocional - i512,Componente 23,105229,False
IQ512,f56b0eb1166d476895f37e83,3737a9ad4bbc41cdb6393199,2026,2026-03-20,0.0,0.64,0.64,Programa Nacional de Inducción Docente,Curso/edición,Programa Nacional de Inducción Docente,Componente 27,105236,False
IQ512,866b58bcec644900a3193e7c,bb0efadaeed747038ebffaa2,2023,2023-06-19,75.0,,,Programa Nacional de Inducción Docente,Curso/edición,Bienestar socioemocional - i512,Componente 48,105228,False
IQ512,c972e8c21055414aafefc16d,eaf87d27bcba40a3894b4cfe,2026,2026-09-15,50.0,0.04,0.04,Programa Nacional de Inducción Docente,Curso/edición,Bienestar socioemocional - i512,Componente 49,105197,False
IQ512,fa881e55613e446894aefd0e,aab7ebc80c134d8998f5414f,2024,2024-11-05,25.0,0.28,0.28,Programa Nacional de Inducción Docente,Curso/edición,Bienestar socioemocional - i512,Componente 54,105343,False
IQ512,c977dd47462147c9a90eb6e1,6ddeea143c7840409481471f,2025,2025-04-22,,1.37,1.37,Programa Nacional de Inducción Docente,Curso/edición,Gestión de aula - i512,Componente 27,105485,False
IQ512,2d7525c33df843ccae62a244,b75ef5c228a24d329f8a6f28,2023,2023-11-28,75.0,0.03,0.03,Programa Nacional de Inducción Docente,Curso/edición,Gestión de aula - i512,Componente 37,105227,False
IQ512,947b385c39c3490f90279fa6,6356b8e091924075b99d6a5e,2023,2023-02-24,50.0,0.62,0.62,Programa Nacional de Inducción Docente,Curso/edición,Programa Nacional de Inducción Docente,Componente 1,105497,False
IQ512,a3ee8d1fd6c74b778a555457,c73395599d4445a6a2a4bfef,2022,2022-02-02,0.0,0.02,0.02,Programa Nacional de Inducción Docente,Curso/edición,Bienestar socioemocional - i512,Componente 54,105469,False
IQ512,258d1060a3844d869e98aa47,53eb07b5870a4ec2863ddb43,2023,2023-07-17,,0.5,0.5,Programa Nacional de Inducción Docente,Curso/edición,Bienestar socioemocional - i512,Componente 42,105259,False
IQ512,8470e8dd3af646ceaf211380,b3fbd494ec9e480b97e312ec,2024,2024-10-10,75.0,0.52,0.52,Programa Nacional de Inducción Docente - Profundización,Curso/edición,Gestión de aula - i512,Componente 30,105280,False
IQ512,1c40e51469ed46378eb03aff,2ffc3a699fde49ff8aaaad8f,2024,2024-02-01,25.0,0.31,0.31,Programa Nacional de Inducción Docente,Curso/edición,Bienestar socioemocional - i512,Componente 39,105393,False
IQ512,55649eed114c49bbbb243d19,02c149178dab43b18f85520e,2023,2023-02-08,75.0,0.11,0.11,Programa Nacional de Inducción Docente,Curso/edición,Programa Nacional de Inducción Docente,Componente 11,105181,False
IQ512,f9a66bd134b34678aca850b2,c73395599d4445a6a2a4bfef,2023,2023-12-19,,1.0,1.0,Programa Nacional de Inducción Docente,Curso/edición,Bienestar socioemocional - i512,Componente 21,105469,False
IQ512,185bfe6c35ac417da20d8a06,9284bc01cbf74e6e83b32755,2024,2024-03-22,,0.25,0.25,Liderazgo docente - i512,Curso/edición,Programa Nacional de Inducción Docente,Componente 33,105327,False
IQ512,c8786c095e7545109814aedd,5178575c252d488398975cfd,2024,2024-03-07,0.0,0.25,0.25,Programa Nacional de Inducción Docente - Profundización,Curso/edición,Gestión de aula - i512,Componente 36,105465,False
IQ512,16e3fcf7d7cf402ebe4c33af,e4375dafb40b4109b294d0bd,2025,2025-08-19,25.0,0.44,0.44,Programa Nacional de Inducción Docente,Curso/edición,Gestión de aula - i512,Componente 22,105237,False
IQ512,927077cebf7440a787922e15,ad782a2c837b447f8d17bf13,2026,2026-06-02,,0.1,0.1,Programa Nacional de Inducción Docente,Curso/edición,Programa Nacional de Inducción Docente,Componente 15,105339,False
IQ512,075b54449f774dc9bf50ba4b,658a9241e7654203bf21d06e,2023,2023-03-02,0.0,0.43,0.43,Programa Nacional de Inducción Docente,Curso/edición,Gestión de aula - i512,Componente 43,105225,False
IQ512,52aaa659ddb846cf8721a7b9,2ffc3a699fde49ff8aaaad8f,2023,2023-09-04,25.0,0.55,0.55,Programa Nacional de Inducción Docente,Curso/edición,Programa Nacional de Inducción Docente,Componente 44,105393,False
IQ512,afd4cfee585f4f18954829ee,8a4fab570ee244668f796f31,2024,2024-06-15,25.0,0.31,0.31,Programa Nacional de Inducción Docente,Curso/edición,Gestión de aula - i512,Componente 7,105331,False
IQ512,873ab460ba744f48b731426c,0fadfe3c6ab5414fba887b0a,2024,2024-03-19,50.0,0.22,0.22,Programa Nacional de Inducción Docente,Curso/edición,Bienestar socioemocional - i512,Componente 21,105366,False
IQ512,d156ff6ed3c747f48f158d00,13dbf1462b0341dca63d01ab,2024,2024-05-25,0.0,0.04,0.04,Programa Nacional de Inducción Docente,Curso/edición,Programa Nacional de Inducción Docente,Componente 27,105449,False
IQ512,7cb5574e870c42a6b02a2d55,74b9644a6001467d9530e829,2023,2023-04-03,,0.1,0.1,Programa Nacional de Inducción Docente,Curso/edición,Bienestar socioemocional - i512,Componente 56,105283,False
IQ512,a5d132f8059e4874a7e1b05d,f8454e8e12044d649df927e8,2024,2024-02-29,,1.65,1.65,Programa Nacional de Inducción Docente,Curso/edición,Bienestar socioemocional - i512,Componente 22,105304,False
IQ512,e94fa70ac1f649ddace3abe9,af3f1b807df249cb9f0c8a25,2023,2023-07-06,,0.34,0.34,Programa Nacional de Inducción Docente,Curso/edición,Programa Nacional de Inducción Docente,Componente 21,105368,False
IQ512,81db121771a74488bb2af2f4,16963ecc19514a569b574e66,2023,2023-03-17,0.0,0.02,0.02,Programa Nacional de Inducción Docente - Profundización,Curso/edición,Gestión de aula - i512,Componente 12,105282,False
IQ512,2e5af4c7ae62437abadca505,7b88eae260654464869a1582,2022,2022-02-27,25.0,0.55,0.55,Programa Nacional de Inducción Docente,Curso/edición,Bienestar socioemocional - i512,Componente 56,105291,False
IQ512,fe8e2675edd74471a4f06641,12733ae4d9de48f9b9b5b82a,2024,2024-06-03,,0.33,0.33,Programa Nacional de Inducción Docente,Curso/edición,Programa Nacional de Inducción Docente,Componente 57,105243,False
IQ512,3edb16cdbe1248d98d2e0472,7c5261ea744241b18d6195c1,2024,2024-11-22,0.0,1.48,1.48,Programa Nacional de Inducción Docente,Curso/edición,Programa Nacional de Inducción Docente,Componente 53,105478,False
IQ512,f62fbfb5d24b4ac2bc0b1b44,9ae5108a734a44a3b3b0a45c,2026,2026-01-26,50.0,1.15,1.15,Programa Nacional de Inducción Docente 2024,Curso/edición,Gestión de aula - i512,Componente 39,105276,False
IQ512,38eea83e2b93476eadf74de0,4804d793882e420ba3b02325,2023,2023-11-05,,2.51,2.51,Programa Nacional de Inducción Docente,Curso/edición,Programa Nacional de Inducción Docente,Componente 24,105367,False
IQ512,6c59c8f3a6fe4f24a0304450,b3fbd494ec9e480b97e312ec,2026,2026-08-22,,0.76,0.76,Programa Nacional de Inducción Docente,Curso/edición,Gestión de aula - i512,Componente 19,105280,False
IQ512,ca717dea694f4e68b11a2ceb,ea2b216a5f034a29b40d010c,2023,2023-02-07,100.0,0.06,0.06,Programa Nacional de Inducción Docente,Curso/edición,Gestión de aula - i512,Componente 18,105223,False
IQ512,abb014dd454f4bbfad0dea82,b3fbd494ec9e480b97e312ec,2024,2024-03-27,100.0,0.06,0.06,Programa Nacional de Inducción Docente,Curso/edición,Gestión de aula - i512,Componente 10,105280,False
IQ512,f82af126692e4a0f8ff513d4,fab4b866c7b84ba5a715f2a1,2023,2023-02-24,100.0,0.54,0.54,Programa Nacional de Inducción Docente,Curso/edición,Programa Nacional de Inducción Docente,Componente 28,105286,False
IQ512,4653edf4167a436486daba4b,265a1767f3f449a586ffc754,2023,2023-11-01,75.0,0.16,0.16,Programa Nacional de Inducción Docente,Curso/edición,Programa Nacional de Inducción Docente,Componente 45,105378,False
