PROGRAMA,USER_ID,ID_SIS,ACTIVE,TIME_VIEW,MAX_LAST_ACCESS,MAX_LAST_LOGIN,MAX_LOG_DATE,REGISTROS,EFFECTIVE_LAST_ACCESS,DAYS_SINCE_ACCESS
IQP,df91272cb33f47ba8584da8c,100001,True,706,2021-10-03 10:00:00.000 UTC,2021-10-03 10:00:00.000 UTC,2021-10-03 10:00:00.000 UTC,1,2021-10-03 10:00:00.000 UTC,1811.0
IQP,6204d8e17dc74f7caf5fbc14,100002,True,1171,2025-02-11 10:00:00.000 UTC,2025-02-11 10:00:00.000 UTC,2025-02-11 10:00:00.000 UTC,2,2025-02-11 10:00:00.000 UTC,584.0
IQP,174ad5a14047482bbe391db1,100003,True,416,,,,2,,
IQP,c28ff9ee1d5a4f42b3de5c9a,100004,True,7598,,,2023-11-12 10:00:00.000 UTC,2,2023-11-12 10:00:00.000 UTC,1041.0
IQP,5208670d91cd4f88862ea6fd,100005,True,6168,2024-07-11 10:00:00.000 UTC,2024-07-11 10:00:00.000 UTC,,2,2024-07-11 10:00:00.000 UTC,799.0
IQP,0946f778ae3e4e5ca5087c6a,100006,True,1925,2022-12-29 10:00:00.000 UTC,2022-12-29 10:00:00.000 UTC,2022-12-29 10:00:00.000 UTC,3,2022-12-29 10:00:00.000 UTC,1359.0
IQP,12b1e42d15a546c5a678cac2,100007,True,135,,,,2,,
IQP,75d5a0775fca4db78f8952a0,100008,True,743,2025-06-22 10:00:00.000 UTC,2025-06-22 10:00:00.000 UTC,2025-06-22 10:00:00.000 UTC,4,2025-06-22 10:00:00.000 UTC,453.0
IQP,68105e49ee4d4276907a9f30,100009,True,376,2026-03-31 10:00:00.000 UTC,2026-03-31 10:00:00.000 UTC,2026-03-31 10:00:00.000 UTC,1,2026-03-31 10:00:00.000 UTC,171.0
IQP,4eb5bff29bb24f7689383094,100010,True,1456,2023-07-21 10:00:00.000 UTC,2023-07-21 10:00:00.000 UTC,,1,2023-07-21 10:00:00.000 UTC,1155.0
IQP,10f2c85467c349e6a36ef2b7,100011,True,0,2025-02-05 10:00:00.000 UTC,2025-02-05 10:00:00.000 UTC,,0,2025-02-05 10:00:00.000 UTC,590.0
IQP,f9d7825f2e4049b8982ecd49,100012,True,1686,2023-12-13 10:00:00.000 UTC,2023-12-13 10:00:00.000 UTC,2023-12-13 10:00:00.000 UTC,1,2023-12-13 10:00:00.000 UTC,1010.0
IQP,3c70e3dc11904b62b2b86635,100013,True,3078,2026-01-24 10:00:00.000 UTC,2026-01-24 10:00:00.000 UTC,,3,2026-01-24 10:00:00.000 UTC,237.0
IQP,7be8c9b6b3be4e569a4f7d33,100014,True,136,,,,2,,
IQP,704b1249d9f6474688f5b012,100015,True,1669,2023-07-16 10:00:00.000 UTC,2023-07-16 10:00:00.000 UTC,2023-07-16 10:00:00.000 UTC,2,2023-07-16 10:00:00.000 UTC,1160.0
IQP,29452a8782c14246955c76fd,100016,True,74765,2022-02-14 10:00:00.000 UTC,2022-02-14 10:00:00.000 UTC,,2,2022-02-14 10:00:00.000 UTC,1677.0
IQP,771c6c7f32684dd58b63ecf2,100017,True,4307,2022-01-21 10:00:00.000 UTC,2022-01-21 10:00:00.000 UTC,,2,2022-01-21 10:00:00.000 UTC,1701.0
IQP,e48e8d38f276436f9886da20,100018,True,287,2021-07-12 10:00:00.000 UTC,2021-07-12 10:00:00.000 UTC,2021-07-12 10:00:00.000 UTC,4,2021-07-12 10:00:00.000 UTC,1894.0
IQP,432d6589cf774343875bb1cb,100019,True,0,2024-03-07 10:00:00.000 UTC,2024-03-07 10:00:00.000 UTC,2024-03-07 10:00:00.000 UTC,0,2024-03-07 10:00:00.000 UTC,925.0
IQP,4a689f199fa94a14b088b0e0,100020,True,82,2022-04-16 10:00:00.000 UTC,2022-04-16 10:00:00.000 UTC,2022-04-16 10:00:00.000 UTC,1,2022-04-16 10:00:00.000 UTC,1616.0
IQP,34fddeb9c25a44e1af5c7bd8,100021,True,800,2023-07-28 10:00:00.000 UTC,2023-07-28 10:00:00.000 UTC,2023-07-28 10:00:00.000 UTC,2,2023-07-28 10:00:00.000 UTC,1148.0
IQP,85a4ddafeb6a450d9346f257,100022,True,346,,,2024-07-09 10:00:00.000 UTC,2,2024-07-09 10:00:00.000 UTC,801.0
IQP,2f3f4df964734387a3a553b7,100023,True,2546,2024-10-23 10:00:00.000 UTC,2024-10-23 10:00:00.000 UTC,2024-10-23 10:00:00.000 UTC,1,2024-10-23 10:00:00.000 UTC,695.0
IQP,46a9d0dbe3d9498795dd8369,100024,True,762,,,2026-08-31 10:00:00.000 UTC,1,2026-08-31 10:00:00.000 UTC,18.0
IQP,dabfd3776c0941598b878032,100025,True,6616,2026-05-31 10:00:00.000 UTC,2026-05-31 10:00:00.000 UTC,2026-05-31 10:00:00.000 UTC,2,2026-05-31 10:00:00.000 UTC,110.0
IQP,fc00ed080e694cebad571fd6,100026,True,1227,2024-01-28 10:00:00.000 UTC,2024-01-28 10:00:00.000 UTC,2024-01-28 10:00:00.000 UTC,1,2024-01-28 10:00:00.000 UTC,964.0
IQP,621028d7a6d4404b9514f54d,100027,True,3759,,,2025-02-15 10:00:00.000 UTC,3,2025-02-15 10:00:00.000 UTC,580.0
IQP,ef58b95445954591bc615b96,100028,True,591,,,,2,,
IQP,d6374433b1f34155bc628339,100029,True,13014,,,2019-10-10 10:00:00.000 UTC,1,2019-10-10 10:00:00.000 UTC,2535.0
IQP,92d76ce5ad4d44d3a71ba450,100030,True,1216,,,,2,,
IQP,7003eb23b7924d8489134085,100031,True,5185,2025-10-02 10:00:00.000 UTC,2025-10-02 10:00:00.000 UTC,,3,2025-10-02 10:00:00.000 UTC,351.0
IQP,b226ccab19b7466684b99ca7,100032,True,629,2021-01-29 10:00:00.000 UTC,2021-01-29 10:00:00.000 UTC,,1,2021-01-29 10:00:00.000 UTC,2058.0
IQP,5b7c1fd73bf64d179d683a74,100033,True,37079,,,2026-09-10 10:00:00.000 UTC,2,2026-09-10 10:00:00.000 UTC,8.0
IQP,09927cd6955f4b65a7a4baa0,100034,True,827,2021-03-15 10:00:00.000 UTC,2021-03-15 10:00:00.000 UTC,,1,2021-03-15 10:00:00.000 UTC,2013.0
IQP,54626aa778924c2d95136475,100035,True,1586,2024-12-08 10:00:00.000 UTC,2024-12-08 10:00:00.000 UTC,,5,2024-12-08 10:00:00.000 UTC,649.0
IQP,689800ca1cf34e3783ff0744,100036,True,444,2023-06-06 10:00:00.000 UTC,2023-06-06 10:00:00.000 UTC,,1,2023-06-06 10:00:00.000 UTC,1200.0
IQP,3b74bba3c07e4503a4944c1e,100037,True,4909,2021-05-29 10:00:00.000 UTC,2021-05-29 10:00:00.000 UTC,2021-05-29 10:00:00.000 UTC,2,2021-05-29 10:00:00.000 UTC,1938.0
IQP,4daec1823bec470ea9112fc3,100038,True,3694,,,2026-07-26 10:00:00.000 UTC,1,2026-07-26 10:00:00.000 UTC,54.0
IQP,91b871fb194e42ef9775b8e0,100039,True,2477,,,2022-08-29 10:00:00.000 UTC,2,2022-08-29 10:00:00.000 UTC,1481.0
IQP,535450c66bb848aab3f46cd8,100040,True,485,2024-02-27 10:00:00.000 UTC,2024-02-27 10:00:00.000 UTC,2024-02-27 10:00:00.000 UTC,1,2024-02-27 10:00:00.000 UTC,934.0
IQP,0561191705794a0390513b5e,100041,True,6357,2024-07-17 10:00:00.000 UTC,2024-07-17 10:00:00.000 UTC,2024-07-17 10:00:00.000 UTC,1,2024-07-17 10:00:00.000 UTC,793.0
IQP,578269e1be154b7ba5a0e27f,100042,True,1075,,,2024-07-05 10:00:00.000 UTC,1,2024-07-05 10:00:00.000 UTC,805.0
IQP,8b42d38f093947f28962c6a1,100043,True,960,2020-09-10 10:00:00.000 UTC,2020-09-10 10:00:00.000 UTC,2020-09-10 10:00:00.000 UTC,2,2020-09-10 10:00:00.000 UTC,2199.0
IQP,753b7957b89f47c8961bb425,100044,True,656,2023-07-21 10:00:00.000 UTC,2023-07-21 10:00:00.000 UTC,2023-07-21 10:00:00.000 UTC,2,2023-07-21 10:00:00.000 UTC,1155.0
IQP,75618e6d5b63423d82ef1526,100045,True,263,2021-09-18 10:00:00.000 UTC,2021-09-18 10:00:00.000 UTC,2021-09-18 10:00:00.000 UTC,2,2021-09-18 10:00:00.000 UTC,1826.0
IQP,3440b27894ab458caef9ef31,100046,True,957,2026-05-16 10:00:00.000 UTC,2026-05-16 10:00:00.000 UTC,,2,2026-05-16 10:00:00.000 UTC,125.0
IQP,b8d0cf8a4a984caebd39f260,100047,True,2180,2026-07-02 10:00:00.000 UTC,2026-07-02 10:00:00.000 UTC,2026-07-02 10:00:00.000 UTC,2,2026-07-02 10:00:00.000 UTC,78.0
IQP,f8b381f736ce41a0bfb0964f,100048,True,6258,2023-08-04 10:00:00.000 UTC,2023-08-04 10:00:00.000 UTC,2023-08-04 10:00:00.000 UTC,3,2023-08-04 10:00:00.000 UTC,1141.0
IQP,1c036dc3faed48d3bc933c9c,100049,True,2873,2024-09-07 10:00:00.000 UTC,2024-09-07 10:00:00.000 UTC,2024-09-07 10:00:00.000 UTC,2,2024-09-07 10:00:00.000 UTC,741.0
IQP,05b4055fd26b4c6b96add1f3,100050,True,0,,,,0,,
IQP,35ac3118f97242669bc47de7,100051,True,791,2025-07-21 10:00:00.000 UTC,2025-07-21 10:00:00.000 UTC,2025-07-21 10:00:00.000 UTC,1,2025-07-21 10:00:00.000 UTC,424.0
IQP,c3e6ea8ea0c94590bec330c3,100052,True,770,,,2023-02-25 10:00:00.000 UTC,1,2023-02-25 10:00:00.000 UTC,1301.0
IQP,0aa8b08b5e1c45238253a723,100053,True,700,2026-09-08 10:00:00.000 UTC,2026-09-08 10:00:00.000 UTC,,2,2026-09-08 10:00:00.000 UTC,10.0
IQP,64669d65c9fc4bf4aef3b94d,100054,True,735,2025-03-26 10:00:00.000 UTC,2025-03-26 10:00:00.000 UTC,,2,2025-03-26 10:00:00.000 UTC,541.0
IQP,4d7d97a22eb84404b1e2af9d,100055,True,0,,,,0,,
IQP,8ad3e0330de34fde94715337,100056,True,362,2023-05-05 10:00:00.000 UTC,2023-05-05 10:00:00.000 UTC,,1,2023-05-05 10:00:00.000 UTC,1232.0
IQP,821238d692c74766b63db208,100057,True,145,2015-11-05 10:00:00.000 UTC,2015-11-05 10:00:00.000 UTC,2015-11-05 10:00:00.000 UTC,1,2015-11-05 10:00:00.000 UTC,3970.0
IQP,677d2efc287f45dabc25878a,100058,True,1823,,,,2,,
IQP,7352119056a84d3589f2aead,100059,True,0,,,2024-02-25 10:00:00.000 UTC,0,2024-02-25 10:00:00.000 UTC,936.0
IQP,58cfd51f88254f6283099aa5,100060,True,13557,2022-02-16 10:00:00.000 UTC,2022-02-16 10:00:00.000 UTC,2022-02-16 10:00:00.000 UTC,3,2022-02-16 10:00:00.000 UTC,1675.0
IQP,91842380aab24b1e851787d4,100061,True,382,2023-05-06 10:00:00.000 UTC,2023-05-06 10:00:00.000 UTC,,2,2023-05-06 10:00:00.000 UTC,1231.0
IQP,d70a5c87b3a540ef994819a1,100062,True,0,,,2024-10-04 10:00:00.000 UTC,0,2024-10-04 10:00:00.000 UTC,714.0
IQP,5dcfeca62165410fbdc1abf7,100063,True,3316,2022-10-31 10:00:00.000 UTC,2022-10-31 10:00:00.000 UTC,2022-10-31 10:00:00.000 UTC,1,2022-10-31 10:00:00.000 UTC,1418.0
IQP,a9586b47ec1c4adb9df11ecb,100064,True,0,2023-03-03 10:00:00.000 UTC,2023-03-03 10:00:00.000 UTC,2023-03-03 10:00:00.000 UTC,0,2023-03-03 10:00:00.000 UTC,1295.0
IQP,3c7862bc7a934f6faedd29cd,100065,True,0,2020-06-25 10:00:00.000 UTC,2020-06-25 10:00:00.000 UTC,,0,2020-06-25 10:00:00.000 UTC,2276.0
IQP,620eb1d64ffb4057a21fa76f,100066,True,7133,,,,1,,
IQP,8590b689700344148136a883,100067,True,1817,2025-09-26 10:00:00.000 UTC,2025-09-26 10:00:00.000 UTC,2025-09-26 10:00:00.000 UTC,1,2025-09-26 10:00:00.000 UTC,357.0
IQP,02fc245b412641589c52d04f,100068,True,5226,2026-07-13 10:00:00.000 UTC,2026-07-13 10:00:00.000 UTC,,3,2026-07-13 10:00:00.000 UTC,67.0
IQP,d01761d2ecaf498ba1ba62f9,100069,True,0,2022-10-28 10:00:00.000 UTC,2022-10-28 10:00:00.000 UTC,2022-10-28 10:00:00.000 UTC,0,2022-10-28 10:00:00.000 UTC,1421.0
IQP,f7a0792f4b524f8c83fd9a90,100070,True,7728,2021-11-12 10:00:00.000 UTC,2021-11-12 10:00:00.000 UTC,2021-11-12 10:00:00.000 UTC,3,2021-11-12 10:00:00.000 UTC,1771.0
IQP,635138dd5efe4063aa6cb93a,100071,True,664,2024-04-07 10:00:00.000 UTC,2024-04-07 10:00:00.000 UTC,2024-04-07 10:00:00.000 UTC,3,2024-04-07 10:00:00.000 UTC,894.0
IQP,d991988d420e47ff988850e8,100072,True,0,2023-08-19 10:00:00.000 UTC,2023-08-19 10:00:00.000 UTC,2023-08-19 10:00:00.000 UTC,0,2023-08-19 10:00:00.000 UTC,1126.0
IQP,37d72b85014c4318a8df63f0,100073,True,1180,2023-12-30 10:00:00.000 UTC,2023-12-30 10:00:00.000 UTC,,2,2023-12-30 10:00:00.000 UTC,993.0
IQP,a6da4f7c7c474214b51ac487,100074,True,535,2025-12-11 10:00:00.000 UTC,2025-12-11 10:00:00.000 UTC,2025-12-11 10:00:00.000 UTC,1,2025-12-11 10:00:00.000 UTC,281.0
IQP,f1997d0983bb44d39ccb7f74,100075,True,1008,2026-07-20 10:00:00.000 UTC,2026-07-20 10:00:00.000 UTC,,2,2026-07-20 10:00:00.000 UTC,60.0
IQP,b2b3c96d0de1464ba3fb8e63,100076,True,4620,,,,2,,
IQP,721de272d7a345aeadfad019,100077,True,1288,2022-05-30 10:00:00.000 UTC,2022-05-30 10:00:00.000 UTC,2022-05-30 10:00:00.000 UTC,1,2022-05-30 10:00:00.000 UTC,1572.0
IQP,8c65ede4d77f48059b018566,100078,True,2634,2021-08-08 10:00:00.000 UTC,2021-08-08 10:00:00.000 UTC,2021-08-08 10:00:00.000 UTC,1,2021-08-08 10:00:00.000 UTC,1867.0
IQP,786736dcd9194357a0c7f5dd,100079,True,430,2022-09-29 10:00:00.000 UTC,2022-09-29 10:00:00.000 UTC,2022-09-29 10:00:00.000 UTC,1,2022-09-29 10:00:00.000 UTC,1450.0
IQP,1e4dbbe1ad2b440a9366ace7,100080,True,1245,,,,2,,
IQP,acacebd405aa44769bb40810,100081,True,531,2023-07-20 10:00:00.000 UTC,2023-07-20 10:00:00.000 UTC,2023-07-20 10:00:00.000 UTC,1,2023-07-20 10:00:00.000 UTC,1156.0
IQP,107fc272ab5240309aa2ae04,100082,True,5093,2023-06-04 10:00:00.000 UTC,2023-06-04 10:00:00.000 UTC,2023-06-04 10:00:00.000 UTC,1,2023-06-04 10:00:00.000 UTC,1202.0
IQP,5a1cbf10d1b84df789874956,100083,True,8365,2025-09-18 10:00:00.000 UTC,2025-09-18 10:00:00.000 UTC,2025-09-18 10:00:00.000 UTC,1,2025-09-18 10:00:00.000 UTC,365.0
IQP,882c751b2d9c45ca8473d285,100084,True,6773,2019-08-07 10:00:00.000 UTC,2019-08-07 10:00:00.000 UTC,2019-08-07 10:00:00.000 UTC,1,2019-08-07 10:00:00.000 UTC,2599.0
IQP,b43c5511bc0a4ea4b704b559,100085,True,607,,,,1,,
IQP,64e438a73e894fbd8ee89459,100086,True,2288,,,2022-02-25 10:00:00.000 UTC,3,2022-02-25 10:00:00.000 UTC,1666.0
IQP,31afd2bcb1864a4c9f319f29,100087,True,1078,2022-07-15 10:00:00.000 UTC,2022-07-15 10:00:00.000 UTC,2022-07-15 10:00:00.000 UTC,3,2022-07-15 10:00:00.000 UTC,1526.0
IQP,ddea07d56bdb40efb5ab211c,100088,True,0,2022-11-30 10:00:00.000 UTC,2022-11-30 10:00:00.000 UTC,,0,2022-11-30 10:00:00.000 UTC,1388.0
IQP,8a13f9d962944700ad3691af,100089,True,0,2020-12-29 10:00:00.000 UTC,2020-12-29 10:00:00.000 UTC,,0,2020-12-29 10:00:00.000 UTC,2089.0
IQP,96fb77e9793e4f25a0892562,100090,True,1273,2024-04-13 10:00:00.000 UTC,2024-04-13 10:00:00.000 UTC,2024-04-13 10:00:00.000 UTC,2,2024-04-13 10:00:00.000 UTC,888.0
IQP,0b930b441deb490abc957bda,100091,True,433,2026-08-19 10:00:00.000 UTC,2026-08-19 10:00:00.000 UTC,2026-08-19 10:00:00.000 UTC,2,2026-08-19 10:00:00.000 UTC,30.0
IQP,deef568e70774126bbb56b00,100092,True,0,,,,0,,
IQP,969b1e2b40c04b17adda4003,100093,True,0,2025-08-09 10:00:00.000 UTC,2025-08-09 10:00:00.000 UTC,2025-08-09 10:00:00.000 UTC,0,2025-08-09 10:00:00.000 UTC,405.0
IQP,8e79dcf6096842ddb9537eb2,100094,True,2639,2024-12-24 10:00:00.000 UTC,2024-12-24 10:00:00.000 UTC,2024-12-24 10:00:00.000 UTC,1,2024-12-24 10:00:00.000 UTC,633.0
IQP,553eab61cc4d436f9f663d79,100095,True,660,,,2025-08-01 10:00:00.000 UTC,2,2025-08-01 10:00:00.000 UTC,413.0
IQP,0ade8fc6a6ab46b5bd6e84dd,100096,True,2423,2025-11-23 10:00:00.000 UTC,2025-11-23 10:00:00.000 UTC,,4,2025-11-23 10:00:00.000 UTC,299.0
IQP,4e95dba0a3af49548ad32bf7,100097,True,6127,,,2026-08-13 10:00:00.000 UTC,2,2026-08-13 10:00:00.000 UTC,36.0
IQP,980a2c7966bd4eb299e42ca0,100098,True,3245,,,,2,,
IQP,b74e60570fb8453caac2dc12,100099,True,493,2026-07-22 10:00:00.000 UTC,2026-07-22 10:00:00.000 UTC,2026-07-22 10:00:00.000 UTC,1,2026-07-22 10:00:00.000 UTC,58.0
IQP,d5dba2636c5a4e388801cebf,100100,True,4199,2026-07-04 10:00:00.000 UTC,2026-07-04 10:00:00.000 UTC,2026-07-04 10:00:00.000 UTC,2,2026-07-04 10:00:00.000 UTC,76.0
IQP,71455bda626b4f65b191f159,100101,True,0,2024-06-23 10:00:00.000 UTC,2024-06-23 10:00:00.000 UTC,2024-06-23 10:00:00.000 UTC,0,2024-06-23 10:00:00.000 UTC,817.0
IQP,b4f1d288c71244aa93be6fa5,100102,True,1715,2025-08-18 10:00:00.000 UTC,2025-08-18 10:00:00.000 UTC,,1,2025-08-18 10:00:00.000 UTC,396.0
IQP,fbbc9ed0aaf74f339be55e85,100103,True,1714,2023-05-23 10:00:00.000 UTC,2023-05-23 10:00:00.000 UTC,2023-05-23 10:00:00.000 UTC,1,2023-05-23 10:00:00.000 UTC,1214.0
IQP,c9e4d52aeb72401581196d91,100104,True,1524,,,2025-04-20 10:00:00.000 UTC,1,2025-04-20 10:00:00.000 UTC,516.0
IQP,a0f9b5926bf1460b9430377d,100105,True,1187,2022-11-03 10:00:00.000 UTC,2022-11-03 10:00:00.000 UTC,2022-11-03 10:00:00.000 UTC,1,2022-11-03 10:00:00.000 UTC,1415.0
IQP,4fc9fdefd0e741eb9edcc982,100106,True,8127,,,,1,,
IQP,f3035aa8902d4d69a4952401,100107,True,548,2026-01-01 10:00:00.000 UTC,2026-01-01 10:00:00.000 UTC,2026-01-01 10:00:00.000 UTC,1,2026-01-01 10:00:00.000 UTC,260.0
IQP,f0a54a2454e34c0aa89e7354,100108,True,1420,2023-03-05 10:00:00.000 UTC,2023-03-05 10:00:00.000 UTC,2023-03-05 10:00:00.000 UTC,1,2023-03-05 10:00:00.000 UTC,1293.0
IQP,60600f70d16f450e9eb0f87c,100109,True,0,2026-03-21 10:00:00.000 UTC,2026-03-21 10:00:00.000 UTC,2026-03-21 10:00:00.000 UTC,0,2026-03-21 10:00:00.000 UTC,181.0
IQP,581da4f946f541cbb6577faf,100110,True,2812,2022-06-16 10:00:00.000 UTC,2022-06-16 10:00:00.000 UTC,,2,2022-06-16 10:00:00.000 UTC,1555.0
IQP,0cb71ebb9549498e8976b79a,100111,True,685,2026-03-31 10:00:00.000 UTC,2026-03-31 10:00:00.000 UTC,2026-03-31 10:00:00.000 UTC,1,2026-03-31 10:00:00.000 UTC,171.0
IQP,ebc9bf50066d44efbfcc9f7c,100112,True,14751,,,2025-06-13 10:00:00.000 UTC,3,2025-06-13 10:00:00.000 UTC,462.0
IQP,a5427445d51c45f8a6dc749b,100113,True,1414,2021-04-09 10:00:00.000 UTC,2021-04-09 10:00:00.000 UTC,2021-04-09 10:00:00.000 UTC,2,2021-04-09 10:00:00.000 UTC,1988.0
IQP,c18c5f406e2343fcb61e07a9,100114,True,3832,,,,2,,
IQP,1656abcaffe94462aa122046,100115,True,8464,,,,1,,
IQP,f55864a8a9e5455dbb306017,100116,True,521,2026-05-26 10:00:00.000 UTC,2026-05-26 10:00:00.000 UTC,,2,2026-05-26 10:00:00.000 UTC,115.0
IQP,c54d85f78fba40f78eacfb7d,100117,True,2423,2022-07-22 10:00:00.000 UTC,2022-07-22 10:00:00.000 UTC,2022-07-22 10:00:00.000 UTC,2,2022-07-22 10:00:00.000 UTC,1519.0
IQP,912cd321cad447d2b9a472cf,100118,True,274,,,2026-06-26 10:00:00.000 UTC,1,2026-06-26 10:00:00.000 UTC,84.0
IQP,a104f31cad4d404883584b35,100119,True,3284,,,2020-04-08 10:00:00.000 UTC,1,2020-04-08 10:00:00.000 UTC,2354.0
IQP,c56a2e36fe3e42d3a71b832f,100120,True,2704,,,2023-12-23 10:00:00.000 UTC,2,2023-12-23 10:00:00.000 UTC,1000.0
IQP,fd25d104529b482aaa70aad7,100121,True,11115,2026-07-13 10:00:00.000 UTC,2026-07-13 10:00:00.000 UTC,2026-07-13 10:00:00.000 UTC,2,2026-07-13 10:00:00.000 UTC,67.0
IQP,426ff90ccb2f4dfdbbdca5b8,100122,True,0,2025-12-11 10:00:00.000 UTC,2025-12-11 10:00:00.000 UTC,2025-12-11 10:00:00.000 UTC,0,2025-12-11 10:00:00.000 UTC,281.0
IQP,aeda371b934644d4be13fc77,100123,True,4297,2025-04-22 10:00:00.000 UTC,2025-04-22 10:00:00.000 UTC,,1,2025-04-22 10:00:00.000 UTC,514.0
IQP,83ef8932ec73423580aa0c3c,100124,True,2592,,,2024-02-14 10:00:00.000 UTC,2,2024-02-14 10:00:00.000 UTC,947.0
IQP,1ae5ff64b12a43c68c504a79,100125,True,633,2021-02-06 10:00:00.000 UTC,2021-02-06 10:00:00.000 UTC,2021-02-06 10:00:00.000 UTC,1,2021-02-06 10:00:00.000 UTC,2050.0
IQP,20c4c29dff6d47a5af85876f,100126,True,5165,2021-05-04 10:00:00.000 UTC,2021-05-04 10:00:00.000 UTC,2021-05-04 10:00:00.000 UTC,1,2021-05-04 10:00:00.000 UTC,1963.0
IQP,b724a78eb6ff4019a493062d,100127,True,14196,2024-06-22 10:00:00.000 UTC,2024-06-22 10:00:00.000 UTC,,1,2024-06-22 10:00:00.000 UTC,818.0
IQP,39ba053f36d149de95e5248d,100128,True,0,,,2025-07-24 10:00:00.000 UTC,0,2025-07-24 10:00:00.000 UTC,421.0
IQP,021120120a9143e3b4b06c8f,100129,True,9154,,,2025-08-20 10:00:00.000 UTC,3,2025-08-20 10:00:00.000 UTC,394.0
IQP,e3d084c5d91c40a287549685,100130,True,0,,,,0,,
IQP,89c80d6f2d5942cda2e12c9e,100131,True,12461,2023-07-16 10:00:00.000 UTC,2023-07-16 10:00:00.000 UTC,,2,2023-07-16 10:00:00.000 UTC,1160.0
IQP,7945f11dd48940de85a80b31,100132,True,2950,2025-06-21 10:00:00.000 UTC,2025-06-21 10:00:00.000 UTC,2025-06-21 10:00:00.000 UTC,1,2025-06-21 10:00:00.000 UTC,454.0
IQP,e8bc10da25a0431381609ed1,100133,True,1809,2020-08-30 10:00:00.000 UTC,2020-08-30 10:00:00.000 UTC,2020-08-30 10:00:00.000 UTC,2,2020-08-30 10:00:00.000 UTC,2210.0
IQP,c6ab8f881c094e60a6c8da77,100134,True,141,2023-01-14 10:00:00.000 UTC,2023-01-14 10:00:00.000 UTC,2023-01-14 10:00:00.000 UTC,3,2023-01-14 10:00:00.000 UTC,1343.0
IQP,8143ef48f6354c478473750f,100135,True,0,2022-07-25 10:00:00.000 UTC,2022-07-25 10:00:00.000 UTC,2022-07-25 10:00:00.000 UTC,0,2022-07-25 10:00:00.000 UTC,1516.0
IQP,6a09a0bbc9ae4f9c83336627,100136,True,374,,,,2,,
IQP,243c9805b2814032a370b79b,100137,True,9811,2023-06-10 10:00:00.000 UTC,2023-06-10 10:00:00.000 UTC,2023-06-10 10:00:00.000 UTC,1,2023-06-10 10:00:00.000 UTC,1196.0
IQP,1e6fb677492549e3a5b502b5,100138,True,7270,2024-10-24 10:00:00.000 UTC,2024-10-24 10:00:00.000 UTC,,1,2024-10-24 10:00:00.000 UTC,694.0
IQP,b6e0b811dd9d497eb944edb2,100139,True,9047,,,2025-12-16 10:00:00.000 UTC,1,2025-12-16 10:00:00.000 UTC,276.0
IQP,4644fe7960b441f296d21584,100140,True,14381,,,2025-09-21 10:00:00.000 UTC,3,2025-09-21 10:00:00.000 UTC,362.0
IQP,5dc07732ab7e4321a0d283f6,100141,True,860,2025-04-09 10:00:00.000 UTC,2025-04-09 10:00:00.000 UTC,,1,2025-04-09 10:00:00.000 UTC,527.0
IQP,40cc99128d0f45d1b3e210f6,100142,True,554,,,,1,,
IQP,9d076922d2314f77b7755336,100143,True,3060,,,,2,,
IQP,6a580bbbc6b84616b6029234,100144,True,5934,,,2022-06-21 10:00:00.000 UTC,1,2022-06-21 10:00:00.000 UTC,1550.0
IQP,3e774e320d8f4cf9a1cea58e,100145,True,1116,2022-03-25 10:00:00.000 UTC,2022-03-25 10:00:00.000 UTC,,2,2022-03-25 10:00:00.000 UTC,1638.0
IQP,6adf9706cdc1499396288b3a,100146,True,234,2020-08-19 10:00:00.000 UTC,2020-08-19 10:00:00.000 UTC,,2,2020-08-19 10:00:00.000 UTC,2221.0
IQP,6519c7dc7fa54ada88fcf8ee,100147,True,1996,2026-08-15 10:00:00.000 UTC,2026-08-15 10:00:00.000 UTC,2026-08-15 10:00:00.000 UTC,2,2026-08-15 10:00:00.000 UTC,34.0
IQP,6a6e9567179b4f08bbd01da3,100148,True,123,,,,2,,
IQP,91863c8283b742d58b827bfd,100149,True,823,,,2023-08-24 10:00:00.000 UTC,1,2023-08-24 10:00:00.000 UTC,1121.0
IQP,6d5245939d554254aa0e8e5b,100150,True,500,2023-10-06 10:00:00.000 UTC,2023-10-06 10:00:00.000 UTC,2023-10-06 10:00:00.000 UTC,1,2023-10-06 10:00:00.000 UTC,1078.0
IQP,348d65e783374c3293f66ca8,100151,True,0,,,,0,,
IQP,5ad7211420194f1da67c352f,100152,True,3992,2023-07-19 10:00:00.000 UTC,2023-07-19 10:00:00.000 UTC,,1,2023-07-19 10:00:00.000 UTC,1157.0
IQP,08115c8a5bfd46e78c1792f3,100153,True,0,2023-10-21 10:00:00.000 UTC,2023-10-21 10:00:00.000 UTC,2023-10-21 10:00:00.000 UTC,0,2023-10-21 10:00:00.000 UTC,1063.0
IQP,af971864f15d4f7fb6715f7a,100154,True,303,2024-12-27 10:00:00.000 UTC,2024-12-27 10:00:00.000 UTC,2024-12-27 10:00:00.000 UTC,1,2024-12-27 10:00:00.000 UTC,630.0
IQP,183fb32edc77409b912886ff,100155,True,544,,,2026-02-02 10:00:00.000 UTC,1,2026-02-02 10:00:00.000 UTC,228.0
IQP,2750cd18c24543579f51222a,100156,True,726,2021-01-06 10:00:00.000 UTC,2021-01-06 10:00:00.000 UTC,,1,2021-01-06 10:00:00.000 UTC,2081.0
IQP,d10daa8ecb0249dcaca627c3,100157,True,0,,,,0,,
IQP,1658b7c964ad416f9d2fa2e2,100158,True,14993,2025-05-13 10:00:00.000 UTC,2025-05-13 10:00:00.000 UTC,2025-05-13 10:00:00.000 UTC,2,2025-05-13 10:00:00.000 UTC,493.0
IQP,6bbed51f88974171be614de6,100159,True,452,2024-09-22 10:00:00.000 UTC,2024-09-22 10:00:00.000 UTC,,4,2024-09-22 10:00:00.000 UTC,726.0
IQP,18c12286f2b04296b0f06750,100160,True,1646,2026-08-25 10:00:00.000 UTC,2026-08-25 10:00:00.000 UTC,2026-08-25 10:00:00.000 UTC,1,2026-08-25 10:00:00.000 UTC,24.0
IQP,40e5e7622dea4bcbbe972095,100161,True,0,2024-10-23 10:00:00.000 UTC,2024-10-23 10:00:00.000 UTC,2024-10-23 10:00:00.000 UTC,0,2024-10-23 10:00:00.000 UTC,695.0
IQP,3bf6e301b1e5485a9fc8617a,100162,True,806,2023-06-08 10:00:00.000 UTC,2023-06-08 10:00:00.000 UTC,,2,2023-06-08 10:00:00.000 UTC,1198.0
IQP,88f906d3f3c54907b60b27cd,100163,True,3799,2021-10-20 10:00:00.000 UTC,2021-10-20 10:00:00.000 UTC,2021-10-20 10:00:00.000 UTC,1,2021-10-20 10:00:00.000 UTC,1794.0
IQP,f302caa54df042ed851c184c,100164,True,215,,,2026-09-10 10:00:00.000 UTC,2,2026-09-10 10:00:00.000 UTC,8.0
IQP,dc2f3aa6996f47e79d34a992,100165,True,2019,,,,3,,
IQP,9c8b23f2380e451a8aba59bc,100166,True,1496,,,2025-03-19 10:00:00.000 UTC,2,2025-03-19 10:00:00.000 UTC,548.0
IQP,a0e80f46de8b400687c3fa7c,100167,True,6106,,,2024-07-23 10:00:00.000 UTC,2,2024-07-23 10:00:00.000 UTC,787.0
IQP,d95fd2838b684bddb24c7323,100168,True,0,2022-06-23 10:00:00.000 UTC,2022-06-23 10:00:00.000 UTC,2022-06-23 10:00:00.000 UTC,0,2022-06-23 10:00:00.000 UTC,1548.0
IQP,5ea8df394a054bb09a2c6e48,100169,True,1035,,,,1,,
IQP,b3847b1f4e044b95a4871e24,100170,True,1020,,,2020-02-08 10:00:00.000 UTC,1,2020-02-08 10:00:00.000 UTC,2414.0
IQP,2b37ba8ee86f444cb6fde3d2,100171,True,1332,2019-08-28 10:00:00.000 UTC,2019-08-28 10:00:00.000 UTC,2019-08-28 10:00:00.000 UTC,2,2019-08-28 10:00:00.000 UTC,2578.0
IQP,8be6ae01cf1d4dae958914be,100172,True,0,,,,0,,
IQP,834cec15033f484d816e760f,100173,True,0,,,2022-07-15 10:00:00.000 UTC,0,2022-07-15 10:00:00.000 UTC,1526.0
IQP,de33410cfa9f4623817048db,100174,True,0,,,,0,,
IQP,ae7b7ea501e24f34b0362476,100175,True,0,2026-06-04 10:00:00.000 UTC,2026-06-04 10:00:00.000 UTC,,0,2026-06-04 10:00:00.000 UTC,106.0
IQP,3b99d28d5c874987bba961a3,100176,True,2351,,,,3,,
IQP,b4bfa3f9e4d84dc5b25268ad,100177,True,623,2024-12-06 10:00:00.000 UTC,2024-12-06 10:00:00.000 UTC,2024-12-06 10:00:00.000 UTC,1,2024-12-06 10:00:00.000 UTC,651.0
IQP,9d9a5a4942654e0ca9591cae,100178,True,650,2025-03-11 10:00:00.000 UTC,2025-03-11 10:00:00.000 UTC,2025-03-11 10:00:00.000 UTC,2,2025-03-11 10:00:00.000 UTC,556.0
IQP,09e8177db1dd4042b58b6368,100179,True,7134,2024-11-18 10:00:00.000 UTC,2024-11-18 10:00:00.000 UTC,,1,2024-11-18 10:00:00.000 UTC,669.0
IQP,bf0dd514d2064ae590153fe8,100180,True,1560,2026-05-26 10:00:00.000 UTC,2026-05-26 10:00:00.000 UTC,,1,2026-05-26 10:00:00.000 UTC,115.0
IQP,5dacede462e54903ae262e7f,100181,True,2422,2025-09-30 10:00:00.000 UTC,2025-09-30 10:00:00.000 UTC,2025-09-30 10:00:00.000 UTC,1,2025-09-30 10:00:00.000 UTC,353.0
IQP,8c115f12e58543b08483ce50,100182,True,2606,2021-05-28 10:00:00.000 UTC,2021-05-28 10:00:00.000 UTC,2021-05-28 10:00:00.000 UTC,1,2021-05-28 10:00:00.000 UTC,1939.0
IQP,819aa52f2e4549ba895d91b6,100183,True,566,2024-07-08 10:00:00.000 UTC,2024-07-08 10:00:00.000 UTC,2024-07-08 10:00:00.000 UTC,1,2024-07-08 10:00:00.000 UTC,802.0
IQP,81e7bde6a74e4e0e8263317a,100184,True,258,,,,1,,
IQP,4c7890730a314c37917bb58e,100185,True,6004,2025-12-16 10:00:00.000 UTC,2025-12-16 10:00:00.000 UTC,2025-12-16 10:00:00.000 UTC,2,2025-12-16 10:00:00.000 UTC,276.0
IQP,4a266085a54049b1a5b401df,100186,True,891,2026-09-07 10:00:00.000 UTC,2026-09-07 10:00:00.000 UTC,2026-09-07 10:00:00.000 UTC,1,2026-09-07 10:00:00.000 UTC,11.0
IQP,ea4dbd50a20e4ce2907aba10,100187,True,0,2026-06-06 10:00:00.000 UTC,2026-06-06 10:00:00.000 UTC,,0,2026-06-06 10:00:00.000 UTC,104.0
IQP,94c9cd34e32a4e22826faf82,100188,True,1427,2026-08-11 10:00:00.000 UTC,2026-08-11 10:00:00.000 UTC,,1,2026-08-11 10:00:00.000 UTC,38.0
IQP,ff746a6c5b6443cebcb0ee6d,100189,True,1848,,,,1,,
IQP,e30ebdf6cfe14f4d92fa0d5b,100190,True,0,2020-07-11 10:00:00.000 UTC,2020-07-11 10:00:00.000 UTC,,0,2020-07-11 10:00:00.000 UTC,2260.0
IQP,55f779a8fd1145418394ffd1,100191,True,1675,2024-08-10 10:00:00.000 UTC,2024-08-10 10:00:00.000 UTC,,1,2024-08-10 10:00:00.000 UTC,769.0
IQP,784726089f9f45e5af2d732b,100192,True,2935,2024-08-24 10:00:00.000 UTC,2024-08-24 10:00:00.000 UTC,2024-08-24 10:00:00.000 UTC,1,2024-08-24 10:00:00.000 UTC,755.0
IQP,13375d6f1c5541bfb4380120,100193,True,0,2026-05-23 10:00:00.000 UTC,2026-05-23 10:00:00.000 UTC,,0,2026-05-23 10:00:00.000 UTC,118.0
IQP,13cbdf18c1014a6e8d2a7ea1,100194,True,3631,,,2025-08-08 10:00:00.000 UTC,2,2025-08-08 10:00:00.000 UTC,406.0
IQP,38822e85dca14365afcf6979,100195,True,0,,,,0,,
IQP,3b260e01841848e1a61ffa3f,100196,True,1491,2023-12-14 10:00:00.000 UTC,2023-12-14 10:00:00.000 UTC,,2,2023-12-14 10:00:00.000 UTC,1009.0
IQP,3d6d6876d5204b1484682a2c,100197,True,4145,,,2026-06-29 10:00:00.000 UTC,3,2026-06-29 10:00:00.000 UTC,81.0
IQP,847c4585fabb48b1b9088916,100198,True,1202,2025-06-21 10:00:00.000 UTC,2025-06-21 10:00:00.000 UTC,,1,2025-06-21 10:00:00.000 UTC,454.0
IQP,a6bce5585e654782b539fea8,100199,True,491,2020-08-02 10:00:00.000 UTC,2020-08-02 10:00:00.000 UTC,,1,2020-08-02 10:00:00.000 UTC,2238.0
IQP,a33ff1a11df8494e8510d8fc,100200,True,512,2020-04-13 10:00:00.000 UTC,2020-04-13 10:00:00.000 UTC,,1,2020-04-13 10:00:00.000 UTC,2349.0
IQP,5c122f0826d344c5927d6868,100201,True,0,2025-03-19 10:00:00.000 UTC,2025-03-19 10:00:00.000 UTC,2025-03-19 10:00:00.000 UTC,0,2025-03-19 10:00:00.000 UTC,548.0
IQP,f3057544c8154f75b726c189,100202,True,6138,2021-03-11 10:00:00.000 UTC,2021-03-11 10:00:00.000 UTC,2021-03-11 10:00:00.000 UTC,2,2021-03-11 10:00:00.000 UTC,2017.0
IQP,819bc420475d45d5bc0cf63f,100203,True,1676,2023-12-10 10:00:00.000 UTC,2023-12-10 10:00:00.000 UTC,,2,2023-12-10 10:00:00.000 UTC,1013.0
IQP,3d6bfeef8b834cc69bbcca34,100204,True,0,2024-02-18 10:00:00.000 UTC,2024-02-18 10:00:00.000 UTC,,0,2024-02-18 10:00:00.000 UTC,943.0
IQP,0bb7a2df47024cf89f65084c,100205,True,1927,2019-01-06 10:00:00.000 UTC,2019-01-06 10:00:00.000 UTC,,1,2019-01-06 10:00:00.000 UTC,2812.0
IQP,f52658ebe12742c4a573fafb,100206,True,1544,2026-08-09 10:00:00.000 UTC,2026-08-09 10:00:00.000 UTC,2026-08-09 10:00:00.000 UTC,3,2026-08-09 10:00:00.000 UTC,40.0
IQP,8af24eff9dc44ca585df6516,100207,True,256,2024-09-10 10:00:00.000 UTC,2024-09-10 10:00:00.000 UTC,,2,2024-09-10 10:00:00.000 UTC,738.0
IQP,f4cedacfcb004ecf82c446d0,100208,True,2175,2022-08-30 10:00:00.000 UTC,2022-08-30 10:00:00.000 UTC,2022-08-30 10:00:00.000 UTC,2,2022-08-30 10:00:00.000 UTC,1480.0
IQP,e73417b45c094d10b18cf7f8,100209,True,173,2024-12-14 10:00:00.000 UTC,2024-12-14 10:00:00.000 UTC,,1,2024-12-14 10:00:00.000 UTC,643.0
IQP,6e27aa7225d94e00ab59af61,100210,True,998,,,2026-09-08 10:00:00.000 UTC,2,2026-09-08 10:00:00.000 UTC,10.0
IQP,875009f02c514b778d2c8a68,100211,True,16663,2022-04-19 10:00:00.000 UTC,2022-04-19 10:00:00.000 UTC,2022-04-19 10:00:00.000 UTC,3,2022-04-19 10:00:00.000 UTC,1613.0
IQP,395b52eb58ec43b8b85eb391,100212,True,3733,,,,1,,
IQP,7a4fcdf53aaf4e678b919436,100213,True,2175,2026-07-18 10:00:00.000 UTC,2026-07-18 10:00:00.000 UTC,,1,2026-07-18 10:00:00.000 UTC,62.0
IQP,da6f2b66abd441ee926f6f88,100214,True,1395,2018-04-26 10:00:00.000 UTC,2018-04-26 10:00:00.000 UTC,,1,2018-04-26 10:00:00.000 UTC,3067.0
IQP,ff409cae7d2340d8a6bbcdb1,100215,True,5011,2024-07-07 10:00:00.000 UTC,2024-07-07 10:00:00.000 UTC,2024-07-07 10:00:00.000 UTC,1,2024-07-07 10:00:00.000 UTC,803.0
IQP,1ff001767f1c4f258c07054a,100216,True,0,2023-03-02 10:00:00.000 UTC,2023-03-02 10:00:00.000 UTC,2023-03-02 10:00:00.000 UTC,0,2023-03-02 10:00:00.000 UTC,1296.0
IQP,b8ee811f402b47deaefac8c4,100217,True,1311,,,2023-10-24 10:00:00.000 UTC,4,2023-10-24 10:00:00.000 UTC,1060.0
IQP,b190eed4bc71452c9f6058b0,100218,True,5057,2026-02-25 10:00:00.000 UTC,2026-02-25 10:00:00.000 UTC,,2,2026-02-25 10:00:00.000 UTC,205.0
IQP,b75c92fa083043b69c1b9b3a,100219,True,75,2026-09-16 10:00:00.000 UTC,2026-09-16 10:00:00.000 UTC,2026-09-16 10:00:00.000 UTC,3,2026-09-16 10:00:00.000 UTC,2.0
IQP,43c79ee037834b8db3cf51aa,100220,True,1134,,,2025-12-08 10:00:00.000 UTC,1,2025-12-08 10:00:00.000 UTC,284.0
IQP,ab209eff5ae841809f4dc1cf,100221,True,4777,,,2024-01-04 10:00:00.000 UTC,1,2024-01-04 10:00:00.000 UTC,988.0
IQP,32992bf3f353488f87332d78,100222,True,246,,,2025-06-28 10:00:00.000 UTC,2,2025-06-28 10:00:00.000 UTC,447.0
IQP,d3f0639ace7c4a2a89a72eb1,100223,True,0,,,,0,,
IQP,481f9bf913d940cb9da404b6,100224,True,1125,,,2020-12-24 10:00:00.000 UTC,2,2020-12-24 10:00:00.000 UTC,2094.0
IQP,8742ce673f7345d7a426068b,100225,True,7396,2024-09-27 10:00:00.000 UTC,2024-09-27 10:00:00.000 UTC,2024-09-27 10:00:00.000 UTC,1,2024-09-27 10:00:00.000 UTC,721.0
IQP,1575e49d6297462fb322ffaf,100226,True,1755,2026-05-27 10:00:00.000 UTC,2026-05-27 10:00:00.000 UTC,2026-05-27 10:00:00.000 UTC,1,2026-05-27 10:00:00.000 UTC,114.0
IQP,c6a5c33bf73f402e998542fd,100227,True,1547,,,2023-07-15 10:00:00.000 UTC,2,2023-07-15 10:00:00.000 UTC,1161.0
IQP,d772739990744f51bd16530d,100228,True,933,2026-04-14 10:00:00.000 UTC,2026-04-14 10:00:00.000 UTC,2026-04-14 10:00:00.000 UTC,1,2026-04-14 10:00:00.000 UTC,157.0
IQP,4093d126ba9b4f05be7177b4,100229,True,1129,2025-05-09 10:00:00.000 UTC,2025-05-09 10:00:00.000 UTC,2025-05-09 10:00:00.000 UTC,3,2025-05-09 10:00:00.000 UTC,497.0
IQP,b08a9483527641838b14e411,100230,True,1090,2025-03-07 10:00:00.000 UTC,2025-03-07 10:00:00.000 UTC,,1,2025-03-07 10:00:00.000 UTC,560.0
IQP,5df24a5ce6b64977bf429702,100231,True,179,,,2023-05-20 10:00:00.000 UTC,1,2023-05-20 10:00:00.000 UTC,1217.0
IQP,7c5dc08ce9e542acb27b87bc,100232,True,427,,,2023-09-21 10:00:00.000 UTC,1,2023-09-21 10:00:00.000 UTC,1093.0
IQP,f103308c07774545bf394530,100233,True,139,2025-01-10 10:00:00.000 UTC,2025-01-10 10:00:00.000 UTC,,1,2025-01-10 10:00:00.000 UTC,616.0
IQP,3bcba597080249a38b025146,100234,True,1273,,,2020-01-02 10:00:00.000 UTC,2,2020-01-02 10:00:00.000 UTC,2451.0
IQP,cad0b2a77462408991a93bb6,100235,True,1197,,,,2,,
IQP,4be3c83f59eb47a9ac03d5ff,100236,True,1618,,,2026-06-04 10:00:00.000 UTC,1,2026-06-04 10:00:00.000 UTC,106.0
IQP,8ae0fbc949574cfa862513a0,100237,True,12581,,,2023-06-11 10:00:00.000 UTC,1,2023-06-11 10:00:00.000 UTC,1195.0
IQP,152ec6db531a4fae96de366c,100238,True,3101,2025-02-18 10:00:00.000 UTC,2025-02-18 10:00:00.000 UTC,2025-02-18 10:00:00.000 UTC,1,2025-02-18 10:00:00.000 UTC,577.0
IQP,9f4e7ad051124a5ca94591b3,100239,True,321,,,,1,,
IQP,8caf769389274df6b48dc23e,100240,True,1037,2023-08-08 10:00:00.000 UTC,2023-08-08 10:00:00.000 UTC,2023-08-08 10:00:00.000 UTC,2,2023-08-08 10:00:00.000 UTC,1137.0
IQP,5f01ebbfa7cd40498b2412d3,100241,True,324,2025-02-18 10:00:00.000 UTC,2025-02-18 10:00:00.000 UTC,,2,2025-02-18 10:00:00.000 UTC,577.0
IQP,9ee6974f4df74d848b8586dc,100242,True,5005,2018-05-11 10:00:00.000 UTC,2018-05-11 10:00:00.000 UTC,,1,2018-05-11 10:00:00.000 UTC,3052.0
IQP,1f67b93fefd54c5d9efe64b9,100243,True,3409,2024-09-30 10:00:00.000 UTC,2024-09-30 10:00:00.000 UTC,2024-09-30 10:00:00.000 UTC,1,2024-09-30 10:00:00.000 UTC,718.0
IQP,ae3215f2faca4b00ae152317,100244,True,5935,,,2024-03-18 10:00:00.000 UTC,3,2024-03-18 10:00:00.000 UTC,914.0
IQP,643e45e8408046ceb63d77a1,100245,True,1792,,,,1,,
IQP,0f095dbac49b4983aebd32fd,100246,True,614,2023-07-25 10:00:00.000 UTC,2023-07-25 10:00:00.000 UTC,2023-07-25 10:00:00.000 UTC,4,2023-07-25 10:00:00.000 UTC,1151.0
IQP,331ef324073f46f9b407f51d,100247,True,827,2026-08-18 10:00:00.000 UTC,2026-08-18 10:00:00.000 UTC,,1,2026-08-18 10:00:00.000 UTC,31.0
IQP,f7f20e417e224683b1f9e902,100248,True,2463,,,2025-09-28 10:00:00.000 UTC,1,2025-09-28 10:00:00.000 UTC,355.0
IQP,54f2e0ff97ea4b4faac8f563,100249,True,274,2024-01-21 10:00:00.000 UTC,2024-01-21 10:00:00.000 UTC,2024-01-21 10:00:00.000 UTC,1,2024-01-21 10:00:00.000 UTC,971.0
IQP,1c9db25b34894161a0d1dcf6,100250,True,1079,,,2026-03-24 10:00:00.000 UTC,3,2026-03-24 10:00:00.000 UTC,178.0
IQP,cc33956bb8474da88827bbd9,100251,True,7003,2024-07-19 10:00:00.000 UTC,2024-07-19 10:00:00.000 UTC,2024-07-19 10:00:00.000 UTC,1,2024-07-19 10:00:00.000 UTC,791.0
IQP,b6ee27e76c264a5782f32ec8,100252,True,2710,,,2024-05-08 10:00:00.000 UTC,3,2024-05-08 10:00:00.000 UTC,863.0
IQP,a3193057d9c2495baebf8fce,100253,True,2098,2023-03-11 10:00:00.000 UTC,2023-03-11 10:00:00.000 UTC,,1,2023-03-11 10:00:00.000 UTC,1287.0
IQP,7a5ccff4389a4ef78ece93d4,100254,True,706,2025-03-29 10:00:00.000 UTC,2025-03-29 10:00:00.000 UTC,,1,2025-03-29 10:00:00.000 UTC,538.0
IQP,6c5713faed644031ac83c3c3,100255,True,1211,,,,4,,
IQP,70c21d7071174e9fa3c8e523,100256,True,5230,2024-10-21 10:00:00.000 UTC,2024-10-21 10:00:00.000 UTC,,3,2024-10-21 10:00:00.000 UTC,697.0
IQP,412f73e5246540df899e868f,100257,True,0,,,2026-06-10 10:00:00.000 UTC,0,2026-06-10 10:00:00.000 UTC,100.0
IQP,6e6c749d62a34c008debae1b,100258,True,4465,,,2025-05-18 10:00:00.000 UTC,2,2025-05-18 10:00:00.000 UTC,488.0
IQP,9ee503a862904ad79e5afb66,100259,True,3129,,,2022-03-31 10:00:00.000 UTC,1,2022-03-31 10:00:00.000 UTC,1632.0
IQP,5dc00bcbe01a4261bd720eae,100260,True,355,2022-05-21 10:00:00.000 UTC,2022-05-21 10:00:00.000 UTC,,1,2022-05-21 10:00:00.000 UTC,1581.0
IQP,5f93809939454effbc8462a9,100261,True,4229,2026-05-24 10:00:00.000 UTC,2026-05-24 10:00:00.000 UTC,2026-05-24 10:00:00.000 UTC,2,2026-05-24 10:00:00.000 UTC,117.0
IQP,8abdc51025ef44409afb2149,100262,True,4211,2024-07-31 10:00:00.000 UTC,2024-07-31 10:00:00.000 UTC,2024-07-31 10:00:00.000 UTC,2,2024-07-31 10:00:00.000 UTC,779.0
IQP,99590337a1a84756a7aad4e3,100263,True,5220,2026-06-02 10:00:00.000 UTC,2026-06-02 10:00:00.000 UTC,,3,2026-06-02 10:00:00.000 UTC,108.0
IQP,8ede7684587b40439fa0b0ff,100264,True,6951,,,2026-08-12 10:00:00.000 UTC,1,2026-08-12 10:00:00.000 UTC,37.0
IQP,5756b2df5a7944a1916fe154,100265,True,15647,2026-08-07 10:00:00.000 UTC,2026-08-07 10:00:00.000 UTC,,1,2026-08-07 10:00:00.000 UTC,42.0
IQP,d09c6d41fa2b4214aa56349a,100266,True,693,,,,1,,
IQP,deedadc85064499ab4b62175,100267,True,180,,,2025-09-05 10:00:00.000 UTC,1,2025-09-05 10:00:00.000 UTC,378.0
IQP,a688d427fb8e41a291837182,100268,True,1357,,,2023-12-18 10:00:00.000 UTC,2,2023-12-18 10:00:00.000 UTC,1005.0
IQP,5abf22f359a742518b662d92,100269,True,7908,2022-11-13 10:00:00.000 UTC,2022-11-13 10:00:00.000 UTC,2022-11-13 10:00:00.000 UTC,1,2022-11-13 10:00:00.000 UTC,1405.0
IQP,e92e6f36d3124e2781fa70f6,100270,True,7191,,,,1,,
IQP,50c96d11df424f55a4daafed,100271,True,599,,,2023-02-08 10:00:00.000 UTC,3,2023-02-08 10:00:00.000 UTC,1318.0
IQP,9eb82827a3ac4fbc81021c18,100272,True,0,2021-04-05 10:00:00.000 UTC,2021-04-05 10:00:00.000 UTC,,0,2021-04-05 10:00:00.000 UTC,1992.0
IQP,182a084691a240b19d457f46,100273,True,20910,2025-01-26 10:00:00.000 UTC,2025-01-26 10:00:00.000 UTC,,1,2025-01-26 10:00:00.000 UTC,600.0
IQP,4fefc962e4aa492abc5438bc,100274,True,4176,2021-10-16 10:00:00.000 UTC,2021-10-16 10:00:00.000 UTC,,1,2021-10-16 10:00:00.000 UTC,1798.0
IQP,54ced05ece824d358ad95af3,100275,True,0,2021-09-27 10:00:00.000 UTC,2021-09-27 10:00:00.000 UTC,2021-09-27 10:00:00.000 UTC,0,2021-09-27 10:00:00.000 UTC,1817.0
IQP,ad86210514e74e598a8a4cf7,100276,True,1946,,,2021-04-14 10:00:00.000 UTC,1,2021-04-14 10:00:00.000 UTC,1983.0
IQP,b65480d399c8458e90901422,100277,True,91,,,,1,,
IQP,08cbaf5f5f7d4c5b857cbab9,100278,True,1786,2023-08-26 10:00:00.000 UTC,2023-08-26 10:00:00.000 UTC,2023-08-26 10:00:00.000 UTC,1,2023-08-26 10:00:00.000 UTC,1119.0
IQP,eeb729dfea6d4e15938f2cc0,100279,True,1167,2025-03-25 10:00:00.000 UTC,2025-03-25 10:00:00.000 UTC,2025-03-25 10:00:00.000 UTC,5,2025-03-25 10:00:00.000 UTC,542.0
IQP,f7853b40dff540da98f4b166,100280,True,960,,,2022-05-26 10:00:00.000 UTC,3,2022-05-26 10:00:00.000 UTC,1576.0
IQP,41cf3653e5bf4cc38f12af00,100281,True,3619,2022-09-07 10:00:00.000 UTC,2022-09-07 10:00:00.000 UTC,2022-09-07 10:00:00.000 UTC,3,2022-09-07 10:00:00.000 UTC,1472.0
IQP,9658106cffc24323a4e30b31,100282,True,1229,2023-06-11 10:00:00.000 UTC,2023-06-11 10:00:00.000 UTC,2023-06-11 10:00:00.000 UTC,1,2023-06-11 10:00:00.000 UTC,1195.0
IQP,72f4517db22c494289c81725,100283,True,14534,2026-06-15 10:00:00.000 UTC,2026-06-15 10:00:00.000 UTC,2026-06-15 10:00:00.000 UTC,1,2026-06-15 10:00:00.000 UTC,95.0
IQP,6af0473defbe4b74be285012,100284,True,4281,,,2025-01-17 10:00:00.000 UTC,2,2025-01-17 10:00:00.000 UTC,609.0
IQP,c778ea4af51749c1b1b451d3,100285,True,1582,2026-05-03 10:00:00.000 UTC,2026-05-03 10:00:00.000 UTC,,2,2026-05-03 10:00:00.000 UTC,138.0
IQP,79c20d5b27ab4668bbff1b45,100286,True,0,2024-12-02 10:00:00.000 UTC,2024-12-02 10:00:00.000 UTC,,0,2024-12-02 10:00:00.000 UTC,655.0
IQP,fd43a688683e45f9bcc8ad02,100287,True,9350,,,2026-01-15 10:00:00.000 UTC,2,2026-01-15 10:00:00.000 UTC,246.0
IQP,e96ef7d198d94d489281b53e,100288,True,1394,2024-04-28 10:00:00.000 UTC,2024-04-28 10:00:00.000 UTC,2024-04-28 10:00:00.000 UTC,3,2024-04-28 10:00:00.000 UTC,873.0
IQP,154524b13a15475097a3f747,100289,True,3422,2025-03-27 10:00:00.000 UTC,2025-03-27 10:00:00.000 UTC,2025-03-27 10:00:00.000 UTC,2,2025-03-27 10:00:00.000 UTC,540.0
IQP,e65d53f087b14795baa0c60d,100290,True,1275,,,2018-02-14 10:00:00.000 UTC,3,2018-02-14 10:00:00.000 UTC,3138.0
IQP,9affb27bd6ad4ffd8a15cecd,100291,True,2845,2026-08-26 10:00:00.000 UTC,2026-08-26 10:00:00.000 UTC,,3,2026-08-26 10:00:00.000 UTC,23.0
IQP,4cd20a3e10df45d78d975e20,100292,True,42,2025-05-04 10:00:00.000 UTC,2025-05-04 10:00:00.000 UTC,,2,2025-05-04 10:00:00.000 UTC,502.0
IQP,2550fc8eaea9478a807ea96a,100293,True,3579,2019-11-10 10:00:00.000 UTC,2019-11-10 10:00:00.000 UTC,,1,2019-11-10 10:00:00.000 UTC,2504.0
IQP,8f069b26919c496ebe03b2a9,100294,True,2458,2025-12-17 10:00:00.000 UTC,2025-12-17 10:00:00.000 UTC,,1,2025-12-17 10:00:00.000 UTC,275.0
IQP,05a23fd934104a0ab9ee3c1b,100295,True,1071,2021-08-07 10:00:00.000 UTC,2021-08-07 10:00:00.000 UTC,,3,2021-08-07 10:00:00.000 UTC,1868.0
IQP,886d0d5b9b4c4cb88d4af3f2,100296,True,0,2021-06-23 10:00:00.000 UTC,2021-06-23 10:00:00.000 UTC,2021-06-23 10:00:00.000 UTC,0,2021-06-23 10:00:00.000 UTC,1913.0
IQP,679080d64b9b44369e986a0b,100297,True,2311,,,,2,,
IQP,0742778da99643da8b673a04,100298,True,376,2025-09-20 10:00:00.000 UTC,2025-09-20 10:00:00.000 UTC,,1,2025-09-20 10:00:00.000 UTC,363.0
IQP,2b40384a8c7c4e4091713c90,100299,True,0,2024-12-07 10:00:00.000 UTC,2024-12-07 10:00:00.000 UTC,,0,2024-12-07 10:00:00.000 UTC,650.0
IQP,1783a9aaf072428490ca58c3,100300,True,0,,,,0,,
IQP,c75dd594fdff4a3691f99760,100301,True,649,,,,1,,
IQP,05f8719089a7484f818e522c,100302,True,5905,,,,3,,
IQP,044d6c80c8d74d90beb6d04f,100303,True,2675,2023-04-06 10:00:00.000 UTC,2023-04-06 10:00:00.000 UTC,2023-04-06 10:00:00.000 UTC,2,2023-04-06 10:00:00.000 UTC,1261.0
IQP,77d1b01673a54bfeade589c0,100304,True,3259,2024-09-11 10:00:00.000 UTC,2024-09-11 10:00:00.000 UTC,2024-09-11 10:00:00.000 UTC,1,2024-09-11 10:00:00.000 UTC,737.0
IQP,bd29765bad9643ed8dce0d1c,100305,True,144,2021-10-31 10:00:00.000 UTC,2021-10-31 10:00:00.000 UTC,,3,2021-10-31 10:00:00.000 UTC,1783.0
IQP,debe4155d3284241b8fd5fba,100306,True,8642,,,2025-06-04 10:00:00.000 UTC,1,2025-06-04 10:00:00.000 UTC,471.0
IQP,ad6c3aaf59564880bbb86aa8,100307,True,101,2025-01-13 10:00:00.000 UTC,2025-01-13 10:00:00.000 UTC,,1,2025-01-13 10:00:00.000 UTC,613.0
IQP,06520d12018b4eeabb1d8e3d,100308,True,1243,2023-10-02 10:00:00.000 UTC,2023-10-02 10:00:00.000 UTC,2023-10-02 10:00:00.000 UTC,2,2023-10-02 10:00:00.000 UTC,1082.0
IQP,b9ed60b93feb47c9b46d24ba,100309,True,3135,2026-08-20 10:00:00.000 UTC,2026-08-20 10:00:00.000 UTC,,1,2026-08-20 10:00:00.000 UTC,29.0
IQP,09e8b9d9a66d468c8f1beb00,100310,True,0,,,2023-03-11 10:00:00.000 UTC,0,2023-03-11 10:00:00.000 UTC,1287.0
IQP,c742406ef9b741ad9665c555,100311,True,1225,2023-02-03 10:00:00.000 UTC,2023-02-03 10:00:00.000 UTC,,2,2023-02-03 10:00:00.000 UTC,1323.0
IQP,e160d82393e04846ae897620,100312,True,1927,,,,3,,
IQP,b60f98eb93b8433c955929be,100313,True,4099,2022-01-16 10:00:00.000 UTC,2022-01-16 10:00:00.000 UTC,2022-01-16 10:00:00.000 UTC,2,2022-01-16 10:00:00.000 UTC,1706.0
IQP,7aeb48c31b04424392debbc1,100314,True,0,2026-03-25 10:00:00.000 UTC,2026-03-25 10:00:00.000 UTC,2026-03-25 10:00:00.000 UTC,0,2026-03-25 10:00:00.000 UTC,177.0
IQP,65d2943692254e5681d2983a,100315,True,0,2024-12-30 10:00:00.000 UTC,2024-12-30 10:00:00.000 UTC,,0,2024-12-30 10:00:00.000 UTC,627.0
IQP,6540e20a226c437b81b9ee25,100316,True,1257,2025-09-14 10:00:00.000 UTC,2025-09-14 10:00:00.000 UTC,2025-09-14 10:00:00.000 UTC,1,2025-09-14 10:00:00.000 UTC,369.0
IQP,2dfbc6a60776485ebab67e76,100317,True,2856,2025-06-24 10:00:00.000 UTC,2025-06-24 10:00:00.000 UTC,2025-06-24 10:00:00.000 UTC,1,2025-06-24 10:00:00.000 UTC,451.0
IQP,6ab990efa62146d2ac825623,100318,True,0,,,,0,,
IQP,b5e154fe39ef4737a5454fbc,100319,True,663,2026-05-26 10:00:00.000 UTC,2026-05-26 10:00:00.000 UTC,2026-05-26 10:00:00.000 UTC,2,2026-05-26 10:00:00.000 UTC,115.0
IQP,b83ae6548cbf4dc1a9fd9769,100320,True,2419,,,2025-05-21 10:00:00.000 UTC,3,2025-05-21 10:00:00.000 UTC,485.0
IQP,9afe3b3b18624971975b01a1,100321,True,1005,,,,3,,
IQP,d5cba6a07e0643fb8b9f2ed6,100322,True,2281,2026-07-11 10:00:00.000 UTC,2026-07-11 10:00:00.000 UTC,,3,2026-07-11 10:00:00.000 UTC,69.0
IQP,0609cad6d7f9464c85d4544a,100323,True,618,,,2023-07-02 10:00:00.000 UTC,2,2023-07-02 10:00:00.000 UTC,1174.0
IQP,37e733bf50774bceb5299dda,100324,True,3441,2020-10-14 10:00:00.000 UTC,2020-10-14 10:00:00.000 UTC,,1,2020-10-14 10:00:00.000 UTC,2165.0
IQP,753a6b4fc38143ba942cc8b5,100325,True,3506,,,2021-11-07 10:00:00.000 UTC,1,2021-11-07 10:00:00.000 UTC,1776.0
IQP,32c8728bd37643ed994b3f96,100326,True,0,2026-06-12 10:00:00.000 UTC,2026-06-12 10:00:00.000 UTC,,0,2026-06-12 10:00:00.000 UTC,98.0
IQP,fc2dcc9772934ef294badc50,100327,True,9869,2026-07-31 10:00:00.000 UTC,2026-07-31 10:00:00.000 UTC,2026-07-31 10:00:00.000 UTC,2,2026-07-31 10:00:00.000 UTC,49.0
IQP,ac1a980edb854bd4bd083770,100328,True,0,2023-05-14 10:00:00.000 UTC,2023-05-14 10:00:00.000 UTC,2023-05-14 10:00:00.000 UTC,0,2023-05-14 10:00:00.000 UTC,1223.0
IQP,285f49f74c854cf0aa26227e,100329,True,196,,,,2,,
IQP,51508dea6ce3444c8411e792,100330,True,695,,,2025-02-09 10:00:00.000 UTC,1,2025-02-09 10:00:00.000 UTC,586.0
IQP,939e870d0a824c399717fd55,100331,True,2036,,,2025-07-03 10:00:00.000 UTC,1,2025-07-03 10:00:00.000 UTC,442.0
IQP,bb64aab98d75481e9181b908,100332,True,797,2021-05-06 10:00:00.000 UTC,2021-05-06 10:00:00.000 UTC,,1,2021-05-06 10:00:00.000 UTC,1961.0
IQP,4ff332e5cd3a4897a691e41a,100333,True,9139,2024-11-16 10:00:00.000 UTC,2024-11-16 10:00:00.000 UTC,2024-11-16 10:00:00.000 UTC,1,2024-11-16 10:00:00.000 UTC,671.0
IQP,8f48dff3ba234961b185c58a,100334,True,619,,,2023-12-01 10:00:00.000 UTC,3,2023-12-01 10:00:00.000 UTC,1022.0
IQP,237ef7f25c80439b8d85e14f,100335,True,999,,,2022-11-10 10:00:00.000 UTC,1,2022-11-10 10:00:00.000 UTC,1408.0
IQP,0b9705cd2f814de48588487c,100336,True,797,,,2024-08-12 10:00:00.000 UTC,3,2024-08-12 10:00:00.000 UTC,767.0
IQP,6847a28808474dfca6254b11,100337,True,622,,,,2,,
IQP,f64c477482f5449b85113309,100338,True,1941,,,,1,,
IQP,aa03f540803c4bfda6e76c32,100339,True,8780,2024-03-27 10:00:00.000 UTC,2024-03-27 10:00:00.000 UTC,,1,2024-03-27 10:00:00.000 UTC,905.0
IQP,95921490f56a45ae9786e9c9,100340,True,0,,,,0,,
IQP,0b2009d9b9b9456ea53241ae,100341,True,308,,,,1,,
IQP,7305aa08c69940eeb83d3b14,100342,True,0,,,2023-10-31 10:00:00.000 UTC,0,2023-10-31 10:00:00.000 UTC,1053.0
IQP,c8a0dd7c2b5c4d06a9b55409,100343,True,2501,,,2021-10-16 10:00:00.000 UTC,3,2021-10-16 10:00:00.000 UTC,1798.0
IQP,a1654bfe5ad342328fbc96c2,100344,True,458,,,,3,,
IQP,23837efe888c4cabbfc6b1ce,100345,True,2453,2026-08-10 10:00:00.000 UTC,2026-08-10 10:00:00.000 UTC,,1,2026-08-10 10:00:00.000 UTC,39.0
IQP,f65e35736c364682aaa742a5,100346,True,516,2021-07-23 10:00:00.000 UTC,2021-07-23 10:00:00.000 UTC,2021-07-23 10:00:00.000 UTC,1,2021-07-23 10:00:00.000 UTC,1883.0
IQP,5b5a64f8b903489199b83387,100347,True,257,,,2021-05-16 10:00:00.000 UTC,2,2021-05-16 10:00:00.000 UTC,1951.0
IQP,10ce717f9adb40ca8d17362e,100348,True,549,2022-07-15 10:00:00.000 UTC,2022-07-15 10:00:00.000 UTC,2022-07-15 10:00:00.000 UTC,3,2022-07-15 10:00:00.000 UTC,1526.0
IQP,b3d843936e9045c7b06f75ea,100349,True,1313,2023-03-18 10:00:00.000 UTC,2023-03-18 10:00:00.000 UTC,2023-03-18 10:00:00.000 UTC,2,2023-03-18 10:00:00.000 UTC,1280.0
IQP,72d67f016295450d82d930a0,100350,True,18775,2023-07-16 10:00:00.000 UTC,2023-07-16 10:00:00.000 UTC,,2,2023-07-16 10:00:00.000 UTC,1160.0
IQP,711fc87992ed4995adc09f17,100351,True,7198,2024-09-21 10:00:00.000 UTC,2024-09-21 10:00:00.000 UTC,2024-09-21 10:00:00.000 UTC,3,2024-09-21 10:00:00.000 UTC,727.0
IQP,c16f3ff97a5440f28893f9fc,100352,True,0,2026-07-16 10:00:00.000 UTC,2026-07-16 10:00:00.000 UTC,2026-07-16 10:00:00.000 UTC,0,2026-07-16 10:00:00.000 UTC,64.0
IQP,00ccf590e5d2414293bcc592,100353,True,10511,2026-06-23 10:00:00.000 UTC,2026-06-23 10:00:00.000 UTC,2026-06-23 10:00:00.000 UTC,3,2026-06-23 10:00:00.000 UTC,87.0
IQP,9c5aebe7315c4e9dbafa80cc,100354,True,576,2018-11-10 10:00:00.000 UTC,2018-11-10 10:00:00.000 UTC,2018-11-10 10:00:00.000 UTC,2,2018-11-10 10:00:00.000 UTC,2869.0
IQP,38dc783798e84838937e3389,100355,True,6077,,,2026-06-05 10:00:00.000 UTC,2,2026-06-05 10:00:00.000 UTC,105.0
IQP,0d3f38f6174e48ff8e49d286,100356,True,983,2024-06-12 10:00:00.000 UTC,2024-06-12 10:00:00.000 UTC,2024-06-12 10:00:00.000 UTC,1,2024-06-12 10:00:00.000 UTC,828.0
IQP,46b1c7c0ad304f4783e4f9c9,100357,True,2584,2023-07-29 10:00:00.000 UTC,2023-07-29 10:00:00.000 UTC,,3,2023-07-29 10:00:00.000 UTC,1147.0
IQP,54088faf7b00464fb09e25fe,100358,True,4089,2025-04-26 10:00:00.000 UTC,2025-04-26 10:00:00.000 UTC,,2,2025-04-26 10:00:00.000 UTC,510.0
IQP,5a64a75ff0144301a9c1215c,100359,True,12005,2022-08-21 10:00:00.000 UTC,2022-08-21 10:00:00.000 UTC,2022-08-21 10:00:00.000 UTC,1,2022-08-21 10:00:00.000 UTC,1489.0
IQP,5294d34a4cc04441b5eed412,100360,True,9030,2024-12-18 10:00:00.000 UTC,2024-12-18 10:00:00.000 UTC,2024-12-18 10:00:00.000 UTC,1,2024-12-18 10:00:00.000 UTC,639.0
IQP,455b775b864b424eb121d0cd,100361,True,2413,2023-05-25 10:00:00.000 UTC,2023-05-25 10:00:00.000 UTC,,2,2023-05-25 10:00:00.000 UTC,1212.0
IQP,1504397b98ff4c3cafc909c1,100362,True,7574,2023-12-22 10:00:00.000 UTC,2023-12-22 10:00:00.000 UTC,,3,2023-12-22 10:00:00.000 UTC,1001.0
IQP,8da2cb4552774a39b48272a3,100363,True,3151,2026-04-25 10:00:00.000 UTC,2026-04-25 10:00:00.000 UTC,2026-04-25 10:00:00.000 UTC,1,2026-04-25 10:00:00.000 UTC,146.0
IQP,c06653bbbf294ac08d07e410,100364,True,2478,2022-12-02 10:00:00.000 UTC,2022-12-02 10:00:00.000 UTC,,2,2022-12-02 10:00:00.000 UTC,1386.0
IQP,2d2941fcd6c24c3d97953f9d,100365,True,219,2025-08-26 10:00:00.000 UTC,2025-08-26 10:00:00.000 UTC,2025-08-26 10:00:00.000 UTC,2,2025-08-26 10:00:00.000 UTC,388.0
IQP,64972bab13854a42ae9ae070,100366,True,926,2023-06-19 10:00:00.000 UTC,2023-06-19 10:00:00.000 UTC,2023-06-19 10:00:00.000 UTC,1,2023-06-19 10:00:00.000 UTC,1187.0
IQP,5c9e5c10dc59409cb5af6caf,100367,True,558,2020-10-15 10:00:00.000 UTC,2020-10-15 10:00:00.000 UTC,2020-10-15 10:00:00.000 UTC,3,2020-10-15 10:00:00.000 UTC,2164.0
IQP,d719c2808a674a158158db9c,100368,True,333,2022-04-27 10:00:00.000 UTC,2022-04-27 10:00:00.000 UTC,2022-04-27 10:00:00.000 UTC,1,2022-04-27 10:00:00.000 UTC,1605.0
IQP,1a70d39b4b044401abb57bee,100369,True,1137,,,2024-01-17 10:00:00.000 UTC,1,2024-01-17 10:00:00.000 UTC,975.0
IQP,25ffc4e961d14c5e8652bff9,100370,True,812,,,2023-12-11 10:00:00.000 UTC,1,2023-12-11 10:00:00.000 UTC,1012.0
IQP,272c342014a14a669738c0e9,100371,True,2140,2026-07-02 10:00:00.000 UTC,2026-07-02 10:00:00.000 UTC,2026-07-02 10:00:00.000 UTC,1,2026-07-02 10:00:00.000 UTC,78.0
IQP,0928a4a4e5cc4141986f5df0,100372,True,6621,2026-06-07 10:00:00.000 UTC,2026-06-07 10:00:00.000 UTC,2026-06-07 10:00:00.000 UTC,1,2026-06-07 10:00:00.000 UTC,103.0
IQP,062eb4d9daae42f786965ecd,100373,True,0,2025-03-14 10:00:00.000 UTC,2025-03-14 10:00:00.000 UTC,2025-03-14 10:00:00.000 UTC,0,2025-03-14 10:00:00.000 UTC,553.0
IQP,a74f5a50f181440cae935260,100374,True,3747,2024-01-11 10:00:00.000 UTC,2024-01-11 10:00:00.000 UTC,2024-01-11 10:00:00.000 UTC,1,2024-01-11 10:00:00.000 UTC,981.0
IQP,307bff6ee20444ac9b55b0d0,100375,True,2161,,,2024-02-20 10:00:00.000 UTC,1,2024-02-20 10:00:00.000 UTC,941.0
IQP,06d71991ebe64f5d97da0498,100376,True,438,2018-12-15 10:00:00.000 UTC,2018-12-15 10:00:00.000 UTC,2018-12-15 10:00:00.000 UTC,2,2018-12-15 10:00:00.000 UTC,2834.0
IQP,065fd22b883140b3a2dfeca0,100377,True,10567,2023-02-08 10:00:00.000 UTC,2023-02-08 10:00:00.000 UTC,,2,2023-02-08 10:00:00.000 UTC,1318.0
IQP,ee028d89d0ce4f81a9f37f70,100378,True,2390,2018-04-22 10:00:00.000 UTC,2018-04-22 10:00:00.000 UTC,,2,2018-04-22 10:00:00.000 UTC,3071.0
IQP,e40859655a0f49a0b4ed3e23,100379,True,7412,,,2024-02-01 10:00:00.000 UTC,2,2024-02-01 10:00:00.000 UTC,960.0
IQP,a1021977eab748d0834932ec,100380,True,0,,,2023-05-22 10:00:00.000 UTC,0,2023-05-22 10:00:00.000 UTC,1215.0
IQP,ea949d46918e49398b01c310,100381,True,1328,2026-07-04 10:00:00.000 UTC,2026-07-04 10:00:00.000 UTC,2026-07-04 10:00:00.000 UTC,1,2026-07-04 10:00:00.000 UTC,76.0
IQP,afa7e9b3478d4b71bb94fe06,100382,True,401,,,,3,,
IQP,edf08879736649e9a1a58cd1,100383,True,2682,2025-04-26 10:00:00.000 UTC,2025-04-26 10:00:00.000 UTC,2025-04-26 10:00:00.000 UTC,2,2025-04-26 10:00:00.000 UTC,510.0
IQP,a66bf94a672d47bd8bbfa0d4,100384,True,82,,,,3,,
IQP,ac5583d2931f436fb739c349,100385,True,3082,,,2022-01-21 10:00:00.000 UTC,3,2022-01-21 10:00:00.000 UTC,1701.0
IQP,2222c670c0dc464b97a0ecb3,100386,True,2048,2025-06-07 10:00:00.000 UTC,2025-06-07 10:00:00.000 UTC,,2,2025-06-07 10:00:00.000 UTC,468.0
IQP,f4c0e7912c0a400b95734433,100387,True,1189,,,2025-09-13 10:00:00.000 UTC,1,2025-09-13 10:00:00.000 UTC,370.0
IQP,afc80b146e0f4c18834f3899,100388,True,4845,2024-02-10 10:00:00.000 UTC,2024-02-10 10:00:00.000 UTC,,2,2024-02-10 10:00:00.000 UTC,951.0
IQP,655101cfb3e54a7bbf045958,100389,True,7298,,,2024-12-12 10:00:00.000 UTC,3,2024-12-12 10:00:00.000 UTC,645.0
IQP,ed1af3c0d44e4fef84b018d5,100390,True,12497,2025-01-09 10:00:00.000 UTC,2025-01-09 10:00:00.000 UTC,2025-01-09 10:00:00.000 UTC,1,2025-01-09 10:00:00.000 UTC,617.0
IQP,2fb7126827394c9e8b4d5172,100391,True,2000,,,2020-06-26 10:00:00.000 UTC,2,2020-06-26 10:00:00.000 UTC,2275.0
IQP,6058ca8f7c0341de817f1926,100392,True,206,2024-02-18 10:00:00.000 UTC,2024-02-18 10:00:00.000 UTC,,2,2024-02-18 10:00:00.000 UTC,943.0
IQP,f712645099f64d8bafb4bede,100393,True,10504,2023-01-07 10:00:00.000 UTC,2023-01-07 10:00:00.000 UTC,2023-01-07 10:00:00.000 UTC,2,2023-01-07 10:00:00.000 UTC,1350.0
IQP,a6a6534de4a749beab84a484,100394,True,2349,,,2024-03-07 10:00:00.000 UTC,2,2024-03-07 10:00:00.000 UTC,925.0
IQP,282647c6cdb04fcc8fc2fada,100395,True,450,,,2022-07-31 10:00:00.000 UTC,1,2022-07-31 10:00:00.000 UTC,1510.0
IQP,60c45d15b7a84a52b7155fe9,100396,True,3897,,,2024-03-16 10:00:00.000 UTC,1,2024-03-16 10:00:00.000 UTC,916.0
IQP,9a59cffaa1744b36b2a232fb,100397,True,2008,,,2024-05-04 10:00:00.000 UTC,1,2024-05-04 10:00:00.000 UTC,867.0
IQP,5cbb8853e22b4a448c7013e7,100398,True,10774,,,2022-10-20 10:00:00.000 UTC,2,2022-10-20 10:00:00.000 UTC,1429.0
IQP,e05be463263042b39a5d2604,100399,True,400,,,2024-03-12 10:00:00.000 UTC,3,2024-03-12 10:00:00.000 UTC,920.0
IQP,aa158bcba8fe4bdb91de6a69,100400,True,6105,2021-04-24 10:00:00.000 UTC,2021-04-24 10:00:00.000 UTC,2021-04-24 10:00:00.000 UTC,3,2021-04-24 10:00:00.000 UTC,1973.0
IQP,e925d4ceadb241d1b183374d,100401,True,7440,,,2025-01-25 10:00:00.000 UTC,2,2025-01-25 10:00:00.000 UTC,601.0
IQP,6140b21328724cddb4d0a380,100402,True,3319,,,2020-10-06 10:00:00.000 UTC,1,2020-10-06 10:00:00.000 UTC,2173.0
IQP,da4314ff53e14f71be62f49d,100403,True,338,2025-07-02 10:00:00.000 UTC,2025-07-02 10:00:00.000 UTC,,1,2025-07-02 10:00:00.000 UTC,443.0
IQP,470206ab6db54ed18209af62,100404,True,2841,2024-09-14 10:00:00.000 UTC,2024-09-14 10:00:00.000 UTC,2024-09-14 10:00:00.000 UTC,1,2024-09-14 10:00:00.000 UTC,734.0
IQP,36f598721fcf44a1819642b0,100405,True,977,2026-07-11 10:00:00.000 UTC,2026-07-11 10:00:00.000 UTC,2026-07-11 10:00:00.000 UTC,1,2026-07-11 10:00:00.000 UTC,69.0
IQP,56e1bd45b63b483e84238e56,100406,True,3357,2025-07-13 10:00:00.000 UTC,2025-07-13 10:00:00.000 UTC,2025-07-13 10:00:00.000 UTC,1,2025-07-13 10:00:00.000 UTC,432.0
IQP,0eaf1c8db720422896294d75,100407,True,838,,,2024-12-12 10:00:00.000 UTC,2,2024-12-12 10:00:00.000 UTC,645.0
IQP,c275c360bcc245b9a086838e,100408,True,1393,2022-09-24 10:00:00.000 UTC,2022-09-24 10:00:00.000 UTC,,1,2022-09-24 10:00:00.000 UTC,1455.0
IQP,f996a8393f1a4a0d9193c544,100409,True,1539,2024-06-22 10:00:00.000 UTC,2024-06-22 10:00:00.000 UTC,2024-06-22 10:00:00.000 UTC,2,2024-06-22 10:00:00.000 UTC,818.0
IQP,5fe692153a11433abb2de09e,100410,True,3074,2025-02-13 10:00:00.000 UTC,2025-02-13 10:00:00.000 UTC,2025-02-13 10:00:00.000 UTC,3,2025-02-13 10:00:00.000 UTC,582.0
IQP,6f2f00d9bf0e47c5b8734456,100411,True,2103,,,2022-09-07 10:00:00.000 UTC,2,2022-09-07 10:00:00.000 UTC,1472.0
IQP,dbea1d9f913349aea6b279bd,100412,True,635,,,2023-12-08 10:00:00.000 UTC,1,2023-12-08 10:00:00.000 UTC,1015.0
IQP,11c91ac314da4f30828f34a3,100413,True,4566,2023-01-17 10:00:00.000 UTC,2023-01-17 10:00:00.000 UTC,,1,2023-01-17 10:00:00.000 UTC,1340.0
IQP,2312bd652d76480e9b2cbd9f,100414,True,6696,2020-11-23 10:00:00.000 UTC,2020-11-23 10:00:00.000 UTC,,1,2020-11-23 10:00:00.000 UTC,2125.0
IQP,e0bb6b64fe15489e9be5ef88,100415,True,856,,,,1,,
IQP,83132757294f4d2b8bc7973e,100416,True,2409,,,2023-06-30 10:00:00.000 UTC,2,2023-06-30 10:00:00.000 UTC,1176.0
IQP,27e84d0d531843d89e59b4a4,100417,True,4785,2016-05-06 10:00:00.000 UTC,2016-05-06 10:00:00.000 UTC,2016-05-06 10:00:00.000 UTC,1,2016-05-06 10:00:00.000 UTC,3787.0
IQP,87a600ab84c8473ea732ddca,100418,True,0,2026-03-12 10:00:00.000 UTC,2026-03-12 10:00:00.000 UTC,,0,2026-03-12 10:00:00.000 UTC,190.0
IQP,ea4c03d38afe41d88a5e676c,100419,True,2712,,,2023-09-30 10:00:00.000 UTC,2,2023-09-30 10:00:00.000 UTC,1084.0
IQP,457973f03d7a4b169c9b22aa,100420,True,532,2025-03-03 10:00:00.000 UTC,2025-03-03 10:00:00.000 UTC,,1,2025-03-03 10:00:00.000 UTC,564.0
IQP,1fb04ab6eaf84a78abf04753,100421,True,1536,,,,2,,
IQP,0b4854ebb3dc42f8b7263260,100422,True,0,2025-03-12 10:00:00.000 UTC,2025-03-12 10:00:00.000 UTC,2025-03-12 10:00:00.000 UTC,0,2025-03-12 10:00:00.000 UTC,555.0
IQP,b9b7cd9f8a0a49879c37e81c,100423,True,4334,2026-08-17 10:00:00.000 UTC,2026-08-17 10:00:00.000 UTC,2026-08-17 10:00:00.000 UTC,1,2026-08-17 10:00:00.000 UTC,32.0
IQP,dab10fd581264de79d9fd5ed,100424,True,1594,,,2025-09-08 10:00:00.000 UTC,1,2025-09-08 10:00:00.000 UTC,375.0
IQP,23c9fc093e9c44129385879e,100425,True,3317,,,2026-09-11 10:00:00.000 UTC,1,2026-09-11 10:00:00.000 UTC,7.0
IQP,06f1c29a6c3b435195d121c3,100426,True,2522,2024-01-23 10:00:00.000 UTC,2024-01-23 10:00:00.000 UTC,,3,2024-01-23 10:00:00.000 UTC,969.0
IQP,0b450ad792d34c76a2b5760c,100427,True,203,2024-07-14 10:00:00.000 UTC,2024-07-14 10:00:00.000 UTC,2024-07-14 10:00:00.000 UTC,3,2024-07-14 10:00:00.000 UTC,796.0
IQP,aa5f09e6089341ab8645e5da,100428,True,2638,,,2025-06-09 10:00:00.000 UTC,2,2025-06-09 10:00:00.000 UTC,466.0
IQP,c40f5105deb443168f7aa8bf,100429,True,2895,2021-08-14 10:00:00.000 UTC,2021-08-14 10:00:00.000 UTC,2021-08-14 10:00:00.000 UTC,2,2021-08-14 10:00:00.000 UTC,1861.0
IQP,715e018a1720469f8662053a,100430,True,2006,,,,1,,
IQP,dbba87796f494655992c1d1c,100431,True,6812,,,,2,,
IQP,61dd75c5285b4c9b9be7640a,100432,True,7049,2026-07-18 10:00:00.000 UTC,2026-07-18 10:00:00.000 UTC,,1,2026-07-18 10:00:00.000 UTC,62.0
IQP,a1b0da49e1e34e50b8175cfe,100433,True,468,2024-11-06 10:00:00.000 UTC,2024-11-06 10:00:00.000 UTC,,1,2024-11-06 10:00:00.000 UTC,681.0
IQP,8cfaaa90d10640e5acd4b71a,100434,True,391,2023-12-09 10:00:00.000 UTC,2023-12-09 10:00:00.000 UTC,2023-12-09 10:00:00.000 UTC,3,2023-12-09 10:00:00.000 UTC,1014.0
IQP,9f3bc71cd5334b1b9010ccd9,100435,True,4553,,,2025-10-24 10:00:00.000 UTC,2,2025-10-24 10:00:00.000 UTC,329.0
IQP,57795abdba6d4096b93f8048,100436,True,3939,2026-09-03 10:00:00.000 UTC,2026-09-03 10:00:00.000 UTC,,1,2026-09-03 10:00:00.000 UTC,15.0
IQP,081e1ba2ce2a4a47a178e060,100437,True,2339,2025-08-31 10:00:00.000 UTC,2025-08-31 10:00:00.000 UTC,,1,2025-08-31 10:00:00.000 UTC,383.0
IQP,d58e46790a304deba2d2b01c,100438,True,1306,2024-11-28 10:00:00.000 UTC,2024-11-28 10:00:00.000 UTC,2024-11-28 10:00:00.000 UTC,3,2024-11-28 10:00:00.000 UTC,659.0
IQP,850bc414c52545d59375a1d7,100439,True,0,,,2022-04-30 10:00:00.000 UTC,0,2022-04-30 10:00:00.000 UTC,1602.0
IQP,857a39fbc3224c378a9c7d2d,100440,True,0,,,2026-06-14 10:00:00.000 UTC,0,2026-06-14 10:00:00.000 UTC,96.0
IQP,2f24ecfd32584ebea158d47d,100441,True,214,2023-09-13 10:00:00.000 UTC,2023-09-13 10:00:00.000 UTC,2023-09-13 10:00:00.000 UTC,1,2023-09-13 10:00:00.000 UTC,1101.0
IQP,49417269f9b949a6abf31b88,100442,True,1030,,,,2,,
IQP,17daa1e5c02a47fa9f25ef7e,100443,True,1150,2025-01-16 10:00:00.000 UTC,2025-01-16 10:00:00.000 UTC,,1,2025-01-16 10:00:00.000 UTC,610.0
IQP,3f7f95f01ba14a25a079ce6d,100444,True,0,2024-10-12 10:00:00.000 UTC,2024-10-12 10:00:00.000 UTC,2024-10-12 10:00:00.000 UTC,0,2024-10-12 10:00:00.000 UTC,706.0
IQP,f705bbbffd3f4303bc78cc03,100445,True,2941,2020-01-12 10:00:00.000 UTC,2020-01-12 10:00:00.000 UTC,2020-01-12 10:00:00.000 UTC,1,2020-01-12 10:00:00.000 UTC,2441.0
IQP,019b6f7902894968897ef189,100446,True,0,2022-05-05 10:00:00.000 UTC,2022-05-05 10:00:00.000 UTC,,0,2022-05-05 10:00:00.000 UTC,1597.0
IQP,648626a7e5234ae0ba23990b,100447,True,1283,2023-01-13 10:00:00.000 UTC,2023-01-13 10:00:00.000 UTC,2023-01-13 10:00:00.000 UTC,1,2023-01-13 10:00:00.000 UTC,1344.0
IQP,c4d9cf8dc5d747da9445feb1,100448,True,158,2023-12-22 10:00:00.000 UTC,2023-12-22 10:00:00.000 UTC,,1,2023-12-22 10:00:00.000 UTC,1001.0
IQP,7d7192ab4570483e8b5b15e1,100449,True,6803,,,2025-04-06 10:00:00.000 UTC,3,2025-04-06 10:00:00.000 UTC,530.0
IQP,9f77a9453b1b4781a1e96dd7,100450,True,1789,,,2025-09-07 10:00:00.000 UTC,3,2025-09-07 10:00:00.000 UTC,376.0
IQP,8961c36435f34a74b13ce3a2,100451,True,1927,,,2022-12-18 10:00:00.000 UTC,1,2022-12-18 10:00:00.000 UTC,1370.0
IQP,487af18ad4804bb6befb48e1,100452,True,0,2024-12-03 10:00:00.000 UTC,2024-12-03 10:00:00.000 UTC,,0,2024-12-03 10:00:00.000 UTC,654.0
IQP,39e6906fc41e4c0ab7024287,100453,True,2645,2024-07-04 10:00:00.000 UTC,2024-07-04 10:00:00.000 UTC,2024-07-04 10:00:00.000 UTC,2,2024-07-04 10:00:00.000 UTC,806.0
IQP,771649cc371a4d7f89339e56,100454,True,1940,,,,1,,
IQP,9116ab1a5e7241cc8ccbf1e2,100455,True,1737,,,,2,,
IQP,92964262530f40b6aea50d34,100456,True,2984,2023-11-27 10:00:00.000 UTC,2023-11-27 10:00:00.000 UTC,,2,2023-11-27 10:00:00.000 UTC,1026.0
IQP,c2cd9566e6fc4e1ab8da79e4,100457,True,941,2025-04-30 10:00:00.000 UTC,2025-04-30 10:00:00.000 UTC,2025-04-30 10:00:00.000 UTC,2,2025-04-30 10:00:00.000 UTC,506.0
IQP,9d27a9bec67a4903bcbb5a5b,100458,True,486,2019-05-24 10:00:00.000 UTC,2019-05-24 10:00:00.000 UTC,2019-05-24 10:00:00.000 UTC,1,2019-05-24 10:00:00.000 UTC,2674.0
IQP,97f26c05c3d84aa6938ce930,100459,True,1872,2020-05-13 10:00:00.000 UTC,2020-05-13 10:00:00.000 UTC,2020-05-13 10:00:00.000 UTC,1,2020-05-13 10:00:00.000 UTC,2319.0
IQP,4bbaeaf3a2524e9dbafbcbb8,100460,True,606,2024-07-07 10:00:00.000 UTC,2024-07-07 10:00:00.000 UTC,2024-07-07 10:00:00.000 UTC,2,2024-07-07 10:00:00.000 UTC,803.0
IQP,ccef38a3297843b286a6c486,100461,True,3690,2021-10-07 10:00:00.000 UTC,2021-10-07 10:00:00.000 UTC,,2,2021-10-07 10:00:00.000 UTC,1807.0
IQP,0fa6561b5d8a4e2585e12254,100462,True,682,,,2025-03-30 10:00:00.000 UTC,1,2025-03-30 10:00:00.000 UTC,537.0
IQP,7a4adae73e5d43f99226d3af,100463,True,3741,,,2021-09-28 10:00:00.000 UTC,1,2021-09-28 10:00:00.000 UTC,1816.0
IQP,ca0d3dd4cea846648978370c,100464,True,5259,,,2018-12-20 10:00:00.000 UTC,1,2018-12-20 10:00:00.000 UTC,2829.0
IQP,d78b3e74a0124ddcb21757a3,100465,True,4333,2022-11-30 10:00:00.000 UTC,2022-11-30 10:00:00.000 UTC,,1,2022-11-30 10:00:00.000 UTC,1388.0
IQP,2f304d639f144d6c96a704f5,100466,True,4365,2018-08-22 10:00:00.000 UTC,2018-08-22 10:00:00.000 UTC,2018-08-22 10:00:00.000 UTC,1,2018-08-22 10:00:00.000 UTC,2949.0
IQP,c15e1fa0e302426fbf0e2deb,100467,True,6678,2026-04-04 10:00:00.000 UTC,2026-04-04 10:00:00.000 UTC,,1,2026-04-04 10:00:00.000 UTC,167.0
IQP,99368edcbbeb478787a8dab9,100468,True,3309,2024-03-03 10:00:00.000 UTC,2024-03-03 10:00:00.000 UTC,,2,2024-03-03 10:00:00.000 UTC,929.0
IQP,cb08120c5cf44692aab7ecc7,100469,True,1077,,,2024-06-23 10:00:00.000 UTC,3,2024-06-23 10:00:00.000 UTC,817.0
IQP,1836f9fdef264e699959e944,100470,True,5815,2022-10-22 10:00:00.000 UTC,2022-10-22 10:00:00.000 UTC,2022-10-22 10:00:00.000 UTC,1,2022-10-22 10:00:00.000 UTC,1427.0
IQP,584aeafd44164e679973c3e3,100471,True,2511,,,2026-05-27 10:00:00.000 UTC,3,2026-05-27 10:00:00.000 UTC,114.0
IQP,73865ba0f10e43d09ee042b9,100472,True,3190,2022-12-18 10:00:00.000 UTC,2022-12-18 10:00:00.000 UTC,,2,2022-12-18 10:00:00.000 UTC,1370.0
IQP,77392c1cb5224679b2cfaa20,100473,True,0,2023-10-22 10:00:00.000 UTC,2023-10-22 10:00:00.000 UTC,,0,2023-10-22 10:00:00.000 UTC,1062.0
IQP,cd1cfdd6250b4240b501c1c4,100474,True,166,,,2025-03-23 10:00:00.000 UTC,2,2025-03-23 10:00:00.000 UTC,544.0
IQP,f8066144961e4051ae551f65,100475,True,10041,,,,3,,
IQP,8c782dcef6ba4bbbbe273a73,100476,True,29404,,,,1,,
IQP,68d27dec8b614660ba563653,100477,True,1005,2025-01-18 10:00:00.000 UTC,2025-01-18 10:00:00.000 UTC,2025-01-18 10:00:00.000 UTC,2,2025-01-18 10:00:00.000 UTC,608.0
IQP,40a6a04c14474425ba7bf881,100478,True,0,,,2023-01-22 10:00:00.000 UTC,0,2023-01-22 10:00:00.000 UTC,1335.0
IQP,6639778db4a24fe78e7da30e,100479,True,0,2023-06-04 10:00:00.000 UTC,2023-06-04 10:00:00.000 UTC,2023-06-04 10:00:00.000 UTC,0,2023-06-04 10:00:00.000 UTC,1202.0
IQP,8bd3a948304d42c7a137e748,100480,True,0,2024-10-13 10:00:00.000 UTC,2024-10-13 10:00:00.000 UTC,,0,2024-10-13 10:00:00.000 UTC,705.0
IQP,c8099f3433b6462b99251441,100481,True,20915,2025-11-04 10:00:00.000 UTC,2025-11-04 10:00:00.000 UTC,,1,2025-11-04 10:00:00.000 UTC,318.0
IQP,ac35c5988e75463fad872a0f,100482,True,354,2023-09-03 10:00:00.000 UTC,2023-09-03 10:00:00.000 UTC,2023-09-03 10:00:00.000 UTC,3,2023-09-03 10:00:00.000 UTC,1111.0
IQP,ecd6395ac05948a39f623f8d,100483,True,1103,2021-06-18 10:00:00.000 UTC,2021-06-18 10:00:00.000 UTC,2021-06-18 10:00:00.000 UTC,1,2021-06-18 10:00:00.000 UTC,1918.0
IQP,e6fa25392b974ec79ee189e1,100484,True,18729,2025-10-01 10:00:00.000 UTC,2025-10-01 10:00:00.000 UTC,2025-10-01 10:00:00.000 UTC,3,2025-10-01 10:00:00.000 UTC,352.0
IQP,e8b8ccdaf196470598904b39,100485,True,2711,2017-03-14 10:00:00.000 UTC,2017-03-14 10:00:00.000 UTC,2017-03-14 10:00:00.000 UTC,1,2017-03-14 10:00:00.000 UTC,3475.0
IQP,cbba7133c91b4d26bdb1d757,100486,True,5265,,,2023-10-24 10:00:00.000 UTC,2,2023-10-24 10:00:00.000 UTC,1060.0
IQP,c2585cb74bdf4489b89b474e,100487,True,494,2023-04-21 10:00:00.000 UTC,2023-04-21 10:00:00.000 UTC,2023-04-21 10:00:00.000 UTC,4,2023-04-21 10:00:00.000 UTC,1246.0
IQP,03eb34c9ad924583aa9da5d5,100488,True,1813,2021-02-16 10:00:00.000 UTC,2021-02-16 10:00:00.000 UTC,2021-02-16 10:00:00.000 UTC,1,2021-02-16 10:00:00.000 UTC,2040.0
IQP,edf3ad4d4ca14cd7a32a9e5a,100489,True,2477,,,2020-04-28 10:00:00.000 UTC,2,2020-04-28 10:00:00.000 UTC,2334.0
IQP,061fc41df1b348e0a35ca223,100490,True,908,,,,2,,
IQP,7840ac15f6374937b4e9141d,100491,True,642,2022-07-18 10:00:00.000 UTC,2022-07-18 10:00:00.000 UTC,,2,2022-07-18 10:00:00.000 UTC,1523.0
IQP,eb3f02b30b46412f8a3f09a4,100492,True,572,2024-12-20 10:00:00.000 UTC,2024-12-20 10:00:00.000 UTC,,1,2024-12-20 10:00:00.000 UTC,637.0
IQP,d75b70e4a335494b978efaec,100493,True,23076,2024-01-11 10:00:00.000 UTC,2024-01-11 10:00:00.000 UTC,2024-01-11 10:00:00.000 UTC,1,2024-01-11 10:00:00.000 UTC,981.0
IQP,49e23467103a4328866de229,100494,True,1434,,,2025-08-10 10:00:00.000 UTC,2,2025-08-10 10:00:00.000 UTC,404.0
IQP,d22ae73c510b41a986969d25,100495,True,1184,2022-10-09 10:00:00.000 UTC,2022-10-09 10:00:00.000 UTC,2022-10-09 10:00:00.000 UTC,1,2022-10-09 10:00:00.000 UTC,1440.0
IQP,3e397664584649f596254089,100496,True,6836,,,2026-08-13 10:00:00.000 UTC,2,2026-08-13 10:00:00.000 UTC,36.0
IQP,fe91242220da427b8f5e3526,100497,True,1841,,,2023-01-10 10:00:00.000 UTC,4,2023-01-10 10:00:00.000 UTC,1347.0
IQP,ce0bc256677e458c817e3f65,100498,True,7528,2022-11-14 10:00:00.000 UTC,2022-11-14 10:00:00.000 UTC,2022-11-14 10:00:00.000 UTC,1,2022-11-14 10:00:00.000 UTC,1404.0
IQP,3e11d518099549eea1164903,100499,True,1623,,,2026-01-29 10:00:00.000 UTC,1,2026-01-29 10:00:00.000 UTC,232.0
IQP,a785eab50e254d8dae76818d,100500,True,5179,2024-05-12 10:00:00.000 UTC,2024-05-12 10:00:00.000 UTC,2024-05-12 10:00:00.000 UTC,2,2024-05-12 10:00:00.000 UTC,859.0
IQP,9b5de34ac55e44f48507d2f8,100501,True,5349,2025-04-14 10:00:00.000 UTC,2025-04-14 10:00:00.000 UTC,2025-04-14 10:00:00.000 UTC,3,2025-04-14 10:00:00.000 UTC,522.0
IQP,391c8640946645e0a07e50e9,100502,True,1885,,,,3,,
IQP,e3789ccef947495ea891f63d,100503,True,1966,2023-01-06 10:00:00.000 UTC,2023-01-06 10:00:00.000 UTC,,3,2023-01-06 10:00:00.000 UTC,1351.0
IQP,236024ccbae6489bafa25f90,100504,True,3164,2020-09-23 10:00:00.000 UTC,2020-09-23 10:00:00.000 UTC,,2,2020-09-23 10:00:00.000 UTC,2186.0
IQP,493797875c164ba5b5e20225,100505,True,6823,2024-05-04 10:00:00.000 UTC,2024-05-04 10:00:00.000 UTC,2024-05-04 10:00:00.000 UTC,3,2024-05-04 10:00:00.000 UTC,867.0
IQP,5bb4da17a09140f18acebe9d,100506,True,6020,2025-01-27 10:00:00.000 UTC,2025-01-27 10:00:00.000 UTC,,2,2025-01-27 10:00:00.000 UTC,599.0
IQP,df7640fbba5347ff9c965e27,100507,True,15641,2024-10-07 10:00:00.000 UTC,2024-10-07 10:00:00.000 UTC,2024-10-07 10:00:00.000 UTC,2,2024-10-07 10:00:00.000 UTC,711.0
IQP,8ef4ea332e6546c694f69344,100508,True,0,,,2024-03-25 10:00:00.000 UTC,0,2024-03-25 10:00:00.000 UTC,907.0
IQP,c021d909348d47ec810aad7f,100509,True,0,2024-05-14 10:00:00.000 UTC,2024-05-14 10:00:00.000 UTC,,0,2024-05-14 10:00:00.000 UTC,857.0
IQP,70bb8f5465f34805b1310a49,100510,True,462,,,2023-08-30 10:00:00.000 UTC,2,2023-08-30 10:00:00.000 UTC,1115.0
IQP,e3da0140728a4ca7acb086c1,100511,True,509,,,,2,,
IQP,e1ee47902ca945908e079ca1,100512,True,796,2025-11-20 10:00:00.000 UTC,2025-11-20 10:00:00.000 UTC,2025-11-20 10:00:00.000 UTC,1,2025-11-20 10:00:00.000 UTC,302.0
IQP,352899b03bbe4e2b872da007,100513,True,890,2026-07-12 10:00:00.000 UTC,2026-07-12 10:00:00.000 UTC,,1,2026-07-12 10:00:00.000 UTC,68.0
IQP,3d03b21c394c49b184b08968,100514,True,5772,2025-01-18 10:00:00.000 UTC,2025-01-18 10:00:00.000 UTC,2025-01-18 10:00:00.000 UTC,1,2025-01-18 10:00:00.000 UTC,608.0
IQP,c83488438179419891802290,100515,True,1254,2024-11-13 10:00:00.000 UTC,2024-11-13 10:00:00.000 UTC,,1,2024-11-13 10:00:00.000 UTC,674.0
IQP,22c5123e491d4ef7ab8f59e7,100516,True,869,,,2020-10-24 10:00:00.000 UTC,3,2020-10-24 10:00:00.000 UTC,2155.0
IQP,1a724654ba5e47cbaace9e27,100517,True,0,,,,0,,
IQP,296e0dc228cf418484ae2c22,100518,True,855,2022-03-05 10:00:00.000 UTC,2022-03-05 10:00:00.000 UTC,,1,2022-03-05 10:00:00.000 UTC,1658.0
IQP,80ce5a8b40034cbb9ad3f8e3,100519,True,496,,,,1,,
IQP,2df83c62987542ae87f12a49,100520,True,2148,,,2025-09-17 10:00:00.000 UTC,1,2025-09-17 10:00:00.000 UTC,366.0
IQP,633742a2937a4e7ebdb3f0c0,100521,True,2104,,,2016-11-20 10:00:00.000 UTC,2,2016-11-20 10:00:00.000 UTC,3589.0
IQP,c05e71e9722743218fbd177e,100522,True,1601,2021-12-28 10:00:00.000 UTC,2021-12-28 10:00:00.000 UTC,2021-12-28 10:00:00.000 UTC,1,2021-12-28 10:00:00.000 UTC,1725.0
IQP,8406f81257b84203b9117b4a,100523,True,558,2025-06-04 10:00:00.000 UTC,2025-06-04 10:00:00.000 UTC,2025-06-04 10:00:00.000 UTC,1,2025-06-04 10:00:00.000 UTC,471.0
IQP,6f3a002100b54abca84041a1,100524,True,7805,2024-04-26 10:00:00.000 UTC,2024-04-26 10:00:00.000 UTC,2024-04-26 10:00:00.000 UTC,1,2024-04-26 10:00:00.000 UTC,875.0
IQP,11d738715f4d4c2b86f19d7e,100525,True,2806,,,2019-03-14 10:00:00.000 UTC,1,2019-03-14 10:00:00.000 UTC,2745.0
IQP,22af487dfdcc46de9a45248e,100526,True,3245,2023-03-30 10:00:00.000 UTC,2023-03-30 10:00:00.000 UTC,2023-03-30 10:00:00.000 UTC,1,2023-03-30 10:00:00.000 UTC,1268.0
IQP,5571b621ab2c4bb8a31e78e9,100527,True,317,,,,3,,
IQP,d0369e9c969343bd9b393ddc,100528,True,2514,2022-03-02 10:00:00.000 UTC,2022-03-02 10:00:00.000 UTC,2022-03-02 10:00:00.000 UTC,3,2022-03-02 10:00:00.000 UTC,1661.0
IQP,06bec5e4505f4ddab806cf66,100529,True,7272,2023-03-04 10:00:00.000 UTC,2023-03-04 10:00:00.000 UTC,,2,2023-03-04 10:00:00.000 UTC,1294.0
IQP,6a483a74f0b74436ba4c87c8,100530,True,5122,2026-02-27 10:00:00.000 UTC,2026-02-27 10:00:00.000 UTC,,5,2026-02-27 10:00:00.000 UTC,203.0
IQP,43b3d2a49dff43f1ac7a3d7d,100531,True,1143,2017-12-28 10:00:00.000 UTC,2017-12-28 10:00:00.000 UTC,,1,2017-12-28 10:00:00.000 UTC,3186.0
IQP,7f2ec73ba3634ebdb7ae3eb1,100532,True,589,,,,1,,
IQP,3d9b212292d748b6be1b937a,100533,True,4867,,,2024-02-20 10:00:00.000 UTC,1,2024-02-20 10:00:00.000 UTC,941.0
IQP,6e49aadff8ae434d890330a4,100534,True,2141,2024-10-28 10:00:00.000 UTC,2024-10-28 10:00:00.000 UTC,,1,2024-10-28 10:00:00.000 UTC,690.0
IQP,6a89af799bf64e91bd24bedc,100535,True,7259,,,2025-02-04 10:00:00.000 UTC,2,2025-02-04 10:00:00.000 UTC,591.0
IQP,d49c12eaf1a443469418a838,100536,True,189,,,2026-01-31 10:00:00.000 UTC,3,2026-01-31 10:00:00.000 UTC,230.0
IQP,6977dd03c04a4251acdf36ed,100537,True,2217,2026-06-25 10:00:00.000 UTC,2026-06-25 10:00:00.000 UTC,,1,2026-06-25 10:00:00.000 UTC,85.0
IQP,d5194fe177c842b9ba719636,100538,True,11200,,,2024-12-28 10:00:00.000 UTC,1,2024-12-28 10:00:00.000 UTC,629.0
IQP,a236e6b1ef114b25beb986bd,100539,True,2708,2025-07-13 10:00:00.000 UTC,2025-07-13 10:00:00.000 UTC,,1,2025-07-13 10:00:00.000 UTC,432.0
IQP,9814b41cb49f41978868dce8,100540,True,196,2025-02-06 10:00:00.000 UTC,2025-02-06 10:00:00.000 UTC,,1,2025-02-06 10:00:00.000 UTC,589.0
IQP,26a18451dfd040a1af08a0b3,100541,True,0,2018-08-15 10:00:00.000 UTC,2018-08-15 10:00:00.000 UTC,2018-08-15 10:00:00.000 UTC,0,2018-08-15 10:00:00.000 UTC,2956.0
IQP,c2932802ec8845ea84add536,100542,True,2154,,,,1,,
IQP,a3da744c0b054ee8ab611397,100543,True,735,2021-09-16 10:00:00.000 UTC,2021-09-16 10:00:00.000 UTC,2021-09-16 10:00:00.000 UTC,2,2021-09-16 10:00:00.000 UTC,1828.0
IQP,39fcb3a591cd4399bf2bc380,100544,True,173,,,2020-09-01 10:00:00.000 UTC,1,2020-09-01 10:00:00.000 UTC,2208.0
IQP,67da3cf2b2d44c9788415b11,100545,True,4796,2023-10-27 10:00:00.000 UTC,2023-10-27 10:00:00.000 UTC,2023-10-27 10:00:00.000 UTC,3,2023-10-27 10:00:00.000 UTC,1057.0
IQP,86f0506497c24425952a2b02,100546,True,494,,,2022-06-18 10:00:00.000 UTC,1,2022-06-18 10:00:00.000 UTC,1553.0
IQP,a03773051bf44051b6703f24,100547,True,0,,,2025-05-16 10:00:00.000 UTC,0,2025-05-16 10:00:00.000 UTC,490.0
IQP,3e28c4cfb0d74c008380224e,100548,True,2162,2024-07-13 10:00:00.000 UTC,2024-07-13 10:00:00.000 UTC,2024-07-13 10:00:00.000 UTC,1,2024-07-13 10:00:00.000 UTC,797.0
IQP,b7b623a184a74da5afcaacc0,100549,True,4731,2023-10-06 10:00:00.000 UTC,2023-10-06 10:00:00.000 UTC,,1,2023-10-06 10:00:00.000 UTC,1078.0
IQP,f6a8e14be5924c7ba2914005,100550,True,0,2026-07-30 10:00:00.000 UTC,2026-07-30 10:00:00.000 UTC,2026-07-30 10:00:00.000 UTC,0,2026-07-30 10:00:00.000 UTC,50.0
IQP,6aa369a57f1144268a5e9109,100551,True,0,2025-04-03 10:00:00.000 UTC,2025-04-03 10:00:00.000 UTC,2025-04-03 10:00:00.000 UTC,0,2025-04-03 10:00:00.000 UTC,533.0
IQP,dd84acd414554679a985a802,100552,True,15085,,,,1,,
IQP,4a7ea397998543c195a5ad03,100553,True,8717,,,2026-06-04 10:00:00.000 UTC,2,2026-06-04 10:00:00.000 UTC,106.0
IQP,74551df52dfb428799da33e1,100554,True,491,2026-06-17 10:00:00.000 UTC,2026-06-17 10:00:00.000 UTC,2026-06-17 10:00:00.000 UTC,2,2026-06-17 10:00:00.000 UTC,93.0
IQP,2cf758e8cb394df19c5a7321,100555,True,1327,2025-05-27 10:00:00.000 UTC,2025-05-27 10:00:00.000 UTC,2025-05-27 10:00:00.000 UTC,3,2025-05-27 10:00:00.000 UTC,479.0
IQP,84305d4bcba5495181e1bad7,100556,True,2118,2023-10-10 10:00:00.000 UTC,2023-10-10 10:00:00.000 UTC,,3,2023-10-10 10:00:00.000 UTC,1074.0
IQP,e3306125d94e46199bbb6bd3,100557,True,775,,,2025-05-20 10:00:00.000 UTC,2,2025-05-20 10:00:00.000 UTC,486.0
IQP,7a81199925ba43119ec1c6c6,100558,True,820,2026-07-04 10:00:00.000 UTC,2026-07-04 10:00:00.000 UTC,2026-07-04 10:00:00.000 UTC,2,2026-07-04 10:00:00.000 UTC,76.0
IQP,206e164fcdc74e69b6a268f8,100559,True,574,2023-12-13 10:00:00.000 UTC,2023-12-13 10:00:00.000 UTC,2023-12-13 10:00:00.000 UTC,2,2023-12-13 10:00:00.000 UTC,1010.0
IQP,71ea9b30869d4510a90f9648,100560,True,402,2023-09-20 10:00:00.000 UTC,2023-09-20 10:00:00.000 UTC,,1,2023-09-20 10:00:00.000 UTC,1094.0
IQP,90b71d1750654e59ac3b9d67,100561,True,15862,2024-12-05 10:00:00.000 UTC,2024-12-05 10:00:00.000 UTC,2024-12-05 10:00:00.000 UTC,1,2024-12-05 10:00:00.000 UTC,652.0
IQP,e61b986cd74e4cebbb5d1d53,100562,True,0,2026-07-19 10:00:00.000 UTC,2026-07-19 10:00:00.000 UTC,,0,2026-07-19 10:00:00.000 UTC,61.0
IQP,48ae0cc61e734b1e8e04e17b,100563,True,186,2021-02-17 10:00:00.000 UTC,2021-02-17 10:00:00.000 UTC,,1,2021-02-17 10:00:00.000 UTC,2039.0
IQP,0a956bc1a9e0421f9d7fedf5,100564,True,1379,2024-07-22 10:00:00.000 UTC,2024-07-22 10:00:00.000 UTC,,1,2024-07-22 10:00:00.000 UTC,788.0
IQP,e4d9dae8a7364b54a379e260,100565,True,0,2023-08-22 10:00:00.000 UTC,2023-08-22 10:00:00.000 UTC,2023-08-22 10:00:00.000 UTC,0,2023-08-22 10:00:00.000 UTC,1123.0
IQP,d4bf0e1fadcc4c85a7269102,100566,True,482,,,,1,,
IQP,40beed52ec324570a9451602,100567,True,1859,2023-08-18 10:00:00.000 UTC,2023-08-18 10:00:00.000 UTC,2023-08-18 10:00:00.000 UTC,2,2023-08-18 10:00:00.000 UTC,1127.0
IQP,85bf1fb37e1d483d889af191,100568,True,4164,2020-12-31 10:00:00.000 UTC,2020-12-31 10:00:00.000 UTC,,1,2020-12-31 10:00:00.000 UTC,2087.0
IQP,92c14d87b4eb4e8c9715ce0e,100569,True,118,2024-10-21 10:00:00.000 UTC,2024-10-21 10:00:00.000 UTC,,1,2024-10-21 10:00:00.000 UTC,697.0
IQP,5d07d60112d54bada189ef33,100570,True,3196,2025-01-04 10:00:00.000 UTC,2025-01-04 10:00:00.000 UTC,,1,2025-01-04 10:00:00.000 UTC,622.0
IQP,2fac2aa01cde4279884c03ad,100571,True,1146,2024-04-17 10:00:00.000 UTC,2024-04-17 10:00:00.000 UTC,,3,2024-04-17 10:00:00.000 UTC,884.0
IQP,6cf54c8a15d043f0a064da27,100572,True,0,2024-07-12 10:00:00.000 UTC,2024-07-12 10:00:00.000 UTC,,0,2024-07-12 10:00:00.000 UTC,798.0
IQP,deed74f2a04449f986f65282,100573,True,691,2023-08-08 10:00:00.000 UTC,2023-08-08 10:00:00.000 UTC,2023-08-08 10:00:00.000 UTC,1,2023-08-08 10:00:00.000 UTC,1137.0
IQP,7172d51941b946a7ae3c7181,100574,True,23039,,,2023-11-18 10:00:00.000 UTC,3,2023-11-18 10:00:00.000 UTC,1035.0
IQP,2a3182013c1e44f0810ad6ef,100575,True,941,,,2026-01-28 10:00:00.000 UTC,1,2026-01-28 10:00:00.000 UTC,233.0
IQP,8fd47e223d494da28d9da4a4,100576,True,256,,,2026-06-27 10:00:00.000 UTC,4,2026-06-27 10:00:00.000 UTC,83.0
IQP,9c0c55f990c3487fa8b6a764,100577,True,804,2024-07-20 10:00:00.000 UTC,2024-07-20 10:00:00.000 UTC,2024-07-20 10:00:00.000 UTC,3,2024-07-20 10:00:00.000 UTC,790.0
IQP,a88407827a6e414690c7deff,100578,True,5788,2024-02-29 10:00:00.000 UTC,2024-02-29 10:00:00.000 UTC,2024-02-29 10:00:00.000 UTC,2,2024-02-29 10:00:00.000 UTC,932.0
IQP,6c84ee0cccd04c8d93702624,100579,True,940,2024-10-26 10:00:00.000 UTC,2024-10-26 10:00:00.000 UTC,2024-10-26 10:00:00.000 UTC,1,2024-10-26 10:00:00.000 UTC,692.0
IQP,f6416efb93dc43bfad4b8d2d,100580,True,89,2021-05-24 10:00:00.000 UTC,2021-05-24 10:00:00.000 UTC,2021-05-24 10:00:00.000 UTC,2,2021-05-24 10:00:00.000 UTC,1943.0
IQP,db521bf86923456e8d1ea0c6,100581,True,448,2021-12-23 10:00:00.000 UTC,2021-12-23 10:00:00.000 UTC,2021-12-23 10:00:00.000 UTC,3,2021-12-23 10:00:00.000 UTC,1730.0
IQP,119e750be5f144a191e276ac,100582,True,2284,2023-10-26 10:00:00.000 UTC,2023-10-26 10:00:00.000 UTC,,1,2023-10-26 10:00:00.000 UTC,1058.0
IQP,aec36bccc5594716b1ffdc67,100583,True,1716,2026-09-06 10:00:00.000 UTC,2026-09-06 10:00:00.000 UTC,,2,2026-09-06 10:00:00.000 UTC,12.0
IQP,6d6814a18e7a437594241a0a,100584,True,10494,2023-07-07 10:00:00.000 UTC,2023-07-07 10:00:00.000 UTC,2023-07-07 10:00:00.000 UTC,1,2023-07-07 10:00:00.000 UTC,1169.0
IQP,aaaa1fbc00014430820bbee3,100585,True,3055,,,2026-09-07 10:00:00.000 UTC,2,2026-09-07 10:00:00.000 UTC,11.0
IQP,127e123edf0349c2839066ab,100586,True,1155,2024-05-22 10:00:00.000 UTC,2024-05-22 10:00:00.000 UTC,,2,2024-05-22 10:00:00.000 UTC,849.0
IQP,e5a6d75e42e84b10a2b5fc26,100587,True,322,2020-08-19 10:00:00.000 UTC,2020-08-19 10:00:00.000 UTC,,3,2020-08-19 10:00:00.000 UTC,2221.0
IQP,9c8f8032bf1745738c23f2e3,100588,True,1851,,,,2,,
IQP,dd219a94391c4a66a24cad5a,100589,True,1274,,,,1,,
IQP,19277577c1f44964a495cba7,100590,True,566,,,2022-11-26 10:00:00.000 UTC,1,2022-11-26 10:00:00.000 UTC,1392.0
IQP,269b5ca47c894249bc988fe5,100591,True,1126,2025-09-19 10:00:00.000 UTC,2025-09-19 10:00:00.000 UTC,,1,2025-09-19 10:00:00.000 UTC,364.0
IQP,e32e8f2ecd7d490a85cf1628,100592,True,1021,2023-03-11 10:00:00.000 UTC,2023-03-11 10:00:00.000 UTC,,1,2023-03-11 10:00:00.000 UTC,1287.0
IQP,3b7ef73b30404bfbbf405817,100593,True,6933,,,2024-04-30 10:00:00.000 UTC,2,2024-04-30 10:00:00.000 UTC,871.0
IQP,eeefcb4cffe24b82b06a2a0f,100594,True,109,2025-09-27 10:00:00.000 UTC,2025-09-27 10:00:00.000 UTC,2025-09-27 10:00:00.000 UTC,1,2025-09-27 10:00:00.000 UTC,356.0
IQP,23314e20d7a945efa06ea202,100595,True,218,2025-10-02 10:00:00.000 UTC,2025-10-02 10:00:00.000 UTC,2025-10-02 10:00:00.000 UTC,2,2025-10-02 10:00:00.000 UTC,351.0
IQP,5a6972ee260a4555ba50a6c0,100596,True,803,,,,4,,
IQP,01744f9b66b445cfa8e12e98,100597,True,2149,,,,2,,
IQP,3d46c7deffa14b6eb1527222,100598,True,1005,2025-03-05 10:00:00.000 UTC,2025-03-05 10:00:00.000 UTC,,2,2025-03-05 10:00:00.000 UTC,562.0
IQP,a776ff6fce2249fb88ac0554,100599,True,357,2024-07-17 10:00:00.000 UTC,2024-07-17 10:00:00.000 UTC,,2,2024-07-17 10:00:00.000 UTC,793.0
IQP,002d5ab84fd34b64b706786d,100600,True,234,2024-03-25 10:00:00.000 UTC,2024-03-25 10:00:00.000 UTC,,1,2024-03-25 10:00:00.000 UTC,907.0
IQP,6fe1c081b76140d7aa80b8a6,100601,True,1171,2022-10-07 10:00:00.000 UTC,2022-10-07 10:00:00.000 UTC,,1,2022-10-07 10:00:00.000 UTC,1442.0
IQP,1792e0abf8994786a30e8770,100602,True,2444,2023-07-25 10:00:00.000 UTC,2023-07-25 10:00:00.000 UTC,,4,2023-07-25 10:00:00.000 UTC,1151.0
IQP,71890533458e4df3b6568971,100603,True,740,2020-09-06 10:00:00.000 UTC,2020-09-06 10:00:00.000 UTC,2020-09-06 10:00:00.000 UTC,1,2020-09-06 10:00:00.000 UTC,2203.0
IQP,83f9d35f949e49dbad7bdbf0,100604,True,899,,,2026-07-08 10:00:00.000 UTC,2,2026-07-08 10:00:00.000 UTC,72.0
IQP,0464aa7ce8a2493bb4577ea5,100605,True,9473,2026-08-28 10:00:00.000 UTC,2026-08-28 10:00:00.000 UTC,2026-08-28 10:00:00.000 UTC,3,2026-08-28 10:00:00.000 UTC,21.0
IQP,0e0f0f1c29ca4592ad963a01,100606,True,3755,2022-06-16 10:00:00.000 UTC,2022-06-16 10:00:00.000 UTC,,2,2022-06-16 10:00:00.000 UTC,1555.0
IQP,41f17b7e439041edbeda3fa7,100607,True,3757,,,2023-08-21 10:00:00.000 UTC,3,2023-08-21 10:00:00.000 UTC,1124.0
IQP,a513684c84e64afba08b81ea,100608,True,3721,2023-10-20 10:00:00.000 UTC,2023-10-20 10:00:00.000 UTC,2023-10-20 10:00:00.000 UTC,1,2023-10-20 10:00:00.000 UTC,1064.0
IQP,01ee4d1ee54549f98272d9ad,100609,True,597,2022-12-17 10:00:00.000 UTC,2022-12-17 10:00:00.000 UTC,2022-12-17 10:00:00.000 UTC,3,2022-12-17 10:00:00.000 UTC,1371.0
IQP,6612765768464b6b997b4e1e,100610,True,225,,,,1,,
IQP,db3323d3ece842f8bab26bd1,100611,True,978,2024-05-29 10:00:00.000 UTC,2024-05-29 10:00:00.000 UTC,2024-05-29 10:00:00.000 UTC,2,2024-05-29 10:00:00.000 UTC,842.0
IQP,76fcb0cdc83a4060b14e0aee,100612,True,605,2024-08-16 10:00:00.000 UTC,2024-08-16 10:00:00.000 UTC,,2,2024-08-16 10:00:00.000 UTC,763.0
IQP,7c985b296d6d47e5a048882c,100613,True,540,2024-05-17 10:00:00.000 UTC,2024-05-17 10:00:00.000 UTC,2024-05-17 10:00:00.000 UTC,1,2024-05-17 10:00:00.000 UTC,854.0
IQP,4ce2dce6613b4be28e9fcb0c,100614,True,594,2024-07-22 10:00:00.000 UTC,2024-07-22 10:00:00.000 UTC,2024-07-22 10:00:00.000 UTC,1,2024-07-22 10:00:00.000 UTC,788.0
IQP,29219a1642e840eb8791507a,100615,True,2921,,,,4,,
IQP,84ef87cbb466445597932df8,100616,True,6412,2022-08-15 10:00:00.000 UTC,2022-08-15 10:00:00.000 UTC,,2,2022-08-15 10:00:00.000 UTC,1495.0
IQP,4f5ea0ad0e6e4169bc9d0536,100617,True,4582,,,2025-11-29 10:00:00.000 UTC,2,2025-11-29 10:00:00.000 UTC,293.0
IQP,0fc891ca19654b659a9144ef,100618,True,14070,,,,2,,
IQP,512f010eede34972a4c190e7,100619,True,905,,,,1,,
IQP,1e4c0b4ed1284fbf86dfa756,100620,True,0,2024-04-30 10:00:00.000 UTC,2024-04-30 10:00:00.000 UTC,,0,2024-04-30 10:00:00.000 UTC,871.0
IQP,e9df29eb8b9c475b81dfbcae,100621,True,1400,2024-08-11 10:00:00.000 UTC,2024-08-11 10:00:00.000 UTC,2024-08-11 10:00:00.000 UTC,1,2024-08-11 10:00:00.000 UTC,768.0
IQP,bb90ea2d8af346a38033fa5e,100622,True,11429,2025-01-11 10:00:00.000 UTC,2025-01-11 10:00:00.000 UTC,,1,2025-01-11 10:00:00.000 UTC,615.0
IQP,1ea0dcbc18954d04954c5b8b,100623,True,381,2022-10-31 10:00:00.000 UTC,2022-10-31 10:00:00.000 UTC,,3,2022-10-31 10:00:00.000 UTC,1418.0
IQP,685ee62e57b7450f99ac23d9,100624,True,1042,,,,1,,
IQP,c1cffc3b8fc74742b9c9cf77,100625,True,1668,2023-08-25 10:00:00.000 UTC,2023-08-25 10:00:00.000 UTC,,2,2023-08-25 10:00:00.000 UTC,1120.0
IQP,7630c3129c214b4bbb7cfd83,100626,True,288,2026-08-14 10:00:00.000 UTC,2026-08-14 10:00:00.000 UTC,,2,2026-08-14 10:00:00.000 UTC,35.0
IQP,44b3a7f889584f4cb3e2263b,100627,True,4289,2022-10-28 10:00:00.000 UTC,2022-10-28 10:00:00.000 UTC,2022-10-28 10:00:00.000 UTC,2,2022-10-28 10:00:00.000 UTC,1421.0
IQP,eeb993f8f8814b21b7ad7fa3,100628,True,1238,2026-06-17 10:00:00.000 UTC,2026-06-17 10:00:00.000 UTC,2026-06-17 10:00:00.000 UTC,2,2026-06-17 10:00:00.000 UTC,93.0
IQP,642d1042ccea4743a1722dd7,100629,True,833,2024-06-04 10:00:00.000 UTC,2024-06-04 10:00:00.000 UTC,,2,2024-06-04 10:00:00.000 UTC,836.0
IQP,3f6cd993c5814531a10916b0,100630,True,101,2026-08-15 10:00:00.000 UTC,2026-08-15 10:00:00.000 UTC,,3,2026-08-15 10:00:00.000 UTC,34.0
IQP,70f4566f18fc496eb32b277c,100631,True,6066,2023-09-22 10:00:00.000 UTC,2023-09-22 10:00:00.000 UTC,2023-09-22 10:00:00.000 UTC,1,2023-09-22 10:00:00.000 UTC,1092.0
IQP,9008f0e63e7e4ec0b323e48c,100632,True,1221,2020-11-10 10:00:00.000 UTC,2020-11-10 10:00:00.000 UTC,,1,2020-11-10 10:00:00.000 UTC,2138.0
IQP,c25c4d7691b6488f96e4aed6,100633,True,328,2026-05-25 10:00:00.000 UTC,2026-05-25 10:00:00.000 UTC,,1,2026-05-25 10:00:00.000 UTC,116.0
IQP,7827cdec9fd743be9beb3b4e,100634,True,1620,2023-08-25 10:00:00.000 UTC,2023-08-25 10:00:00.000 UTC,,2,2023-08-25 10:00:00.000 UTC,1120.0
IQP,cf828cb9956f433b9fe95f3a,100635,True,12224,,,2024-01-11 10:00:00.000 UTC,2,2024-01-11 10:00:00.000 UTC,981.0
IQP,f00b847707cb4ac6bd4ae930,100636,True,3442,2024-04-22 10:00:00.000 UTC,2024-04-22 10:00:00.000 UTC,2024-04-22 10:00:00.000 UTC,1,2024-04-22 10:00:00.000 UTC,879.0
IQP,0afc66d5c4f9438b9aec5ad8,100637,True,1619,2019-01-26 10:00:00.000 UTC,2019-01-26 10:00:00.000 UTC,,1,2019-01-26 10:00:00.000 UTC,2792.0
IQP,93e0fb1138a94a29a01c2dfe,100638,True,1616,2023-06-15 10:00:00.000 UTC,2023-06-15 10:00:00.000 UTC,2023-06-15 10:00:00.000 UTC,2,2023-06-15 10:00:00.000 UTC,1191.0
IQP,eaa6b5b6a25f45d2b19c2000,100639,True,5093,,,2021-10-28 10:00:00.000 UTC,1,2021-10-28 10:00:00.000 UTC,1786.0
IQP,a15db5e5efd24155a78980b3,100640,True,1945,2021-08-31 10:00:00.000 UTC,2021-08-31 10:00:00.000 UTC,2021-08-31 10:00:00.000 UTC,2,2021-08-31 10:00:00.000 UTC,1844.0
IQP,18f1073f9e914fccbf8d22b4,100641,True,0,2023-06-24 10:00:00.000 UTC,2023-06-24 10:00:00.000 UTC,2023-06-24 10:00:00.000 UTC,0,2023-06-24 10:00:00.000 UTC,1182.0
IQP,7392f4d3640f4bcfaf26c1d4,100642,True,0,2023-05-25 10:00:00.000 UTC,2023-05-25 10:00:00.000 UTC,2023-05-25 10:00:00.000 UTC,0,2023-05-25 10:00:00.000 UTC,1212.0
IQP,90d361587ea543ca90276d3f,100643,True,1293,2025-01-25 10:00:00.000 UTC,2025-01-25 10:00:00.000 UTC,2025-01-25 10:00:00.000 UTC,2,2025-01-25 10:00:00.000 UTC,601.0
IQP,05650ab31b1a4c8fa2fb1ece,100644,True,160,2024-12-06 10:00:00.000 UTC,2024-12-06 10:00:00.000 UTC,2024-12-06 10:00:00.000 UTC,3,2024-12-06 10:00:00.000 UTC,651.0
IQP,92979a63c5194fd79357eb7a,100645,True,173,,,2023-10-28 10:00:00.000 UTC,1,2023-10-28 10:00:00.000 UTC,1056.0
IQP,219449bd5410427e8ae7a7af,100646,True,2265,,,,2,,
IQP,5c1da14a893c4f6ca7a12de9,100647,True,3652,2022-03-11 10:00:00.000 UTC,2022-03-11 10:00:00.000 UTC,2022-03-11 10:00:00.000 UTC,2,2022-03-11 10:00:00.000 UTC,1652.0
IQP,940fe2f65d704a86bef13d66,100648,True,0,,,2020-01-13 10:00:00.000 UTC,0,2020-01-13 10:00:00.000 UTC,2440.0
IQP,ea75d1d51023499f93aeeb77,100649,True,0,2026-06-23 10:00:00.000 UTC,2026-06-23 10:00:00.000 UTC,,0,2026-06-23 10:00:00.000 UTC,87.0
IQP,13ba6a8553784fed880d9643,100650,True,2314,,,2023-02-14 10:00:00.000 UTC,3,2023-02-14 10:00:00.000 UTC,1312.0
IQP,16211c5211d84055b9522f3d,100651,True,1864,,,,2,,
IQP,b386c3855abb49f68efc0b1a,100652,True,1909,2024-10-30 10:00:00.000 UTC,2024-10-30 10:00:00.000 UTC,2024-10-30 10:00:00.000 UTC,1,2024-10-30 10:00:00.000 UTC,688.0
IQP,5f91a2bfe6f74f1c84912bda,100653,True,528,2025-01-13 10:00:00.000 UTC,2025-01-13 10:00:00.000 UTC,,1,2025-01-13 10:00:00.000 UTC,613.0
IQP,cd8127f6e867471884f1642e,100654,True,565,2025-09-30 10:00:00.000 UTC,2025-09-30 10:00:00.000 UTC,,3,2025-09-30 10:00:00.000 UTC,353.0
IQP,ea9a69b8395c4d7794b1cef7,100655,True,1766,2022-11-03 10:00:00.000 UTC,2022-11-03 10:00:00.000 UTC,2022-11-03 10:00:00.000 UTC,2,2022-11-03 10:00:00.000 UTC,1415.0
IQP,f445e077e9874eb69f38069c,100656,True,4813,2024-01-20 10:00:00.000 UTC,2024-01-20 10:00:00.000 UTC,,1,2024-01-20 10:00:00.000 UTC,972.0
IQP,84d4b6741c0643dea6444236,100657,True,749,2023-03-28 10:00:00.000 UTC,2023-03-28 10:00:00.000 UTC,,2,2023-03-28 10:00:00.000 UTC,1270.0
IQP,b1798deb5713447ea85a25f9,100658,True,501,2025-01-26 10:00:00.000 UTC,2025-01-26 10:00:00.000 UTC,,2,2025-01-26 10:00:00.000 UTC,600.0
IQP,5f56bf2c70b7472d9d31ccd1,100659,True,12233,2023-11-20 10:00:00.000 UTC,2023-11-20 10:00:00.000 UTC,2023-11-20 10:00:00.000 UTC,1,2023-11-20 10:00:00.000 UTC,1033.0
IQP,9f00678cde484c04866f976f,100660,True,640,2026-07-25 10:00:00.000 UTC,2026-07-25 10:00:00.000 UTC,,1,2026-07-25 10:00:00.000 UTC,55.0
IQP,8aec518fa5934883bf58ee36,100661,True,0,2023-11-30 10:00:00.000 UTC,2023-11-30 10:00:00.000 UTC,,0,2023-11-30 10:00:00.000 UTC,1023.0
IQP,b821d2466d524bc2bbf585c0,100662,True,1906,,,2022-07-22 10:00:00.000 UTC,3,2022-07-22 10:00:00.000 UTC,1519.0
IQP,5bf9bd48c9ff4016bfad12ae,100663,True,0,,,2021-07-25 10:00:00.000 UTC,0,2021-07-25 10:00:00.000 UTC,1881.0
IQP,70628fe5d07e40d288820742,100664,True,638,2026-09-07 10:00:00.000 UTC,2026-09-07 10:00:00.000 UTC,2026-09-07 10:00:00.000 UTC,1,2026-09-07 10:00:00.000 UTC,11.0
IQP,7a39c719bbe949a98a3b1bcb,100665,True,749,,,,2,,
IQP,f2030dfa33f8450e9c476eee,100666,True,1633,,,,1,,
IQP,82cb45add985466c93a2d48c,100667,True,88,2022-03-03 10:00:00.000 UTC,2022-03-03 10:00:00.000 UTC,,1,2022-03-03 10:00:00.000 UTC,1660.0
IQP,5454d26783194862998702b9,100668,True,1654,2021-03-22 10:00:00.000 UTC,2021-03-22 10:00:00.000 UTC,2021-03-22 10:00:00.000 UTC,1,2021-03-22 10:00:00.000 UTC,2006.0
IQP,62117aa59f1547c1897585d4,100669,True,814,,,2023-10-03 10:00:00.000 UTC,1,2023-10-03 10:00:00.000 UTC,1081.0
IQP,29d3c91ef1114bd988920acf,100670,True,1993,,,2024-04-06 10:00:00.000 UTC,1,2024-04-06 10:00:00.000 UTC,895.0
IQP,b942905b2519436d8e40f8d7,100671,True,2146,2018-08-16 10:00:00.000 UTC,2018-08-16 10:00:00.000 UTC,2018-08-16 10:00:00.000 UTC,4,2018-08-16 10:00:00.000 UTC,2955.0
IQP,83cf4352356c4d1889776a68,100672,True,122,2026-06-16 10:00:00.000 UTC,2026-06-16 10:00:00.000 UTC,2026-06-16 10:00:00.000 UTC,3,2026-06-16 10:00:00.000 UTC,94.0
IQP,d883103f76bf4c80a0a67912,100673,True,379,2026-09-08 10:00:00.000 UTC,2026-09-08 10:00:00.000 UTC,2026-09-08 10:00:00.000 UTC,3,2026-09-08 10:00:00.000 UTC,10.0
IQP,dcf863b214674138b6960700,100674,True,1162,,,2019-03-31 10:00:00.000 UTC,1,2019-03-31 10:00:00.000 UTC,2728.0
IQP,08532615baf741f485030830,100675,True,5447,2026-04-11 10:00:00.000 UTC,2026-04-11 10:00:00.000 UTC,2026-04-11 10:00:00.000 UTC,1,2026-04-11 10:00:00.000 UTC,160.0
IQP,b6686d364304424b97b571f4,100676,True,791,,,2024-06-28 10:00:00.000 UTC,1,2024-06-28 10:00:00.000 UTC,812.0
IQP,0d2fb161863f4774b7cc3167,100677,True,0,2026-09-07 10:00:00.000 UTC,2026-09-07 10:00:00.000 UTC,,0,2026-09-07 10:00:00.000 UTC,11.0
IQP,27188cdeb2f2496790abbc04,100678,True,336,,,2021-06-09 10:00:00.000 UTC,1,2021-06-09 10:00:00.000 UTC,1927.0
IQP,5d7ccec2d2454cd0b0909990,100679,True,1794,,,2017-09-24 10:00:00.000 UTC,1,2017-09-24 10:00:00.000 UTC,3281.0
IQP,e00a64dc48d9400c9c0814e8,100680,True,16487,,,2024-03-31 10:00:00.000 UTC,1,2024-03-31 10:00:00.000 UTC,901.0
IQP,c39743067dc447f7a7274667,100681,True,2127,2026-08-14 10:00:00.000 UTC,2026-08-14 10:00:00.000 UTC,,1,2026-08-14 10:00:00.000 UTC,35.0
IQP,38535da194244acb85730918,100682,True,0,2022-07-20 10:00:00.000 UTC,2022-07-20 10:00:00.000 UTC,,0,2022-07-20 10:00:00.000 UTC,1521.0
IQP,bc5984e735dc4743a7f1edb1,100683,True,1000,,,2026-01-02 10:00:00.000 UTC,2,2026-01-02 10:00:00.000 UTC,259.0
IQP,c64d0f25c62a4bf1b02d5eb2,100684,True,464,2024-06-29 10:00:00.000 UTC,2024-06-29 10:00:00.000 UTC,,3,2024-06-29 10:00:00.000 UTC,811.0
IQP,9ee4faa64a8d4b3995fef340,100685,True,302,,,,1,,
IQP,28d818fff3bc4c70a0b69bd0,100686,True,3046,2025-08-30 10:00:00.000 UTC,2025-08-30 10:00:00.000 UTC,2025-08-30 10:00:00.000 UTC,1,2025-08-30 10:00:00.000 UTC,384.0
IQP,54084ece6be945aebf6506a6,100687,True,437,2024-09-25 10:00:00.000 UTC,2024-09-25 10:00:00.000 UTC,2024-09-25 10:00:00.000 UTC,1,2024-09-25 10:00:00.000 UTC,723.0
IQP,1ad47d816b0e4cc89e06671a,100688,True,5754,,,,2,,
IQP,790619b58da1402e992bb055,100689,True,3477,,,2023-01-07 10:00:00.000 UTC,1,2023-01-07 10:00:00.000 UTC,1350.0
IQP,3a826df90a274409904084d0,100690,True,348,2025-05-28 10:00:00.000 UTC,2025-05-28 10:00:00.000 UTC,2025-05-28 10:00:00.000 UTC,2,2025-05-28 10:00:00.000 UTC,478.0
IQP,f9f0c951eb58490bb695aa99,100691,True,10106,2025-04-03 10:00:00.000 UTC,2025-04-03 10:00:00.000 UTC,2025-04-03 10:00:00.000 UTC,2,2025-04-03 10:00:00.000 UTC,533.0
IQP,82b82bc5da024d649990be23,100692,True,316,2026-09-17 10:00:00.000 UTC,2026-09-17 10:00:00.000 UTC,2026-09-17 10:00:00.000 UTC,1,2026-09-17 10:00:00.000 UTC,1.0
IQP,3b4200ec11044ae58b4bedb3,100693,True,1722,,,,3,,
IQP,d3db3ee67f5240369ae2aea3,100694,True,4465,2025-01-19 10:00:00.000 UTC,2025-01-19 10:00:00.000 UTC,,4,2025-01-19 10:00:00.000 UTC,607.0
IQP,0e1a2f20f7954612b8133abd,100695,True,820,,,2026-07-27 10:00:00.000 UTC,1,2026-07-27 10:00:00.000 UTC,53.0
IQP,80a2bb486bdb4e4da4801351,100696,True,1925,2022-01-20 10:00:00.000 UTC,2022-01-20 10:00:00.000 UTC,2022-01-20 10:00:00.000 UTC,1,2022-01-20 10:00:00.000 UTC,1702.0
IQP,90473cb4b6cd4f94b1834ac6,100697,True,643,,,,2,,
IQP,fe20d6d0e3094301b9de4992,100698,True,2137,2024-06-01 10:00:00.000 UTC,2024-06-01 10:00:00.000 UTC,2024-06-01 10:00:00.000 UTC,1,2024-06-01 10:00:00.000 UTC,839.0
IQP,be7940edd5b74173a9c7d57b,100699,True,4839,2023-09-22 10:00:00.000 UTC,2023-09-22 10:00:00.000 UTC,,1,2023-09-22 10:00:00.000 UTC,1092.0
IQP,ebcbdbebf04f4aa2bb806edd,100700,True,1072,2024-08-16 10:00:00.000 UTC,2024-08-16 10:00:00.000 UTC,2024-08-16 10:00:00.000 UTC,2,2024-08-16 10:00:00.000 UTC,763.0
IQP,334c64f494af4b4790f09516,100701,True,5974,2024-05-10 10:00:00.000 UTC,2024-05-10 10:00:00.000 UTC,2024-05-10 10:00:00.000 UTC,1,2024-05-10 10:00:00.000 UTC,861.0
IQP,7e13e6d581734ad88a9241ef,100702,True,0,2020-07-14 10:00:00.000 UTC,2020-07-14 10:00:00.000 UTC,,0,2020-07-14 10:00:00.000 UTC,2257.0
IQP,ee5248941c9f4b1b890bd58b,100703,True,8301,2020-03-16 10:00:00.000 UTC,2020-03-16 10:00:00.000 UTC,2020-03-16 10:00:00.000 UTC,2,2020-03-16 10:00:00.000 UTC,2377.0
IQP,2adfa34823a64b1e94b90f81,100704,True,688,2023-03-30 10:00:00.000 UTC,2023-03-30 10:00:00.000 UTC,2023-03-30 10:00:00.000 UTC,1,2023-03-30 10:00:00.000 UTC,1268.0
IQP,f097e3f463d6483192494a37,100705,True,915,2023-06-01 10:00:00.000 UTC,2023-06-01 10:00:00.000 UTC,,1,2023-06-01 10:00:00.000 UTC,1205.0
IQP,de088c0f2b8344afa34de98d,100706,True,0,,,2023-07-05 10:00:00.000 UTC,0,2023-07-05 10:00:00.000 UTC,1171.0
IQP,5c8ea45c61ec4211a958c589,100707,True,1942,,,2021-01-29 10:00:00.000 UTC,3,2021-01-29 10:00:00.000 UTC,2058.0
IQP,162e60083e464944aef3abd4,100708,True,10988,2024-06-05 10:00:00.000 UTC,2024-06-05 10:00:00.000 UTC,2024-06-05 10:00:00.000 UTC,1,2024-06-05 10:00:00.000 UTC,835.0
IQP,300797805e9246579920dd97,100709,True,1371,,,,1,,
IQP,5ff0e8274fac4a70884106c4,100710,True,655,2022-05-08 10:00:00.000 UTC,2022-05-08 10:00:00.000 UTC,,2,2022-05-08 10:00:00.000 UTC,1594.0
IQP,258650c45d4445c88338d6a0,100711,True,768,2019-12-18 10:00:00.000 UTC,2019-12-18 10:00:00.000 UTC,2019-12-18 10:00:00.000 UTC,2,2019-12-18 10:00:00.000 UTC,2466.0
IQP,45c963384a944c12ad7f27c3,100712,True,1131,2026-07-25 10:00:00.000 UTC,2026-07-25 10:00:00.000 UTC,,3,2026-07-25 10:00:00.000 UTC,55.0
IQP,a39c841bc41149089a218349,100713,True,369,2024-07-01 10:00:00.000 UTC,2024-07-01 10:00:00.000 UTC,2024-07-01 10:00:00.000 UTC,2,2024-07-01 10:00:00.000 UTC,809.0
IQP,0730bdd300d74330acbbc7f7,100714,True,0,2023-03-23 10:00:00.000 UTC,2023-03-23 10:00:00.000 UTC,2023-03-23 10:00:00.000 UTC,0,2023-03-23 10:00:00.000 UTC,1275.0
IQP,0cb4b99a91b446c6972ea01d,100715,True,0,,,,0,,
IQP,e03f14ea3fd54ae7b43c6744,100716,True,2879,2025-02-10 10:00:00.000 UTC,2025-02-10 10:00:00.000 UTC,2025-02-10 10:00:00.000 UTC,3,2025-02-10 10:00:00.000 UTC,585.0
IQP,8f4daa1418b3477fb91b353e,100717,True,11115,2024-07-28 10:00:00.000 UTC,2024-07-28 10:00:00.000 UTC,2024-07-28 10:00:00.000 UTC,1,2024-07-28 10:00:00.000 UTC,782.0
IQP,6349dc18a30a4e6296e5f65f,100718,True,587,2025-06-07 10:00:00.000 UTC,2025-06-07 10:00:00.000 UTC,,2,2025-06-07 10:00:00.000 UTC,468.0
IQP,7dd743404ba04c61ae92e001,100719,True,1643,2025-10-20 10:00:00.000 UTC,2025-10-20 10:00:00.000 UTC,2025-10-20 10:00:00.000 UTC,1,2025-10-20 10:00:00.000 UTC,333.0
IQP,ee9a9c14795847e29cbac0f4,100720,True,1772,,,2022-10-09 10:00:00.000 UTC,1,2022-10-09 10:00:00.000 UTC,1440.0
IQP,35db9eb698c84e8dbc243675,100721,True,6327,,,,3,,
IQP,c9cd6404a30445fb8e46c9fd,100722,True,1973,2023-09-11 10:00:00.000 UTC,2023-09-11 10:00:00.000 UTC,2023-09-11 10:00:00.000 UTC,2,2023-09-11 10:00:00.000 UTC,1103.0
IQP,c9dba97222df48faaaf17447,100723,True,5764,2024-11-24 10:00:00.000 UTC,2024-11-24 10:00:00.000 UTC,,2,2024-11-24 10:00:00.000 UTC,663.0
IQP,283d1dd63c2b44b5bc4bd480,100724,True,187,2026-07-11 10:00:00.000 UTC,2026-07-11 10:00:00.000 UTC,2026-07-11 10:00:00.000 UTC,1,2026-07-11 10:00:00.000 UTC,69.0
IQP,1ad7537703ef4fc3ac1bd6d2,100725,True,472,,,2023-04-07 10:00:00.000 UTC,2,2023-04-07 10:00:00.000 UTC,1260.0
IQP,9b2a58505c0b423191d6b4d9,100726,True,0,2023-03-11 10:00:00.000 UTC,2023-03-11 10:00:00.000 UTC,2023-03-11 10:00:00.000 UTC,0,2023-03-11 10:00:00.000 UTC,1287.0
IQP,1968ad6dc80945d8bb540033,100727,True,1462,2022-04-05 10:00:00.000 UTC,2022-04-05 10:00:00.000 UTC,2022-04-05 10:00:00.000 UTC,1,2022-04-05 10:00:00.000 UTC,1627.0
IQP,55fd316dcbde4af3bbc7a267,100728,True,0,,,2023-09-27 10:00:00.000 UTC,0,2023-09-27 10:00:00.000 UTC,1087.0
IQP,f9736034088c413abb5083da,100729,True,0,2026-07-18 10:00:00.000 UTC,2026-07-18 10:00:00.000 UTC,2026-07-18 10:00:00.000 UTC,0,2026-07-18 10:00:00.000 UTC,62.0
IQP,4f25a83bc1d14b9d8c99b62e,100730,True,0,,,,0,,
IQP,f65ea2fe05ba45aa9dc6b8ca,100731,True,181,2023-03-19 10:00:00.000 UTC,2023-03-19 10:00:00.000 UTC,,1,2023-03-19 10:00:00.000 UTC,1279.0
IQP,e7a39d211d53491ab254777d,100732,True,0,,,2024-01-12 10:00:00.000 UTC,0,2024-01-12 10:00:00.000 UTC,980.0
IQP,bfb994db7af749a4a43b3869,100733,True,0,2023-06-07 10:00:00.000 UTC,2023-06-07 10:00:00.000 UTC,2023-06-07 10:00:00.000 UTC,0,2023-06-07 10:00:00.000 UTC,1199.0
IQP,f3082f4948b648c8ba0c4104,100734,True,2655,,,,3,,
IQP,e75eeb43efcb4975b9a18605,100735,True,20853,,,2023-07-07 10:00:00.000 UTC,1,2023-07-07 10:00:00.000 UTC,1169.0
IQP,9301fd0361ee4a5aa390a5f3,100736,True,352,,,,1,,
IQP,8b5d2111a7504a2ab362ba31,100737,True,0,2025-03-05 10:00:00.000 UTC,2025-03-05 10:00:00.000 UTC,,0,2025-03-05 10:00:00.000 UTC,562.0
IQP,5447e0760b1f4f0bb2e006fc,100738,True,4228,,,,1,,
IQP,20dc39a92e77414f86d0455f,100739,True,2871,2016-09-23 10:00:00.000 UTC,2016-09-23 10:00:00.000 UTC,,1,2016-09-23 10:00:00.000 UTC,3647.0
IQP,8f0ac7ca50c8486fa262e2b4,100740,True,780,2026-07-24 10:00:00.000 UTC,2026-07-24 10:00:00.000 UTC,2026-07-24 10:00:00.000 UTC,1,2026-07-24 10:00:00.000 UTC,56.0
IQP,8c2ce57acc1b476aab2f810d,100741,True,415,2019-08-01 10:00:00.000 UTC,2019-08-01 10:00:00.000 UTC,,5,2019-08-01 10:00:00.000 UTC,2605.0
IQP,2ad1d0143b594adcb281e8e0,100742,True,712,,,2021-04-25 10:00:00.000 UTC,4,2021-04-25 10:00:00.000 UTC,1972.0
IQP,f3276c75d6f349af8e758ad1,100743,True,2372,2025-09-12 10:00:00.000 UTC,2025-09-12 10:00:00.000 UTC,2025-09-12 10:00:00.000 UTC,2,2025-09-12 10:00:00.000 UTC,371.0
IQP,1b4db352a1c142ffbaab45cb,100744,True,273,,,2026-07-22 10:00:00.000 UTC,2,2026-07-22 10:00:00.000 UTC,58.0
IQP,5c048fed0ccf40afadce2cb7,100745,True,5985,2023-07-16 10:00:00.000 UTC,2023-07-16 10:00:00.000 UTC,2023-07-16 10:00:00.000 UTC,1,2023-07-16 10:00:00.000 UTC,1160.0
IQP,c96f126ae9934f759d7e6820,100746,True,0,2024-12-14 10:00:00.000 UTC,2024-12-14 10:00:00.000 UTC,2024-12-14 10:00:00.000 UTC,0,2024-12-14 10:00:00.000 UTC,643.0
IQP,1418a2c8e5a44cbf8e9f6588,100747,True,257,2022-08-31 10:00:00.000 UTC,2022-08-31 10:00:00.000 UTC,,2,2022-08-31 10:00:00.000 UTC,1479.0
IQP,5e656eeb9c1049c097ed6f2c,100748,True,1445,,,2026-08-16 10:00:00.000 UTC,2,2026-08-16 10:00:00.000 UTC,33.0
IQP,7de49ae7c27e43ba9966d4dc,100749,True,2918,2022-12-28 10:00:00.000 UTC,2022-12-28 10:00:00.000 UTC,2022-12-28 10:00:00.000 UTC,3,2022-12-28 10:00:00.000 UTC,1360.0
IQP,3db9246a64f54f31b5db2c9c,100750,True,7007,,,,2,,
IQP,8e7a341bbf8e42b7a9eee931,100751,True,4334,,,2018-04-27 10:00:00.000 UTC,5,2018-04-27 10:00:00.000 UTC,3066.0
IQP,d206551aaab14db9b8fb4b26,100752,True,306,2024-02-26 10:00:00.000 UTC,2024-02-26 10:00:00.000 UTC,,1,2024-02-26 10:00:00.000 UTC,935.0
IQP,7de06b62801d420f885c43d7,100753,True,2276,2021-12-22 10:00:00.000 UTC,2021-12-22 10:00:00.000 UTC,,1,2021-12-22 10:00:00.000 UTC,1731.0
IQP,b58db9fe25544d0c96dadbfe,100754,True,0,2025-11-18 10:00:00.000 UTC,2025-11-18 10:00:00.000 UTC,,0,2025-11-18 10:00:00.000 UTC,304.0
IQP,30ca2e94d06a4fa08a31eb02,100755,True,6819,2026-08-09 10:00:00.000 UTC,2026-08-09 10:00:00.000 UTC,,1,2026-08-09 10:00:00.000 UTC,40.0
IQP,ac36c8f55f9b41e9baf907a1,100756,True,9655,2022-11-26 10:00:00.000 UTC,2022-11-26 10:00:00.000 UTC,,1,2022-11-26 10:00:00.000 UTC,1392.0
IQP,dab89f8d09ab42da82869fbf,100757,True,240,2026-09-06 10:00:00.000 UTC,2026-09-06 10:00:00.000 UTC,,1,2026-09-06 10:00:00.000 UTC,12.0
IQP,4c87517f7941468e80b8ee3d,100758,True,263,,,2024-11-23 10:00:00.000 UTC,1,2024-11-23 10:00:00.000 UTC,664.0
IQP,7572bbc865c7427191cde5e8,100759,True,0,2026-07-09 10:00:00.000 UTC,2026-07-09 10:00:00.000 UTC,2026-07-09 10:00:00.000 UTC,0,2026-07-09 10:00:00.000 UTC,71.0
IQP,0d18fdc176794d12a11be45d,100760,True,226,2024-11-23 10:00:00.000 UTC,2024-11-23 10:00:00.000 UTC,2024-11-23 10:00:00.000 UTC,1,2024-11-23 10:00:00.000 UTC,664.0
IQP,cb94a8e9c1b546a39d407acf,100761,True,1729,,,2024-10-01 10:00:00.000 UTC,1,2024-10-01 10:00:00.000 UTC,717.0
IQP,99c20829115d4f4a8bee94ac,100762,True,0,,,2024-12-01 10:00:00.000 UTC,0,2024-12-01 10:00:00.000 UTC,656.0
IQP,fad2a88a709b46079a20962e,100763,True,1813,2025-04-26 10:00:00.000 UTC,2025-04-26 10:00:00.000 UTC,2025-04-26 10:00:00.000 UTC,2,2025-04-26 10:00:00.000 UTC,510.0
IQP,4fc0a5ea50fc424c85c53b60,100764,True,839,,,2026-06-16 10:00:00.000 UTC,2,2026-06-16 10:00:00.000 UTC,94.0
IQP,09f6d9bec255439bbe5d16d2,100765,True,3244,,,2023-11-03 10:00:00.000 UTC,3,2023-11-03 10:00:00.000 UTC,1050.0
IQP,b6dc5ce8fe6244d3b845dbde,100766,True,701,2021-10-05 10:00:00.000 UTC,2021-10-05 10:00:00.000 UTC,2021-10-05 10:00:00.000 UTC,2,2021-10-05 10:00:00.000 UTC,1809.0
IQP,77889b550ef94e20bf6bb990,100767,True,5101,,,,2,,
IQP,1f8214abf60049dc9a9414b3,100768,True,961,2017-12-22 10:00:00.000 UTC,2017-12-22 10:00:00.000 UTC,2017-12-22 10:00:00.000 UTC,1,2017-12-22 10:00:00.000 UTC,3192.0
IQP,94c0e2921f354f5996443f2e,100769,True,7505,,,2024-04-16 10:00:00.000 UTC,2,2024-04-16 10:00:00.000 UTC,885.0
IQP,4fa1c5d5d740483eba4a4dc4,100770,True,315,2023-03-31 10:00:00.000 UTC,2023-03-31 10:00:00.000 UTC,2023-03-31 10:00:00.000 UTC,2,2023-03-31 10:00:00.000 UTC,1267.0
IQP,e2f61e9f2cdc462a82b7a94f,100771,True,498,2025-01-24 10:00:00.000 UTC,2025-01-24 10:00:00.000 UTC,2025-01-24 10:00:00.000 UTC,2,2025-01-24 10:00:00.000 UTC,602.0
IQP,cbc8c6b46c6448ccabd03060,100772,True,0,2023-10-24 10:00:00.000 UTC,2023-10-24 10:00:00.000 UTC,,0,2023-10-24 10:00:00.000 UTC,1060.0
IQP,8b1444a32c824b7e973b3462,100773,True,3881,2021-12-28 10:00:00.000 UTC,2021-12-28 10:00:00.000 UTC,2021-12-28 10:00:00.000 UTC,3,2021-12-28 10:00:00.000 UTC,1725.0
IQP,d87dfd9f4f1448d283d6ebf2,100774,True,0,2023-06-06 10:00:00.000 UTC,2023-06-06 10:00:00.000 UTC,,0,2023-06-06 10:00:00.000 UTC,1200.0
IQP,1764361d3e7247bba0543937,100775,True,0,,,2025-02-22 10:00:00.000 UTC,0,2025-02-22 10:00:00.000 UTC,573.0
IQP,fb72a1db44684b6a883448a7,100776,True,1644,2026-06-04 10:00:00.000 UTC,2026-06-04 10:00:00.000 UTC,,1,2026-06-04 10:00:00.000 UTC,106.0
IQP,253c6f303ba54187aa8b1ad2,100777,True,0,2024-10-26 10:00:00.000 UTC,2024-10-26 10:00:00.000 UTC,,0,2024-10-26 10:00:00.000 UTC,692.0
IQP,1db70911d95a4f2295e527a0,100778,True,368,2025-06-01 10:00:00.000 UTC,2025-06-01 10:00:00.000 UTC,,1,2025-06-01 10:00:00.000 UTC,474.0
IQP,f815d511fe9c4a5a9608ce89,100779,True,2091,,,,2,,
IQP,2fe5c0add96a435f8372b814,100780,True,295,2026-09-04 10:00:00.000 UTC,2026-09-04 10:00:00.000 UTC,,3,2026-09-04 10:00:00.000 UTC,14.0
IQP,9a3d2e9ae5554014ad2f113e,100781,True,1516,,,,2,,
IQP,ed776cb73afd4fbcbcf79ab5,100782,True,61,,,2025-02-01 10:00:00.000 UTC,1,2025-02-01 10:00:00.000 UTC,594.0
IQP,6de34e8abd2c475291aa1f1f,100783,True,0,2026-06-19 10:00:00.000 UTC,2026-06-19 10:00:00.000 UTC,2026-06-19 10:00:00.000 UTC,0,2026-06-19 10:00:00.000 UTC,91.0
IQP,be73638a6a6340dca54bf2d4,100784,True,3266,2026-01-04 10:00:00.000 UTC,2026-01-04 10:00:00.000 UTC,2026-01-04 10:00:00.000 UTC,2,2026-01-04 10:00:00.000 UTC,257.0
IQP,6fbedb26f3e14e16ae5364ba,100785,True,6253,2022-11-15 10:00:00.000 UTC,2022-11-15 10:00:00.000 UTC,2022-11-15 10:00:00.000 UTC,2,2022-11-15 10:00:00.000 UTC,1403.0
IQP,dd6832e86e864022822f48fd,100786,True,439,,,,3,,
IQP,bd009354b8ac431885fee0b4,100787,True,1858,,,2025-09-02 10:00:00.000 UTC,1,2025-09-02 10:00:00.000 UTC,381.0
IQP,c0bf425298304d7889ac04e7,100788,True,1469,,,2026-07-04 10:00:00.000 UTC,1,2026-07-04 10:00:00.000 UTC,76.0
IQP,f4e45d581fa14e29ae7718d6,100789,True,1947,2026-07-08 10:00:00.000 UTC,2026-07-08 10:00:00.000 UTC,2026-07-08 10:00:00.000 UTC,2,2026-07-08 10:00:00.000 UTC,72.0
IQP,0ce2ceda79c5472fb133e14e,100790,True,923,,,,3,,
IQS,d67a82b66ee14d739a795693,100791,True,462,,,2022-12-30 10:00:00.000 UTC,3,2022-12-30 10:00:00.000 UTC,1358.0
IQS,f9f3334679fb4550ad3a13fd,100792,True,840,2024-04-12 10:00:00.000 UTC,2024-04-12 10:00:00.000 UTC,,2,2024-04-12 10:00:00.000 UTC,889.0
IQS,cc5d5c8838964363ad348499,100793,True,0,2026-09-13 10:00:00.000 UTC,2026-09-13 10:00:00.000 UTC,2026-09-13 10:00:00.000 UTC,0,2026-09-13 10:00:00.000 UTC,5.0
IQS,3a078e6745974d5882f4c294,100794,True,15021,,,,2,,
IQS,ef3bf36165724bdfbae9093f,100795,True,2942,2026-06-08 10:00:00.000 UTC,2026-06-08 10:00:00.000 UTC,,2,2026-06-08 10:00:00.000 UTC,102.0
IQS,2bce524f81c94b008d64dc09,100796,True,3069,,,2026-02-09 10:00:00.000 UTC,2,2026-02-09 10:00:00.000 UTC,221.0
IQS,763760e0a9cd4aacbd7023bc,100797,True,0,2021-11-01 10:00:00.000 UTC,2021-11-01 10:00:00.000 UTC,2021-11-01 10:00:00.000 UTC,0,2021-11-01 10:00:00.000 UTC,1782.0
IQS,fefad45dd54c4f219171cd69,100798,True,486,2025-02-26 10:00:00.000 UTC,2025-02-26 10:00:00.000 UTC,2025-02-26 10:00:00.000 UTC,3,2025-02-26 10:00:00.000 UTC,569.0
IQS,050a7630a96d4364886f96a2,100799,True,4599,,,,2,,
IQS,866360949a014864b1bd0652,100800,True,0,,,,0,,
IQS,bddc4ac35fcf4a2d9a71e4d1,100801,True,3367,,,,1,,
IQS,ab149bbace3246a1adedc1e6,100802,True,0,,,,0,,
IQS,b092149e886544238f000bab,100803,True,3732,2026-06-20 10:00:00.000 UTC,2026-06-20 10:00:00.000 UTC,2026-06-20 10:00:00.000 UTC,3,2026-06-20 10:00:00.000 UTC,90.0
IQS,b487149a5d6148f99240ffbf,100804,True,175,2025-10-20 10:00:00.000 UTC,2025-10-20 10:00:00.000 UTC,2025-10-20 10:00:00.000 UTC,1,2025-10-20 10:00:00.000 UTC,333.0
IQS,85ac1631bce54000b870286d,100805,True,12855,,,,2,,
IQS,8e8b620b80a34d598246fec8,100806,True,0,2024-04-24 10:00:00.000 UTC,2024-04-24 10:00:00.000 UTC,,0,2024-04-24 10:00:00.000 UTC,877.0
IQS,6cdc367c43ae47ed807c95fb,100807,True,0,2020-10-04 10:00:00.000 UTC,2020-10-04 10:00:00.000 UTC,2020-10-04 10:00:00.000 UTC,0,2020-10-04 10:00:00.000 UTC,2175.0
IQS,1d57bdad0daa451887d5a6b0,100808,True,304,2023-06-08 10:00:00.000 UTC,2023-06-08 10:00:00.000 UTC,,2,2023-06-08 10:00:00.000 UTC,1198.0
IQS,ab8ec0f142b84b46bf6db909,100809,True,12037,2024-04-15 10:00:00.000 UTC,2024-04-15 10:00:00.000 UTC,,1,2024-04-15 10:00:00.000 UTC,886.0
IQS,dc6252f8cdaa4b19937e4f48,100810,True,1687,2024-11-09 10:00:00.000 UTC,2024-11-09 10:00:00.000 UTC,2024-11-09 10:00:00.000 UTC,1,2024-11-09 10:00:00.000 UTC,678.0
IQS,1ab02fc4af234b1dad4d0963,100811,True,868,2025-05-21 10:00:00.000 UTC,2025-05-21 10:00:00.000 UTC,2025-05-21 10:00:00.000 UTC,1,2025-05-21 10:00:00.000 UTC,485.0
IQS,7de1ad2ae4bb4aed8288b507,100812,True,241,2025-01-15 10:00:00.000 UTC,2025-01-15 10:00:00.000 UTC,2025-01-15 10:00:00.000 UTC,2,2025-01-15 10:00:00.000 UTC,611.0
IQS,f363ce926c1f4400beb439c2,100813,True,2621,,,2022-12-08 10:00:00.000 UTC,1,2022-12-08 10:00:00.000 UTC,1380.0
IQS,ec041f94892442d493329c0f,100814,True,481,,,,3,,
IQS,8c6449f091df4cd59c4217a4,100815,True,0,,,,0,,
IQS,d145bf791a314ce0821021cc,100816,True,0,2026-07-06 10:00:00.000 UTC,2026-07-06 10:00:00.000 UTC,2026-07-06 10:00:00.000 UTC,0,2026-07-06 10:00:00.000 UTC,74.0
IQS,07ea1c53d25743b0b41b7265,100817,True,0,,,,0,,
IQS,48a395c4a35c4c07b502dd50,100818,True,397,,,,4,,
IQS,4ee231f3973d4997b2060c91,100819,True,0,,,,0,,
IQS,51a48ea6ea734151a3ece767,100820,True,3251,2020-10-05 10:00:00.000 UTC,2020-10-05 10:00:00.000 UTC,2020-10-05 10:00:00.000 UTC,4,2020-10-05 10:00:00.000 UTC,2174.0
IQS,32399903c18b411fb35ade47,100821,True,0,,,2024-09-10 10:00:00.000 UTC,0,2024-09-10 10:00:00.000 UTC,738.0
IQS,e848829f039746999588b826,100822,True,0,2024-03-16 10:00:00.000 UTC,2024-03-16 10:00:00.000 UTC,,0,2024-03-16 10:00:00.000 UTC,916.0
IQS,6830b5ea0b914a7f89085ebd,100823,True,1130,2024-02-16 10:00:00.000 UTC,2024-02-16 10:00:00.000 UTC,2024-02-16 10:00:00.000 UTC,2,2024-02-16 10:00:00.000 UTC,945.0
IQS,cb649f908d36449bb5cd0d7d,100824,True,7574,2020-06-15 10:00:00.000 UTC,2020-06-15 10:00:00.000 UTC,2020-06-15 10:00:00.000 UTC,3,2020-06-15 10:00:00.000 UTC,2286.0
IQS,b1a9a1f3922d40fe8041e018,100825,True,0,,,2022-12-05 10:00:00.000 UTC,0,2022-12-05 10:00:00.000 UTC,1383.0
IQS,e1c8d8b6d5754e5486330879,100826,True,5664,,,,1,,
IQS,3293bec4907f46f3a693d432,100827,True,1219,2023-06-20 10:00:00.000 UTC,2023-06-20 10:00:00.000 UTC,2023-06-20 10:00:00.000 UTC,3,2023-06-20 10:00:00.000 UTC,1186.0
IQS,7f5dcab021d54884abfcc845,100828,True,1356,2026-07-12 10:00:00.000 UTC,2026-07-12 10:00:00.000 UTC,2026-07-12 10:00:00.000 UTC,2,2026-07-12 10:00:00.000 UTC,68.0
IQS,451a372dc40f49d195d6fb33,100829,True,103,2023-12-10 10:00:00.000 UTC,2023-12-10 10:00:00.000 UTC,,1,2023-12-10 10:00:00.000 UTC,1013.0
IQS,12265222d5d44b89be8f56b6,100830,True,1614,,,2026-08-15 10:00:00.000 UTC,3,2026-08-15 10:00:00.000 UTC,34.0
IQS,d269cc53ea4043b1ab3d1db2,100831,True,0,,,,0,,
IQS,818314fdb27749a09a4b9be7,100832,True,476,,,2023-09-18 10:00:00.000 UTC,4,2023-09-18 10:00:00.000 UTC,1096.0
IQS,7d0f3bc369664b019242e065,100833,True,0,2023-11-18 10:00:00.000 UTC,2023-11-18 10:00:00.000 UTC,2023-11-18 10:00:00.000 UTC,0,2023-11-18 10:00:00.000 UTC,1035.0
IQS,170abf1348814d28acd37df7,100834,True,1930,2024-02-25 10:00:00.000 UTC,2024-02-25 10:00:00.000 UTC,2024-02-25 10:00:00.000 UTC,1,2024-02-25 10:00:00.000 UTC,936.0
IQS,edb9b4ca9a2245d1b5eb0b84,100835,True,3320,,,,2,,
IQS,21943f8a3e614ac7b9537277,100836,True,0,,,,0,,
IQS,98c5d3a6ad17426a834ee239,100837,True,452,,,2024-09-24 10:00:00.000 UTC,6,2024-09-24 10:00:00.000 UTC,724.0
IQS,31724dd5eb27493e97377eb9,100838,True,934,,,2023-04-23 10:00:00.000 UTC,2,2023-04-23 10:00:00.000 UTC,1244.0
IQS,e8d4d3c44fb34cf993b0e13f,100839,True,0,2026-06-26 10:00:00.000 UTC,2026-06-26 10:00:00.000 UTC,,0,2026-06-26 10:00:00.000 UTC,84.0
IQS,947549f807bb45a3abdf0832,100840,True,459,,,,2,,
IQS,1ace069903004d8a9be75d22,100841,True,1285,,,,5,,
IQS,920771ffbfa2480a88e1dba0,100842,True,685,,,2025-08-17 10:00:00.000 UTC,2,2025-08-17 10:00:00.000 UTC,397.0
IQS,0dca7a5b126847e6902472c8,100843,True,1113,2022-10-23 10:00:00.000 UTC,2022-10-23 10:00:00.000 UTC,,3,2022-10-23 10:00:00.000 UTC,1426.0
IQS,4e1a67365731418d91e1aa82,100844,True,889,2024-03-11 10:00:00.000 UTC,2024-03-11 10:00:00.000 UTC,,2,2024-03-11 10:00:00.000 UTC,921.0
IQS,3365838173ff427b865840bc,100845,True,1147,2023-11-27 10:00:00.000 UTC,2023-11-27 10:00:00.000 UTC,2023-11-27 10:00:00.000 UTC,1,2023-11-27 10:00:00.000 UTC,1026.0
IQS,2083b5e41f2040e2886f942d,100846,True,2644,,,,2,,
IQS,ddbc0e93c5de449bb5bc7a23,100847,True,0,,,2025-04-14 10:00:00.000 UTC,0,2025-04-14 10:00:00.000 UTC,522.0
IQS,bc1cf8df7eff4dbab0d92fdf,100848,True,3062,,,2022-01-24 10:00:00.000 UTC,1,2022-01-24 10:00:00.000 UTC,1698.0
IQS,2c1acb17a7234c74bb9b2386,100849,True,0,,,,0,,
IQS,a6193f9a68034b77846865a7,100850,True,6822,2022-04-25 10:00:00.000 UTC,2022-04-25 10:00:00.000 UTC,2022-04-25 10:00:00.000 UTC,2,2022-04-25 10:00:00.000 UTC,1607.0
IQS,8a04aa631e584f94a016e6c7,100851,True,978,,,,2,,
IQS,cfe1607511434d59b99d4e11,100852,True,1683,,,,4,,
IQS,1c5eefcdf33e473cb7e0d013,100853,True,97,,,,1,,
IQS,183993ac4fe34c669bb9ebff,100854,True,605,,,2022-01-31 10:00:00.000 UTC,1,2022-01-31 10:00:00.000 UTC,1691.0
IQS,53af2e8e39e2422e9e2dded2,100855,True,0,,,2022-03-04 10:00:00.000 UTC,0,2022-03-04 10:00:00.000 UTC,1659.0
IQS,8cb7d30f37f94894beba1ef6,100856,True,2463,,,,2,,
IQS,8906c95ee1ec4dbb8f37d55f,100857,True,3239,,,2022-02-24 10:00:00.000 UTC,1,2022-02-24 10:00:00.000 UTC,1667.0
IQS,9592721ca96e465f97437afe,100858,True,0,,,2025-06-10 10:00:00.000 UTC,0,2025-06-10 10:00:00.000 UTC,465.0
IQS,5ed7f78e146b426eafb79e8f,100859,True,0,2026-05-26 10:00:00.000 UTC,2026-05-26 10:00:00.000 UTC,,0,2026-05-26 10:00:00.000 UTC,115.0
IQS,ff1da4de4b9240dfa390f680,100860,True,0,2023-03-22 10:00:00.000 UTC,2023-03-22 10:00:00.000 UTC,2023-03-22 10:00:00.000 UTC,0,2023-03-22 10:00:00.000 UTC,1276.0
IQS,3cd7aa7b82014ad28d64ff8e,100861,True,0,2023-04-16 10:00:00.000 UTC,2023-04-16 10:00:00.000 UTC,2023-04-16 10:00:00.000 UTC,0,2023-04-16 10:00:00.000 UTC,1251.0
IQS,db42bdfc78e7454186cec9a2,100862,True,1343,,,,2,,
IQS,34ba6b1dc87a4dccb6e76964,100863,True,0,2026-09-17 10:00:00.000 UTC,2026-09-17 10:00:00.000 UTC,2026-09-17 10:00:00.000 UTC,0,2026-09-17 10:00:00.000 UTC,1.0
IQS,e38c349292b048d086ba99b6,100864,True,2791,2022-04-12 10:00:00.000 UTC,2022-04-12 10:00:00.000 UTC,2022-04-12 10:00:00.000 UTC,2,2022-04-12 10:00:00.000 UTC,1620.0
IQS,751d22322b9349a091ee700b,100865,True,0,2024-09-09 10:00:00.000 UTC,2024-09-09 10:00:00.000 UTC,,0,2024-09-09 10:00:00.000 UTC,739.0
IQS,3de8ed4592794da3bc3d4fc9,100866,True,0,2022-04-05 10:00:00.000 UTC,2022-04-05 10:00:00.000 UTC,2022-04-05 10:00:00.000 UTC,0,2022-04-05 10:00:00.000 UTC,1627.0
IQS,545307976c8f4fb5afcae980,100867,True,245,,,,1,,
IQS,c5c5b44150dc4d649bae7f8b,100868,True,0,2020-03-11 10:00:00.000 UTC,2020-03-11 10:00:00.000 UTC,,0,2020-03-11 10:00:00.000 UTC,2382.0
IQS,81bfdd6be3e6447194207d0a,100869,True,2477,,,2026-08-10 10:00:00.000 UTC,1,2026-08-10 10:00:00.000 UTC,39.0
IQS,fee6e857e5dd4daa8d1ee173,100870,True,944,2024-02-20 10:00:00.000 UTC,2024-02-20 10:00:00.000 UTC,,3,2024-02-20 10:00:00.000 UTC,941.0
IQS,5ab27ea2df5d4558a98f23fd,100871,True,0,2023-04-25 10:00:00.000 UTC,2023-04-25 10:00:00.000 UTC,2023-04-25 10:00:00.000 UTC,0,2023-04-25 10:00:00.000 UTC,1242.0
IQS,72b0df137f4f4e769291300a,100872,True,575,,,2020-04-04 10:00:00.000 UTC,2,2020-04-04 10:00:00.000 UTC,2358.0
IQS,bee74ef30d194065a6b8255f,100873,True,1950,2023-11-21 10:00:00.000 UTC,2023-11-21 10:00:00.000 UTC,,2,2023-11-21 10:00:00.000 UTC,1032.0
IQS,0079d2d6e5b04df0b720704c,100874,True,0,2022-05-17 10:00:00.000 UTC,2022-05-17 10:00:00.000 UTC,,0,2022-05-17 10:00:00.000 UTC,1585.0
IQS,dbd42e55dc93421d87d73325,100875,True,1579,2022-09-25 10:00:00.000 UTC,2022-09-25 10:00:00.000 UTC,2022-09-25 10:00:00.000 UTC,1,2022-09-25 10:00:00.000 UTC,1454.0
IQS,38f711bda2124b51abda44ed,100876,True,0,2023-09-08 10:00:00.000 UTC,2023-09-08 10:00:00.000 UTC,2023-09-08 10:00:00.000 UTC,0,2023-09-08 10:00:00.000 UTC,1106.0
IQS,e152c0a60be747d8940913d0,100877,True,0,,,2025-09-17 10:00:00.000 UTC,0,2025-09-17 10:00:00.000 UTC,366.0
IQS,9a9256de400b408391313538,100878,True,694,,,,2,,
IQS,5c2b685758a5410dadc215d1,100879,True,0,,,,0,,
IQS,c9423ae1f92d469f8ceee738,100880,True,0,,,,0,,
IQS,335c5063211c4b6797a02d3c,100881,True,269,,,,3,,
IQS,2ab6224fdb4649e38c1091ad,100882,True,0,,,,0,,
IQS,2de41ed247f0489cae0b7c1b,100883,True,673,2024-04-18 10:00:00.000 UTC,2024-04-18 10:00:00.000 UTC,2024-04-18 10:00:00.000 UTC,2,2024-04-18 10:00:00.000 UTC,883.0
IQS,1c40c188137c4c749ee9676d,100884,True,2054,2023-12-11 10:00:00.000 UTC,2023-12-11 10:00:00.000 UTC,2023-12-11 10:00:00.000 UTC,2,2023-12-11 10:00:00.000 UTC,1012.0
IQS,fc9daf204ab94c74a3f7944f,100885,True,1049,2026-07-13 10:00:00.000 UTC,2026-07-13 10:00:00.000 UTC,2026-07-13 10:00:00.000 UTC,2,2026-07-13 10:00:00.000 UTC,67.0
IQS,918e496cb62a448a8e25f112,100886,True,3595,2024-12-05 10:00:00.000 UTC,2024-12-05 10:00:00.000 UTC,2024-12-05 10:00:00.000 UTC,2,2024-12-05 10:00:00.000 UTC,652.0
IQS,4c390a6934314b03b252b0e6,100887,True,637,2023-05-10 10:00:00.000 UTC,2023-05-10 10:00:00.000 UTC,2023-05-10 10:00:00.000 UTC,6,2023-05-10 10:00:00.000 UTC,1227.0
IQS,6abfed42fd474278a0c841b2,100888,True,1952,,,,2,,
IQS,aee15baffbc34b9c93a036e6,100889,True,0,2025-02-03 10:00:00.000 UTC,2025-02-03 10:00:00.000 UTC,2025-02-03 10:00:00.000 UTC,0,2025-02-03 10:00:00.000 UTC,592.0
IQS,ff3bd37975d34022a42356ec,100890,True,6306,2025-12-23 10:00:00.000 UTC,2025-12-23 10:00:00.000 UTC,2025-12-23 10:00:00.000 UTC,2,2025-12-23 10:00:00.000 UTC,269.0
IQS,5ce5e2ce892c4692be3577ab,100891,True,749,,,2022-07-27 10:00:00.000 UTC,2,2022-07-27 10:00:00.000 UTC,1514.0
IQS,39289f79b8f44c35b74e4aad,100892,True,0,,,2021-09-09 10:00:00.000 UTC,0,2021-09-09 10:00:00.000 UTC,1835.0
IQS,7dd6a62e0570449f8211be67,100893,True,9073,2025-07-23 10:00:00.000 UTC,2025-07-23 10:00:00.000 UTC,,1,2025-07-23 10:00:00.000 UTC,422.0
IQS,b53edfa079bd41aea5458fc1,100894,True,343,2023-01-23 10:00:00.000 UTC,2023-01-23 10:00:00.000 UTC,2023-01-23 10:00:00.000 UTC,4,2023-01-23 10:00:00.000 UTC,1334.0
IQS,4ed4993413e84a0b8246a76e,100895,True,276,,,,2,,
IQS,9cc166f85eda441ba32523d8,100896,True,546,,,,3,,
IQS,20bcd4d5f0474fdab446d11b,100897,True,1300,2023-03-11 10:00:00.000 UTC,2023-03-11 10:00:00.000 UTC,,1,2023-03-11 10:00:00.000 UTC,1287.0
IQS,7d9c953c022e44d5ab15282a,100898,True,1156,,,,5,,
IQS,5e46cec9cd5c4d3a90815dd7,100899,True,0,2026-04-19 10:00:00.000 UTC,2026-04-19 10:00:00.000 UTC,2026-04-19 10:00:00.000 UTC,0,2026-04-19 10:00:00.000 UTC,152.0
IQS,87e573867f9b4e3391a5c49c,100900,True,1645,2020-08-10 10:00:00.000 UTC,2020-08-10 10:00:00.000 UTC,,1,2020-08-10 10:00:00.000 UTC,2230.0
IQS,bf0cc29fa97e4789bc270c9d,100901,True,1249,,,2026-07-15 10:00:00.000 UTC,2,2026-07-15 10:00:00.000 UTC,65.0
IQS,95341fb4c1894029bf3a17b3,100902,True,367,2024-07-17 10:00:00.000 UTC,2024-07-17 10:00:00.000 UTC,2024-07-17 10:00:00.000 UTC,2,2024-07-17 10:00:00.000 UTC,793.0
IQS,c3b2b9137ae74707b733ebce,100903,True,4389,2022-09-19 10:00:00.000 UTC,2022-09-19 10:00:00.000 UTC,,2,2022-09-19 10:00:00.000 UTC,1460.0
IQS,365209a5824e416b84698252,100904,True,0,,,,0,,
IQS,a843ee2daf2147ba9ccc1733,100905,True,3250,,,2024-07-25 10:00:00.000 UTC,4,2024-07-25 10:00:00.000 UTC,785.0
IQS,4548b9a3fb664eed87169bd5,100906,True,151,2026-08-04 10:00:00.000 UTC,2026-08-04 10:00:00.000 UTC,2026-08-04 10:00:00.000 UTC,2,2026-08-04 10:00:00.000 UTC,45.0
IQS,e9344cda38344a8497b9c264,100907,True,12082,,,,3,,
IQS,0c7742e204a74af6915e932f,100908,True,1870,,,,1,,
IQS,3451c1333b174de293bfc2f6,100909,True,84,2024-04-22 10:00:00.000 UTC,2024-04-22 10:00:00.000 UTC,2024-04-22 10:00:00.000 UTC,1,2024-04-22 10:00:00.000 UTC,879.0
IQS,d78fcc22ddee43afac5cba37,100910,True,0,2026-08-22 10:00:00.000 UTC,2026-08-22 10:00:00.000 UTC,,0,2026-08-22 10:00:00.000 UTC,27.0
IQS,093074f0aa3144dab1cd4233,100911,True,406,,,,1,,
IQS,9b05c9453b464affbd3a8392,100912,True,2226,,,,3,,
IQS,0e5b0064409946218a5e51e9,100913,True,0,,,2022-08-14 10:00:00.000 UTC,0,2022-08-14 10:00:00.000 UTC,1496.0
IQS,1dba90ab72424a7da9a1d25b,100914,True,1809,2026-07-14 10:00:00.000 UTC,2026-07-14 10:00:00.000 UTC,2026-07-14 10:00:00.000 UTC,2,2026-07-14 10:00:00.000 UTC,66.0
IQS,fa650a07ca8a412da1322a8e,100915,True,2696,2026-06-30 10:00:00.000 UTC,2026-06-30 10:00:00.000 UTC,,3,2026-06-30 10:00:00.000 UTC,80.0
IQS,c46ebf9b276643539313310c,100916,True,407,,,2023-01-15 10:00:00.000 UTC,2,2023-01-15 10:00:00.000 UTC,1342.0
IQS,2aa3abb1566c431583133eb7,100917,True,13556,,,,1,,
IQS,210b9269122543c1a2b617c3,100918,True,1619,2019-02-15 10:00:00.000 UTC,2019-02-15 10:00:00.000 UTC,,2,2019-02-15 10:00:00.000 UTC,2772.0
IQS,ac997349407e40db96f0cd3c,100919,True,477,2022-10-01 10:00:00.000 UTC,2022-10-01 10:00:00.000 UTC,2022-10-01 10:00:00.000 UTC,4,2022-10-01 10:00:00.000 UTC,1448.0
IQS,35613d1325394d7896f8c826,100920,True,0,,,2021-12-12 10:00:00.000 UTC,0,2021-12-12 10:00:00.000 UTC,1741.0
IQS,5c31d32fcd1647b5b1f02405,100921,True,1638,,,,4,,
IQS,d853ca658df84fa2814cf5b9,100922,True,434,2023-08-15 10:00:00.000 UTC,2023-08-15 10:00:00.000 UTC,,2,2023-08-15 10:00:00.000 UTC,1130.0
IQS,be374b984241496784b15d57,100923,True,2569,,,2026-07-19 10:00:00.000 UTC,2,2026-07-19 10:00:00.000 UTC,61.0
IQS,14d3f039863b4c95bca86a9a,100924,True,2310,,,2025-04-20 10:00:00.000 UTC,4,2025-04-20 10:00:00.000 UTC,516.0
IQS,80aa22eff1274de6a8246a44,100925,True,0,,,2023-05-18 10:00:00.000 UTC,0,2023-05-18 10:00:00.000 UTC,1219.0
IQS,d45d6e4d9db44a6a8a0e7d70,100926,True,36,2025-04-06 10:00:00.000 UTC,2025-04-06 10:00:00.000 UTC,,1,2025-04-06 10:00:00.000 UTC,530.0
IQS,0a7cfb51dfa744ed879afdae,100927,True,0,2024-11-07 10:00:00.000 UTC,2024-11-07 10:00:00.000 UTC,,0,2024-11-07 10:00:00.000 UTC,680.0
IQS,d8ee8b6c80ea47afa00922f9,100928,True,595,,,,1,,
IQS,76c399b9aac24248b6305b92,100929,True,2114,,,2026-07-01 10:00:00.000 UTC,3,2026-07-01 10:00:00.000 UTC,79.0
IQS,6d1d4069828d4068b57186d3,100930,True,1504,2022-06-27 10:00:00.000 UTC,2022-06-27 10:00:00.000 UTC,2022-06-27 10:00:00.000 UTC,1,2022-06-27 10:00:00.000 UTC,1544.0
IQS,984b1b27b6224b99b363cb09,100931,True,1733,2026-08-07 10:00:00.000 UTC,2026-08-07 10:00:00.000 UTC,,2,2026-08-07 10:00:00.000 UTC,42.0
IQS,3b521cbff60a4c26a51e924a,100932,True,0,2024-08-29 10:00:00.000 UTC,2024-08-29 10:00:00.000 UTC,2024-08-29 10:00:00.000 UTC,0,2024-08-29 10:00:00.000 UTC,750.0
IQS,e70aaed93f744bed92add6ca,100933,True,355,,,,1,,
IQS,99f5fcdb33c04897bf1e21f7,100934,True,390,2022-03-14 10:00:00.000 UTC,2022-03-14 10:00:00.000 UTC,2022-03-14 10:00:00.000 UTC,1,2022-03-14 10:00:00.000 UTC,1649.0
IQS,b3b5e96b3c8c4005847ba6f2,100935,True,0,2021-06-06 10:00:00.000 UTC,2021-06-06 10:00:00.000 UTC,2021-06-06 10:00:00.000 UTC,0,2021-06-06 10:00:00.000 UTC,1930.0
IQS,1612c2cddcb24821852aedf7,100936,True,0,,,,0,,
IQS,b9e1c677951c4f0aba08d6ab,100937,True,0,2025-05-08 10:00:00.000 UTC,2025-05-08 10:00:00.000 UTC,2025-05-08 10:00:00.000 UTC,0,2025-05-08 10:00:00.000 UTC,498.0
IQS,8d3963ec92904db489415ad7,100938,True,902,2026-07-24 10:00:00.000 UTC,2026-07-24 10:00:00.000 UTC,2026-07-24 10:00:00.000 UTC,5,2026-07-24 10:00:00.000 UTC,56.0
IQS,28a089e2023e4977b673a80e,100939,True,2997,,,,3,,
IQS,132db37962674d498fdbe229,100940,True,0,2024-10-04 10:00:00.000 UTC,2024-10-04 10:00:00.000 UTC,2024-10-04 10:00:00.000 UTC,0,2024-10-04 10:00:00.000 UTC,714.0
IQS,339f293330d04c679506a90a,100941,True,0,,,,0,,
IQS,a097fe2e234a44b0a4b2197b,100942,True,0,2022-11-02 10:00:00.000 UTC,2022-11-02 10:00:00.000 UTC,2022-11-02 10:00:00.000 UTC,0,2022-11-02 10:00:00.000 UTC,1416.0
IQS,954842fe84d14687a7940817,100943,True,4906,2025-08-19 10:00:00.000 UTC,2025-08-19 10:00:00.000 UTC,,1,2025-08-19 10:00:00.000 UTC,395.0
IQS,868911a4610f4f2e9080afd2,100944,True,3625,,,2019-06-09 10:00:00.000 UTC,2,2019-06-09 10:00:00.000 UTC,2658.0
IQS,b2bcdca019e3479da0be5f95,100945,True,8276,,,2025-09-29 10:00:00.000 UTC,2,2025-09-29 10:00:00.000 UTC,354.0
IQS,015f81103c33465996f14467,100946,True,2162,,,2022-01-07 10:00:00.000 UTC,5,2022-01-07 10:00:00.000 UTC,1715.0
IQS,5f7d67af29144d2d9d3367ec,100947,True,10290,2026-07-10 10:00:00.000 UTC,2026-07-10 10:00:00.000 UTC,2026-07-10 10:00:00.000 UTC,1,2026-07-10 10:00:00.000 UTC,70.0
IQS,fc2380ae5a8f426e8de51304,100948,True,733,2025-07-01 10:00:00.000 UTC,2025-07-01 10:00:00.000 UTC,2025-07-01 10:00:00.000 UTC,3,2025-07-01 10:00:00.000 UTC,444.0
IQS,75a28ae5517d47e8871ade12,100949,True,1257,2023-11-27 10:00:00.000 UTC,2023-11-27 10:00:00.000 UTC,,4,2023-11-27 10:00:00.000 UTC,1026.0
IQS,83b80364108945c3bb8a1c05,100950,True,0,2023-01-15 10:00:00.000 UTC,2023-01-15 10:00:00.000 UTC,2023-01-15 10:00:00.000 UTC,0,2023-01-15 10:00:00.000 UTC,1342.0
IQS,7c286439a6e84711b5042e5c,100951,True,254,2024-04-07 10:00:00.000 UTC,2024-04-07 10:00:00.000 UTC,2024-04-07 10:00:00.000 UTC,1,2024-04-07 10:00:00.000 UTC,894.0
IQS,d6ef8c610c9843e2b98e0bbc,100952,True,2427,2018-09-30 10:00:00.000 UTC,2018-09-30 10:00:00.000 UTC,,4,2018-09-30 10:00:00.000 UTC,2910.0
IQS,29690036f56a43269776df80,100953,True,743,2022-10-21 10:00:00.000 UTC,2022-10-21 10:00:00.000 UTC,,2,2022-10-21 10:00:00.000 UTC,1428.0
IQS,1fc24809339b4979a490d4b5,100954,True,943,,,,3,,
IQS,d87b3348b7654b0f9e90535c,100955,True,0,,,2023-06-18 10:00:00.000 UTC,0,2023-06-18 10:00:00.000 UTC,1188.0
IQS,c9ca4e89cfd24cee87ee0e4b,100956,True,427,,,2025-05-30 10:00:00.000 UTC,2,2025-05-30 10:00:00.000 UTC,476.0
IQS,5da8408a702242f8876c7c53,100957,True,4273,2023-01-23 10:00:00.000 UTC,2023-01-23 10:00:00.000 UTC,2023-01-23 10:00:00.000 UTC,2,2023-01-23 10:00:00.000 UTC,1334.0
IQS,e0058eec9f9b4f14b34aa086,100958,True,0,,,2025-12-24 10:00:00.000 UTC,0,2025-12-24 10:00:00.000 UTC,268.0
IQS,380533d20d65459ead603a31,100959,True,0,,,,0,,
IQS,4d508c57acd345a79d43be2f,100960,True,10699,,,2024-07-30 10:00:00.000 UTC,2,2024-07-30 10:00:00.000 UTC,780.0
IQS,2bb77d8887d2479282ae3c09,100961,True,14261,2017-03-24 10:00:00.000 UTC,2017-03-24 10:00:00.000 UTC,2017-03-24 10:00:00.000 UTC,1,2017-03-24 10:00:00.000 UTC,3465.0
IQS,7f1a993e7e52409492ecc7d1,100962,True,1121,2024-12-10 10:00:00.000 UTC,2024-12-10 10:00:00.000 UTC,2024-12-10 10:00:00.000 UTC,4,2024-12-10 10:00:00.000 UTC,647.0
IQS,b79555aa10664ddc937d16c0,100963,True,1756,,,,2,,
IQS,9b76de195dd243a8bb3636a0,100964,True,552,,,,2,,
IQS,26517bdd00444e8a9df0533f,100965,True,910,,,2023-11-03 10:00:00.000 UTC,2,2023-11-03 10:00:00.000 UTC,1050.0
IQS,a588b2f41f0b4c7faf6f84cc,100966,True,0,,,,0,,
IQS,6526625fb4414753b224d247,100967,True,0,,,2022-06-22 10:00:00.000 UTC,0,2022-06-22 10:00:00.000 UTC,1549.0
IQS,e268f0a6c51c43c8bb1a6bd9,100968,True,633,2024-10-11 10:00:00.000 UTC,2024-10-11 10:00:00.000 UTC,,3,2024-10-11 10:00:00.000 UTC,707.0
IQS,a4976c4265ce4874b4bc1994,100969,True,5919,,,,1,,
IQS,c0929fa30f684c94bd2b2820,100970,True,1423,,,,3,,
IQS,4991b4a65d11447a9f92955e,100971,True,1185,,,2021-09-17 10:00:00.000 UTC,1,2021-09-17 10:00:00.000 UTC,1827.0
IQS,8c6594d1ca954b7ea16b2cd6,100972,True,1002,2023-12-11 10:00:00.000 UTC,2023-12-11 10:00:00.000 UTC,2023-12-11 10:00:00.000 UTC,1,2023-12-11 10:00:00.000 UTC,1012.0
IQS,2fce3d42815f415a9fc47456,100973,True,0,2024-03-07 10:00:00.000 UTC,2024-03-07 10:00:00.000 UTC,2024-03-07 10:00:00.000 UTC,0,2024-03-07 10:00:00.000 UTC,925.0
IQS,f282967da9d54ca2ba7b21d6,100974,True,1022,2022-03-10 10:00:00.000 UTC,2022-03-10 10:00:00.000 UTC,2022-03-10 10:00:00.000 UTC,2,2022-03-10 10:00:00.000 UTC,1653.0
IQS,0244f4a642ab4c278ff8cc22,100975,True,2459,,,,1,,
IQS,2fa37e6094d349a3855cf205,100976,True,2535,,,,4,,
IQS,8f2644debcba4394996dcf2c,100977,True,0,2023-09-09 10:00:00.000 UTC,2023-09-09 10:00:00.000 UTC,2023-09-09 10:00:00.000 UTC,0,2023-09-09 10:00:00.000 UTC,1105.0
IQS,dcf54779cf3b4a7780e42343,100978,True,301,2025-03-04 10:00:00.000 UTC,2025-03-04 10:00:00.000 UTC,2025-03-04 10:00:00.000 UTC,2,2025-03-04 10:00:00.000 UTC,563.0
IQS,f5006e61cc4943079f624afc,100979,True,792,,,,1,,
IQS,a50b429d57424157b1b7ab1e,100980,True,984,2024-08-24 10:00:00.000 UTC,2024-08-24 10:00:00.000 UTC,,3,2024-08-24 10:00:00.000 UTC,755.0
IQS,1f5338d567074396a74eea85,100981,True,4513,2020-05-20 10:00:00.000 UTC,2020-05-20 10:00:00.000 UTC,2020-05-20 10:00:00.000 UTC,2,2020-05-20 10:00:00.000 UTC,2312.0
IQS,c864c6dc2c9e459bb83a1071,100982,True,0,,,,0,,
IQS,c4887690616d4d3d9a51093f,100983,True,3539,2024-06-18 10:00:00.000 UTC,2024-06-18 10:00:00.000 UTC,,3,2024-06-18 10:00:00.000 UTC,822.0
IQS,71bc46140c054996aa23bc87,100984,True,129,2024-02-27 10:00:00.000 UTC,2024-02-27 10:00:00.000 UTC,,1,2024-02-27 10:00:00.000 UTC,934.0
IQS,5b5f01a535e24d3abfcd74c5,100985,True,0,,,,0,,
IQS,faf3d388a79844868b71902b,100986,True,1055,2025-02-14 10:00:00.000 UTC,2025-02-14 10:00:00.000 UTC,,2,2025-02-14 10:00:00.000 UTC,581.0
IQS,11dc586d66dc436e8cf4eacd,100987,True,432,2023-03-16 10:00:00.000 UTC,2023-03-16 10:00:00.000 UTC,2023-03-16 10:00:00.000 UTC,2,2023-03-16 10:00:00.000 UTC,1282.0
IQS,b5a537f9f48b4f3e8784c596,100988,True,0,2024-07-20 10:00:00.000 UTC,2024-07-20 10:00:00.000 UTC,2024-07-20 10:00:00.000 UTC,0,2024-07-20 10:00:00.000 UTC,790.0
IQS,10ba7a7dd845418e923c3a83,100989,True,2114,2022-05-16 10:00:00.000 UTC,2022-05-16 10:00:00.000 UTC,2022-05-16 10:00:00.000 UTC,3,2022-05-16 10:00:00.000 UTC,1586.0
IQS,84ed0ac0bef0468c91e6c83e,100990,True,758,,,,3,,
IQS,9ee3cd82d34f4d189fd25d3f,100991,True,1788,2022-12-13 10:00:00.000 UTC,2022-12-13 10:00:00.000 UTC,,1,2022-12-13 10:00:00.000 UTC,1375.0
IQS,70b968790153480c8791aeea,100992,True,0,2023-01-30 10:00:00.000 UTC,2023-01-30 10:00:00.000 UTC,2023-01-30 10:00:00.000 UTC,0,2023-01-30 10:00:00.000 UTC,1327.0
IQS,3d21e50187e9414aa93923a3,100993,True,0,,,,0,,
IQS,2393bbf320914ea4a8283341,100994,True,0,,,,0,,
IQS,8eacae9535a64e38a7eee978,100995,True,370,2026-07-21 10:00:00.000 UTC,2026-07-21 10:00:00.000 UTC,2026-07-21 10:00:00.000 UTC,1,2026-07-21 10:00:00.000 UTC,59.0
IQS,96fd7f870e1542f084ab9dc0,100996,True,0,,,2021-12-14 10:00:00.000 UTC,0,2021-12-14 10:00:00.000 UTC,1739.0
IQS,17406b1237cc498d9f605951,100997,True,4783,2023-06-02 10:00:00.000 UTC,2023-06-02 10:00:00.000 UTC,2023-06-02 10:00:00.000 UTC,2,2023-06-02 10:00:00.000 UTC,1204.0
IQS,2e9e1c917abb4d60aa186472,100998,True,474,,,2025-06-03 10:00:00.000 UTC,3,2025-06-03 10:00:00.000 UTC,472.0
IQS,3e53f68359934e639f938c48,100999,True,289,,,,2,,
IQS,7b92a2ec4cb1440ba8fa142e,101000,True,671,2024-12-07 10:00:00.000 UTC,2024-12-07 10:00:00.000 UTC,2024-12-07 10:00:00.000 UTC,1,2024-12-07 10:00:00.000 UTC,650.0
IQS,03c6f29dd08f429abfedd66d,101001,True,255,2023-02-20 10:00:00.000 UTC,2023-02-20 10:00:00.000 UTC,2023-02-20 10:00:00.000 UTC,1,2023-02-20 10:00:00.000 UTC,1306.0
IQS,7e3f0f057bd446e68170b897,101002,True,975,,,2021-07-06 10:00:00.000 UTC,4,2021-07-06 10:00:00.000 UTC,1900.0
IQS,ebf208c672be414eb739e50a,101003,True,415,2024-11-24 10:00:00.000 UTC,2024-11-24 10:00:00.000 UTC,2024-11-24 10:00:00.000 UTC,3,2024-11-24 10:00:00.000 UTC,663.0
IQS,4b5b05fecfa34addb0b4b2ea,101004,True,151,,,,2,,
IQS,a30f6226e39c404391f5fd72,101005,True,0,,,,0,,
IQS,3e4e09b66ac944ba8abbade3,101006,True,380,2025-08-31 10:00:00.000 UTC,2025-08-31 10:00:00.000 UTC,,1,2025-08-31 10:00:00.000 UTC,383.0
IQS,3c3218793558433fa40fb758,101007,True,0,2025-03-02 10:00:00.000 UTC,2025-03-02 10:00:00.000 UTC,,0,2025-03-02 10:00:00.000 UTC,565.0
IQS,c48e1e7e876b41d68a0f912a,101008,True,0,,,,0,,
IQS,bac2c0c68f264d62952c7c18,101009,True,9581,,,,1,,
IQS,9c1e472ece63479b8b5ed08a,101010,True,242,,,2025-03-22 10:00:00.000 UTC,3,2025-03-22 10:00:00.000 UTC,545.0
IQS,04a760a565164a0e820430d1,101011,True,0,,,2025-08-08 10:00:00.000 UTC,0,2025-08-08 10:00:00.000 UTC,406.0
IQS,f393648238b740ffbcab8d08,101012,True,0,2024-11-20 10:00:00.000 UTC,2024-11-20 10:00:00.000 UTC,2024-11-20 10:00:00.000 UTC,0,2024-11-20 10:00:00.000 UTC,667.0
IQS,d5dce975214c4d7a84cdc57a,101013,True,7354,2023-08-29 10:00:00.000 UTC,2023-08-29 10:00:00.000 UTC,2023-08-29 10:00:00.000 UTC,1,2023-08-29 10:00:00.000 UTC,1116.0
IQS,f7e0747e441e420ea710bd39,101014,True,1779,,,,3,,
IQS,4766febdcd594307952d5b39,101015,True,1408,2025-08-08 10:00:00.000 UTC,2025-08-08 10:00:00.000 UTC,2025-08-08 10:00:00.000 UTC,1,2025-08-08 10:00:00.000 UTC,406.0
IQS,0b7083e2bdf04d4d9e404dce,101016,True,3815,,,2026-05-31 10:00:00.000 UTC,1,2026-05-31 10:00:00.000 UTC,110.0
IQS,0bc29559bbbe4076a1a7c7ce,101017,True,3455,,,,2,,
IQS,0f8acaf4eed642fd94734471,101018,True,10594,2025-01-04 10:00:00.000 UTC,2025-01-04 10:00:00.000 UTC,2025-01-04 10:00:00.000 UTC,3,2025-01-04 10:00:00.000 UTC,622.0
IQS,617fc261463c4a12958fa9fe,101019,True,0,2026-07-13 10:00:00.000 UTC,2026-07-13 10:00:00.000 UTC,,0,2026-07-13 10:00:00.000 UTC,67.0
IQS,1f7888c9e518430eb902cbe2,101020,True,240,2024-09-04 10:00:00.000 UTC,2024-09-04 10:00:00.000 UTC,2024-09-04 10:00:00.000 UTC,2,2024-09-04 10:00:00.000 UTC,744.0
IQS,f7b7f67f7afb45baab6f3f8e,101021,True,1029,2024-01-01 10:00:00.000 UTC,2024-01-01 10:00:00.000 UTC,2024-01-01 10:00:00.000 UTC,8,2024-01-01 10:00:00.000 UTC,991.0
IQS,a9d72fc29ba347e3b8ad22b4,101022,True,278,2026-08-05 10:00:00.000 UTC,2026-08-05 10:00:00.000 UTC,2026-08-05 10:00:00.000 UTC,2,2026-08-05 10:00:00.000 UTC,44.0
IQS,88150f7ceddc48f5bfe0ea5c,101023,True,0,2026-01-12 10:00:00.000 UTC,2026-01-12 10:00:00.000 UTC,,0,2026-01-12 10:00:00.000 UTC,249.0
IQS,34bb6f974dcf47e49bffed5b,101024,True,0,,,2022-08-24 10:00:00.000 UTC,0,2022-08-24 10:00:00.000 UTC,1486.0
IQS,d531eab90988471380b55235,101025,True,712,2023-08-24 10:00:00.000 UTC,2023-08-24 10:00:00.000 UTC,2023-08-24 10:00:00.000 UTC,1,2023-08-24 10:00:00.000 UTC,1121.0
IQS,1f7fa773b56e48d39c9180fb,101026,True,1748,2024-12-08 10:00:00.000 UTC,2024-12-08 10:00:00.000 UTC,2024-12-08 10:00:00.000 UTC,2,2024-12-08 10:00:00.000 UTC,649.0
IQS,07aa64abd2ba4175a70cc805,101027,True,32498,,,,4,,
IQS,dde6d4c7349a4462b322f194,101028,True,4674,,,,1,,
IQS,05064a9319454b6bb9ece907,101029,True,1343,2024-03-28 10:00:00.000 UTC,2024-03-28 10:00:00.000 UTC,2024-03-28 10:00:00.000 UTC,1,2024-03-28 10:00:00.000 UTC,904.0
IQS,4fd867d2040e47289d02d6ef,101030,True,170,,,,1,,
IQS,960cf24a05d345feb8e2fa69,101031,True,168,2024-07-16 10:00:00.000 UTC,2024-07-16 10:00:00.000 UTC,,1,2024-07-16 10:00:00.000 UTC,794.0
IQS,285088f2b36d47949c381f2c,101032,True,194,,,,4,,
IQS,20ea253a8dfe4a25bbb67d33,101033,True,443,2025-01-19 10:00:00.000 UTC,2025-01-19 10:00:00.000 UTC,2025-01-19 10:00:00.000 UTC,3,2025-01-19 10:00:00.000 UTC,607.0
IQS,c4928bc195e04c7d87d2c120,101034,True,2009,,,2026-08-04 10:00:00.000 UTC,1,2026-08-04 10:00:00.000 UTC,45.0
IQS,68fab7d1ed4c41cb8348c3ae,101035,True,85,,,,2,,
IQS,0174ced4b80a419fb5e991c4,101036,True,4500,,,,1,,
IQS,58341bace09046b7b4b07681,101037,True,5107,2023-03-10 10:00:00.000 UTC,2023-03-10 10:00:00.000 UTC,2023-03-10 10:00:00.000 UTC,2,2023-03-10 10:00:00.000 UTC,1288.0
IQS,eb231daa6f3d4b0da5f5f9ea,101038,True,0,2023-12-09 10:00:00.000 UTC,2023-12-09 10:00:00.000 UTC,2023-12-09 10:00:00.000 UTC,0,2023-12-09 10:00:00.000 UTC,1014.0
IQS,c86316f564684577a623e9cf,101039,True,1571,2026-08-08 10:00:00.000 UTC,2026-08-08 10:00:00.000 UTC,2026-08-08 10:00:00.000 UTC,1,2026-08-08 10:00:00.000 UTC,41.0
IQS,edb36478b0234c0a9e461e63,101040,True,0,2024-12-05 10:00:00.000 UTC,2024-12-05 10:00:00.000 UTC,,0,2024-12-05 10:00:00.000 UTC,652.0
IQS,b338ba0340b741bea42fa36a,101041,True,8741,,,2022-08-05 10:00:00.000 UTC,2,2022-08-05 10:00:00.000 UTC,1505.0
IQS,aa70c69a9b5a418889702769,101042,True,0,2024-11-16 10:00:00.000 UTC,2024-11-16 10:00:00.000 UTC,2024-11-16 10:00:00.000 UTC,0,2024-11-16 10:00:00.000 UTC,671.0
IQS,e8c81cdddd654b8dbe780ef7,101043,True,0,,,,0,,
IQS,e0a3cb330dd44c16aaf0473a,101044,True,0,,,,0,,
IQS,d57a072c2b8c4b07a65e9e68,101045,True,3182,,,,3,,
IQS,bfc69cfc8b164e748ef139ee,101046,True,0,,,,0,,
IQS,2b6c68e9a842438c8c32cd61,101047,True,1841,,,,1,,
IQS,19d090e2f3cb4368af68196b,101048,True,1924,2023-10-28 10:00:00.000 UTC,2023-10-28 10:00:00.000 UTC,2023-10-28 10:00:00.000 UTC,1,2023-10-28 10:00:00.000 UTC,1056.0
IQS,774d58cd624b47a69f5ac0a7,101049,True,1690,2023-11-22 10:00:00.000 UTC,2023-11-22 10:00:00.000 UTC,2023-11-22 10:00:00.000 UTC,2,2023-11-22 10:00:00.000 UTC,1031.0
IQS,3ec27286780842508bb65cdc,101050,True,0,,,2025-03-08 10:00:00.000 UTC,0,2025-03-08 10:00:00.000 UTC,559.0
IQS,e149550cf2f5486387259d2e,101051,True,126,2022-12-03 10:00:00.000 UTC,2022-12-03 10:00:00.000 UTC,2022-12-03 10:00:00.000 UTC,1,2022-12-03 10:00:00.000 UTC,1385.0
IQS,e9d4f35fba334775a370ae7a,101052,True,845,,,,2,,
IQS,24db81d034dc42748d89264d,101053,True,0,,,2026-06-18 10:00:00.000 UTC,0,2026-06-18 10:00:00.000 UTC,92.0
IQS,4f7b8c15ceaf44d98fbaab57,101054,True,252,2021-12-18 10:00:00.000 UTC,2021-12-18 10:00:00.000 UTC,2021-12-18 10:00:00.000 UTC,2,2021-12-18 10:00:00.000 UTC,1735.0
IQS,aeb5c82c4a0843d09237ca91,101055,True,1036,,,2022-12-11 10:00:00.000 UTC,1,2022-12-11 10:00:00.000 UTC,1377.0
IQS,3cbcc9d9b396437081d6b2c0,101056,True,0,2026-06-03 10:00:00.000 UTC,2026-06-03 10:00:00.000 UTC,2026-06-03 10:00:00.000 UTC,0,2026-06-03 10:00:00.000 UTC,107.0
IQS,30f342f165e840b1bae82bd0,101057,True,0,2022-11-15 10:00:00.000 UTC,2022-11-15 10:00:00.000 UTC,2022-11-15 10:00:00.000 UTC,0,2022-11-15 10:00:00.000 UTC,1403.0
IQS,2f7fca0954db481181c4a750,101058,True,4921,,,,1,,
IQS,586666fbf2524f9d8f5eb548,101059,True,252,2026-07-10 10:00:00.000 UTC,2026-07-10 10:00:00.000 UTC,2026-07-10 10:00:00.000 UTC,1,2026-07-10 10:00:00.000 UTC,70.0
IQS,b5cb8275530340659039a1cf,101060,True,194,,,,2,,
IQS,7ab3ab350e8b4c889c585eb2,101061,True,61,2025-05-17 10:00:00.000 UTC,2025-05-17 10:00:00.000 UTC,2025-05-17 10:00:00.000 UTC,1,2025-05-17 10:00:00.000 UTC,489.0
IQS,416c1f0ffa894e3691c5645e,101062,True,0,,,,0,,
IQS,e3f431dd7f9f42e79068aaa3,101063,True,0,2021-12-01 10:00:00.000 UTC,2021-12-01 10:00:00.000 UTC,2021-12-01 10:00:00.000 UTC,0,2021-12-01 10:00:00.000 UTC,1752.0
IQS,434445337aae4d75aa83e5cf,101064,True,254,,,2025-07-11 10:00:00.000 UTC,1,2025-07-11 10:00:00.000 UTC,434.0
IQS,dfa596709f9449f99dce941f,101065,True,0,2026-07-01 10:00:00.000 UTC,2026-07-01 10:00:00.000 UTC,2026-07-01 10:00:00.000 UTC,0,2026-07-01 10:00:00.000 UTC,79.0
IQS,f88e0fa0e0da4a1fbd4e198d,101066,True,0,,,2024-11-10 10:00:00.000 UTC,0,2024-11-10 10:00:00.000 UTC,677.0
IQS,53e34a7926434677a11b78ee,101067,True,2721,2025-06-15 10:00:00.000 UTC,2025-06-15 10:00:00.000 UTC,2025-06-15 10:00:00.000 UTC,1,2025-06-15 10:00:00.000 UTC,460.0
IQS,76369c80b9b34ea6bd1b43dc,101068,True,0,2024-06-10 10:00:00.000 UTC,2024-06-10 10:00:00.000 UTC,,0,2024-06-10 10:00:00.000 UTC,830.0
IQS,7689fac2cc2f4b2cba7b0c90,101069,True,789,2022-08-17 10:00:00.000 UTC,2022-08-17 10:00:00.000 UTC,2022-08-17 10:00:00.000 UTC,3,2022-08-17 10:00:00.000 UTC,1493.0
IQS,243b649ab4134335b4550922,101070,True,0,2023-07-23 10:00:00.000 UTC,2023-07-23 10:00:00.000 UTC,,0,2023-07-23 10:00:00.000 UTC,1153.0
IQS,864c1831a28d4b5594ca4958,101071,True,0,2024-07-20 10:00:00.000 UTC,2024-07-20 10:00:00.000 UTC,,0,2024-07-20 10:00:00.000 UTC,790.0
IQS,5836501c5902443b9a2f8203,101072,True,5390,,,2025-07-16 10:00:00.000 UTC,1,2025-07-16 10:00:00.000 UTC,429.0
IQS,d24315ed59b74dd8893cb177,101073,True,296,2021-04-29 10:00:00.000 UTC,2021-04-29 10:00:00.000 UTC,2021-04-29 10:00:00.000 UTC,2,2021-04-29 10:00:00.000 UTC,1968.0
IQS,07ae69a201724f1894e2221e,101074,True,0,,,,0,,
IQS,b980c9bcc71245328a68b5b0,101075,True,1728,,,,2,,
IQS,a7cd14d217794dd5acbb7cb9,101076,True,0,,,,0,,
IQS,be6908aaab55472aa911e054,101077,True,0,2023-05-16 10:00:00.000 UTC,2023-05-16 10:00:00.000 UTC,2023-05-16 10:00:00.000 UTC,0,2023-05-16 10:00:00.000 UTC,1221.0
IQS,63182ccebe284a57897d664c,101078,True,0,2025-06-17 10:00:00.000 UTC,2025-06-17 10:00:00.000 UTC,2025-06-17 10:00:00.000 UTC,0,2025-06-17 10:00:00.000 UTC,458.0
IQS,ba35420265bf42b19b6fc34e,101079,True,408,2025-07-31 10:00:00.000 UTC,2025-07-31 10:00:00.000 UTC,,2,2025-07-31 10:00:00.000 UTC,414.0
IQS,d192867f0d65468ab5f216e9,101080,True,1110,2018-08-18 10:00:00.000 UTC,2018-08-18 10:00:00.000 UTC,,4,2018-08-18 10:00:00.000 UTC,2953.0
IQS,83bdf27be59843b9b8629c16,101081,True,0,2020-05-10 10:00:00.000 UTC,2020-05-10 10:00:00.000 UTC,,0,2020-05-10 10:00:00.000 UTC,2322.0
IQS,77fb87b6068d4682a28d7490,101082,True,863,2020-10-25 10:00:00.000 UTC,2020-10-25 10:00:00.000 UTC,2020-10-25 10:00:00.000 UTC,1,2020-10-25 10:00:00.000 UTC,2154.0
IQS,15832b7d0a7543b9bcbcdff6,101083,True,117,,,2020-03-19 10:00:00.000 UTC,1,2020-03-19 10:00:00.000 UTC,2374.0
IQS,0d60088766d44d4386ce6e30,101084,True,1410,2021-09-02 10:00:00.000 UTC,2021-09-02 10:00:00.000 UTC,2021-09-02 10:00:00.000 UTC,2,2021-09-02 10:00:00.000 UTC,1842.0
IQS,bb0a53f7f676478cbd91f2ae,101085,True,4691,,,,2,,
IQS,09300c9d51b64db1bfdc1a86,101086,True,241,2026-07-15 10:00:00.000 UTC,2026-07-15 10:00:00.000 UTC,2026-07-15 10:00:00.000 UTC,3,2026-07-15 10:00:00.000 UTC,65.0
IQS,e3787fde66b24a94968f5486,101087,True,565,2023-01-19 10:00:00.000 UTC,2023-01-19 10:00:00.000 UTC,2023-01-19 10:00:00.000 UTC,1,2023-01-19 10:00:00.000 UTC,1338.0
IQS,84261f2b18604f9ea281fa3b,101088,True,3189,2026-08-30 10:00:00.000 UTC,2026-08-30 10:00:00.000 UTC,,3,2026-08-30 10:00:00.000 UTC,19.0
IQS,853f890a153b4f3095870af2,101089,True,8097,2023-03-04 10:00:00.000 UTC,2023-03-04 10:00:00.000 UTC,2023-03-04 10:00:00.000 UTC,2,2023-03-04 10:00:00.000 UTC,1294.0
IQS,9b5a2d1000664f72b3bfddf8,101090,True,622,,,2026-09-15 10:00:00.000 UTC,3,2026-09-15 10:00:00.000 UTC,3.0
IQS,f160608f88eb41d4bf17b7c9,101091,True,5422,,,2022-06-18 10:00:00.000 UTC,2,2022-06-18 10:00:00.000 UTC,1553.0
IQS,070fc63e6cec41868d3af0d7,101092,True,654,,,2023-06-01 10:00:00.000 UTC,3,2023-06-01 10:00:00.000 UTC,1205.0
IQS,3c8c0bffd809434286566953,101093,True,0,,,,0,,
IQS,8257566ec9b04852b9ec395d,101094,True,939,,,,1,,
IQS,0cbcdfddc9d144cf9b0a0533,101095,True,252,2022-11-16 10:00:00.000 UTC,2022-11-16 10:00:00.000 UTC,,3,2022-11-16 10:00:00.000 UTC,1402.0
IQS,178d04a70de74e378a47c91a,101096,True,759,2019-04-11 10:00:00.000 UTC,2019-04-11 10:00:00.000 UTC,2019-04-11 10:00:00.000 UTC,2,2019-04-11 10:00:00.000 UTC,2717.0
IQS,f6341fce71d6406294213b82,101097,True,2618,2021-11-17 10:00:00.000 UTC,2021-11-17 10:00:00.000 UTC,2021-11-17 10:00:00.000 UTC,1,2021-11-17 10:00:00.000 UTC,1766.0
IQS,d5bba63c40df4a8a8983f091,101098,True,0,,,,0,,
IQS,4db03b1f19234a42b02fd662,101099,True,3127,2022-01-23 10:00:00.000 UTC,2022-01-23 10:00:00.000 UTC,,2,2022-01-23 10:00:00.000 UTC,1699.0
IQS,d167e2eac1334dbcae8944b3,101100,True,4767,2025-05-16 10:00:00.000 UTC,2025-05-16 10:00:00.000 UTC,2025-05-16 10:00:00.000 UTC,2,2025-05-16 10:00:00.000 UTC,490.0
IQS,2f52b117e08141df809bafd6,101101,True,1375,,,2023-08-08 10:00:00.000 UTC,2,2023-08-08 10:00:00.000 UTC,1137.0
IQS,14c985ff03d84d7c9e40e1f7,101102,True,6129,2022-02-28 10:00:00.000 UTC,2022-02-28 10:00:00.000 UTC,,2,2022-02-28 10:00:00.000 UTC,1663.0
IQS,f2d35daed393444fa7d91d76,101103,True,115,2026-06-29 10:00:00.000 UTC,2026-06-29 10:00:00.000 UTC,,2,2026-06-29 10:00:00.000 UTC,81.0
IQS,d8c0e9b32feb4e3e8f4b6546,101104,True,0,2026-07-21 10:00:00.000 UTC,2026-07-21 10:00:00.000 UTC,2026-07-21 10:00:00.000 UTC,0,2026-07-21 10:00:00.000 UTC,59.0
IQS,e310b7e3782f4cdd84825b19,101105,True,2969,2022-07-07 10:00:00.000 UTC,2022-07-07 10:00:00.000 UTC,,2,2022-07-07 10:00:00.000 UTC,1534.0
IQS,ae40be19600645e499c85b26,101106,True,112,,,2026-08-21 10:00:00.000 UTC,2,2026-08-21 10:00:00.000 UTC,28.0
IQS,32d9fd587f414dadace186de,101107,True,1421,2021-03-06 10:00:00.000 UTC,2021-03-06 10:00:00.000 UTC,2021-03-06 10:00:00.000 UTC,2,2021-03-06 10:00:00.000 UTC,2022.0
IQS,145a3aab72ae40ac80a2ec7a,101108,True,835,2024-04-10 10:00:00.000 UTC,2024-04-10 10:00:00.000 UTC,,3,2024-04-10 10:00:00.000 UTC,891.0
IQS,621242b4a89149768d59025a,101109,True,1859,2021-11-29 10:00:00.000 UTC,2021-11-29 10:00:00.000 UTC,2021-11-29 10:00:00.000 UTC,1,2021-11-29 10:00:00.000 UTC,1754.0
IQS,8882626164994ad6a9f0fcb7,101110,True,3237,2020-03-21 10:00:00.000 UTC,2020-03-21 10:00:00.000 UTC,,3,2020-03-21 10:00:00.000 UTC,2372.0
IQS,15cb71c710dd4baca53a9f18,101111,True,598,,,2025-01-23 10:00:00.000 UTC,2,2025-01-23 10:00:00.000 UTC,603.0
IQS,bd440a1a0c0f499293484a47,101112,True,0,2025-03-29 10:00:00.000 UTC,2025-03-29 10:00:00.000 UTC,2025-03-29 10:00:00.000 UTC,0,2025-03-29 10:00:00.000 UTC,538.0
IQS,27bee9a8d7584c7c9038b376,101113,True,2717,,,2021-04-16 10:00:00.000 UTC,2,2021-04-16 10:00:00.000 UTC,1981.0
IQS,3f9c3a18649c4108aceaac9a,101114,True,6652,2022-09-19 10:00:00.000 UTC,2022-09-19 10:00:00.000 UTC,2022-09-19 10:00:00.000 UTC,1,2022-09-19 10:00:00.000 UTC,1460.0
IQS,1effcb4b337c40648011f6a8,101115,True,1819,2025-03-17 10:00:00.000 UTC,2025-03-17 10:00:00.000 UTC,2025-03-17 10:00:00.000 UTC,3,2025-03-17 10:00:00.000 UTC,550.0
IQS,57b0fe49f24c43e7b496dbd5,101116,True,248,,,,2,,
IQS,0f58d61fa3864a6bb112d780,101117,True,0,2024-10-21 10:00:00.000 UTC,2024-10-21 10:00:00.000 UTC,2024-10-21 10:00:00.000 UTC,0,2024-10-21 10:00:00.000 UTC,697.0
IQS,bc7b2f7942a544e6ac2ab6e7,101118,True,981,,,,1,,
IQS,c8edb28849f140698eab774a,101119,True,683,,,,1,,
IQS,f3cf378a17c14f8b80e5ce4c,101120,True,0,2021-02-24 10:00:00.000 UTC,2021-02-24 10:00:00.000 UTC,2021-02-24 10:00:00.000 UTC,0,2021-02-24 10:00:00.000 UTC,2032.0
IQS,ec5c9c92df6d4e748218669f,101121,True,1928,2023-07-04 10:00:00.000 UTC,2023-07-04 10:00:00.000 UTC,2023-07-04 10:00:00.000 UTC,2,2023-07-04 10:00:00.000 UTC,1172.0
IQS,22895fd780f0424584b7e8cd,101122,True,0,,,2025-12-05 10:00:00.000 UTC,0,2025-12-05 10:00:00.000 UTC,287.0
IQS,b6359d85fd8c476095a87ada,101123,True,1786,2026-04-10 10:00:00.000 UTC,2026-04-10 10:00:00.000 UTC,2026-04-10 10:00:00.000 UTC,2,2026-04-10 10:00:00.000 UTC,161.0
IQS,9edb7e1ddb48466198c3b5f7,101124,True,0,,,,0,,
IQS,7b71fbccaee14e8988638a1f,101125,True,0,,,,0,,
IQS,46b1760fb3cf41bfa41d8150,101126,True,3219,2026-06-07 10:00:00.000 UTC,2026-06-07 10:00:00.000 UTC,2026-06-07 10:00:00.000 UTC,2,2026-06-07 10:00:00.000 UTC,103.0
IQS,f9c351234db64654a3717d37,101127,True,102,,,2020-09-08 10:00:00.000 UTC,2,2020-09-08 10:00:00.000 UTC,2201.0
IQS,85dece3c42fa4f8886379bf8,101128,True,0,,,2024-10-20 10:00:00.000 UTC,0,2024-10-20 10:00:00.000 UTC,698.0
IQS,ea6cbc3b9837437eb4fd9c2e,101129,True,0,2023-11-08 10:00:00.000 UTC,2023-11-08 10:00:00.000 UTC,2023-11-08 10:00:00.000 UTC,0,2023-11-08 10:00:00.000 UTC,1045.0
IQS,05213ff5011f41dc9aed987e,101130,True,0,,,,0,,
IQS,7494b5f60b604f37aa7e03d6,101131,True,0,2026-06-11 10:00:00.000 UTC,2026-06-11 10:00:00.000 UTC,2026-06-11 10:00:00.000 UTC,0,2026-06-11 10:00:00.000 UTC,99.0
IQS,87ff470bcfcf44fbb0a1eaba,101132,True,2030,2021-07-12 10:00:00.000 UTC,2021-07-12 10:00:00.000 UTC,,2,2021-07-12 10:00:00.000 UTC,1894.0
IQS,5a0c92c54d264977b7c76984,101133,True,340,,,2025-09-09 10:00:00.000 UTC,3,2025-09-09 10:00:00.000 UTC,374.0
IQS,119c71181ba34244b8928d8e,101134,True,0,,,,0,,
IQS,e24f416e55974d70a1a23f8c,101135,True,1342,2023-01-14 10:00:00.000 UTC,2023-01-14 10:00:00.000 UTC,2023-01-14 10:00:00.000 UTC,2,2023-01-14 10:00:00.000 UTC,1343.0
IQS,6130941cfaee48ae8753ef9f,101136,True,800,2025-06-10 10:00:00.000 UTC,2025-06-10 10:00:00.000 UTC,,2,2025-06-10 10:00:00.000 UTC,465.0
IQS,af946ec199e245a8a5b04310,101137,True,0,,,,0,,
IQS,49d5cf57e68c49a59983a9d1,101138,True,4890,,,,2,,
IQS,ee0073e03c9a4384b0103bcb,101139,True,343,,,2020-04-15 10:00:00.000 UTC,2,2020-04-15 10:00:00.000 UTC,2347.0
IQS,0764b56bbc9744cf913b299c,101140,True,0,,,,0,,
IQS,def1e9604a144a4c9e36462b,101141,True,622,2023-02-16 10:00:00.000 UTC,2023-02-16 10:00:00.000 UTC,2023-02-16 10:00:00.000 UTC,3,2023-02-16 10:00:00.000 UTC,1310.0
IQS,22f5a974f15f4b9dbd96966e,101142,True,266,,,2024-11-07 10:00:00.000 UTC,1,2024-11-07 10:00:00.000 UTC,680.0
IQS,cebb8b54f0cd48d1a952149a,101143,True,370,,,,3,,
IQS,7ab2273e5dc6452c99ae96de,101144,True,4252,2024-12-21 10:00:00.000 UTC,2024-12-21 10:00:00.000 UTC,,3,2024-12-21 10:00:00.000 UTC,636.0
IQS,4db8004549164128b0622e75,101145,True,1170,2024-01-17 10:00:00.000 UTC,2024-01-17 10:00:00.000 UTC,,3,2024-01-17 10:00:00.000 UTC,975.0
IQS,fb0bc53f9201440c8f7fd0fa,101146,True,510,2025-10-20 10:00:00.000 UTC,2025-10-20 10:00:00.000 UTC,2025-10-20 10:00:00.000 UTC,1,2025-10-20 10:00:00.000 UTC,333.0
IQS,922c6d0d572e477ca7041c77,101147,True,0,,,,0,,
IQS,a21370c117dd44b5870a67f9,101148,True,300,2023-11-23 10:00:00.000 UTC,2023-11-23 10:00:00.000 UTC,2023-11-23 10:00:00.000 UTC,1,2023-11-23 10:00:00.000 UTC,1030.0
IQS,7984e0b4cbdb4d36878d784c,101149,True,0,,,,0,,
IQS,7998dc47e06f42b98754fdce,101150,True,0,2026-07-30 10:00:00.000 UTC,2026-07-30 10:00:00.000 UTC,,0,2026-07-30 10:00:00.000 UTC,50.0
IQS,2eb2f8b533464b5bab126359,101151,True,7628,2026-07-26 10:00:00.000 UTC,2026-07-26 10:00:00.000 UTC,2026-07-26 10:00:00.000 UTC,5,2026-07-26 10:00:00.000 UTC,54.0
IQS,b8d519f4692d438489d35272,101152,True,925,2026-07-07 10:00:00.000 UTC,2026-07-07 10:00:00.000 UTC,,1,2026-07-07 10:00:00.000 UTC,73.0
IQS,0a05364ef83e41829990397f,101153,True,0,,,,0,,
IQS,b875c1e7da2c4c5c98c36dfe,101154,True,0,,,,0,,
IQS,aa518cc455fe4758aa166752,101155,True,2350,2020-04-25 10:00:00.000 UTC,2020-04-25 10:00:00.000 UTC,,1,2020-04-25 10:00:00.000 UTC,2337.0
IQS,d72ed5a355d54ebaa5b3dcb5,101156,True,864,2025-02-13 10:00:00.000 UTC,2025-02-13 10:00:00.000 UTC,,2,2025-02-13 10:00:00.000 UTC,582.0
IQS,a1240bd565904ba691dd26b1,101157,True,0,2025-07-16 10:00:00.000 UTC,2025-07-16 10:00:00.000 UTC,2025-07-16 10:00:00.000 UTC,0,2025-07-16 10:00:00.000 UTC,429.0
IQS,633b3cb2485b41dc9b6597b8,101158,True,452,,,,1,,
IQS,78b53c79882c41039329bd92,101159,True,174,,,,2,,
IQS,17ad6a5feae6410e9ecb87a0,101160,True,0,,,2023-12-07 10:00:00.000 UTC,0,2023-12-07 10:00:00.000 UTC,1016.0
IQS,541de9a6083440dc8e78eb5a,101161,True,0,2023-04-15 10:00:00.000 UTC,2023-04-15 10:00:00.000 UTC,2023-04-15 10:00:00.000 UTC,0,2023-04-15 10:00:00.000 UTC,1252.0
IQS,6caaa3f634694ec083d76a9e,101162,True,641,2024-02-04 10:00:00.000 UTC,2024-02-04 10:00:00.000 UTC,2024-02-04 10:00:00.000 UTC,2,2024-02-04 10:00:00.000 UTC,957.0
IQS,1ebfeea7a1794401867cdb3b,101163,True,1042,,,2023-11-19 10:00:00.000 UTC,2,2023-11-19 10:00:00.000 UTC,1034.0
IQS,1b89103ea7a64189ab11b374,101164,True,429,,,,2,,
IQS,7ff34d892aad4b3ca6cd3483,101165,True,1074,,,,3,,
IQS,22ec55fc3d6e4b38aa950904,101166,True,120,,,2022-06-27 10:00:00.000 UTC,1,2022-06-27 10:00:00.000 UTC,1544.0
IQS,b0b82a6c655044dcb87c15bd,101167,True,1754,,,2019-04-15 10:00:00.000 UTC,1,2019-04-15 10:00:00.000 UTC,2713.0
IQS,f86b21247ee64128b626c0c6,101168,True,601,,,2026-08-19 10:00:00.000 UTC,3,2026-08-19 10:00:00.000 UTC,30.0
IQS,5e973e543e5d4df5aac6884f,101169,True,133,2021-11-04 10:00:00.000 UTC,2021-11-04 10:00:00.000 UTC,2021-11-04 10:00:00.000 UTC,2,2021-11-04 10:00:00.000 UTC,1779.0
IQS,12f0e4ef12c8477cb4e6d829,101170,True,883,,,2025-02-05 10:00:00.000 UTC,1,2025-02-05 10:00:00.000 UTC,590.0
IQS,737a28c5d3644341902909dd,101171,True,0,,,,0,,
IQS,2ee50157ac4947a3ad34c117,101172,True,361,2026-06-07 10:00:00.000 UTC,2026-06-07 10:00:00.000 UTC,,2,2026-06-07 10:00:00.000 UTC,103.0
IQS,30e9e4823c09416a9c550170,101173,True,0,2026-06-26 10:00:00.000 UTC,2026-06-26 10:00:00.000 UTC,,0,2026-06-26 10:00:00.000 UTC,84.0
IQS,39008870dd97425c932557b9,101174,True,410,,,,2,,
IQS,2b1aac78c30a4fb889c4c971,101175,True,186,2023-01-30 10:00:00.000 UTC,2023-01-30 10:00:00.000 UTC,2023-01-30 10:00:00.000 UTC,2,2023-01-30 10:00:00.000 UTC,1327.0
IQS,9f88ed494d014ed39a91d73d,101176,True,612,,,,2,,
IQS,884796c67c094f4d9b4c3739,101177,True,1133,,,2025-04-25 10:00:00.000 UTC,2,2025-04-25 10:00:00.000 UTC,511.0
IQS,f7c77c3f53dd4fae82148029,101178,True,462,2025-01-17 10:00:00.000 UTC,2025-01-17 10:00:00.000 UTC,2025-01-17 10:00:00.000 UTC,4,2025-01-17 10:00:00.000 UTC,609.0
IQS,474a230bc833461bbae89b48,101179,True,827,,,,1,,
IQS,06fa1e6e0ca94643bd582e47,101180,True,1934,,,2026-07-29 10:00:00.000 UTC,3,2026-07-29 10:00:00.000 UTC,51.0
IQS,96c88eb8dadc488bb5fc0a02,101181,True,653,,,2024-08-19 10:00:00.000 UTC,2,2024-08-19 10:00:00.000 UTC,760.0
IQS,8b1ff115092b4680a639c159,101182,True,10320,2020-12-25 10:00:00.000 UTC,2020-12-25 10:00:00.000 UTC,2020-12-25 10:00:00.000 UTC,1,2020-12-25 10:00:00.000 UTC,2093.0
IQS,aac7c59916cd446cbfad37b2,101183,True,750,2023-11-11 10:00:00.000 UTC,2023-11-11 10:00:00.000 UTC,2023-11-11 10:00:00.000 UTC,2,2023-11-11 10:00:00.000 UTC,1042.0
IQS,ae3b688b55ea448db47b3c58,101184,True,1811,,,,2,,
IQS,4121c2b34e074f6fa2c39975,101185,True,6777,,,2023-05-29 10:00:00.000 UTC,2,2023-05-29 10:00:00.000 UTC,1208.0
IQS,fae3bbf51485475ea134fe7d,101186,True,1782,,,,1,,
IQS,5f3ef8198d4440a98d36c5c5,101187,True,708,,,,2,,
IQS,e697337f9b9e4dd4aa5451ce,101188,True,80,2025-06-29 10:00:00.000 UTC,2025-06-29 10:00:00.000 UTC,2025-06-29 10:00:00.000 UTC,3,2025-06-29 10:00:00.000 UTC,446.0
IQS,c01a2dddecb841e2a6f1f878,101189,True,396,,,,3,,
IQS,8190a695509d4cd69c35ab0a,101190,True,726,,,,2,,
IQS,24c22e7c9af84c93905c2208,101191,True,0,,,,0,,
IQS,cb89d0acd6f247bd88045b0f,101192,True,787,,,,4,,
IQS,4432ad6d571d49b6b91bc02b,101193,True,2534,2023-01-28 10:00:00.000 UTC,2023-01-28 10:00:00.000 UTC,2023-01-28 10:00:00.000 UTC,1,2023-01-28 10:00:00.000 UTC,1329.0
IQS,10df09c0eda8439fba2b9959,101194,True,988,2024-11-17 10:00:00.000 UTC,2024-11-17 10:00:00.000 UTC,,2,2024-11-17 10:00:00.000 UTC,670.0
IQS,72583c78565d48a3becb0810,101195,True,0,,,2026-07-01 10:00:00.000 UTC,0,2026-07-01 10:00:00.000 UTC,79.0
IQS,cb95c072bfce4b708a3fd422,101196,True,1191,,,,3,,
IQS,8d6daa0666ad43a49ab3c6e9,101197,True,0,,,2022-12-28 10:00:00.000 UTC,0,2022-12-28 10:00:00.000 UTC,1360.0
IQS,2d7eab3036d9495d8ca8c06f,101198,True,3143,,,2026-08-31 10:00:00.000 UTC,1,2026-08-31 10:00:00.000 UTC,18.0
IQS,5f8f004e09ac490d9488103b,101199,True,2678,,,2023-01-15 10:00:00.000 UTC,1,2023-01-15 10:00:00.000 UTC,1342.0
IQS,6ca56cea6d99427badb770bd,101200,True,1810,,,,4,,
IQS,1888aebc6f8047759b5c4dc7,101201,True,593,2022-04-11 10:00:00.000 UTC,2022-04-11 10:00:00.000 UTC,2022-04-11 10:00:00.000 UTC,4,2022-04-11 10:00:00.000 UTC,1621.0
IQS,c42dbfe1f4d948f98b56dbfb,101202,True,5464,,,,5,,
IQS,4b586f1a1b22436eb17e0a3a,101203,True,2544,2025-06-08 10:00:00.000 UTC,2025-06-08 10:00:00.000 UTC,2025-06-08 10:00:00.000 UTC,2,2025-06-08 10:00:00.000 UTC,467.0
IQS,6642aa6896274d73a09f2e6e,101204,True,0,2026-06-14 10:00:00.000 UTC,2026-06-14 10:00:00.000 UTC,2026-06-14 10:00:00.000 UTC,0,2026-06-14 10:00:00.000 UTC,96.0
IQS,f68623ee02644adca5fcbed2,101205,True,0,,,,0,,
IQS,3a54de69186449ab959d32c3,101206,True,782,,,,2,,
IQS,4820e2c30e8c494b812b9121,101207,True,2650,,,,2,,
IQS,bb07d5e25336450eaf03f699,101208,True,432,,,,2,,
IQS,6a62b75bd2234064822775ea,101209,True,0,,,2026-06-11 10:00:00.000 UTC,0,2026-06-11 10:00:00.000 UTC,99.0
IQS,e7df58efbf404f4bb7144186,101210,True,0,2022-03-07 10:00:00.000 UTC,2022-03-07 10:00:00.000 UTC,,0,2022-03-07 10:00:00.000 UTC,1656.0
IQS,221ad97f3c0d43278bffa322,101211,True,998,2026-09-10 10:00:00.000 UTC,2026-09-10 10:00:00.000 UTC,,2,2026-09-10 10:00:00.000 UTC,8.0
IQS,2156e6ef17d84f6991a98ee8,101212,True,1893,2025-12-03 10:00:00.000 UTC,2025-12-03 10:00:00.000 UTC,2025-12-03 10:00:00.000 UTC,1,2025-12-03 10:00:00.000 UTC,289.0
IQS,d95adcbad1034b18b38ef3fb,101213,True,827,2023-08-19 10:00:00.000 UTC,2023-08-19 10:00:00.000 UTC,2023-08-19 10:00:00.000 UTC,2,2023-08-19 10:00:00.000 UTC,1126.0
IQS,427c4622aeca416db8bb6b5d,101214,True,2320,2025-01-16 10:00:00.000 UTC,2025-01-16 10:00:00.000 UTC,2025-01-16 10:00:00.000 UTC,2,2025-01-16 10:00:00.000 UTC,610.0
IQS,a5116b5be5614ef286904bae,101215,True,656,,,,3,,
IQS,5b99e56844464dfab677217f,101216,True,866,,,,2,,
IQS,6c5177e67ec446fbb875bb2e,101217,True,3994,2023-04-07 10:00:00.000 UTC,2023-04-07 10:00:00.000 UTC,,2,2023-04-07 10:00:00.000 UTC,1260.0
IQS,b02e43e60ea940fab707d7b7,101218,True,0,2022-10-08 10:00:00.000 UTC,2022-10-08 10:00:00.000 UTC,,0,2022-10-08 10:00:00.000 UTC,1441.0
IQS,e69a05f8b7024b6d8fed1bec,101219,True,786,,,2023-05-15 10:00:00.000 UTC,3,2023-05-15 10:00:00.000 UTC,1222.0
IQS,bacf9301f5e74aadb95efd36,101220,True,556,,,,2,,
IQS,1838ff926a1a404fa7a060a3,101221,True,8242,,,,5,,
IQS,6940cb0519b546f7902b3b6e,101222,True,11153,2026-08-30 10:00:00.000 UTC,2026-08-30 10:00:00.000 UTC,,4,2026-08-30 10:00:00.000 UTC,19.0
IQS,17dd25e8c504475fb91ed3cc,101223,True,5290,,,2025-04-07 10:00:00.000 UTC,1,2025-04-07 10:00:00.000 UTC,529.0
IQS,fc1619798228434f9e9762e2,101224,True,0,,,2025-11-18 10:00:00.000 UTC,0,2025-11-18 10:00:00.000 UTC,304.0
IQS,49e68877182c477baf012854,101225,True,0,2026-07-16 10:00:00.000 UTC,2026-07-16 10:00:00.000 UTC,,0,2026-07-16 10:00:00.000 UTC,64.0
IQS,6d7a41d3761045068f78f667,101226,True,50,,,2024-07-16 10:00:00.000 UTC,1,2024-07-16 10:00:00.000 UTC,794.0
IQS,b36c390711f247ddaa70d1ee,101227,True,304,2022-12-06 10:00:00.000 UTC,2022-12-06 10:00:00.000 UTC,2022-12-06 10:00:00.000 UTC,4,2022-12-06 10:00:00.000 UTC,1382.0
IQS,349eb4aceb84479aa49888ae,101228,True,5659,,,,3,,
IQS,ca54ce57f8fa44af8ff9f290,101229,True,4370,,,,2,,
IQS,4bda3e1274a24ea0bdb16004,101230,True,552,,,,4,,
IQS,1716939517274d7ca02891cc,101231,True,3470,2024-08-29 10:00:00.000 UTC,2024-08-29 10:00:00.000 UTC,2024-08-29 10:00:00.000 UTC,2,2024-08-29 10:00:00.000 UTC,750.0
IQS,979e523b7f9e4dbd9247203b,101232,True,2967,2019-03-10 10:00:00.000 UTC,2019-03-10 10:00:00.000 UTC,2019-03-10 10:00:00.000 UTC,2,2019-03-10 10:00:00.000 UTC,2749.0
IQS,9293130e62dd421699da90c7,101233,True,3484,2024-05-18 10:00:00.000 UTC,2024-05-18 10:00:00.000 UTC,,1,2024-05-18 10:00:00.000 UTC,853.0
IQS,ac802055accd486cab1ee9e6,101234,True,961,2023-04-24 10:00:00.000 UTC,2023-04-24 10:00:00.000 UTC,,2,2023-04-24 10:00:00.000 UTC,1243.0
IQS,ad553ee76a674b7a97dc737c,101235,True,918,,,,3,,
IQS,773f931bf5804ae5b4b19b67,101236,True,1304,,,,3,,
IQS,61bab98782a64b70a1add05e,101237,True,563,2025-10-14 10:00:00.000 UTC,2025-10-14 10:00:00.000 UTC,,3,2025-10-14 10:00:00.000 UTC,339.0
IQS,1647cd7f8b9f48908a44e7ec,101238,True,0,2025-06-13 10:00:00.000 UTC,2025-06-13 10:00:00.000 UTC,2025-06-13 10:00:00.000 UTC,0,2025-06-13 10:00:00.000 UTC,462.0
IQS,1a27349ff0b241deab3b543f,101239,True,5317,2024-08-09 10:00:00.000 UTC,2024-08-09 10:00:00.000 UTC,,1,2024-08-09 10:00:00.000 UTC,770.0
IQS,523f864db8be4f55b9ce8700,101240,True,410,,,2022-04-15 10:00:00.000 UTC,2,2022-04-15 10:00:00.000 UTC,1617.0
IQS,bd014b297952440082b1f281,101241,True,321,,,,3,,
IQS,bdcd7d4cd8f04402a11df874,101242,True,844,2024-10-07 10:00:00.000 UTC,2024-10-07 10:00:00.000 UTC,2024-10-07 10:00:00.000 UTC,2,2024-10-07 10:00:00.000 UTC,711.0
IQS,ce2610b6d0504dbf8e46f287,101243,True,2241,,,,3,,
IQS,f4f0fcd374654fb4bd7ba768,101244,True,2498,2024-06-02 10:00:00.000 UTC,2024-06-02 10:00:00.000 UTC,,2,2024-06-02 10:00:00.000 UTC,838.0
IQS,9bd061bfcd6845879ae880a5,101245,True,2188,2024-07-10 10:00:00.000 UTC,2024-07-10 10:00:00.000 UTC,2024-07-10 10:00:00.000 UTC,2,2024-07-10 10:00:00.000 UTC,800.0
IQS,8a70c7729623455fa2b5490e,101246,True,473,2019-09-25 10:00:00.000 UTC,2019-09-25 10:00:00.000 UTC,,2,2019-09-25 10:00:00.000 UTC,2550.0
IQS,6cbeea62863a45a084a1b750,101247,True,1034,,,,1,,
IQS,60a065451f254990ba464820,101248,True,1008,,,2024-07-12 10:00:00.000 UTC,3,2024-07-12 10:00:00.000 UTC,798.0
IQS,16239d0b9feb4f89b65253cd,101249,True,761,2022-06-12 10:00:00.000 UTC,2022-06-12 10:00:00.000 UTC,2022-06-12 10:00:00.000 UTC,1,2022-06-12 10:00:00.000 UTC,1559.0
IQS,f2dbc4aa4bd34033af178792,101250,True,1114,2024-04-07 10:00:00.000 UTC,2024-04-07 10:00:00.000 UTC,,1,2024-04-07 10:00:00.000 UTC,894.0
IQS,a4dafc4da8f44b5d8923809d,101251,True,939,2023-06-08 10:00:00.000 UTC,2023-06-08 10:00:00.000 UTC,2023-06-08 10:00:00.000 UTC,1,2023-06-08 10:00:00.000 UTC,1198.0
IQS,9760a51d3e054afba4b81eaa,101252,True,81,2022-02-05 10:00:00.000 UTC,2022-02-05 10:00:00.000 UTC,,1,2022-02-05 10:00:00.000 UTC,1686.0
IQS,e10ac02862e048c1b61fd291,101253,True,479,,,,2,,
IQS,e8ddb94534854a9bb10a6675,101254,True,161,,,,1,,
IQS,36a1ee870b164186ae8aa1a0,101255,True,2104,,,2020-07-06 10:00:00.000 UTC,1,2020-07-06 10:00:00.000 UTC,2265.0
IQS,80dd55e1a96f4de5a9c13bb8,101256,True,564,2021-10-12 10:00:00.000 UTC,2021-10-12 10:00:00.000 UTC,2021-10-12 10:00:00.000 UTC,2,2021-10-12 10:00:00.000 UTC,1802.0
IQS,795ccc45f82e4937bce56039,101257,True,568,2024-09-16 10:00:00.000 UTC,2024-09-16 10:00:00.000 UTC,2024-09-16 10:00:00.000 UTC,2,2024-09-16 10:00:00.000 UTC,732.0
IQS,8601b98ef11d4b0a8a5e89f9,101258,True,932,2021-10-03 10:00:00.000 UTC,2021-10-03 10:00:00.000 UTC,2021-10-03 10:00:00.000 UTC,2,2021-10-03 10:00:00.000 UTC,1811.0
IQS,d39e00c620b047f58bdae5d4,101259,True,0,2026-07-06 10:00:00.000 UTC,2026-07-06 10:00:00.000 UTC,2026-07-06 10:00:00.000 UTC,0,2026-07-06 10:00:00.000 UTC,74.0
IQS,44ca355d14c4420f847f2411,101260,True,2034,2022-04-17 10:00:00.000 UTC,2022-04-17 10:00:00.000 UTC,,3,2022-04-17 10:00:00.000 UTC,1615.0
IQS,de5d23c2cac54ed2a8eb0223,101261,True,945,,,,1,,
IQS,31aa2e7123ff4accad31d75c,101262,True,9516,,,,1,,
IQS,71845f08907340b7bde49c6f,101263,True,3602,,,,1,,
IQS,7eede0a4f6354d4db99c2267,101264,True,436,2026-08-08 10:00:00.000 UTC,2026-08-08 10:00:00.000 UTC,,3,2026-08-08 10:00:00.000 UTC,41.0
IQS,da381a0c13a94a1890088958,101265,True,0,,,,0,,
IQS,0f3a434c845f4e99a5a97b31,101266,True,706,,,2022-11-12 10:00:00.000 UTC,2,2022-11-12 10:00:00.000 UTC,1406.0
IQS,6b56bc87d66f4e7cba1e0619,101267,True,2241,2022-05-21 10:00:00.000 UTC,2022-05-21 10:00:00.000 UTC,2022-05-21 10:00:00.000 UTC,1,2022-05-21 10:00:00.000 UTC,1581.0
IQS,80b80cfe71544a2a83b92b3d,101268,True,263,,,,2,,
IQS,46d94818cd8f437cb32c8a1d,101269,True,1326,2023-02-02 10:00:00.000 UTC,2023-02-02 10:00:00.000 UTC,,1,2023-02-02 10:00:00.000 UTC,1324.0
IQS,ae88c20736874ed29d2d7d0b,101270,True,0,,,,0,,
IQS,31d66d8a66a84cb18125c379,101271,True,166,2021-12-25 10:00:00.000 UTC,2021-12-25 10:00:00.000 UTC,2021-12-25 10:00:00.000 UTC,2,2021-12-25 10:00:00.000 UTC,1728.0
IQS,0489bad16bfd424c84f6c879,101272,True,0,2018-12-21 10:00:00.000 UTC,2018-12-21 10:00:00.000 UTC,2018-12-21 10:00:00.000 UTC,0,2018-12-21 10:00:00.000 UTC,2828.0
IQS,0ed683ea23a24c8fa7e70c07,101273,True,30,,,2021-09-25 10:00:00.000 UTC,2,2021-09-25 10:00:00.000 UTC,1819.0
IQS,a1dae37a5afe4772b3ff01c7,101274,True,648,,,,1,,
IQS,279081f5d0d94cdd9edf219f,101275,True,0,2022-03-14 10:00:00.000 UTC,2022-03-14 10:00:00.000 UTC,2022-03-14 10:00:00.000 UTC,0,2022-03-14 10:00:00.000 UTC,1649.0
IQS,b4dbee318e104f9aad3dd465,101276,True,934,2017-07-22 10:00:00.000 UTC,2017-07-22 10:00:00.000 UTC,,1,2017-07-22 10:00:00.000 UTC,3345.0
IQS,037bf94c9708449493b5fc77,101277,True,0,,,,0,,
IQS,6aa661386c5649f8a502f2b7,101278,True,1431,2026-05-23 10:00:00.000 UTC,2026-05-23 10:00:00.000 UTC,2026-05-23 10:00:00.000 UTC,1,2026-05-23 10:00:00.000 UTC,118.0
IQS,17592f832ea64ec3a26786c3,101279,True,926,2025-05-01 10:00:00.000 UTC,2025-05-01 10:00:00.000 UTC,,1,2025-05-01 10:00:00.000 UTC,505.0
IQS,152c2c8760684b3a9c7d0f50,101280,True,68,2026-03-23 10:00:00.000 UTC,2026-03-23 10:00:00.000 UTC,,3,2026-03-23 10:00:00.000 UTC,179.0
IQS,3d745d1c771e4f719079ba29,101281,True,1590,2024-10-16 10:00:00.000 UTC,2024-10-16 10:00:00.000 UTC,,4,2024-10-16 10:00:00.000 UTC,702.0
IQS,789737d082bc4bdcabf4c257,101282,True,0,,,,0,,
IQS,96ba9ba238214d3d8d376e22,101283,True,585,,,2024-08-21 10:00:00.000 UTC,1,2024-08-21 10:00:00.000 UTC,758.0
IQS,5e42e1c2906446478aeca2b0,101284,True,2788,2023-06-01 10:00:00.000 UTC,2023-06-01 10:00:00.000 UTC,2023-06-01 10:00:00.000 UTC,1,2023-06-01 10:00:00.000 UTC,1205.0
IQS,c7e05ac5ac1f4d58b1c3cff7,101285,True,2646,,,2021-01-12 10:00:00.000 UTC,4,2021-01-12 10:00:00.000 UTC,2075.0
IQS,54a2be5145154c7ba515bc22,101286,True,0,,,2022-04-09 10:00:00.000 UTC,0,2022-04-09 10:00:00.000 UTC,1623.0
IQS,d3d024b3481a4942a33970c6,101287,True,0,,,,0,,
IQS,587f27926c5d4e6eb4929028,101288,True,3540,2024-10-08 10:00:00.000 UTC,2024-10-08 10:00:00.000 UTC,2024-10-08 10:00:00.000 UTC,2,2024-10-08 10:00:00.000 UTC,710.0
IQS,eb0c8523e39d47bcbb058dd2,101289,True,0,,,,0,,
IQS,d8a57d079cba4e1f9459e0c4,101290,True,187,2022-11-23 10:00:00.000 UTC,2022-11-23 10:00:00.000 UTC,2022-11-23 10:00:00.000 UTC,2,2022-11-23 10:00:00.000 UTC,1395.0
IQS,68cec0aa301b4bb28d06f488,101291,True,322,,,2024-06-02 10:00:00.000 UTC,1,2024-06-02 10:00:00.000 UTC,838.0
IQS,fa0edfe5e4f54e9184f4afbb,101292,True,0,2022-07-09 10:00:00.000 UTC,2022-07-09 10:00:00.000 UTC,,0,2022-07-09 10:00:00.000 UTC,1532.0
IQS,80f172f2d76c4ebe950f588b,101293,True,2347,,,,1,,
IQS,36c663c4d7444d5c8881a89b,101294,True,0,,,,0,,
IQS,84cf006eb74e4d36bb5dff61,101295,True,518,,,,3,,
IQS,dfc48d687f984c34859b7834,101296,True,503,2024-04-22 10:00:00.000 UTC,2024-04-22 10:00:00.000 UTC,2024-04-22 10:00:00.000 UTC,1,2024-04-22 10:00:00.000 UTC,879.0
IQS,d1be21c28ae84d96b7c67fe6,101297,True,1385,2026-06-18 10:00:00.000 UTC,2026-06-18 10:00:00.000 UTC,2026-06-18 10:00:00.000 UTC,3,2026-06-18 10:00:00.000 UTC,92.0
IQS,030f2d9a45b34a72b888e58b,101298,True,0,2025-02-04 10:00:00.000 UTC,2025-02-04 10:00:00.000 UTC,2025-02-04 10:00:00.000 UTC,0,2025-02-04 10:00:00.000 UTC,591.0
IQS,390b2ed8411a496cadee5ab1,101299,True,0,2026-08-10 10:00:00.000 UTC,2026-08-10 10:00:00.000 UTC,2026-08-10 10:00:00.000 UTC,0,2026-08-10 10:00:00.000 UTC,39.0
IQS,dcd12c0ed15a4b708d223efc,101300,True,0,2025-02-26 10:00:00.000 UTC,2025-02-26 10:00:00.000 UTC,2025-02-26 10:00:00.000 UTC,0,2025-02-26 10:00:00.000 UTC,569.0
IQS,4adc6743a29641a995d56595,101301,True,0,2022-10-17 10:00:00.000 UTC,2022-10-17 10:00:00.000 UTC,2022-10-17 10:00:00.000 UTC,0,2022-10-17 10:00:00.000 UTC,1432.0
IQS,9887596e1f624774a75d8623,101302,True,549,2023-09-06 10:00:00.000 UTC,2023-09-06 10:00:00.000 UTC,,1,2023-09-06 10:00:00.000 UTC,1108.0
IQS,dca60fd005014d6ba92071b5,101303,True,3283,2021-11-19 10:00:00.000 UTC,2021-11-19 10:00:00.000 UTC,,1,2021-11-19 10:00:00.000 UTC,1764.0
IQS,2ccf7366874b4931b2cf0441,101304,True,0,,,2024-07-11 10:00:00.000 UTC,0,2024-07-11 10:00:00.000 UTC,799.0
IQS,2597f50c735e435fbc108421,101305,True,824,2025-05-10 10:00:00.000 UTC,2025-05-10 10:00:00.000 UTC,2025-05-10 10:00:00.000 UTC,2,2025-05-10 10:00:00.000 UTC,496.0
IQS,80c2875495454ca88e77e94b,101306,True,0,2026-06-03 10:00:00.000 UTC,2026-06-03 10:00:00.000 UTC,2026-06-03 10:00:00.000 UTC,0,2026-06-03 10:00:00.000 UTC,107.0
IQS,d83d552bddd64966b47e2401,101307,True,2875,,,2023-06-21 10:00:00.000 UTC,1,2023-06-21 10:00:00.000 UTC,1185.0
IQS,0a5ec10063a54899b6097a05,101308,True,0,,,,0,,
IQS,79d63c7c065a48dbb36e14ac,101309,True,1068,2025-09-23 10:00:00.000 UTC,2025-09-23 10:00:00.000 UTC,,1,2025-09-23 10:00:00.000 UTC,360.0
IQS,e7c04b0023ec4a1d876d4ccf,101310,True,4851,2020-03-10 10:00:00.000 UTC,2020-03-10 10:00:00.000 UTC,,1,2020-03-10 10:00:00.000 UTC,2383.0
IQS,0b630607a7a7432bb491604f,101311,True,1975,,,,1,,
IQS,aec566dbb6604c9797d148ec,101312,True,0,2023-06-10 10:00:00.000 UTC,2023-06-10 10:00:00.000 UTC,,0,2023-06-10 10:00:00.000 UTC,1196.0
IQS,6fc736d24ada484d880d8c70,101313,True,5770,2025-07-03 10:00:00.000 UTC,2025-07-03 10:00:00.000 UTC,2025-07-03 10:00:00.000 UTC,3,2025-07-03 10:00:00.000 UTC,442.0
IQS,93d5664b7c84479194de985b,101314,True,0,2018-12-25 10:00:00.000 UTC,2018-12-25 10:00:00.000 UTC,2018-12-25 10:00:00.000 UTC,0,2018-12-25 10:00:00.000 UTC,2824.0
IQS,b71408a227954e6081bdbe81,101315,True,657,,,2021-05-24 10:00:00.000 UTC,3,2021-05-24 10:00:00.000 UTC,1943.0
IQS,992e6f1725e04a8e9976ec48,101316,True,522,2021-02-12 10:00:00.000 UTC,2021-02-12 10:00:00.000 UTC,2021-02-12 10:00:00.000 UTC,3,2021-02-12 10:00:00.000 UTC,2044.0
IQS,6ee2af094046442aa7c86c0f,101317,True,0,,,,0,,
IQS,3a442bd8ec194089b200c610,101318,True,934,2026-07-01 10:00:00.000 UTC,2026-07-01 10:00:00.000 UTC,,1,2026-07-01 10:00:00.000 UTC,79.0
IQS,c368dc139ab34967b44111ca,101319,True,0,,,2025-02-25 10:00:00.000 UTC,0,2025-02-25 10:00:00.000 UTC,570.0
IQS,c9292efe1b854afdabf6c8e4,101320,True,0,,,,0,,
IQS,73b0211a65934bb9b6406a2e,101321,True,0,2024-06-16 10:00:00.000 UTC,2024-06-16 10:00:00.000 UTC,,0,2024-06-16 10:00:00.000 UTC,824.0
IQS,1bf36f8e099a4472802b2201,101322,True,398,,,,1,,
IQS,a58e260091e8432aa107824e,101323,True,2486,,,2025-04-05 10:00:00.000 UTC,1,2025-04-05 10:00:00.000 UTC,531.0
IQS,41477fa0d14e4007a6b98cb6,101324,True,988,2021-11-12 10:00:00.000 UTC,2021-11-12 10:00:00.000 UTC,,2,2021-11-12 10:00:00.000 UTC,1771.0
IQS,555b1fc48a014b2188f5d34d,101325,True,764,,,,3,,
IQS,77f21a57b3a845a980eeb34e,101326,True,1577,2017-08-15 10:00:00.000 UTC,2017-08-15 10:00:00.000 UTC,,2,2017-08-15 10:00:00.000 UTC,3321.0
IQS,39171be5b0af458cab035667,101327,True,0,2025-06-20 10:00:00.000 UTC,2025-06-20 10:00:00.000 UTC,,0,2025-06-20 10:00:00.000 UTC,455.0
IQS,90a6a71a38b84179ac2585ea,101328,True,913,2023-08-01 10:00:00.000 UTC,2023-08-01 10:00:00.000 UTC,2023-08-01 10:00:00.000 UTC,2,2023-08-01 10:00:00.000 UTC,1144.0
IQS,ae3e3b1508fb4ee2adc05d5c,101329,True,0,,,2025-02-18 10:00:00.000 UTC,0,2025-02-18 10:00:00.000 UTC,577.0
IQS,a879a118b28a44c8848e9b61,101330,True,1340,2024-05-20 10:00:00.000 UTC,2024-05-20 10:00:00.000 UTC,2024-05-20 10:00:00.000 UTC,1,2024-05-20 10:00:00.000 UTC,851.0
IQS,81d69e1065ef410094a25323,101331,True,0,,,2024-09-05 10:00:00.000 UTC,0,2024-09-05 10:00:00.000 UTC,743.0
IQS,134d9831db304db989bfaf1c,101332,True,0,2021-01-05 10:00:00.000 UTC,2021-01-05 10:00:00.000 UTC,2021-01-05 10:00:00.000 UTC,0,2021-01-05 10:00:00.000 UTC,2082.0
IQS,92d8d3e6652e457ebd2aafb3,101333,True,992,,,2019-07-01 10:00:00.000 UTC,1,2019-07-01 10:00:00.000 UTC,2636.0
IQS,5923f8fd57634a6dbd67b170,101334,True,796,2023-11-04 10:00:00.000 UTC,2023-11-04 10:00:00.000 UTC,,4,2023-11-04 10:00:00.000 UTC,1049.0
IQS,6aa63c9e4c684cf0b4d6f890,101335,True,886,2023-11-28 10:00:00.000 UTC,2023-11-28 10:00:00.000 UTC,,3,2023-11-28 10:00:00.000 UTC,1025.0
IQS,77f305e78c2746fabb050446,101336,True,1217,,,,2,,
IQS,357fb9e86c04436598c46c45,101337,True,501,2024-05-18 10:00:00.000 UTC,2024-05-18 10:00:00.000 UTC,,2,2024-05-18 10:00:00.000 UTC,853.0
IQS,2ef8fa6117fd47ba9c113a9c,101338,True,1099,2026-02-06 10:00:00.000 UTC,2026-02-06 10:00:00.000 UTC,2026-02-06 10:00:00.000 UTC,1,2026-02-06 10:00:00.000 UTC,224.0
IQS,ad357e09cdad4420a23a7bf8,101339,True,0,,,2026-06-17 10:00:00.000 UTC,0,2026-06-17 10:00:00.000 UTC,93.0
IQS,2154d6df5348442f9c511b58,101340,True,552,,,,1,,
IQS,31c8b34a46794f128ac36c8b,101341,True,278,,,2023-02-06 10:00:00.000 UTC,2,2023-02-06 10:00:00.000 UTC,1320.0
IQS,a97f45b775c842629284fb0f,101342,True,0,2021-02-16 10:00:00.000 UTC,2021-02-16 10:00:00.000 UTC,2021-02-16 10:00:00.000 UTC,0,2021-02-16 10:00:00.000 UTC,2040.0
IQS,fba91f8c9e2448cf85e1802b,101343,True,40,2024-11-04 10:00:00.000 UTC,2024-11-04 10:00:00.000 UTC,,1,2024-11-04 10:00:00.000 UTC,683.0
IQS,13d21a3677a942f0a7343e90,101344,True,0,,,,0,,
IQS,96b2db11057243f7b214b332,101345,True,0,2024-04-24 10:00:00.000 UTC,2024-04-24 10:00:00.000 UTC,,0,2024-04-24 10:00:00.000 UTC,877.0
IQS,9cf47c0339e84ea288c1bb1a,101346,True,1786,,,,3,,
IQS,5a1e1a8aeff142ebba06d941,101347,True,242,2024-04-27 10:00:00.000 UTC,2024-04-27 10:00:00.000 UTC,2024-04-27 10:00:00.000 UTC,2,2024-04-27 10:00:00.000 UTC,874.0
IQS,099bbdd345304ead8aae2826,101348,True,36,2019-11-12 10:00:00.000 UTC,2019-11-12 10:00:00.000 UTC,2019-11-12 10:00:00.000 UTC,1,2019-11-12 10:00:00.000 UTC,2502.0
IQS,432d40cb4fa84622b43990a7,101349,True,708,,,,2,,
IQS,81eb7ef12699473fbbd8c58d,101350,True,618,,,,3,,
IQS,5558930c63084d958f703c26,101351,True,0,,,2026-08-24 10:00:00.000 UTC,0,2026-08-24 10:00:00.000 UTC,25.0
IQS,4658302fbd5d4392b31c3f3a,101352,True,435,,,2023-04-21 10:00:00.000 UTC,3,2023-04-21 10:00:00.000 UTC,1246.0
IQS,595b4d3fef9b41989e0c279d,101353,True,0,,,,0,,
IQS,12c0c1383e304ceaa4343f47,101354,True,0,2019-12-18 10:00:00.000 UTC,2019-12-18 10:00:00.000 UTC,2019-12-18 10:00:00.000 UTC,0,2019-12-18 10:00:00.000 UTC,2466.0
IQS,488a11797de74ec4b2bbdd32,101355,True,0,2023-12-28 10:00:00.000 UTC,2023-12-28 10:00:00.000 UTC,2023-12-28 10:00:00.000 UTC,0,2023-12-28 10:00:00.000 UTC,995.0
IQS,517833cbe0d245d4a001059b,101356,True,2842,,,,3,,
IQS,732ab8a33b08497cadab8f8c,101357,True,2902,,,,1,,
IQS,058a9d09b4ae4e3c979b777e,101358,True,455,,,2023-11-11 10:00:00.000 UTC,1,2023-11-11 10:00:00.000 UTC,1042.0
IQS,f868fc8c31eb4afc859d9de9,101359,True,0,,,2024-02-19 10:00:00.000 UTC,0,2024-02-19 10:00:00.000 UTC,942.0
IQS,29b6f1426cf348488f92ad3b,101360,True,0,,,,0,,
IQS,31fbe55e7e4b4aaea78c623c,101361,True,1436,2022-01-06 10:00:00.000 UTC,2022-01-06 10:00:00.000 UTC,2022-01-06 10:00:00.000 UTC,1,2022-01-06 10:00:00.000 UTC,1716.0
IQS,1e8b53decf9441468bfa65aa,101362,True,0,2025-08-11 10:00:00.000 UTC,2025-08-11 10:00:00.000 UTC,,0,2025-08-11 10:00:00.000 UTC,403.0
IQS,1bfefd5a4105493a8b1effc5,101363,True,161,2025-11-26 10:00:00.000 UTC,2025-11-26 10:00:00.000 UTC,,2,2025-11-26 10:00:00.000 UTC,296.0
IQS,d9e60eb68f914f6187d3f41b,101364,True,629,,,,1,,
IQS,342d4821d7a148d294d1736d,101365,True,436,2025-04-19 10:00:00.000 UTC,2025-04-19 10:00:00.000 UTC,2025-04-19 10:00:00.000 UTC,1,2025-04-19 10:00:00.000 UTC,517.0
IQS,984854306ff8407f9b575423,101366,True,344,,,2024-02-28 10:00:00.000 UTC,2,2024-02-28 10:00:00.000 UTC,933.0
IQS,aaf9368ae4494d398f48e5fb,101367,True,4724,2025-02-18 10:00:00.000 UTC,2025-02-18 10:00:00.000 UTC,2025-02-18 10:00:00.000 UTC,2,2025-02-18 10:00:00.000 UTC,577.0
IQS,a06e1a5f237a4bedad6b5ba5,101368,True,4441,2020-05-14 10:00:00.000 UTC,2020-05-14 10:00:00.000 UTC,2020-05-14 10:00:00.000 UTC,2,2020-05-14 10:00:00.000 UTC,2318.0
IQS,cf450215dd7e4ff19c892171,101369,True,0,2023-12-24 10:00:00.000 UTC,2023-12-24 10:00:00.000 UTC,2023-12-24 10:00:00.000 UTC,0,2023-12-24 10:00:00.000 UTC,999.0
IQS,6cd6cffb1f4b49a18870b160,101370,True,1663,2023-10-28 10:00:00.000 UTC,2023-10-28 10:00:00.000 UTC,,2,2023-10-28 10:00:00.000 UTC,1056.0
IQS,ec04fb38a48546f785e76138,101371,True,952,2023-06-18 10:00:00.000 UTC,2023-06-18 10:00:00.000 UTC,2023-06-18 10:00:00.000 UTC,3,2023-06-18 10:00:00.000 UTC,1188.0
IQS,0a1e47759416410e91fbf8f2,101372,True,960,,,,1,,
IQS,0bb7170e52ff4241b1eb9a47,101373,True,0,,,2024-05-24 10:00:00.000 UTC,0,2024-05-24 10:00:00.000 UTC,847.0
IQS,0cad4c40a8cc4600b7caa246,101374,True,4643,,,,5,,
IQS,f1b28582bafb4ef6983f1d51,101375,True,3238,,,2023-02-06 10:00:00.000 UTC,4,2023-02-06 10:00:00.000 UTC,1320.0
IQS,02ffe79711624535b5ab49c1,101376,True,1211,,,,1,,
IQS,242faaff7bcb43898295d9d2,101377,True,251,,,2026-09-14 10:00:00.000 UTC,1,2026-09-14 10:00:00.000 UTC,4.0
IQS,9610b93c6d0b41f9918436e8,101378,True,578,2024-08-04 10:00:00.000 UTC,2024-08-04 10:00:00.000 UTC,2024-08-04 10:00:00.000 UTC,1,2024-08-04 10:00:00.000 UTC,775.0
IQS,c138d832100f47c5ae85802b,101379,True,7797,,,2023-03-18 10:00:00.000 UTC,2,2023-03-18 10:00:00.000 UTC,1280.0
IQS,593c4e1fcd264ff29dbff01f,101380,True,2013,2019-03-17 10:00:00.000 UTC,2019-03-17 10:00:00.000 UTC,,2,2019-03-17 10:00:00.000 UTC,2742.0
IQS,48b0af8b917b4963b045b136,101381,True,2672,,,2023-10-30 10:00:00.000 UTC,5,2023-10-30 10:00:00.000 UTC,1054.0
IQS,9bd2f70a7379441f80129fa8,101382,True,143,,,2026-07-22 10:00:00.000 UTC,1,2026-07-22 10:00:00.000 UTC,58.0
IQS,8499fa2a39964aa280aa0807,101383,True,3553,,,,2,,
IQS,0ebf298f03994e539eb1f4eb,101384,True,273,,,,4,,
IQS,d85d365239174ea48be26498,101385,True,1918,,,,2,,
IQS,fb0c296ae71b41b4a3c6cc27,101386,True,446,,,2023-09-25 10:00:00.000 UTC,3,2023-09-25 10:00:00.000 UTC,1089.0
IQS,125a0d998daa4b7c9276288d,101387,True,0,,,,0,,
IQS,f30c9afb380746a8b3c14544,101388,True,8433,,,2024-03-18 10:00:00.000 UTC,1,2024-03-18 10:00:00.000 UTC,914.0
IQS,c583f9460d1942268398663d,101389,True,0,,,,0,,
IQS,8416c7ad6b8949ce96255522,101390,True,9364,2023-12-22 10:00:00.000 UTC,2023-12-22 10:00:00.000 UTC,2023-12-22 10:00:00.000 UTC,2,2023-12-22 10:00:00.000 UTC,1001.0
IQS,0e56af778eac4a42ac727c7c,101391,True,5707,,,,1,,
IQS,80b642d902a14415a134b6be,101392,True,0,2022-12-21 10:00:00.000 UTC,2022-12-21 10:00:00.000 UTC,2022-12-21 10:00:00.000 UTC,0,2022-12-21 10:00:00.000 UTC,1367.0
IQS,79d96d230abe40138ea69675,101393,True,0,2023-11-03 10:00:00.000 UTC,2023-11-03 10:00:00.000 UTC,,0,2023-11-03 10:00:00.000 UTC,1050.0
IQS,6bb702e1c59e42619786daf0,101394,True,4075,2020-01-09 10:00:00.000 UTC,2020-01-09 10:00:00.000 UTC,2020-01-09 10:00:00.000 UTC,2,2020-01-09 10:00:00.000 UTC,2444.0
IQS,32c94a0b31624ebabe95655d,101395,True,0,2026-09-03 10:00:00.000 UTC,2026-09-03 10:00:00.000 UTC,2026-09-03 10:00:00.000 UTC,0,2026-09-03 10:00:00.000 UTC,15.0
IQS,4d1bef6880aa40309a208856,101396,True,8036,2024-10-03 10:00:00.000 UTC,2024-10-03 10:00:00.000 UTC,2024-10-03 10:00:00.000 UTC,3,2024-10-03 10:00:00.000 UTC,715.0
IQS,6d9d95c2eb9e49b0b0170ced,101397,True,1299,2025-03-27 10:00:00.000 UTC,2025-03-27 10:00:00.000 UTC,,2,2025-03-27 10:00:00.000 UTC,540.0
IQS,b14af178a35548ccb7743549,101398,True,0,,,,0,,
IQS,8197a4a6346e4180adbe0610,101399,True,28650,2017-05-20 10:00:00.000 UTC,2017-05-20 10:00:00.000 UTC,,2,2017-05-20 10:00:00.000 UTC,3408.0
IQS,86fca04bd078492d847bc770,101400,True,1052,2025-07-16 10:00:00.000 UTC,2025-07-16 10:00:00.000 UTC,2025-07-16 10:00:00.000 UTC,1,2025-07-16 10:00:00.000 UTC,429.0
IQS,d6f5a109f44c47f691e0501b,101401,True,257,,,2024-01-12 10:00:00.000 UTC,1,2024-01-12 10:00:00.000 UTC,980.0
IQS,33019f1e3bf048cea9cbc8da,101402,True,1475,,,,1,,
IQS,3a48175dc3604cb7834b3de6,101403,True,410,,,2021-12-11 10:00:00.000 UTC,5,2021-12-11 10:00:00.000 UTC,1742.0
IQS,0c8974f70c5d4eba918bc051,101404,True,2031,2023-10-13 10:00:00.000 UTC,2023-10-13 10:00:00.000 UTC,2023-10-13 10:00:00.000 UTC,4,2023-10-13 10:00:00.000 UTC,1071.0
IQS,5917d635cf4b443592b595ca,101405,True,727,,,2023-10-06 10:00:00.000 UTC,1,2023-10-06 10:00:00.000 UTC,1078.0
IQS,1a7ad86cc16046f9bfa7870e,101406,True,3366,2024-07-14 10:00:00.000 UTC,2024-07-14 10:00:00.000 UTC,,3,2024-07-14 10:00:00.000 UTC,796.0
IQS,6303b07efb55486ba949ff27,101407,True,224,2023-03-09 10:00:00.000 UTC,2023-03-09 10:00:00.000 UTC,2023-03-09 10:00:00.000 UTC,2,2023-03-09 10:00:00.000 UTC,1289.0
IQS,8f5028e4953d4455919879b0,101408,True,476,,,,2,,
IQS,e3cf1ce1763e4b11b3086f5d,101409,True,2789,2026-08-25 10:00:00.000 UTC,2026-08-25 10:00:00.000 UTC,,1,2026-08-25 10:00:00.000 UTC,24.0
IQS,42b96715d5464370b9a3ca49,101410,True,979,,,2024-08-08 10:00:00.000 UTC,1,2024-08-08 10:00:00.000 UTC,771.0
IQS,a3d86ec800674d6ab9730a50,101411,True,406,2025-05-06 10:00:00.000 UTC,2025-05-06 10:00:00.000 UTC,,1,2025-05-06 10:00:00.000 UTC,500.0
IQS,7999bfd5fa014b229fa3f165,101412,True,785,,,,2,,
IQS,97fb0e8d01f446a785400b3f,101413,True,1973,,,,2,,
IQS,fb83747bb36f46d4a2889034,101414,True,0,,,2024-10-01 10:00:00.000 UTC,0,2024-10-01 10:00:00.000 UTC,717.0
IQS,1a2ba4c7b49f48d4ad5dc4e9,101415,True,306,2024-10-24 10:00:00.000 UTC,2024-10-24 10:00:00.000 UTC,2024-10-24 10:00:00.000 UTC,3,2024-10-24 10:00:00.000 UTC,694.0
IQS,bd4649db719a42b49c63a611,101416,True,3912,2022-08-31 10:00:00.000 UTC,2022-08-31 10:00:00.000 UTC,2022-08-31 10:00:00.000 UTC,1,2022-08-31 10:00:00.000 UTC,1479.0
IQS,0c8da2919e714a94919e9128,101417,True,261,,,2026-05-02 10:00:00.000 UTC,1,2026-05-02 10:00:00.000 UTC,139.0
IQS,3b68353ec8324fbd8374d8ec,101418,True,0,,,,0,,
IQS,543adc8b790d4e9a89e9ad6f,101419,True,960,,,,3,,
IQS,8d7ee34a2f2a4cb6bd0a76d3,101420,True,0,2026-06-08 10:00:00.000 UTC,2026-06-08 10:00:00.000 UTC,,0,2026-06-08 10:00:00.000 UTC,102.0
IQS,d7a6c4d0d84f4dc995351797,101421,True,0,2022-01-10 10:00:00.000 UTC,2022-01-10 10:00:00.000 UTC,2022-01-10 10:00:00.000 UTC,0,2022-01-10 10:00:00.000 UTC,1712.0
IQS,f5e7555f4d774e20a3744c4f,101422,True,2493,,,,3,,
IQS,839d5b46897a409aa5d3c28e,101423,True,1678,,,2026-07-19 10:00:00.000 UTC,2,2026-07-19 10:00:00.000 UTC,61.0
IQS,166fb6cfcf5b433691f2eadf,101424,True,1549,,,2022-08-08 10:00:00.000 UTC,2,2022-08-08 10:00:00.000 UTC,1502.0
IQS,bf55d4e484654c659fcbc0ed,101425,True,147,2024-02-24 10:00:00.000 UTC,2024-02-24 10:00:00.000 UTC,,1,2024-02-24 10:00:00.000 UTC,937.0
IQS,540bf4b84d1d42b08c6e8633,101426,True,4982,2025-06-22 10:00:00.000 UTC,2025-06-22 10:00:00.000 UTC,2025-06-22 10:00:00.000 UTC,2,2025-06-22 10:00:00.000 UTC,453.0
IQS,fbb2f26255dd4da1b400555f,101427,True,0,2024-03-30 10:00:00.000 UTC,2024-03-30 10:00:00.000 UTC,2024-03-30 10:00:00.000 UTC,0,2024-03-30 10:00:00.000 UTC,902.0
IQS,906a526a3a8e40338e1907d5,101428,True,0,2024-10-26 10:00:00.000 UTC,2024-10-26 10:00:00.000 UTC,,0,2024-10-26 10:00:00.000 UTC,692.0
IQS,7ffebff8a8a148a6a29285d6,101429,True,1140,2024-10-06 10:00:00.000 UTC,2024-10-06 10:00:00.000 UTC,2024-10-06 10:00:00.000 UTC,2,2024-10-06 10:00:00.000 UTC,712.0
IQS,2a6e2d7b03f44f05b77ee85f,101430,True,0,,,2024-11-23 10:00:00.000 UTC,0,2024-11-23 10:00:00.000 UTC,664.0
IQS,5f7f2920219b40c68214749e,101431,True,0,,,2026-06-03 10:00:00.000 UTC,0,2026-06-03 10:00:00.000 UTC,107.0
IQS,5c58601693664d3cb141923f,101432,True,2572,,,2021-01-06 10:00:00.000 UTC,1,2021-01-06 10:00:00.000 UTC,2081.0
IQS,49161abb31f74d7587adfbc0,101433,True,366,,,,2,,
IQS,8750d5b548ab4ee08e48d8a9,101434,True,6623,2024-09-07 10:00:00.000 UTC,2024-09-07 10:00:00.000 UTC,,2,2024-09-07 10:00:00.000 UTC,741.0
IQS,e790f501b8d948d78911cf55,101435,True,847,,,,1,,
IQS,7f0bb751143747498ca0de1b,101436,True,1231,,,,1,,
IQS,34c213eac0f24b2a89fe561d,101437,True,728,,,,3,,
IQS,a226ba2841d942679ca8cf3f,101438,True,1577,2026-05-23 10:00:00.000 UTC,2026-05-23 10:00:00.000 UTC,2026-05-23 10:00:00.000 UTC,2,2026-05-23 10:00:00.000 UTC,118.0
IQS,357647bed9c44f1a95f46e32,101439,True,0,,,,0,,
IQS,643a4132831545519260bc3e,101440,True,0,2023-05-27 10:00:00.000 UTC,2023-05-27 10:00:00.000 UTC,,0,2023-05-27 10:00:00.000 UTC,1210.0
IQS,30e7b530e74243d0979f3966,101441,True,18605,,,,2,,
IQS,7a4e36c349e44cc1befc042c,101442,True,772,,,2022-09-27 10:00:00.000 UTC,2,2022-09-27 10:00:00.000 UTC,1452.0
IQS,9dd84a6f788f45c89a1842c7,101443,True,6995,,,,2,,
IQS,44aae01ad39441198f2b4c29,101444,True,0,2026-09-04 10:00:00.000 UTC,2026-09-04 10:00:00.000 UTC,,0,2026-09-04 10:00:00.000 UTC,14.0
IQS,663213e9c898426bbc284fab,101445,True,98,2023-01-08 10:00:00.000 UTC,2023-01-08 10:00:00.000 UTC,2023-01-08 10:00:00.000 UTC,2,2023-01-08 10:00:00.000 UTC,1349.0
IQS,3c767f931bb948c09b7a11ff,101446,True,0,,,2023-11-29 10:00:00.000 UTC,0,2023-11-29 10:00:00.000 UTC,1024.0
IQS,c319ccae68dc4189baca8c52,101447,True,2969,2024-11-05 10:00:00.000 UTC,2024-11-05 10:00:00.000 UTC,2024-11-05 10:00:00.000 UTC,2,2024-11-05 10:00:00.000 UTC,682.0
IQS,c0186c72756c467ab7f80cd8,101448,True,1668,,,,2,,
IQS,0d614217372645c3be9ad751,101449,True,3706,,,,2,,
IQS,92fe0000ac714a158326d46c,101450,True,976,,,,4,,
IQS,a879ffd0c700451191516604,101451,True,0,2022-07-24 10:00:00.000 UTC,2022-07-24 10:00:00.000 UTC,2022-07-24 10:00:00.000 UTC,0,2022-07-24 10:00:00.000 UTC,1517.0
IQS,ca33e99103b84b09b78845eb,101452,True,0,,,,0,,
IQS,b3efe29a73f44509a9b3d4c3,101453,True,387,,,,2,,
IQS,0205be1b341f4b25a1dd4377,101454,True,4184,2025-06-30 10:00:00.000 UTC,2025-06-30 10:00:00.000 UTC,,3,2025-06-30 10:00:00.000 UTC,445.0
IQS,6024dc5ad94442bea48e78db,101455,True,7869,2024-01-22 10:00:00.000 UTC,2024-01-22 10:00:00.000 UTC,2024-01-22 10:00:00.000 UTC,4,2024-01-22 10:00:00.000 UTC,970.0
IQS,ca8b6444f083421ea02124aa,101456,True,623,2022-07-13 10:00:00.000 UTC,2022-07-13 10:00:00.000 UTC,2022-07-13 10:00:00.000 UTC,2,2022-07-13 10:00:00.000 UTC,1528.0
IQS,3a07cec0dedb4ceeb6a71030,101457,True,581,,,,3,,
IQS,5392b03ce0bb4af28c986074,101458,True,0,,,,0,,
IQS,6f2e871bc5b641f193f88e9b,101459,True,485,,,,2,,
IQS,c59c85c11bf44283bc1ce133,101460,True,359,,,,2,,
IQS,f49b515cd5624640bee1b157,101461,True,1055,2021-11-03 10:00:00.000 UTC,2021-11-03 10:00:00.000 UTC,,2,2021-11-03 10:00:00.000 UTC,1780.0
IQS,75cfe460590948e9b044846d,101462,True,1746,,,2024-07-12 10:00:00.000 UTC,3,2024-07-12 10:00:00.000 UTC,798.0
IQS,6188ebd24f0d4727a57688e2,101463,True,0,2021-03-28 10:00:00.000 UTC,2021-03-28 10:00:00.000 UTC,,0,2021-03-28 10:00:00.000 UTC,2000.0
IQS,4ae6b8f14b3c41c0b67da5a6,101464,True,456,,,2023-07-11 10:00:00.000 UTC,3,2023-07-11 10:00:00.000 UTC,1165.0
IQS,d6888533182f4642abe278b8,101465,True,0,,,,0,,
IQS,ebe7a10c12e4429d88972278,101466,True,0,,,,0,,
IQS,459eb4c7111848d99cb28f4f,101467,True,357,2026-07-25 10:00:00.000 UTC,2026-07-25 10:00:00.000 UTC,2026-07-25 10:00:00.000 UTC,4,2026-07-25 10:00:00.000 UTC,55.0
IQS,941d2367ddfc43799de13dce,101468,True,786,,,2024-04-01 10:00:00.000 UTC,4,2024-04-01 10:00:00.000 UTC,900.0
IQS,6c5590d36a3e4c5abce4a863,101469,True,467,,,,1,,
IQS,99da2cee55b94de3b25e5a58,101470,True,1320,,,2026-06-21 10:00:00.000 UTC,2,2026-06-21 10:00:00.000 UTC,89.0
IQS,adac65fde01d49cbba68b4f0,101471,True,0,,,,0,,
IQS,fd3b7d87ab0e4462a6f2cbba,101472,True,0,,,,0,,
IQS,fa5c7804e1b7406c90705e23,101473,True,1149,,,,3,,
IQS,2ae542307b69437eaca5fa74,101474,True,0,,,2024-03-10 10:00:00.000 UTC,0,2024-03-10 10:00:00.000 UTC,922.0
IQS,35849478f5514a4c90fafd9a,101475,True,84,,,,2,,
IQS,1143e63332d142b789c5ea47,101476,True,2192,,,2026-01-27 10:00:00.000 UTC,2,2026-01-27 10:00:00.000 UTC,234.0
IQS,f60b3e0f5f204b44b2726271,101477,True,405,2022-03-10 10:00:00.000 UTC,2022-03-10 10:00:00.000 UTC,2022-03-10 10:00:00.000 UTC,3,2022-03-10 10:00:00.000 UTC,1653.0
IQS,3b5ab37281fa4368b6277c24,101478,True,2259,2024-09-20 10:00:00.000 UTC,2024-09-20 10:00:00.000 UTC,,2,2024-09-20 10:00:00.000 UTC,728.0
IQS,841f31fc998545b19e145fe2,101479,True,0,2026-09-08 10:00:00.000 UTC,2026-09-08 10:00:00.000 UTC,,0,2026-09-08 10:00:00.000 UTC,10.0
IQS,9d8ef9fab9ce42309e3331e2,101480,True,863,,,,2,,
IQS,a1fde73edd1f4f8caa9f8701,101481,True,0,,,2023-06-30 10:00:00.000 UTC,0,2023-06-30 10:00:00.000 UTC,1176.0
IQS,f979e6337a9741d3a7827b8e,101482,True,0,,,2021-10-10 10:00:00.000 UTC,0,2021-10-10 10:00:00.000 UTC,1804.0
IQS,d150218fc4be43ff87a83d25,101483,True,0,,,,0,,
IQS,a143e712343d4f6fae1653b7,101484,True,0,2026-03-07 10:00:00.000 UTC,2026-03-07 10:00:00.000 UTC,2026-03-07 10:00:00.000 UTC,0,2026-03-07 10:00:00.000 UTC,195.0
IQS,57f9f144d8934c66b0724b3e,101485,True,1187,,,2024-02-28 10:00:00.000 UTC,1,2024-02-28 10:00:00.000 UTC,933.0
IQS,43179b8d49da496eb30b4f8e,101486,True,0,2021-03-04 10:00:00.000 UTC,2021-03-04 10:00:00.000 UTC,2021-03-04 10:00:00.000 UTC,0,2021-03-04 10:00:00.000 UTC,2024.0
IQS,26949d07455b45678df362a0,101487,True,0,2020-12-03 10:00:00.000 UTC,2020-12-03 10:00:00.000 UTC,,0,2020-12-03 10:00:00.000 UTC,2115.0
IQS,c96af2a9acbd4b39ba5dd01f,101488,True,26616,,,,1,,
IQS,a8f041346ac44df3b9d582fc,101489,True,0,,,,0,,
IQS,b19fe253288a4d308f1982d7,101490,True,1736,2021-09-25 10:00:00.000 UTC,2021-09-25 10:00:00.000 UTC,,2,2021-09-25 10:00:00.000 UTC,1819.0
IQS,0da2c144ae91412491853094,101491,True,540,2026-05-24 10:00:00.000 UTC,2026-05-24 10:00:00.000 UTC,,2,2026-05-24 10:00:00.000 UTC,117.0
IQS,67da8c10bb314aa9a1675cd4,101492,True,0,2026-09-15 10:00:00.000 UTC,2026-09-15 10:00:00.000 UTC,2026-09-15 10:00:00.000 UTC,0,2026-09-15 10:00:00.000 UTC,3.0
IQS,13631b4ac318418ca872eeb0,101493,True,1009,,,2023-11-19 10:00:00.000 UTC,1,2023-11-19 10:00:00.000 UTC,1034.0
IQS,de418e5f4236463cb5609474,101494,True,6787,,,,4,,
IQS,05da7d3d5040496d91c8587b,101495,True,1412,2023-12-24 10:00:00.000 UTC,2023-12-24 10:00:00.000 UTC,2023-12-24 10:00:00.000 UTC,2,2023-12-24 10:00:00.000 UTC,999.0
IQS,6b936bab80f241edb7e3551d,101496,True,2732,2024-01-05 10:00:00.000 UTC,2024-01-05 10:00:00.000 UTC,2024-01-05 10:00:00.000 UTC,1,2024-01-05 10:00:00.000 UTC,987.0
IQS,69dcad810eb8409baaeab614,101497,True,0,,,2023-06-28 10:00:00.000 UTC,0,2023-06-28 10:00:00.000 UTC,1178.0
IQS,381d5bc7cc0c4c40b3104eee,101498,True,1703,2020-06-28 10:00:00.000 UTC,2020-06-28 10:00:00.000 UTC,,2,2020-06-28 10:00:00.000 UTC,2273.0
IQS,bd52b9fb69f84a0ab941fc44,101499,True,0,2026-08-16 10:00:00.000 UTC,2026-08-16 10:00:00.000 UTC,2026-08-16 10:00:00.000 UTC,0,2026-08-16 10:00:00.000 UTC,33.0
IQS,ba053406bd924b62b5a0be3b,101500,True,0,2025-05-21 10:00:00.000 UTC,2025-05-21 10:00:00.000 UTC,2025-05-21 10:00:00.000 UTC,0,2025-05-21 10:00:00.000 UTC,485.0
IQS,9d76dd95065a4e608e791b60,101501,True,329,,,2023-11-20 10:00:00.000 UTC,1,2023-11-20 10:00:00.000 UTC,1033.0
IQS,0154f0a704fe41208a1c4437,101502,True,153,,,2022-05-01 10:00:00.000 UTC,1,2022-05-01 10:00:00.000 UTC,1601.0
IQS,776d48deca594cf285a4513c,101503,True,2909,,,,2,,
IQS,724181540ce549b09c94893e,101504,True,1577,,,,2,,
IQS,dae8c2378c7f4bab8a391e81,101505,True,1757,,,2021-03-26 10:00:00.000 UTC,4,2021-03-26 10:00:00.000 UTC,2002.0
IQS,9e89af9f6d3e4d8d94d219e6,101506,True,0,2023-10-13 10:00:00.000 UTC,2023-10-13 10:00:00.000 UTC,2023-10-13 10:00:00.000 UTC,0,2023-10-13 10:00:00.000 UTC,1071.0
IQS,4395ff8791e1408f9c9f23c6,101507,True,854,2025-09-17 10:00:00.000 UTC,2025-09-17 10:00:00.000 UTC,,3,2025-09-17 10:00:00.000 UTC,366.0
IQS,1f5f69ead3484cebb2220260,101508,True,664,,,2016-12-28 10:00:00.000 UTC,3,2016-12-28 10:00:00.000 UTC,3551.0
IQS,bbae5c770b7247008ac3b414,101509,True,450,2024-10-02 10:00:00.000 UTC,2024-10-02 10:00:00.000 UTC,2024-10-02 10:00:00.000 UTC,2,2024-10-02 10:00:00.000 UTC,716.0
IQS,2cb433f16dc04f9ca1222630,101510,True,0,,,2026-01-10 10:00:00.000 UTC,0,2026-01-10 10:00:00.000 UTC,251.0
IQS,96de44a36b2b43f6a0fa304a,101511,True,0,2022-07-24 10:00:00.000 UTC,2022-07-24 10:00:00.000 UTC,2022-07-24 10:00:00.000 UTC,0,2022-07-24 10:00:00.000 UTC,1517.0
IQS,1af12f6c373e4a7c8188ca47,101512,True,0,2024-08-16 10:00:00.000 UTC,2024-08-16 10:00:00.000 UTC,,0,2024-08-16 10:00:00.000 UTC,763.0
IQS,63c2d1ad6a9546c887865a11,101513,True,3222,2026-08-07 10:00:00.000 UTC,2026-08-07 10:00:00.000 UTC,,1,2026-08-07 10:00:00.000 UTC,42.0
IQS,07725c9ca78a47efbe11ba37,101514,True,394,2021-11-22 10:00:00.000 UTC,2021-11-22 10:00:00.000 UTC,2021-11-22 10:00:00.000 UTC,2,2021-11-22 10:00:00.000 UTC,1761.0
IQS,054b44877ebb4dfd89da9029,101515,True,1960,,,2021-08-03 10:00:00.000 UTC,4,2021-08-03 10:00:00.000 UTC,1872.0
IQS,0f50414e295d4581b29fb575,101516,True,453,,,2018-12-11 10:00:00.000 UTC,2,2018-12-11 10:00:00.000 UTC,2838.0
IQS,d60224209d584f8c99e0c2bf,101517,True,20002,2025-08-12 10:00:00.000 UTC,2025-08-12 10:00:00.000 UTC,,1,2025-08-12 10:00:00.000 UTC,402.0
IQS,9878a0c7c444436c8131a43a,101518,True,439,,,,1,,
IQS,9328dc22f1914e69b2f8a40b,101519,True,1030,,,,3,,
IQS,230edaa7cc4545f0a0dfe9ac,101520,True,166,,,,2,,
IQS,cc6f7e40874544f7a7a6170b,101521,True,296,,,,1,,
IQS,882167a272d64a1eb73c628b,101522,True,2434,,,,2,,
IQS,55e34862a4d54b778bdd6f07,101523,True,178,,,2022-07-09 10:00:00.000 UTC,2,2022-07-09 10:00:00.000 UTC,1532.0
IQS,ec92336ba11447ee9c6e5d7e,101524,True,0,2017-09-13 10:00:00.000 UTC,2017-09-13 10:00:00.000 UTC,,0,2017-09-13 10:00:00.000 UTC,3292.0
IQS,fddd4a4d17e24ea3a054cc23,101525,True,397,,,,1,,
IQS,6120cfc7491743e090cfd3e1,101526,True,0,2022-09-29 10:00:00.000 UTC,2022-09-29 10:00:00.000 UTC,,0,2022-09-29 10:00:00.000 UTC,1450.0
IQS,6edf4edb662d46808b00c303,101527,True,0,2023-09-12 10:00:00.000 UTC,2023-09-12 10:00:00.000 UTC,2023-09-12 10:00:00.000 UTC,0,2023-09-12 10:00:00.000 UTC,1102.0
IQS,adf9093a8f7440d4b69756ec,101528,True,1512,2019-11-13 10:00:00.000 UTC,2019-11-13 10:00:00.000 UTC,,2,2019-11-13 10:00:00.000 UTC,2501.0
IQS,20370d8377864026b7098c86,101529,True,1220,2024-10-12 10:00:00.000 UTC,2024-10-12 10:00:00.000 UTC,,4,2024-10-12 10:00:00.000 UTC,706.0
IQS,23381b04bc2741bb8d72bf97,101530,True,3511,,,,3,,
IQS,3e9c6d9df9924140b84dc3a4,101531,True,0,2025-08-06 10:00:00.000 UTC,2025-08-06 10:00:00.000 UTC,,0,2025-08-06 10:00:00.000 UTC,408.0
IQS,5e6b93910dad4578bd368ac5,101532,True,13995,2026-09-01 10:00:00.000 UTC,2026-09-01 10:00:00.000 UTC,2026-09-01 10:00:00.000 UTC,1,2026-09-01 10:00:00.000 UTC,17.0
IQS,d25fd3bded6b4e8396760c59,101533,True,0,,,2024-05-03 10:00:00.000 UTC,0,2024-05-03 10:00:00.000 UTC,868.0
IQS,01d9dc650d7d4ad3beca0e70,101534,True,3677,2020-08-03 10:00:00.000 UTC,2020-08-03 10:00:00.000 UTC,2020-08-03 10:00:00.000 UTC,3,2020-08-03 10:00:00.000 UTC,2237.0
IQS,e0723e7e042b44d98fa36ae8,101535,True,3651,2021-09-05 10:00:00.000 UTC,2021-09-05 10:00:00.000 UTC,2021-09-05 10:00:00.000 UTC,3,2021-09-05 10:00:00.000 UTC,1839.0
IQS,117d3d8f62ca4f1f9d863592,101536,True,929,,,2026-05-28 10:00:00.000 UTC,3,2026-05-28 10:00:00.000 UTC,113.0
IQS,558e6911640449f3b2b2c803,101537,True,1672,,,,1,,
IQS,4ae1e682ab494b8081fedd1e,101538,True,7860,2023-06-13 10:00:00.000 UTC,2023-06-13 10:00:00.000 UTC,,1,2023-06-13 10:00:00.000 UTC,1193.0
IQS,031d91cb827045749be10bdf,101539,True,4076,,,,1,,
IQS,b6af244fb84f45b1ad1df793,101540,True,0,,,,0,,
IQS,9039395c041f45a4bf4f65d7,101541,True,2410,2024-02-24 10:00:00.000 UTC,2024-02-24 10:00:00.000 UTC,2024-02-24 10:00:00.000 UTC,1,2024-02-24 10:00:00.000 UTC,937.0
IQS,b4431aea30ae4f9995a1d717,101542,True,2888,2025-06-23 10:00:00.000 UTC,2025-06-23 10:00:00.000 UTC,2025-06-23 10:00:00.000 UTC,2,2025-06-23 10:00:00.000 UTC,452.0
IQS,b927c5cb7fab4ca3999c0bbc,101543,True,0,,,,0,,
IQS,b0bd5d71ff2a48aa8afe298d,101544,True,0,2024-02-10 10:00:00.000 UTC,2024-02-10 10:00:00.000 UTC,,0,2024-02-10 10:00:00.000 UTC,951.0
IQS,519b0bddf03b4d82a99b3280,101545,True,2771,,,,3,,
IQS,05c89dfd89a240588fe42fab,101546,True,0,2023-06-04 10:00:00.000 UTC,2023-06-04 10:00:00.000 UTC,2023-06-04 10:00:00.000 UTC,0,2023-06-04 10:00:00.000 UTC,1202.0
IQS,9bfa0baa2ea5402183ada533,101547,True,0,2024-07-29 10:00:00.000 UTC,2024-07-29 10:00:00.000 UTC,,0,2024-07-29 10:00:00.000 UTC,781.0
IQS,b5071838d1b642cf9c89edbd,101548,True,1601,,,,1,,
IQS,4eb4ceed3647412c860a9f99,101549,True,4512,,,,3,,
IQS,6728b660f9fd494e89c9c85e,101550,True,963,,,,2,,
IQS,4de081ae14924996850cb989,101551,True,3263,2016-02-27 10:00:00.000 UTC,2016-02-27 10:00:00.000 UTC,,1,2016-02-27 10:00:00.000 UTC,3856.0
IQS,4aab3eed32a545038be5fb77,101552,True,0,,,2023-10-01 10:00:00.000 UTC,0,2023-10-01 10:00:00.000 UTC,1083.0
IQS,11c9a99d9be5486e9ee06251,101553,True,0,,,2024-04-28 10:00:00.000 UTC,0,2024-04-28 10:00:00.000 UTC,873.0
IQS,80cc1f161bc34cfab1b5e506,101554,True,0,,,,0,,
IQS,f4ff2482a4354a29a8137d23,101555,True,0,2023-01-07 10:00:00.000 UTC,2023-01-07 10:00:00.000 UTC,,0,2023-01-07 10:00:00.000 UTC,1350.0
IQS,38fa7ec57d494c17b6a19952,101556,True,515,,,,4,,
IQS,5dc2a2cd4efa462baa7f8c9a,101557,True,6941,,,,1,,
IQS,310af72bf6e1419195af51c0,101558,True,1580,,,,1,,
IQS,ff92d3daced14cb6a4b9a70f,101559,True,1734,,,,3,,
IQS,ca0ec2ec9a5e43068fd553c6,101560,True,0,,,,0,,
IQS,67b8865bb4b04b6d95465ea3,101561,True,366,2023-08-03 10:00:00.000 UTC,2023-08-03 10:00:00.000 UTC,2023-08-03 10:00:00.000 UTC,1,2023-08-03 10:00:00.000 UTC,1142.0
IQS,94ea4abfe4444a469873471c,101562,True,335,2022-11-04 10:00:00.000 UTC,2022-11-04 10:00:00.000 UTC,,2,2022-11-04 10:00:00.000 UTC,1414.0
IQS,549a50bab78f4b649d4e402d,101563,True,1148,2024-07-15 10:00:00.000 UTC,2024-07-15 10:00:00.000 UTC,,2,2024-07-15 10:00:00.000 UTC,795.0
IQS,e38b7a51f4324513a881f844,101564,True,37,,,2025-07-22 10:00:00.000 UTC,1,2025-07-22 10:00:00.000 UTC,423.0
IQS,e8780334189542cbabaa85ca,101565,True,15209,2023-06-01 10:00:00.000 UTC,2023-06-01 10:00:00.000 UTC,2023-06-01 10:00:00.000 UTC,2,2023-06-01 10:00:00.000 UTC,1205.0
IQS,45ef5e20651240bbb0340704,101566,True,1050,2023-12-08 10:00:00.000 UTC,2023-12-08 10:00:00.000 UTC,2023-12-08 10:00:00.000 UTC,1,2023-12-08 10:00:00.000 UTC,1015.0
IQS,4cfe18257d2d4db0a971f999,101567,True,760,2018-12-29 10:00:00.000 UTC,2018-12-29 10:00:00.000 UTC,2018-12-29 10:00:00.000 UTC,1,2018-12-29 10:00:00.000 UTC,2820.0
IQS,b0c180f0d1214317a99d2f96,101568,True,0,2026-06-08 10:00:00.000 UTC,2026-06-08 10:00:00.000 UTC,2026-06-08 10:00:00.000 UTC,0,2026-06-08 10:00:00.000 UTC,102.0
IQS,97c35894ee044156b7eb3f63,101569,True,0,2022-11-25 10:00:00.000 UTC,2022-11-25 10:00:00.000 UTC,2022-11-25 10:00:00.000 UTC,0,2022-11-25 10:00:00.000 UTC,1393.0
IQS,094b6a00b71449818e497906,101570,True,157,,,,2,,
IQS,925238fab1ab4779bb9af9c9,101571,True,128,2016-08-09 10:00:00.000 UTC,2016-08-09 10:00:00.000 UTC,,3,2016-08-09 10:00:00.000 UTC,3692.0
IQS,86bb284293d149a8ad05b022,101572,True,0,2025-05-08 10:00:00.000 UTC,2025-05-08 10:00:00.000 UTC,2025-05-08 10:00:00.000 UTC,0,2025-05-08 10:00:00.000 UTC,498.0
IQS,166797344d164624b9e1c13c,101573,True,2017,,,2024-11-15 10:00:00.000 UTC,3,2024-11-15 10:00:00.000 UTC,672.0
IQS,c618a1c746854461bee6a0a2,101574,True,444,2023-05-31 10:00:00.000 UTC,2023-05-31 10:00:00.000 UTC,,1,2023-05-31 10:00:00.000 UTC,1206.0
IQS,17cbc14577b6415290e760ba,101575,True,0,2026-08-10 10:00:00.000 UTC,2026-08-10 10:00:00.000 UTC,2026-08-10 10:00:00.000 UTC,0,2026-08-10 10:00:00.000 UTC,39.0
IQS,2b70846f516c4944a564c327,101576,True,0,,,,0,,
IQS,827af73426264147bc8de043,101577,True,1232,,,,1,,
IQS,59d1c385e5814c88a399f84a,101578,True,949,,,,1,,
IQS,40ff723edd2147ca9bd2b44c,101579,True,213,,,,1,,
IQS,edce9486b4b4408ea55719ec,101580,True,0,2025-01-16 10:00:00.000 UTC,2025-01-16 10:00:00.000 UTC,2025-01-16 10:00:00.000 UTC,0,2025-01-16 10:00:00.000 UTC,610.0
IQS,f17822c71b4746feb0d246e0,101581,True,451,2024-09-30 10:00:00.000 UTC,2024-09-30 10:00:00.000 UTC,2024-09-30 10:00:00.000 UTC,2,2024-09-30 10:00:00.000 UTC,718.0
IQS,5d1d43267cea4ead8f24eede,101582,True,185,,,,4,,
IQS,e233d49891124351a409b391,101583,True,394,2020-11-06 10:00:00.000 UTC,2020-11-06 10:00:00.000 UTC,2020-11-06 10:00:00.000 UTC,4,2020-11-06 10:00:00.000 UTC,2142.0
IQS,c375f88bcc024c2792ddac83,101584,True,1461,2021-08-26 10:00:00.000 UTC,2021-08-26 10:00:00.000 UTC,,1,2021-08-26 10:00:00.000 UTC,1849.0
IQS,d40572a7d59a4c778731a719,101585,True,0,,,,0,,
IQS,053e9a7106fc4191957a00a6,101586,True,0,,,2026-09-03 10:00:00.000 UTC,0,2026-09-03 10:00:00.000 UTC,15.0
IQS,026393714cf747f6ab08ae65,101587,True,1045,,,,1,,
IQS,7f1cea2c11f64677a2d0b2b5,101588,True,159,,,2025-07-24 10:00:00.000 UTC,1,2025-07-24 10:00:00.000 UTC,421.0
IQS,94b76efc5ba2480faa7afb97,101589,True,181,2025-07-16 10:00:00.000 UTC,2025-07-16 10:00:00.000 UTC,,1,2025-07-16 10:00:00.000 UTC,429.0
IQS,fe31dc37f70e4066b118ee79,101590,True,0,,,,0,,
IQS,4d97d9d911f24057a0b1ad56,101591,True,1594,2024-07-06 10:00:00.000 UTC,2024-07-06 10:00:00.000 UTC,2024-07-06 10:00:00.000 UTC,6,2024-07-06 10:00:00.000 UTC,804.0
IQS,a00fb222ce3147419f925366,101592,True,2408,,,,3,,
IQS,79f53036c7094fb1bc23b81b,101593,True,1027,,,2026-08-24 10:00:00.000 UTC,2,2026-08-24 10:00:00.000 UTC,25.0
IQS,36a4a25fc82d41a6aafeb4d0,101594,True,0,2024-02-24 10:00:00.000 UTC,2024-02-24 10:00:00.000 UTC,2024-02-24 10:00:00.000 UTC,0,2024-02-24 10:00:00.000 UTC,937.0
IQS,20cfd75fb02446c19ca583a6,101595,True,308,2022-10-29 10:00:00.000 UTC,2022-10-29 10:00:00.000 UTC,2022-10-29 10:00:00.000 UTC,2,2022-10-29 10:00:00.000 UTC,1420.0
IQS,ef4018311d6742aea2f5a26b,101596,True,569,2024-09-17 10:00:00.000 UTC,2024-09-17 10:00:00.000 UTC,2024-09-17 10:00:00.000 UTC,2,2024-09-17 10:00:00.000 UTC,731.0
IQS,9a92800da015409485ee51b8,101597,True,1207,2026-08-02 10:00:00.000 UTC,2026-08-02 10:00:00.000 UTC,2026-08-02 10:00:00.000 UTC,3,2026-08-02 10:00:00.000 UTC,47.0
IQS,4bdd84daceee4fe1a3f0d464,101598,True,3189,,,2019-07-17 10:00:00.000 UTC,4,2019-07-17 10:00:00.000 UTC,2620.0
IQS,85882598bf2147afbfe752d2,101599,True,576,,,,1,,
IQS,a95479384a76447dbd468c3d,101600,True,151,2026-08-07 10:00:00.000 UTC,2026-08-07 10:00:00.000 UTC,,2,2026-08-07 10:00:00.000 UTC,42.0
IQS,63b3324d07dd46cf9ac30d4a,101601,True,0,2021-10-20 10:00:00.000 UTC,2021-10-20 10:00:00.000 UTC,2021-10-20 10:00:00.000 UTC,0,2021-10-20 10:00:00.000 UTC,1794.0
IQS,c9e9cfcab9724707b9366473,101602,True,0,2025-01-01 10:00:00.000 UTC,2025-01-01 10:00:00.000 UTC,,0,2025-01-01 10:00:00.000 UTC,625.0
IQS,4528107567ba4d23ac69573d,101603,True,1463,,,2024-12-29 10:00:00.000 UTC,1,2024-12-29 10:00:00.000 UTC,628.0
IQS,fd54b7f176ed4886a054faee,101604,True,0,,,2024-12-25 10:00:00.000 UTC,0,2024-12-25 10:00:00.000 UTC,632.0
IQS,d835f257bb4d40d28a2e4001,101605,True,1039,2023-04-18 10:00:00.000 UTC,2023-04-18 10:00:00.000 UTC,,2,2023-04-18 10:00:00.000 UTC,1249.0
IQS,53967b4e0554435d840a4974,101606,True,842,,,2026-09-02 10:00:00.000 UTC,2,2026-09-02 10:00:00.000 UTC,16.0
IQS,6445a788c2124edc9ba51071,101607,True,425,2025-01-21 10:00:00.000 UTC,2025-01-21 10:00:00.000 UTC,,1,2025-01-21 10:00:00.000 UTC,605.0
IQS,6f372f5c2cbd4c1abfd5069a,101608,True,5038,2020-07-07 10:00:00.000 UTC,2020-07-07 10:00:00.000 UTC,2020-07-07 10:00:00.000 UTC,3,2020-07-07 10:00:00.000 UTC,2264.0
IQS,9900c0daa5d84eb98240831e,101609,True,7688,2026-07-27 10:00:00.000 UTC,2026-07-27 10:00:00.000 UTC,2026-07-27 10:00:00.000 UTC,1,2026-07-27 10:00:00.000 UTC,53.0
IQS,8e0d103a84e543a5acdfe7c2,101610,True,2031,2024-09-20 10:00:00.000 UTC,2024-09-20 10:00:00.000 UTC,2024-09-20 10:00:00.000 UTC,1,2024-09-20 10:00:00.000 UTC,728.0
IQS,3806aef70dcf4231996f83ff,101611,True,0,2023-05-23 10:00:00.000 UTC,2023-05-23 10:00:00.000 UTC,2023-05-23 10:00:00.000 UTC,0,2023-05-23 10:00:00.000 UTC,1214.0
IQS,50ab5aeb484f4e7d96b5e062,101612,True,1205,,,2026-01-16 10:00:00.000 UTC,1,2026-01-16 10:00:00.000 UTC,245.0
IQS,9ccd0123367646a4a31b2348,101613,True,15884,2023-08-25 10:00:00.000 UTC,2023-08-25 10:00:00.000 UTC,2023-08-25 10:00:00.000 UTC,2,2023-08-25 10:00:00.000 UTC,1120.0
IQS,a6a819058e9b44609a7ce4a6,101614,True,0,2024-08-10 10:00:00.000 UTC,2024-08-10 10:00:00.000 UTC,2024-08-10 10:00:00.000 UTC,0,2024-08-10 10:00:00.000 UTC,769.0
IQS,ef56691e434549c6b147dfde,101615,True,209,,,2025-08-20 10:00:00.000 UTC,1,2025-08-20 10:00:00.000 UTC,394.0
IQS,49dc73c7c56749cbb0bbcd97,101616,True,0,2022-05-22 10:00:00.000 UTC,2022-05-22 10:00:00.000 UTC,2022-05-22 10:00:00.000 UTC,0,2022-05-22 10:00:00.000 UTC,1580.0
IQS,00588dee2a904021ada49f8a,101617,True,0,,,2024-07-13 10:00:00.000 UTC,0,2024-07-13 10:00:00.000 UTC,797.0
IQS,6cfac394a2ef4fbd8d5ccb63,101618,True,280,,,,2,,
IQS,8c5d3fe496804f74b1366c88,101619,True,544,2024-01-10 10:00:00.000 UTC,2024-01-10 10:00:00.000 UTC,,2,2024-01-10 10:00:00.000 UTC,982.0
IQS,86b591f116c3400ca58aeebb,101620,True,144,2025-06-10 10:00:00.000 UTC,2025-06-10 10:00:00.000 UTC,2025-06-10 10:00:00.000 UTC,1,2025-06-10 10:00:00.000 UTC,465.0
IQS,3530775c64d9424b871abafc,101621,True,111,,,2025-03-18 10:00:00.000 UTC,1,2025-03-18 10:00:00.000 UTC,549.0
IQS,cc7403f045324fb9b19d84dc,101622,True,1284,2023-07-26 10:00:00.000 UTC,2023-07-26 10:00:00.000 UTC,2023-07-26 10:00:00.000 UTC,2,2023-07-26 10:00:00.000 UTC,1150.0
IQS,816bf6551ebf4491bd8fda1c,101623,True,425,,,,3,,
IQS,e04398088459405c970a1a66,101624,True,0,2021-10-23 10:00:00.000 UTC,2021-10-23 10:00:00.000 UTC,,0,2021-10-23 10:00:00.000 UTC,1791.0
IQS,1c653f4799b94d6d9d381830,101625,True,750,2023-12-10 10:00:00.000 UTC,2023-12-10 10:00:00.000 UTC,2023-12-10 10:00:00.000 UTC,3,2023-12-10 10:00:00.000 UTC,1013.0
IQS,fd6491bd869e4102a380e5dc,101626,True,485,2026-09-02 10:00:00.000 UTC,2026-09-02 10:00:00.000 UTC,2026-09-02 10:00:00.000 UTC,3,2026-09-02 10:00:00.000 UTC,16.0
IQS,0bca5bca7a6f4f68873913cc,101627,True,1596,2024-02-20 10:00:00.000 UTC,2024-02-20 10:00:00.000 UTC,,2,2024-02-20 10:00:00.000 UTC,941.0
IQS,98c492ee037444bc8cc3d9a3,101628,True,793,,,2023-10-17 10:00:00.000 UTC,2,2023-10-17 10:00:00.000 UTC,1067.0
IQS,54757f1baf0c48e9857bc635,101629,True,495,2025-05-10 10:00:00.000 UTC,2025-05-10 10:00:00.000 UTC,,3,2025-05-10 10:00:00.000 UTC,496.0
IQS,15ce16160e1440269281bd24,101630,True,888,,,,1,,
IQS,bf65ac8637d44d5cb42272ea,101631,True,296,2021-04-28 10:00:00.000 UTC,2021-04-28 10:00:00.000 UTC,2021-04-28 10:00:00.000 UTC,1,2021-04-28 10:00:00.000 UTC,1969.0
IQS,957df901656a4c62b4f38d9c,101632,True,2165,,,2021-07-07 10:00:00.000 UTC,2,2021-07-07 10:00:00.000 UTC,1899.0
IQS,768bda2e42874e1295fd9cf7,101633,True,52919,2024-02-13 10:00:00.000 UTC,2024-02-13 10:00:00.000 UTC,2024-02-13 10:00:00.000 UTC,1,2024-02-13 10:00:00.000 UTC,948.0
IQS,da0210881b384968b9d23bd5,101634,True,1426,,,,2,,
IQS,83e40ef5899a492391674224,101635,True,1142,2024-05-07 10:00:00.000 UTC,2024-05-07 10:00:00.000 UTC,2024-05-07 10:00:00.000 UTC,2,2024-05-07 10:00:00.000 UTC,864.0
IQS,6114d24ebf9349878ef5f72e,101636,True,0,,,2022-11-21 10:00:00.000 UTC,0,2022-11-21 10:00:00.000 UTC,1397.0
IQS,a3cf4fe919384fc0ac8f4fe1,101637,True,244,,,,1,,
IQS,843a807d7a05460e931ca7d2,101638,True,0,2021-07-26 10:00:00.000 UTC,2021-07-26 10:00:00.000 UTC,,0,2021-07-26 10:00:00.000 UTC,1880.0
IQS,f33985d6ffc54f68bc89e9bb,101639,True,0,2023-08-03 10:00:00.000 UTC,2023-08-03 10:00:00.000 UTC,2023-08-03 10:00:00.000 UTC,0,2023-08-03 10:00:00.000 UTC,1142.0
IQS,2341cc7ffad44865b53044dc,101640,True,2908,2026-04-21 10:00:00.000 UTC,2026-04-21 10:00:00.000 UTC,2026-04-21 10:00:00.000 UTC,4,2026-04-21 10:00:00.000 UTC,150.0
IQS,ce7ec4081b4443aaa2ac84ee,101641,True,540,,,2024-12-24 10:00:00.000 UTC,1,2024-12-24 10:00:00.000 UTC,633.0
IQS,0e44072416584d938cd3b4ad,101642,True,2117,,,,1,,
IQS,11e71b2cfce54d468663d9e9,101643,True,584,,,2023-01-26 10:00:00.000 UTC,4,2023-01-26 10:00:00.000 UTC,1331.0
IQS,b0c115ac435f4f4687b70c55,101644,True,757,,,,1,,
IQS,18e1b0b5294d4c189919020c,101645,True,0,,,2020-11-28 10:00:00.000 UTC,0,2020-11-28 10:00:00.000 UTC,2120.0
IQS,0742ec8a4f9b44c0a111f2bb,101646,True,389,2023-04-11 10:00:00.000 UTC,2023-04-11 10:00:00.000 UTC,,2,2023-04-11 10:00:00.000 UTC,1256.0
IQS,048fa32ebffa432f89c9fa68,101647,True,1337,,,,1,,
IQS,94c141c0df4548dd96390aeb,101648,True,0,2024-05-12 10:00:00.000 UTC,2024-05-12 10:00:00.000 UTC,,0,2024-05-12 10:00:00.000 UTC,859.0
IQS,284ce0c82f974da98af4418b,101649,True,3155,,,,5,,
IQS,acf028cbefc7426bb16326f8,101650,True,950,2025-05-29 10:00:00.000 UTC,2025-05-29 10:00:00.000 UTC,,1,2025-05-29 10:00:00.000 UTC,477.0
IQS,ca3352ffcedd4337bd79f747,101651,True,3296,,,2022-12-04 10:00:00.000 UTC,2,2022-12-04 10:00:00.000 UTC,1384.0
IQS,31780093e9bc4d6f8c1eb130,101652,True,2531,2026-06-16 10:00:00.000 UTC,2026-06-16 10:00:00.000 UTC,2026-06-16 10:00:00.000 UTC,2,2026-06-16 10:00:00.000 UTC,94.0
IQS,6727591d8876481a9c7057e4,101653,True,28365,2017-03-02 10:00:00.000 UTC,2017-03-02 10:00:00.000 UTC,2017-03-02 10:00:00.000 UTC,1,2017-03-02 10:00:00.000 UTC,3487.0
IQS,f759e6d270c844b2b70ddaeb,101654,True,59,,,,1,,
IQS,2f7aa4bc1f0a4d0cb7bb8867,101655,True,6126,,,,2,,
IQS,5384c84c0ec145168904b1c6,101656,True,4993,,,,1,,
IQS,32f4bf651c1044bc935cfaaa,101657,True,3136,,,2023-08-21 10:00:00.000 UTC,2,2023-08-21 10:00:00.000 UTC,1124.0
IQS,f9dcefa6f2db421aba32f54e,101658,True,0,2021-06-21 10:00:00.000 UTC,2021-06-21 10:00:00.000 UTC,2021-06-21 10:00:00.000 UTC,0,2021-06-21 10:00:00.000 UTC,1915.0
IQS,491607155f744811aa0a60c4,101659,True,2076,2024-02-18 10:00:00.000 UTC,2024-02-18 10:00:00.000 UTC,2024-02-18 10:00:00.000 UTC,1,2024-02-18 10:00:00.000 UTC,943.0
IQS,b00f3bc0fc3b4352a15d8136,101660,True,0,,,2020-11-20 10:00:00.000 UTC,0,2020-11-20 10:00:00.000 UTC,2128.0
IQS,dc406cd6a66f4e268bc782f0,101661,True,1535,2025-05-08 10:00:00.000 UTC,2025-05-08 10:00:00.000 UTC,2025-05-08 10:00:00.000 UTC,3,2025-05-08 10:00:00.000 UTC,498.0
IQS,be8ecc71d5df4a2b8b9d4d89,101662,True,1625,,,2026-06-27 10:00:00.000 UTC,1,2026-06-27 10:00:00.000 UTC,83.0
IQS,0d10d9420d5242939019c83e,101663,True,750,2025-11-29 10:00:00.000 UTC,2025-11-29 10:00:00.000 UTC,2025-11-29 10:00:00.000 UTC,1,2025-11-29 10:00:00.000 UTC,293.0
IQS,0ae63266abc1454f909be0a6,101664,True,0,2025-07-28 10:00:00.000 UTC,2025-07-28 10:00:00.000 UTC,,0,2025-07-28 10:00:00.000 UTC,417.0
IQS,dc83b8f6ecb042e1aa7b7561,101665,True,7998,2026-07-16 10:00:00.000 UTC,2026-07-16 10:00:00.000 UTC,2026-07-16 10:00:00.000 UTC,1,2026-07-16 10:00:00.000 UTC,64.0
IQS,78e2aad431b24822af84f217,101666,True,0,2023-08-11 10:00:00.000 UTC,2023-08-11 10:00:00.000 UTC,,0,2023-08-11 10:00:00.000 UTC,1134.0
IQS,f7d8f8d022944adf9ba58d05,101667,True,251,2024-02-16 10:00:00.000 UTC,2024-02-16 10:00:00.000 UTC,2024-02-16 10:00:00.000 UTC,1,2024-02-16 10:00:00.000 UTC,945.0
IQS,105597f2393f4eceba3cbcdb,101668,True,1484,,,,1,,
IQS,0e2a38ef75de499791dcabe1,101669,True,2476,,,2023-01-30 10:00:00.000 UTC,2,2023-01-30 10:00:00.000 UTC,1327.0
IQS,2f03b73a420e4eeeaff4decf,101670,True,2807,2026-06-29 10:00:00.000 UTC,2026-06-29 10:00:00.000 UTC,,1,2026-06-29 10:00:00.000 UTC,81.0
IQS,107520d8a51f44438ac886fc,101671,True,0,2023-10-18 10:00:00.000 UTC,2023-10-18 10:00:00.000 UTC,2023-10-18 10:00:00.000 UTC,0,2023-10-18 10:00:00.000 UTC,1066.0
IQS,f1eecb6e79454598a57fa6ae,101672,True,1296,2024-08-07 10:00:00.000 UTC,2024-08-07 10:00:00.000 UTC,2024-08-07 10:00:00.000 UTC,2,2024-08-07 10:00:00.000 UTC,772.0
IQS,b8314aebeb9e44d8870d9673,101673,True,1649,,,,1,,
IQS,31d95f3a39e546d4a07dc30d,101674,True,222,2026-07-12 10:00:00.000 UTC,2026-07-12 10:00:00.000 UTC,2026-07-12 10:00:00.000 UTC,2,2026-07-12 10:00:00.000 UTC,68.0
IQS,acdf2b163ac143c2b788ac6c,101675,True,17880,2025-07-17 10:00:00.000 UTC,2025-07-17 10:00:00.000 UTC,2025-07-17 10:00:00.000 UTC,2,2025-07-17 10:00:00.000 UTC,428.0
IQS,b06790e384d64bbf8a48c73b,101676,True,405,2022-10-01 10:00:00.000 UTC,2022-10-01 10:00:00.000 UTC,2022-10-01 10:00:00.000 UTC,2,2022-10-01 10:00:00.000 UTC,1448.0
IQS,3df1151ba0c748249b274f2e,101677,True,1730,2026-05-31 10:00:00.000 UTC,2026-05-31 10:00:00.000 UTC,2026-05-31 10:00:00.000 UTC,2,2026-05-31 10:00:00.000 UTC,110.0
IQS,d129319a39d14fb7ab484a91,101678,True,233,2024-05-30 10:00:00.000 UTC,2024-05-30 10:00:00.000 UTC,2024-05-30 10:00:00.000 UTC,4,2024-05-30 10:00:00.000 UTC,841.0
IQS,5476d325826141019ab0a89a,101679,True,8261,2022-09-21 10:00:00.000 UTC,2022-09-21 10:00:00.000 UTC,,1,2022-09-21 10:00:00.000 UTC,1458.0
IQS,c5618af7310c4ff995289e9d,101680,True,3974,2025-04-02 10:00:00.000 UTC,2025-04-02 10:00:00.000 UTC,2025-04-02 10:00:00.000 UTC,1,2025-04-02 10:00:00.000 UTC,534.0
IQS,203096d50a3d4c9dbac59fc6,101681,True,262,2021-05-20 10:00:00.000 UTC,2021-05-20 10:00:00.000 UTC,2021-05-20 10:00:00.000 UTC,2,2021-05-20 10:00:00.000 UTC,1947.0
IQS,d276b1e34c764cb4b049d7c3,101682,True,0,2024-11-29 10:00:00.000 UTC,2024-11-29 10:00:00.000 UTC,,0,2024-11-29 10:00:00.000 UTC,658.0
IQS,837d1e97401248769609a7c9,101683,True,1284,2026-07-14 10:00:00.000 UTC,2026-07-14 10:00:00.000 UTC,2026-07-14 10:00:00.000 UTC,3,2026-07-14 10:00:00.000 UTC,66.0
IQS,6887c66960344ad28c0d7a70,101684,True,542,2021-02-26 10:00:00.000 UTC,2021-02-26 10:00:00.000 UTC,,2,2021-02-26 10:00:00.000 UTC,2030.0
IQS,50af04aa707645f1963b2653,101685,True,978,,,2025-01-17 10:00:00.000 UTC,2,2025-01-17 10:00:00.000 UTC,609.0
IQS,3b0bfbb10e7c4530aa391e14,101686,True,798,,,,1,,
IQS,240486f781f44ae89effeb93,101687,True,5775,,,,2,,
IQS,21166537cee6436789ecb72b,101688,True,0,2023-09-25 10:00:00.000 UTC,2023-09-25 10:00:00.000 UTC,2023-09-25 10:00:00.000 UTC,0,2023-09-25 10:00:00.000 UTC,1089.0
IQS,22db31c573544a228d528b2c,101689,True,1395,2025-05-01 10:00:00.000 UTC,2025-05-01 10:00:00.000 UTC,,2,2025-05-01 10:00:00.000 UTC,505.0
IQS,b3de857a46844361821abd3c,101690,True,11538,2022-12-09 10:00:00.000 UTC,2022-12-09 10:00:00.000 UTC,2022-12-09 10:00:00.000 UTC,2,2022-12-09 10:00:00.000 UTC,1379.0
IQS,d39ef002b8f644a8bab56a86,101691,True,1290,2026-07-15 10:00:00.000 UTC,2026-07-15 10:00:00.000 UTC,,2,2026-07-15 10:00:00.000 UTC,65.0
IQS,76a0cbfd7ad84bf08ec02f0c,101692,True,0,2020-11-28 10:00:00.000 UTC,2020-11-28 10:00:00.000 UTC,2020-11-28 10:00:00.000 UTC,0,2020-11-28 10:00:00.000 UTC,2120.0
IQS,fb2e94d4d98345488d377270,101693,True,214,,,2024-03-18 10:00:00.000 UTC,1,2024-03-18 10:00:00.000 UTC,914.0
IQS,55314d01ebb542a7912c28e3,101694,True,0,,,,0,,
IQS,ca644fadc66c479ebfb4c9ab,101695,True,0,2024-02-11 10:00:00.000 UTC,2024-02-11 10:00:00.000 UTC,2024-02-11 10:00:00.000 UTC,0,2024-02-11 10:00:00.000 UTC,950.0
IQS,75a522cb3ccb425b92f24585,101696,True,0,2024-03-01 10:00:00.000 UTC,2024-03-01 10:00:00.000 UTC,2024-03-01 10:00:00.000 UTC,0,2024-03-01 10:00:00.000 UTC,931.0
IQS,1237397fc1b844c4b7ec99c8,101697,True,2027,,,,1,,
IQS,ad6b21d807b64a04bb2aec13,101698,True,1724,,,2022-10-24 10:00:00.000 UTC,1,2022-10-24 10:00:00.000 UTC,1425.0
IQS,a0fd8ed40187421d96ca90b0,101699,True,1005,2025-11-05 10:00:00.000 UTC,2025-11-05 10:00:00.000 UTC,2025-11-05 10:00:00.000 UTC,3,2025-11-05 10:00:00.000 UTC,317.0
IQS,35b714608108484ab1274529,101700,True,36,2025-03-10 10:00:00.000 UTC,2025-03-10 10:00:00.000 UTC,2025-03-10 10:00:00.000 UTC,2,2025-03-10 10:00:00.000 UTC,557.0
IQS,e280b6a0129b488fa5524583,101701,True,1645,2024-04-29 10:00:00.000 UTC,2024-04-29 10:00:00.000 UTC,2024-04-29 10:00:00.000 UTC,2,2024-04-29 10:00:00.000 UTC,872.0
IQS,a8b9c94c0de1459cb5248e7b,101702,True,479,,,,1,,
IQS,e03f9219951140928fc18709,101703,True,545,,,,2,,
IQS,bf2cf7fcc3c74cf4b1b7ae96,101704,True,190,,,,1,,
IQS,352459d16da342919977458b,101705,True,16674,,,2026-06-07 10:00:00.000 UTC,4,2026-06-07 10:00:00.000 UTC,103.0
IQS,57b2f5e7cbf14b9ea1a5ffae,101706,True,792,2022-02-28 10:00:00.000 UTC,2022-02-28 10:00:00.000 UTC,2022-02-28 10:00:00.000 UTC,3,2022-02-28 10:00:00.000 UTC,1663.0
IQS,751532599b524e3683a90d61,101707,True,0,,,,0,,
IQS,91058aba9e7c4ae7a38b34d5,101708,True,1814,2025-05-22 10:00:00.000 UTC,2025-05-22 10:00:00.000 UTC,,3,2025-05-22 10:00:00.000 UTC,484.0
IQS,a51856da3e5748548d765c4a,101709,True,108,,,,3,,
IQS,0094ded66ec244a08ec7dcbc,101710,True,320,,,,3,,
IQS,1c7adb6a610e410c8198424d,101711,True,97,2025-06-05 10:00:00.000 UTC,2025-06-05 10:00:00.000 UTC,2025-06-05 10:00:00.000 UTC,3,2025-06-05 10:00:00.000 UTC,470.0
IQS,f23324152430453c9b969d05,101712,True,0,,,,0,,
IQS,ea7e517deb9949708d8de138,101713,True,2652,2025-01-27 10:00:00.000 UTC,2025-01-27 10:00:00.000 UTC,,3,2025-01-27 10:00:00.000 UTC,599.0
IQS,2cc6cbd54aed4984b785e697,101714,True,0,2024-07-13 10:00:00.000 UTC,2024-07-13 10:00:00.000 UTC,2024-07-13 10:00:00.000 UTC,0,2024-07-13 10:00:00.000 UTC,797.0
IQS,03b4cfd424ee4742aa50a405,101715,True,2015,,,,2,,
IQS,abdee19ff3314c7e940c971f,101716,True,3358,,,,1,,
IQS,9758015b752842298ce96f82,101717,True,0,2023-05-14 10:00:00.000 UTC,2023-05-14 10:00:00.000 UTC,,0,2023-05-14 10:00:00.000 UTC,1223.0
IQS,7bd38783132749678cc0f68d,101718,True,670,,,,3,,
IQS,aa58d402e8c543c48b6d6362,101719,True,0,2023-10-06 10:00:00.000 UTC,2023-10-06 10:00:00.000 UTC,2023-10-06 10:00:00.000 UTC,0,2023-10-06 10:00:00.000 UTC,1078.0
IQS,baba2b4a12194ed386a7334c,101720,True,573,2026-07-30 10:00:00.000 UTC,2026-07-30 10:00:00.000 UTC,,5,2026-07-30 10:00:00.000 UTC,50.0
IQS,bb3c89ae3b0543b687b7e7ed,101721,True,1211,2026-06-29 10:00:00.000 UTC,2026-06-29 10:00:00.000 UTC,2026-06-29 10:00:00.000 UTC,1,2026-06-29 10:00:00.000 UTC,81.0
IQS,0fbe07afa6a142e68f158263,101722,True,0,,,2020-09-09 10:00:00.000 UTC,0,2020-09-09 10:00:00.000 UTC,2200.0
IQS,473c7c9d339748f883b9d94c,101723,True,674,2022-03-17 10:00:00.000 UTC,2022-03-17 10:00:00.000 UTC,,5,2022-03-17 10:00:00.000 UTC,1646.0
IQS,3134ad4c6774483496e8bbca,101724,True,0,,,2023-10-08 10:00:00.000 UTC,0,2023-10-08 10:00:00.000 UTC,1076.0
IQS,9738a7856f3b4fabac0ba3af,101725,True,159,2022-09-09 10:00:00.000 UTC,2022-09-09 10:00:00.000 UTC,2022-09-09 10:00:00.000 UTC,2,2022-09-09 10:00:00.000 UTC,1470.0
IQS,5eeb84ac9c244e9ab90cee9a,101726,True,0,2019-10-05 10:00:00.000 UTC,2019-10-05 10:00:00.000 UTC,,0,2019-10-05 10:00:00.000 UTC,2540.0
IQS,7374840b3fc4417987e0a146,101727,True,0,,,,0,,
IQS,3405764421194edd8341881c,101728,True,2275,2025-08-10 10:00:00.000 UTC,2025-08-10 10:00:00.000 UTC,,2,2025-08-10 10:00:00.000 UTC,404.0
IQS,682e358f43b54f01b58c9bc8,101729,True,3286,,,,2,,
IQS,380752103a20415d89629153,101730,True,3199,2024-03-14 10:00:00.000 UTC,2024-03-14 10:00:00.000 UTC,,3,2024-03-14 10:00:00.000 UTC,918.0
IQS,57861f2b28da4c75b295e2c6,101731,True,0,2023-12-30 10:00:00.000 UTC,2023-12-30 10:00:00.000 UTC,,0,2023-12-30 10:00:00.000 UTC,993.0
IQS,b8dd33bc101c4fedbbe7b7bf,101732,True,165,,,2026-08-20 10:00:00.000 UTC,1,2026-08-20 10:00:00.000 UTC,29.0
IQS,2e03d0534d8f4c09ae57c2e6,101733,True,190,2022-03-12 10:00:00.000 UTC,2022-03-12 10:00:00.000 UTC,2022-03-12 10:00:00.000 UTC,1,2022-03-12 10:00:00.000 UTC,1651.0
IQS,7e3a0667872b4038a714e24f,101734,True,653,2026-01-06 10:00:00.000 UTC,2026-01-06 10:00:00.000 UTC,,1,2026-01-06 10:00:00.000 UTC,255.0
IQS,3d9baf4a3d73461b8b2d4c75,101735,True,373,,,2023-04-08 10:00:00.000 UTC,1,2023-04-08 10:00:00.000 UTC,1259.0
IQS,715bc94700ff4e66b79137b4,101736,True,0,,,,0,,
IQS,201e0c5f764647c7a2d7a3dd,101737,True,2550,2021-06-18 10:00:00.000 UTC,2021-06-18 10:00:00.000 UTC,2021-06-18 10:00:00.000 UTC,1,2021-06-18 10:00:00.000 UTC,1918.0
IQS,1c53ff1ef2db4837b2a22337,101738,True,0,,,,0,,
IQS,e943a677b0af47b09f523cc7,101739,True,142,2024-06-11 10:00:00.000 UTC,2024-06-11 10:00:00.000 UTC,2024-06-11 10:00:00.000 UTC,3,2024-06-11 10:00:00.000 UTC,829.0
IQS,cc0d64795eed4e9d89f9b995,101740,True,1049,,,,1,,
IQS,422d6ef153df4793b2d2fd20,101741,True,547,2024-03-30 10:00:00.000 UTC,2024-03-30 10:00:00.000 UTC,2024-03-30 10:00:00.000 UTC,2,2024-03-30 10:00:00.000 UTC,902.0
IQS,5c6ebe5957474838a711b3d4,101742,True,0,2026-06-25 10:00:00.000 UTC,2026-06-25 10:00:00.000 UTC,2026-06-25 10:00:00.000 UTC,0,2026-06-25 10:00:00.000 UTC,85.0
IQS,70e86836e35f4587b2d9b839,101743,True,0,,,,0,,
IQS,8e2f0702a90544bdabba7498,101744,True,461,2023-12-09 10:00:00.000 UTC,2023-12-09 10:00:00.000 UTC,,1,2023-12-09 10:00:00.000 UTC,1014.0
IQS,c1a82be5ed9746a99b64e17e,101745,True,2233,,,2020-04-15 10:00:00.000 UTC,4,2020-04-15 10:00:00.000 UTC,2347.0
IQS,8bbb25685407442691119602,101746,True,547,,,2026-06-10 10:00:00.000 UTC,1,2026-06-10 10:00:00.000 UTC,100.0
IQS,05ac9d724bde4ca89d2c1de1,101747,True,1056,,,2024-06-16 10:00:00.000 UTC,1,2024-06-16 10:00:00.000 UTC,824.0
IQS,9637b5545a614a1293bce0ee,101748,True,534,2025-06-03 10:00:00.000 UTC,2025-06-03 10:00:00.000 UTC,2025-06-03 10:00:00.000 UTC,2,2025-06-03 10:00:00.000 UTC,472.0
IQS,8a0c4f0f6afb46c09f3be116,101749,True,5019,2026-08-03 10:00:00.000 UTC,2026-08-03 10:00:00.000 UTC,2026-08-03 10:00:00.000 UTC,3,2026-08-03 10:00:00.000 UTC,46.0
IQS,a023c49de3a2417b80b94e36,101750,True,849,2024-09-13 10:00:00.000 UTC,2024-09-13 10:00:00.000 UTC,,3,2024-09-13 10:00:00.000 UTC,735.0
IQS,7cb5f1089ed943aea5eb4e59,101751,True,0,2024-08-29 10:00:00.000 UTC,2024-08-29 10:00:00.000 UTC,,0,2024-08-29 10:00:00.000 UTC,750.0
IQS,61a80eaa44d94bf5bcc92897,101752,True,988,,,,3,,
IQS,2f2c5d58b3734afb82470c87,101753,True,554,2024-09-17 10:00:00.000 UTC,2024-09-17 10:00:00.000 UTC,2024-09-17 10:00:00.000 UTC,1,2024-09-17 10:00:00.000 UTC,731.0
IQS,d5d7e6f8b91a4342bb93ad52,101754,True,2270,2023-02-25 10:00:00.000 UTC,2023-02-25 10:00:00.000 UTC,,2,2023-02-25 10:00:00.000 UTC,1301.0
IQS,8b7d26af33ca4918a694a898,101755,True,3555,,,,2,,
IQS,8c7777b514564fb688f5145f,101756,True,0,,,2024-06-11 10:00:00.000 UTC,0,2024-06-11 10:00:00.000 UTC,829.0
IQS,aeb2efd92cd443488a72e1ec,101757,True,0,2026-06-11 10:00:00.000 UTC,2026-06-11 10:00:00.000 UTC,,0,2026-06-11 10:00:00.000 UTC,99.0
IQS,3782a73330ad4cfbba4afe50,101758,True,3525,,,2019-09-07 10:00:00.000 UTC,1,2019-09-07 10:00:00.000 UTC,2568.0
IQS,72a31826662240f8bd70e568,101759,True,0,,,2023-08-15 10:00:00.000 UTC,0,2023-08-15 10:00:00.000 UTC,1130.0
IQS,d641b9c41824441384a805f4,101760,True,502,,,,2,,
IQS,90eb8a94bf354422b29f84a4,101761,True,1718,,,2022-08-09 10:00:00.000 UTC,2,2022-08-09 10:00:00.000 UTC,1501.0
IQS,ee5e4ff9e0d044acbe3edf0e,101762,True,109,,,2023-09-14 10:00:00.000 UTC,3,2023-09-14 10:00:00.000 UTC,1100.0
IQS,904b4226bed14404907ec722,101763,True,86,,,2024-06-13 10:00:00.000 UTC,3,2024-06-13 10:00:00.000 UTC,827.0
IQS,27a3277b66e0453588300706,101764,True,19243,,,2023-03-19 10:00:00.000 UTC,4,2023-03-19 10:00:00.000 UTC,1279.0
IQS,bf24eafe46d74c158e2e6e3d,101765,True,496,,,2021-11-12 10:00:00.000 UTC,1,2021-11-12 10:00:00.000 UTC,1771.0
IQS,37d35e8c55204618917c3d0b,101766,True,978,2023-06-09 10:00:00.000 UTC,2023-06-09 10:00:00.000 UTC,,1,2023-06-09 10:00:00.000 UTC,1197.0
IQS,9c7f269270514647961a2bf5,101767,True,67,2021-04-02 10:00:00.000 UTC,2021-04-02 10:00:00.000 UTC,2021-04-02 10:00:00.000 UTC,2,2021-04-02 10:00:00.000 UTC,1995.0
IQS,6ed3c0c49cc04f52934102fe,101768,True,1514,2023-12-29 10:00:00.000 UTC,2023-12-29 10:00:00.000 UTC,2023-12-29 10:00:00.000 UTC,3,2023-12-29 10:00:00.000 UTC,994.0
IQS,b8fd1fa9045d4c43ab7bdf22,101769,True,1150,2024-06-10 10:00:00.000 UTC,2024-06-10 10:00:00.000 UTC,,4,2024-06-10 10:00:00.000 UTC,830.0
IQS,a01b9a85490f4b1b8eb6d4fe,101770,True,105,,,,1,,
IQS,a547e8653bda40618d5b8b21,101771,True,237,,,,2,,
IQS,2888663b219b4bddbfa0f15a,101772,True,1075,,,,2,,
IQS,87fbe9b9bc08450fa5d2f19f,101773,True,1030,2026-09-16 10:00:00.000 UTC,2026-09-16 10:00:00.000 UTC,,3,2026-09-16 10:00:00.000 UTC,2.0
IQS,2fd2bf1ed689484f9dbc0f3b,101774,True,2792,,,,2,,
IQS,199ee4e11983475eb0a1019e,101775,True,341,,,,2,,
IQS,50b0ca9843324fe480f472a5,101776,True,568,2024-12-01 10:00:00.000 UTC,2024-12-01 10:00:00.000 UTC,,1,2024-12-01 10:00:00.000 UTC,656.0
IQS,819a591fcbbb4aecb4984835,101777,True,1908,2020-07-25 10:00:00.000 UTC,2020-07-25 10:00:00.000 UTC,2020-07-25 10:00:00.000 UTC,4,2020-07-25 10:00:00.000 UTC,2246.0
IQS,4c9b152356604a3b87901089,101778,True,1357,2026-06-18 10:00:00.000 UTC,2026-06-18 10:00:00.000 UTC,,3,2026-06-18 10:00:00.000 UTC,92.0
IQS,5184d7c0657045b3881bdaa1,101779,True,0,2024-05-11 10:00:00.000 UTC,2024-05-11 10:00:00.000 UTC,2024-05-11 10:00:00.000 UTC,0,2024-05-11 10:00:00.000 UTC,860.0
IQS,ca8525ee1e774e5f8ac3dd70,101780,True,0,,,,0,,
IQS,a1abc4404795463fbe740cc1,101781,True,0,,,2025-05-07 10:00:00.000 UTC,0,2025-05-07 10:00:00.000 UTC,499.0
IQS,92c7732e6a8f4a1197decabc,101782,True,1830,,,,1,,
IQS,3eca44152c8048ea9f9a2a83,101783,True,487,,,,1,,
IQS,ae27e200cd4c4ecd973ee890,101784,True,360,2025-03-18 10:00:00.000 UTC,2025-03-18 10:00:00.000 UTC,2025-03-18 10:00:00.000 UTC,2,2025-03-18 10:00:00.000 UTC,549.0
IQS,453b31d04a4e42e0bf2fbb4f,101785,True,122,2026-08-13 10:00:00.000 UTC,2026-08-13 10:00:00.000 UTC,,3,2026-08-13 10:00:00.000 UTC,36.0
IQS,39fd4ae462ac4396ad9011d8,101786,True,288,2023-04-27 10:00:00.000 UTC,2023-04-27 10:00:00.000 UTC,2023-04-27 10:00:00.000 UTC,1,2023-04-27 10:00:00.000 UTC,1240.0
IQS,7280dcb9c2a84d568b7a00c8,101787,True,2274,,,,5,,
IQS,461b2eafd7084fe7adf9cb1b,101788,True,0,,,,0,,
IQS,ad0f5b5ed63042419d50bc49,101789,True,1649,2021-08-19 10:00:00.000 UTC,2021-08-19 10:00:00.000 UTC,2021-08-19 10:00:00.000 UTC,1,2021-08-19 10:00:00.000 UTC,1856.0
IQS,44c667536ecd495b8e6239c8,101790,True,0,,,2025-09-23 10:00:00.000 UTC,0,2025-09-23 10:00:00.000 UTC,360.0
IQS,b50c1cd9fa54483d9f446f92,101791,True,3389,,,2025-03-11 10:00:00.000 UTC,2,2025-03-11 10:00:00.000 UTC,556.0
IQS,631464bad236490eaacd04b8,101792,True,729,2025-10-14 10:00:00.000 UTC,2025-10-14 10:00:00.000 UTC,2025-10-14 10:00:00.000 UTC,4,2025-10-14 10:00:00.000 UTC,339.0
IQS,0d58d3dd1cd148f693e8bc7d,101793,True,392,2026-05-09 10:00:00.000 UTC,2026-05-09 10:00:00.000 UTC,2026-05-09 10:00:00.000 UTC,2,2026-05-09 10:00:00.000 UTC,132.0
IQS,d9a13b4f5c4c45bb98ada39a,101794,True,2846,,,,1,,
IQS,c1f428f463bc436eacbad9e6,101795,True,3494,,,,2,,
IQS,f8ef90127ff64e13b22dae01,101796,True,0,2024-08-07 10:00:00.000 UTC,2024-08-07 10:00:00.000 UTC,,0,2024-08-07 10:00:00.000 UTC,772.0
IQS,1f0bfde5c5924f469ce4fd84,101797,True,1055,,,,2,,
IQS,249c8d36bd6c4a01a14cd811,101798,True,3555,2025-01-03 10:00:00.000 UTC,2025-01-03 10:00:00.000 UTC,,2,2025-01-03 10:00:00.000 UTC,623.0
IQS,d0e9d2f0d8344f46b97e51de,101799,True,735,,,,2,,
IQS,3b16dfd9971d41f68ca11157,101800,True,0,,,,0,,
IQS,10d6d27e8066481387e894cf,101801,True,0,,,2024-06-30 10:00:00.000 UTC,0,2024-06-30 10:00:00.000 UTC,810.0
IQS,e06515421ab245c7856d66d3,101802,True,0,2026-06-12 10:00:00.000 UTC,2026-06-12 10:00:00.000 UTC,2026-06-12 10:00:00.000 UTC,0,2026-06-12 10:00:00.000 UTC,98.0
IQS,24e857313ef44b3f878ba617,101803,True,0,2025-01-11 10:00:00.000 UTC,2025-01-11 10:00:00.000 UTC,,0,2025-01-11 10:00:00.000 UTC,615.0
IQS,a07f192e0fc04ed6abacc410,101804,True,3260,2023-10-14 10:00:00.000 UTC,2023-10-14 10:00:00.000 UTC,,1,2023-10-14 10:00:00.000 UTC,1070.0
IQS,91c970c5490247c8a1fe6c5f,101805,True,653,2023-06-02 10:00:00.000 UTC,2023-06-02 10:00:00.000 UTC,2023-06-02 10:00:00.000 UTC,1,2023-06-02 10:00:00.000 UTC,1204.0
IQS,fde14e79b9d84cd7b29d39c3,101806,True,2786,,,2025-11-04 10:00:00.000 UTC,2,2025-11-04 10:00:00.000 UTC,318.0
IQS,61c3fc8a977b490da795711d,101807,True,1025,2026-05-29 10:00:00.000 UTC,2026-05-29 10:00:00.000 UTC,2026-05-29 10:00:00.000 UTC,1,2026-05-29 10:00:00.000 UTC,112.0
IQS,af167db414334d46b04ffdcc,101808,True,1407,2021-06-03 10:00:00.000 UTC,2021-06-03 10:00:00.000 UTC,,3,2021-06-03 10:00:00.000 UTC,1933.0
IQS,c684fde1ea9440d087d24f3d,101809,True,358,2025-10-11 10:00:00.000 UTC,2025-10-11 10:00:00.000 UTC,2025-10-11 10:00:00.000 UTC,2,2025-10-11 10:00:00.000 UTC,342.0
IQS,c0453bf211d8455291617c9f,101810,True,3224,2020-12-14 10:00:00.000 UTC,2020-12-14 10:00:00.000 UTC,,1,2020-12-14 10:00:00.000 UTC,2104.0
IQS,d09d66c65d424efdb727c237,101811,True,0,2026-09-05 10:00:00.000 UTC,2026-09-05 10:00:00.000 UTC,,0,2026-09-05 10:00:00.000 UTC,13.0
IQS,87a0a32693194bde9eb4118a,101812,True,190,,,2024-05-06 10:00:00.000 UTC,1,2024-05-06 10:00:00.000 UTC,865.0
IQS,d893b11bf0a94ddfa5052d1c,101813,True,155,2023-03-30 10:00:00.000 UTC,2023-03-30 10:00:00.000 UTC,2023-03-30 10:00:00.000 UTC,1,2023-03-30 10:00:00.000 UTC,1268.0
IQS,056e470ad1f24293959f7d69,101814,True,1270,,,2024-06-04 10:00:00.000 UTC,3,2024-06-04 10:00:00.000 UTC,836.0
IQS,4f72a77270ab401aafbb8aeb,101815,True,2088,2026-07-17 10:00:00.000 UTC,2026-07-17 10:00:00.000 UTC,,1,2026-07-17 10:00:00.000 UTC,63.0
IQS,8966e86939014b92af405715,101816,True,770,,,,3,,
IQS,f5c2d32d26b1413ca10773c6,101817,True,786,2025-05-19 10:00:00.000 UTC,2025-05-19 10:00:00.000 UTC,2025-05-19 10:00:00.000 UTC,2,2025-05-19 10:00:00.000 UTC,487.0
IQS,5c03adb635744fefb4f02dde,101818,True,0,2025-10-20 10:00:00.000 UTC,2025-10-20 10:00:00.000 UTC,,0,2025-10-20 10:00:00.000 UTC,333.0
IQS,9d317af30b7b4ee6acc4e00e,101819,True,8704,,,,2,,
IQS,2cceac4c250d4a23bb4bb347,101820,True,598,,,,1,,
IQS,e79d451c7d6640f4b81c0466,101821,True,550,,,,2,,
IQS,dc983646422a4ce7ba98c9f1,101822,True,128,2026-08-01 10:00:00.000 UTC,2026-08-01 10:00:00.000 UTC,,2,2026-08-01 10:00:00.000 UTC,48.0
IQS,2630e97adf5f468981bacab9,101823,True,2313,2026-08-29 10:00:00.000 UTC,2026-08-29 10:00:00.000 UTC,,3,2026-08-29 10:00:00.000 UTC,20.0
IQS,169bc2cb7aa74b4da3daea46,101824,True,318,,,,2,,
IQS,2fb48f02b3d84c16a18b5007,101825,True,565,2022-10-22 10:00:00.000 UTC,2022-10-22 10:00:00.000 UTC,2022-10-22 10:00:00.000 UTC,2,2022-10-22 10:00:00.000 UTC,1427.0
IQS,ac3bea641a7940cd818d2eca,101826,True,900,2021-09-10 10:00:00.000 UTC,2021-09-10 10:00:00.000 UTC,2021-09-10 10:00:00.000 UTC,1,2021-09-10 10:00:00.000 UTC,1834.0
IQS,72140026266d4af08fe619a7,101827,True,0,,,,0,,
IQS,464510355e7148a4ad0997ec,101828,True,658,,,,3,,
IQS,763635b260364805a5d5f59b,101829,True,359,2020-11-13 10:00:00.000 UTC,2020-11-13 10:00:00.000 UTC,2020-11-13 10:00:00.000 UTC,1,2020-11-13 10:00:00.000 UTC,2135.0
IQS,f985255c40e54880aac3f424,101830,True,1762,2025-05-21 10:00:00.000 UTC,2025-05-21 10:00:00.000 UTC,,2,2025-05-21 10:00:00.000 UTC,485.0
IQS,a0c100ffefec4c618bb3d51e,101831,True,291,,,,1,,
IQS,8562707ef25145a88f4bab35,101832,True,1005,,,,3,,
IQS,1a42dc073c2841d4b2eed5fd,101833,True,1412,2021-04-27 10:00:00.000 UTC,2021-04-27 10:00:00.000 UTC,2021-04-27 10:00:00.000 UTC,1,2021-04-27 10:00:00.000 UTC,1970.0
IQS,d4f9456bf57e427f91ff4043,101834,True,458,2021-05-22 10:00:00.000 UTC,2021-05-22 10:00:00.000 UTC,2021-05-22 10:00:00.000 UTC,1,2021-05-22 10:00:00.000 UTC,1945.0
IQS,bfa88f361df74f078b1a3241,101835,True,3168,,,,1,,
IQS,934dcad4f87c4d218b9e9abe,101836,True,749,,,,1,,
IQS,02c3935b87244ab99e813913,101837,True,554,,,,3,,
IQS,4bc8b989598e4de8b0134192,101838,True,0,,,,0,,
IQS,342ec862923c4946b3356381,101839,True,2246,,,2024-04-24 10:00:00.000 UTC,3,2024-04-24 10:00:00.000 UTC,877.0
IQS,99024486ae654ef8beda12a5,101840,True,0,2025-05-15 10:00:00.000 UTC,2025-05-15 10:00:00.000 UTC,2025-05-15 10:00:00.000 UTC,0,2025-05-15 10:00:00.000 UTC,491.0
IQS,e62aaae3f8864df1b7da89c7,101841,True,0,,,2024-08-07 10:00:00.000 UTC,0,2024-08-07 10:00:00.000 UTC,772.0
IQS,97731f0947894a39b6f85970,101842,True,490,,,,3,,
IQS,a2b8470db29b49e5acf7ddbd,101843,True,0,,,,0,,
IQS,959719511a924d9f9a9649bd,101844,True,2704,,,2025-01-14 10:00:00.000 UTC,1,2025-01-14 10:00:00.000 UTC,612.0
IQS,30c9bdda35454f279d5c847e,101845,True,441,2025-06-12 10:00:00.000 UTC,2025-06-12 10:00:00.000 UTC,2025-06-12 10:00:00.000 UTC,1,2025-06-12 10:00:00.000 UTC,463.0
IQS,299ee9b7c0924c02925f38c7,101846,True,0,2021-06-01 10:00:00.000 UTC,2021-06-01 10:00:00.000 UTC,2021-06-01 10:00:00.000 UTC,0,2021-06-01 10:00:00.000 UTC,1935.0
IQS,0424cfb1900142b6ade37bf0,101847,True,0,,,2023-01-27 10:00:00.000 UTC,0,2023-01-27 10:00:00.000 UTC,1330.0
IQS,68de1b3e4ce84848bf568ff0,101848,True,784,,,,1,,
IQS,58151f88345a4dc2b4d05383,101849,True,0,,,,0,,
IQS,040a42b13bee4687a3313869,101850,True,3468,2026-08-15 10:00:00.000 UTC,2026-08-15 10:00:00.000 UTC,2026-08-15 10:00:00.000 UTC,1,2026-08-15 10:00:00.000 UTC,34.0
IQS,2098b433db8d44098b91932d,101851,True,0,2025-05-20 10:00:00.000 UTC,2025-05-20 10:00:00.000 UTC,2025-05-20 10:00:00.000 UTC,0,2025-05-20 10:00:00.000 UTC,486.0
IQS,67a7ca0d1d4c44f4af0f6dfe,101852,True,4094,,,,1,,
IQS,45084685aea84ba2851f10ff,101853,True,0,,,,0,,
IQS,287db55bc4b24af1a89085ae,101854,True,7667,,,2022-12-07 10:00:00.000 UTC,3,2022-12-07 10:00:00.000 UTC,1381.0
IQS,dbc08f5d013e488e9d4e516b,101855,True,25135,2024-03-03 10:00:00.000 UTC,2024-03-03 10:00:00.000 UTC,,1,2024-03-03 10:00:00.000 UTC,929.0
IQS,8ece0cba9aa6468b938f21b0,101856,True,1369,,,,1,,
IQS,37213971f25c470b95dbe62f,101857,True,438,,,2026-03-01 10:00:00.000 UTC,2,2026-03-01 10:00:00.000 UTC,201.0
IQS,123dcb1a8d454b8391488238,101858,True,0,2026-01-31 10:00:00.000 UTC,2026-01-31 10:00:00.000 UTC,,0,2026-01-31 10:00:00.000 UTC,230.0
IQS,67d8185b00cf4eefb6458c5a,101859,True,138,2025-08-14 10:00:00.000 UTC,2025-08-14 10:00:00.000 UTC,2025-08-14 10:00:00.000 UTC,1,2025-08-14 10:00:00.000 UTC,400.0
IQS,9bc0785ef900406386e81f14,101860,True,0,,,,0,,
IQS,5acd94d33d5f4abbbe797720,101861,True,5528,2021-10-24 10:00:00.000 UTC,2021-10-24 10:00:00.000 UTC,,4,2021-10-24 10:00:00.000 UTC,1790.0
IQS,409977ae1b8a43a695d3526a,101862,True,85,2025-03-31 10:00:00.000 UTC,2025-03-31 10:00:00.000 UTC,2025-03-31 10:00:00.000 UTC,3,2025-03-31 10:00:00.000 UTC,536.0
IQS,8be00e19af7f4deabd3a18f5,101863,True,1009,2025-03-29 10:00:00.000 UTC,2025-03-29 10:00:00.000 UTC,,2,2025-03-29 10:00:00.000 UTC,538.0
IQS,2f52292cbf4c4fa09d404cd4,101864,True,286,,,,2,,
IQS,e932f7e50fd94d028d8684f8,101865,True,13464,,,2026-06-23 10:00:00.000 UTC,1,2026-06-23 10:00:00.000 UTC,87.0
IQS,3dda50cb0e0d4eb7a4eada62,101866,True,0,2024-02-23 10:00:00.000 UTC,2024-02-23 10:00:00.000 UTC,2024-02-23 10:00:00.000 UTC,0,2024-02-23 10:00:00.000 UTC,938.0
IQS,d54050ca8d42488c9088b5fa,101867,True,247,,,2025-01-09 10:00:00.000 UTC,1,2025-01-09 10:00:00.000 UTC,617.0
IQS,ce35d558f4a0484eba1a24ac,101868,True,2650,2026-08-21 10:00:00.000 UTC,2026-08-21 10:00:00.000 UTC,2026-08-21 10:00:00.000 UTC,1,2026-08-21 10:00:00.000 UTC,28.0
IQS,c586906ce4b64f8686b576f4,101869,True,0,2025-12-20 10:00:00.000 UTC,2025-12-20 10:00:00.000 UTC,,0,2025-12-20 10:00:00.000 UTC,272.0
IQS,9d0950ee502f476f89386286,101870,True,4632,2025-11-27 10:00:00.000 UTC,2025-11-27 10:00:00.000 UTC,,1,2025-11-27 10:00:00.000 UTC,295.0
IQS,ee6c636f64c24183a4828645,101871,True,1244,,,,4,,
IQS,5fe1a334a0084cbaa9d1ef5b,101872,True,770,2022-10-21 10:00:00.000 UTC,2022-10-21 10:00:00.000 UTC,2022-10-21 10:00:00.000 UTC,2,2022-10-21 10:00:00.000 UTC,1428.0
IQS,b6cb4dac6a8a44f68209847a,101873,True,382,,,,2,,
IQS,f984cc6054494db38a768270,101874,True,697,2024-07-11 10:00:00.000 UTC,2024-07-11 10:00:00.000 UTC,,3,2024-07-11 10:00:00.000 UTC,799.0
IQS,9284dc57b95244f09cbf1cda,101875,True,877,,,2021-06-13 10:00:00.000 UTC,3,2021-06-13 10:00:00.000 UTC,1923.0
IQS,26b66544f51c4add9a3becf6,101876,True,1359,,,2022-08-20 10:00:00.000 UTC,1,2022-08-20 10:00:00.000 UTC,1490.0
IQS,58daac81c52e43fa8b46dfb8,101877,True,1144,2024-10-27 10:00:00.000 UTC,2024-10-27 10:00:00.000 UTC,2024-10-27 10:00:00.000 UTC,2,2024-10-27 10:00:00.000 UTC,691.0
IQS,ed131250a0474bd89bb7f640,101878,True,4580,2026-06-23 10:00:00.000 UTC,2026-06-23 10:00:00.000 UTC,2026-06-23 10:00:00.000 UTC,1,2026-06-23 10:00:00.000 UTC,87.0
IQS,4f7a008588ce46f99367450f,101879,True,3475,2020-03-31 10:00:00.000 UTC,2020-03-31 10:00:00.000 UTC,,1,2020-03-31 10:00:00.000 UTC,2362.0
IQS,d32c74bc3df842269d4add8f,101880,True,297,,,2026-09-15 10:00:00.000 UTC,3,2026-09-15 10:00:00.000 UTC,3.0
IQS,61cde06e380a4220ba3eb431,101881,True,2770,,,2026-05-27 10:00:00.000 UTC,3,2026-05-27 10:00:00.000 UTC,114.0
IQS,4aafe659f30844188e305609,101882,True,1023,2021-07-27 10:00:00.000 UTC,2021-07-27 10:00:00.000 UTC,2021-07-27 10:00:00.000 UTC,1,2021-07-27 10:00:00.000 UTC,1879.0
IQS,376fc73d7fd54ccab8385748,101883,True,1353,,,,2,,
IQS,6540d5fee36c4295beb8eacf,101884,True,1226,2022-01-10 10:00:00.000 UTC,2022-01-10 10:00:00.000 UTC,,1,2022-01-10 10:00:00.000 UTC,1712.0
IQS,be055919b0b543e89fb04297,101885,True,0,2024-01-16 10:00:00.000 UTC,2024-01-16 10:00:00.000 UTC,,0,2024-01-16 10:00:00.000 UTC,976.0
IQS,55c47dfccd2f444ca50a7d93,101886,True,0,,,,0,,
IQS,137d87f7a75441759cb43ada,101887,True,124,2023-08-15 10:00:00.000 UTC,2023-08-15 10:00:00.000 UTC,,3,2023-08-15 10:00:00.000 UTC,1130.0
IQS,bf1ae36e7bb945429e249081,101888,True,414,2022-12-15 10:00:00.000 UTC,2022-12-15 10:00:00.000 UTC,2022-12-15 10:00:00.000 UTC,1,2022-12-15 10:00:00.000 UTC,1373.0
IQS,07d5276856cb4599971fc803,101889,True,365,,,2024-12-16 10:00:00.000 UTC,1,2024-12-16 10:00:00.000 UTC,641.0
IQS,c231c31c386e4b819294ba78,101890,True,824,2023-09-28 10:00:00.000 UTC,2023-09-28 10:00:00.000 UTC,,2,2023-09-28 10:00:00.000 UTC,1086.0
IQS,2e264034980043aea295cfe2,101891,True,780,2025-10-25 10:00:00.000 UTC,2025-10-25 10:00:00.000 UTC,2025-10-25 10:00:00.000 UTC,2,2025-10-25 10:00:00.000 UTC,328.0
IQS,1b2b9543d00140db85382d9a,101892,True,2962,2026-06-10 10:00:00.000 UTC,2026-06-10 10:00:00.000 UTC,2026-06-10 10:00:00.000 UTC,1,2026-06-10 10:00:00.000 UTC,100.0
IQS,4ab5255ef7c44571a1dd156b,101893,True,357,2024-09-18 10:00:00.000 UTC,2024-09-18 10:00:00.000 UTC,2024-09-18 10:00:00.000 UTC,2,2024-09-18 10:00:00.000 UTC,730.0
IQS,0bd56ae579f64500846270ff,101894,True,354,2020-05-31 10:00:00.000 UTC,2020-05-31 10:00:00.000 UTC,,1,2020-05-31 10:00:00.000 UTC,2301.0
IQS,91046feeecd14ff793b391d3,101895,True,719,,,,1,,
IQS,936aca26e8d84220bb4a811c,101896,True,0,2025-04-11 10:00:00.000 UTC,2025-04-11 10:00:00.000 UTC,2025-04-11 10:00:00.000 UTC,0,2025-04-11 10:00:00.000 UTC,525.0
IQS,7c590e146099480684f335df,101897,True,0,2024-01-20 10:00:00.000 UTC,2024-01-20 10:00:00.000 UTC,,0,2024-01-20 10:00:00.000 UTC,972.0
IQS,467d5febed0846f981a5cff4,101898,True,0,,,,0,,
IQS,8291584b69b1440dba06c904,101899,True,428,,,2025-05-01 10:00:00.000 UTC,1,2025-05-01 10:00:00.000 UTC,505.0
IQS,32b21f751fe140cab002c0f3,101900,True,206,2022-10-26 10:00:00.000 UTC,2022-10-26 10:00:00.000 UTC,,1,2022-10-26 10:00:00.000 UTC,1423.0
IQS,8a467c8d2f5045ca8c65236e,101901,True,0,,,,0,,
IQS,119356d54c364fe38d28847b,101902,True,3708,2021-12-25 10:00:00.000 UTC,2021-12-25 10:00:00.000 UTC,2021-12-25 10:00:00.000 UTC,2,2021-12-25 10:00:00.000 UTC,1728.0
IQS,2488ec4747b8462f9f90eda0,101903,True,0,2026-08-01 10:00:00.000 UTC,2026-08-01 10:00:00.000 UTC,2026-08-01 10:00:00.000 UTC,0,2026-08-01 10:00:00.000 UTC,48.0
IQS,5feb64bb7abe4c4d950ea8f5,101904,True,0,2024-03-15 10:00:00.000 UTC,2024-03-15 10:00:00.000 UTC,,0,2024-03-15 10:00:00.000 UTC,917.0
IQS,56a7cc166cc3449cbbb73b87,101905,True,0,2022-08-06 10:00:00.000 UTC,2022-08-06 10:00:00.000 UTC,2022-08-06 10:00:00.000 UTC,0,2022-08-06 10:00:00.000 UTC,1504.0
IQS,2b1a4d2eba60488d818e32da,101906,True,937,,,2023-01-02 10:00:00.000 UTC,3,2023-01-02 10:00:00.000 UTC,1355.0
IQS,aac9bf8581d54bedae6c78ff,101907,True,0,2025-09-21 10:00:00.000 UTC,2025-09-21 10:00:00.000 UTC,2025-09-21 10:00:00.000 UTC,0,2025-09-21 10:00:00.000 UTC,362.0
IQS,4101a48cfd1542039f282bc6,101908,True,907,,,,2,,
IQS,8abf135ab2d3490688cb13b5,101909,True,2214,,,,1,,
IQS,bf84df601ed840ee98419d7a,101910,True,3301,,,,1,,
IQS,983c269937484c33b4fa864f,101911,True,591,,,,1,,
IQS,b3c51c79e13c49b295ca81d9,101912,True,166,,,,3,,
IQS,768277a925c2404483b63a1f,101913,True,0,2025-06-25 10:00:00.000 UTC,2025-06-25 10:00:00.000 UTC,,0,2025-06-25 10:00:00.000 UTC,450.0
IQS,f894a6ed5be94cb6a3416b20,101914,True,4179,,,,1,,
IQS,b407962fb4414766a1ccd232,101915,True,4922,,,,3,,
IQS,b5da13c67f024c4d8dbcad88,101916,True,289,,,,1,,
IQS,7d1cab85c30b4ab18eb5b7d4,101917,True,639,2025-02-09 10:00:00.000 UTC,2025-02-09 10:00:00.000 UTC,2025-02-09 10:00:00.000 UTC,3,2025-02-09 10:00:00.000 UTC,586.0
IQS,85fcab58c6344d51907d5206,101918,True,863,,,2022-12-19 10:00:00.000 UTC,1,2022-12-19 10:00:00.000 UTC,1369.0
IQS,310d4bb1cbaa407c91da07c5,101919,True,345,2025-09-04 10:00:00.000 UTC,2025-09-04 10:00:00.000 UTC,2025-09-04 10:00:00.000 UTC,3,2025-09-04 10:00:00.000 UTC,379.0
IQS,028530fdb24f4e61991ced13,101920,True,6762,2023-06-05 10:00:00.000 UTC,2023-06-05 10:00:00.000 UTC,2023-06-05 10:00:00.000 UTC,3,2023-06-05 10:00:00.000 UTC,1201.0
IQS,1a6dd606fc264b85917bc0fc,101921,True,1131,2024-10-06 10:00:00.000 UTC,2024-10-06 10:00:00.000 UTC,2024-10-06 10:00:00.000 UTC,1,2024-10-06 10:00:00.000 UTC,712.0
IQS,340b7546840a4d2b902fc61e,101922,True,0,2025-04-03 10:00:00.000 UTC,2025-04-03 10:00:00.000 UTC,2025-04-03 10:00:00.000 UTC,0,2025-04-03 10:00:00.000 UTC,533.0
IQS,c79e0ffc833d4ac2a752a8e4,101923,True,0,2024-10-29 10:00:00.000 UTC,2024-10-29 10:00:00.000 UTC,,0,2024-10-29 10:00:00.000 UTC,689.0
IQS,2ad79b0252b74ce0ae34d28f,101924,True,0,,,2026-05-05 10:00:00.000 UTC,0,2026-05-05 10:00:00.000 UTC,136.0
IQS,f7ee9d85e9e84189af73af19,101925,True,0,,,,0,,
IQS,5c3885bc1f4344759f97c7e4,101926,True,0,2026-08-31 10:00:00.000 UTC,2026-08-31 10:00:00.000 UTC,2026-08-31 10:00:00.000 UTC,0,2026-08-31 10:00:00.000 UTC,18.0
IQS,8c031cf23b614ffb9a96dfbf,101927,True,3270,,,,3,,
IQS,6bbf087f3d324066a5aa374f,101928,True,333,,,2021-12-16 10:00:00.000 UTC,1,2021-12-16 10:00:00.000 UTC,1737.0
IQS,c0eca96c97434ef498a791b5,101929,True,627,,,,3,,
IQS,3f0190c3677b4f79b25a2dfc,101930,True,254,,,,2,,
IQS,82caa1d1e34e4030adf677a5,101931,True,0,,,,0,,
IQS,26847f72de7b489297796f72,101932,True,1802,,,,2,,
IQS,ed43d24bd4954c84b942271f,101933,True,118,,,2016-11-01 10:00:00.000 UTC,2,2016-11-01 10:00:00.000 UTC,3608.0
IQS,97a0580628b049f2a2588081,101934,True,0,2026-09-14 10:00:00.000 UTC,2026-09-14 10:00:00.000 UTC,2026-09-14 10:00:00.000 UTC,0,2026-09-14 10:00:00.000 UTC,4.0
IQS,bcf52fa9017543a2a0db3033,101935,True,0,2024-10-25 10:00:00.000 UTC,2024-10-25 10:00:00.000 UTC,2024-10-25 10:00:00.000 UTC,0,2024-10-25 10:00:00.000 UTC,693.0
IQS,f8606bc1afd6479d9e114927,101936,True,512,2023-01-30 10:00:00.000 UTC,2023-01-30 10:00:00.000 UTC,,1,2023-01-30 10:00:00.000 UTC,1327.0
IQS,ce1ab989910f44fcbff315fa,101937,True,0,,,,0,,
IQS,f74dce20f3c04bb5b99d226b,101938,True,2971,2024-04-21 10:00:00.000 UTC,2024-04-21 10:00:00.000 UTC,,1,2024-04-21 10:00:00.000 UTC,880.0
IQS,0d1229048811420e955417e1,101939,True,864,2026-01-24 10:00:00.000 UTC,2026-01-24 10:00:00.000 UTC,,1,2026-01-24 10:00:00.000 UTC,237.0
IQS,b4546f40800146b5a4b166d0,101940,True,390,2025-09-05 10:00:00.000 UTC,2025-09-05 10:00:00.000 UTC,2025-09-05 10:00:00.000 UTC,3,2025-09-05 10:00:00.000 UTC,378.0
IQS,841789c1b59b409b941739b2,101941,True,1215,2023-07-13 10:00:00.000 UTC,2023-07-13 10:00:00.000 UTC,2023-07-13 10:00:00.000 UTC,2,2023-07-13 10:00:00.000 UTC,1163.0
IQS,7c0b83f225454d5ebb9c3117,101942,True,1951,,,,1,,
IQS,522cb95671a34b309424f45b,101943,True,162,,,,4,,
IQS,2366663453d4435481477479,101944,True,280,2024-12-07 10:00:00.000 UTC,2024-12-07 10:00:00.000 UTC,2024-12-07 10:00:00.000 UTC,3,2024-12-07 10:00:00.000 UTC,650.0
IQS,dbef5d7b4fd64f47a81d6bcb,101945,True,573,2025-04-25 10:00:00.000 UTC,2025-04-25 10:00:00.000 UTC,2025-04-25 10:00:00.000 UTC,2,2025-04-25 10:00:00.000 UTC,511.0
IQS,13e127b3d25c4f46a8e51fe5,101946,True,1377,2021-03-01 10:00:00.000 UTC,2021-03-01 10:00:00.000 UTC,2021-03-01 10:00:00.000 UTC,2,2021-03-01 10:00:00.000 UTC,2027.0
IQS,37f11d00da334cf8840b91dd,101947,True,4529,2025-08-14 10:00:00.000 UTC,2025-08-14 10:00:00.000 UTC,2025-08-14 10:00:00.000 UTC,2,2025-08-14 10:00:00.000 UTC,400.0
IQS,92aa96955c6048539ee65d55,101948,True,1074,,,2026-04-11 10:00:00.000 UTC,2,2026-04-11 10:00:00.000 UTC,160.0
IQS,7850f9b6160541e09c9173cd,101949,True,0,2024-09-24 10:00:00.000 UTC,2024-09-24 10:00:00.000 UTC,2024-09-24 10:00:00.000 UTC,0,2024-09-24 10:00:00.000 UTC,724.0
IQS,52503569265a408a81f7b694,101950,True,979,,,,3,,
IQS,200a58b5b5594deb8e548056,101951,True,1511,,,2024-04-25 10:00:00.000 UTC,2,2024-04-25 10:00:00.000 UTC,876.0
IQS,73a22f3078be4d238a672d9d,101952,True,884,,,,1,,
IQS,9b8d23c99ef94179b7f2a2ef,101953,True,2238,,,2021-03-25 10:00:00.000 UTC,5,2021-03-25 10:00:00.000 UTC,2003.0
IQS,9a0d9b876b07405e93450ed0,101954,True,0,2024-12-16 10:00:00.000 UTC,2024-12-16 10:00:00.000 UTC,2024-12-16 10:00:00.000 UTC,0,2024-12-16 10:00:00.000 UTC,641.0
IQS,32382d7bcd3242679c6b251d,101955,True,6924,2025-05-10 10:00:00.000 UTC,2025-05-10 10:00:00.000 UTC,,1,2025-05-10 10:00:00.000 UTC,496.0
IQS,b6f429a8f0944f81b7c868bc,101956,True,0,2024-06-29 10:00:00.000 UTC,2024-06-29 10:00:00.000 UTC,,0,2024-06-29 10:00:00.000 UTC,811.0
IQS,bf12f0436f7243da8d2292b2,101957,True,227,2023-12-21 10:00:00.000 UTC,2023-12-21 10:00:00.000 UTC,,2,2023-12-21 10:00:00.000 UTC,1002.0
IQS,c28fd2e695b7428b8528ca7e,101958,True,3994,2022-07-13 10:00:00.000 UTC,2022-07-13 10:00:00.000 UTC,,2,2022-07-13 10:00:00.000 UTC,1528.0
IQS,428fafbd2ddd444ab743f1d0,101959,True,235,,,2026-09-10 10:00:00.000 UTC,2,2026-09-10 10:00:00.000 UTC,8.0
IQS,70979baddb9e4deba513c07d,101960,True,0,2024-04-09 10:00:00.000 UTC,2024-04-09 10:00:00.000 UTC,,0,2024-04-09 10:00:00.000 UTC,892.0
IQS,f885da1c1bab457f9632f830,101961,True,0,2023-11-18 10:00:00.000 UTC,2023-11-18 10:00:00.000 UTC,,0,2023-11-18 10:00:00.000 UTC,1035.0
IQS,3bd3dc7ec2404c6c989a812b,101962,True,1002,,,2019-06-21 10:00:00.000 UTC,1,2019-06-21 10:00:00.000 UTC,2646.0
IQS,afc4359e52224a22ab01a77d,101963,True,437,,,2024-07-18 10:00:00.000 UTC,1,2024-07-18 10:00:00.000 UTC,792.0
IQS,9104d98b4177422fab4ff287,101964,True,1255,,,,1,,
IQS,95ad0e63f05d4050b2fd8959,101965,True,1870,2026-08-26 10:00:00.000 UTC,2026-08-26 10:00:00.000 UTC,2026-08-26 10:00:00.000 UTC,1,2026-08-26 10:00:00.000 UTC,23.0
IQS,b6408c04af3d4d4a941d05ba,101966,True,5411,2022-11-20 10:00:00.000 UTC,2022-11-20 10:00:00.000 UTC,2022-11-20 10:00:00.000 UTC,2,2022-11-20 10:00:00.000 UTC,1398.0
IQS,a944c3308c294cfaacf86306,101967,True,1636,2021-03-02 10:00:00.000 UTC,2021-03-02 10:00:00.000 UTC,2021-03-02 10:00:00.000 UTC,1,2021-03-02 10:00:00.000 UTC,2026.0
IQS,115ba2be1afd4136adab7233,101968,True,983,2022-05-29 10:00:00.000 UTC,2022-05-29 10:00:00.000 UTC,,1,2022-05-29 10:00:00.000 UTC,1573.0
IQS,67c148dd7cf34e2a96b59ed6,101969,True,0,2026-07-21 10:00:00.000 UTC,2026-07-21 10:00:00.000 UTC,,0,2026-07-21 10:00:00.000 UTC,59.0
IQS,ce9bfe83db2d429da5671cb7,101970,True,3843,2023-08-09 10:00:00.000 UTC,2023-08-09 10:00:00.000 UTC,2023-08-09 10:00:00.000 UTC,2,2023-08-09 10:00:00.000 UTC,1136.0
IQS,fe22dfcc834149c7a3176d1b,101971,True,445,2024-07-04 10:00:00.000 UTC,2024-07-04 10:00:00.000 UTC,2024-07-04 10:00:00.000 UTC,5,2024-07-04 10:00:00.000 UTC,806.0
IQS,f4e10d1afdd54caa8c343d71,101972,True,222,2025-01-30 10:00:00.000 UTC,2025-01-30 10:00:00.000 UTC,,4,2025-01-30 10:00:00.000 UTC,596.0
IQS,013a3ccfe7a6469a8c3ae11b,101973,True,0,2022-08-26 10:00:00.000 UTC,2022-08-26 10:00:00.000 UTC,,0,2022-08-26 10:00:00.000 UTC,1484.0
IQS,3cafd40d02324b57af365c2c,101974,True,948,2026-07-14 10:00:00.000 UTC,2026-07-14 10:00:00.000 UTC,,1,2026-07-14 10:00:00.000 UTC,66.0
IQS,099c25e926074ffda71df5bd,101975,True,0,2026-08-04 10:00:00.000 UTC,2026-08-04 10:00:00.000 UTC,,0,2026-08-04 10:00:00.000 UTC,45.0
IQS,3d0c6673a3d741d8be194441,101976,True,5964,,,2026-06-08 10:00:00.000 UTC,1,2026-06-08 10:00:00.000 UTC,102.0
IQS,e9bc6f4610de42c1bb59bb10,101977,True,625,,,,2,,
IQS,bc97fc00cfd944f9a9c607c2,101978,True,619,2025-05-29 10:00:00.000 UTC,2025-05-29 10:00:00.000 UTC,,1,2025-05-29 10:00:00.000 UTC,477.0
IQS,5893363c835541cdaf14b567,101979,True,1389,2026-07-10 10:00:00.000 UTC,2026-07-10 10:00:00.000 UTC,2026-07-10 10:00:00.000 UTC,3,2026-07-10 10:00:00.000 UTC,70.0
IQS,2eb5f2b20bbe4558911bde4c,101980,True,596,2024-05-13 10:00:00.000 UTC,2024-05-13 10:00:00.000 UTC,2024-05-13 10:00:00.000 UTC,2,2024-05-13 10:00:00.000 UTC,858.0
IQS,293f61cf710d4e77b9f53cee,101981,True,1492,,,,3,,
IQS,387fafed18824ad080ab60ec,101982,True,1396,2026-05-23 10:00:00.000 UTC,2026-05-23 10:00:00.000 UTC,2026-05-23 10:00:00.000 UTC,2,2026-05-23 10:00:00.000 UTC,118.0
IQS,f68c7e1b641743bcb0773e3e,101983,True,4639,2019-03-23 10:00:00.000 UTC,2019-03-23 10:00:00.000 UTC,2019-03-23 10:00:00.000 UTC,2,2019-03-23 10:00:00.000 UTC,2736.0
IQS,4a19a70d039048a783b14114,101984,True,0,,,,0,,
IQS,9193803f96e1435abed859e5,101985,True,0,2025-01-25 10:00:00.000 UTC,2025-01-25 10:00:00.000 UTC,2025-01-25 10:00:00.000 UTC,0,2025-01-25 10:00:00.000 UTC,601.0
IQS,aa9c33aeda0046d594cf5570,101986,True,1677,,,,3,,
IQS,1b8e27ba9e26419eb95ec52c,101987,True,432,2025-01-24 10:00:00.000 UTC,2025-01-24 10:00:00.000 UTC,2025-01-24 10:00:00.000 UTC,2,2025-01-24 10:00:00.000 UTC,602.0
IQS,a2f83347bb934fdba72e0aa2,101988,True,8165,,,2026-06-15 10:00:00.000 UTC,2,2026-06-15 10:00:00.000 UTC,95.0
IQS,71eca5b011af4e61831c744a,101989,True,92,,,,2,,
IQS,c7f4eab75f684a1e87f29744,101990,True,1979,2022-04-29 10:00:00.000 UTC,2022-04-29 10:00:00.000 UTC,2022-04-29 10:00:00.000 UTC,2,2022-04-29 10:00:00.000 UTC,1603.0
IQS,6b58719bb7ca49c397a57041,101991,True,452,2024-12-10 10:00:00.000 UTC,2024-12-10 10:00:00.000 UTC,2024-12-10 10:00:00.000 UTC,1,2024-12-10 10:00:00.000 UTC,647.0
IQS,bc619dcc97054576a0e4d042,101992,True,279,,,,1,,
IQS,560d4eeb99ce4eb99215497d,101993,True,1719,2022-07-10 10:00:00.000 UTC,2022-07-10 10:00:00.000 UTC,2022-07-10 10:00:00.000 UTC,1,2022-07-10 10:00:00.000 UTC,1531.0
IQS,b3788fb109eb4e84a79495b8,101994,True,1652,2026-07-17 10:00:00.000 UTC,2026-07-17 10:00:00.000 UTC,,2,2026-07-17 10:00:00.000 UTC,63.0
IQS,b4653d5dd2c649858fc856bb,101995,True,0,,,,0,,
IQS,9756ff89af6f4e5b937d7e0c,101996,True,311,2026-01-12 10:00:00.000 UTC,2026-01-12 10:00:00.000 UTC,,3,2026-01-12 10:00:00.000 UTC,249.0
IQS,e6d67b6bc40a4a2182194468,101997,True,217,,,,1,,
IQS,34802fb187d44311a92565a0,101998,True,4257,2023-12-31 10:00:00.000 UTC,2023-12-31 10:00:00.000 UTC,,2,2023-12-31 10:00:00.000 UTC,992.0
IQS,10434ccd9fd041dd9152b107,101999,True,424,2025-06-14 10:00:00.000 UTC,2025-06-14 10:00:00.000 UTC,2025-06-14 10:00:00.000 UTC,1,2025-06-14 10:00:00.000 UTC,461.0
IQS,f5fdac0923aa4af187dee39a,102000,True,779,2024-09-27 10:00:00.000 UTC,2024-09-27 10:00:00.000 UTC,,3,2024-09-27 10:00:00.000 UTC,721.0
IQS,884f2bfb872249029fd21908,102001,True,772,,,2021-01-17 10:00:00.000 UTC,1,2021-01-17 10:00:00.000 UTC,2070.0
IQS,cd28b8343fe84dbaaf18088e,102002,True,0,2021-04-24 10:00:00.000 UTC,2021-04-24 10:00:00.000 UTC,,0,2021-04-24 10:00:00.000 UTC,1973.0
IQS,54d4c18c44364d50ada04aef,102003,True,1554,,,,1,,
IQS,e5d511e5ada048c28de260e2,102004,True,1181,,,2026-05-24 10:00:00.000 UTC,3,2026-05-24 10:00:00.000 UTC,117.0
IQS,f0dea25322f84b4aa6a9ee68,102005,True,0,2024-03-14 10:00:00.000 UTC,2024-03-14 10:00:00.000 UTC,2024-03-14 10:00:00.000 UTC,0,2024-03-14 10:00:00.000 UTC,918.0
IQS,1b24313a9c944507894f0dbd,102006,True,12922,2025-08-22 10:00:00.000 UTC,2025-08-22 10:00:00.000 UTC,2025-08-22 10:00:00.000 UTC,1,2025-08-22 10:00:00.000 UTC,392.0
IQS,47ed69ffabf74e4e9f92ea40,102007,True,97,2022-07-29 10:00:00.000 UTC,2022-07-29 10:00:00.000 UTC,2022-07-29 10:00:00.000 UTC,1,2022-07-29 10:00:00.000 UTC,1512.0
IQS,1f8ee8de017d4bde84a997f8,102008,True,1786,2024-08-05 10:00:00.000 UTC,2024-08-05 10:00:00.000 UTC,,1,2024-08-05 10:00:00.000 UTC,774.0
IQS,7e96d338c4444c2b9102985d,102009,True,0,2024-11-23 10:00:00.000 UTC,2024-11-23 10:00:00.000 UTC,,0,2024-11-23 10:00:00.000 UTC,664.0
IQS,41fec8bd4f784d12b90e5c7e,102010,True,464,,,,1,,
IQS,0eef0502f60d4497bed9e8b2,102011,True,0,,,2026-06-23 10:00:00.000 UTC,0,2026-06-23 10:00:00.000 UTC,87.0
IQS,9b94808f197d43e4906e6273,102012,True,0,,,2021-10-14 10:00:00.000 UTC,0,2021-10-14 10:00:00.000 UTC,1800.0
IQS,a84d474a839843f89dc8b393,102013,True,0,,,,0,,
IQS,57278b961d8c4c5681e0b18a,102014,True,0,2022-06-16 10:00:00.000 UTC,2022-06-16 10:00:00.000 UTC,2022-06-16 10:00:00.000 UTC,0,2022-06-16 10:00:00.000 UTC,1555.0
IQS,1a2ba040b026430ebcc66f7e,102015,True,803,2020-09-13 10:00:00.000 UTC,2020-09-13 10:00:00.000 UTC,2020-09-13 10:00:00.000 UTC,2,2020-09-13 10:00:00.000 UTC,2196.0
IQS,2899701bff2146d687aa1399,102016,True,0,,,,0,,
IQS,940ce0f3358a45b89ba7f260,102017,True,0,2023-12-22 10:00:00.000 UTC,2023-12-22 10:00:00.000 UTC,2023-12-22 10:00:00.000 UTC,0,2023-12-22 10:00:00.000 UTC,1001.0
IQS,279c680129974edb9d405573,102018,True,651,,,2026-06-15 10:00:00.000 UTC,2,2026-06-15 10:00:00.000 UTC,95.0
IQS,47a45e844ac846719e475234,102019,True,1009,,,,1,,
IQS,f8d1a2f9d3ed428b8edf6ff8,102020,True,2247,,,2024-11-28 10:00:00.000 UTC,5,2024-11-28 10:00:00.000 UTC,659.0
IQS,cf569a58633047368634ac64,102021,True,1821,2025-03-14 10:00:00.000 UTC,2025-03-14 10:00:00.000 UTC,,2,2025-03-14 10:00:00.000 UTC,553.0
IQS,80aee5bc5bfa4e538cd4d518,102022,True,1109,,,2025-07-16 10:00:00.000 UTC,4,2025-07-16 10:00:00.000 UTC,429.0
IQS,b7ab1b140da542b98e2f17c4,102023,True,0,,,,0,,
IQS,691abd8f9526438d8cc1fa66,102024,True,2922,2022-09-07 10:00:00.000 UTC,2022-09-07 10:00:00.000 UTC,,1,2022-09-07 10:00:00.000 UTC,1472.0
IQS,52e1409c1a6d44de8d638ad1,102025,True,0,,,,0,,
IQS,3ec362c1a0ef439bb6b0d5ca,102026,True,1468,2025-09-26 10:00:00.000 UTC,2025-09-26 10:00:00.000 UTC,2025-09-26 10:00:00.000 UTC,3,2025-09-26 10:00:00.000 UTC,357.0
IQS,f1d7caef30594c4380cbb578,102027,True,0,2024-03-06 10:00:00.000 UTC,2024-03-06 10:00:00.000 UTC,,0,2024-03-06 10:00:00.000 UTC,926.0
IQS,354c0cc51be34dc091e66748,102028,True,548,2024-08-12 10:00:00.000 UTC,2024-08-12 10:00:00.000 UTC,,1,2024-08-12 10:00:00.000 UTC,767.0
IQS,d4c16e8205b34a7faf785b21,102029,True,7249,2023-11-29 10:00:00.000 UTC,2023-11-29 10:00:00.000 UTC,,1,2023-11-29 10:00:00.000 UTC,1024.0
IQS,54c82636050645b2b7ed753d,102030,True,1894,,,,3,,
IQS,a9367ce99fbf4f88a7792e70,102031,True,1426,,,,2,,
IQS,2b6f051eda4e460eb44f3414,102032,True,783,2023-02-05 10:00:00.000 UTC,2023-02-05 10:00:00.000 UTC,,2,2023-02-05 10:00:00.000 UTC,1321.0
IQS,7dc4341334804047a356ea3b,102033,True,2823,,,,1,,
IQS,8fbb78c1938d4962ae6204db,102034,True,0,,,,0,,
IQS,c6517ccf26ee41cf82cdd9b3,102035,True,6554,2025-10-01 10:00:00.000 UTC,2025-10-01 10:00:00.000 UTC,,2,2025-10-01 10:00:00.000 UTC,352.0
IQS,32dc7dbd78c24de2bd6ca082,102036,True,1634,2024-02-14 10:00:00.000 UTC,2024-02-14 10:00:00.000 UTC,,2,2024-02-14 10:00:00.000 UTC,947.0
IQS,333c812f5e8542b2987dbea6,102037,True,2831,,,,3,,
IQS,344a0424cbb54fc281c43da7,102038,True,3442,,,,5,,
IQS,42019e75c8f94cd793aa9eda,102039,True,0,,,,0,,
IQS,a10ef1c31ed74c15a034c18e,102040,True,0,2025-05-13 10:00:00.000 UTC,2025-05-13 10:00:00.000 UTC,2025-05-13 10:00:00.000 UTC,0,2025-05-13 10:00:00.000 UTC,493.0
IQS,1418af877803414a9167a8fc,102041,True,16277,2021-09-15 10:00:00.000 UTC,2021-09-15 10:00:00.000 UTC,2021-09-15 10:00:00.000 UTC,2,2021-09-15 10:00:00.000 UTC,1829.0
IQS,d4d05d65e3e0443ea23c34bb,102042,True,101,,,,2,,
IQS,47d69b1375c44ac99f632bfd,102043,True,3155,2023-11-04 10:00:00.000 UTC,2023-11-04 10:00:00.000 UTC,2023-11-04 10:00:00.000 UTC,1,2023-11-04 10:00:00.000 UTC,1049.0
IQS,ab769e6bd7db42e193932b88,102044,True,0,,,,0,,
IQS,444ea7e14d584d83b999a8cb,102045,True,0,2020-03-28 10:00:00.000 UTC,2020-03-28 10:00:00.000 UTC,,0,2020-03-28 10:00:00.000 UTC,2365.0
IQS,cc70082aee0b4edd97547f8d,102046,True,7787,,,,2,,
IQS,da79c049cb084ec78aa1cc1c,102047,True,3494,,,2024-09-12 10:00:00.000 UTC,2,2024-09-12 10:00:00.000 UTC,736.0
IQS,551d1e999be54207a549c8ef,102048,True,313,2024-12-10 10:00:00.000 UTC,2024-12-10 10:00:00.000 UTC,2024-12-10 10:00:00.000 UTC,1,2024-12-10 10:00:00.000 UTC,647.0
IQS,45241c8d84964a5bb7f00044,102049,True,3879,,,,1,,
IQS,921fe3e6d43a4b70affff860,102050,True,989,,,,1,,
IQS,37028cc3eb1048daa519bb2b,102051,True,1520,2026-08-02 10:00:00.000 UTC,2026-08-02 10:00:00.000 UTC,2026-08-02 10:00:00.000 UTC,2,2026-08-02 10:00:00.000 UTC,47.0
IQS,bac5ac7f3d5047368bbaa8ee,102052,True,954,2024-03-02 10:00:00.000 UTC,2024-03-02 10:00:00.000 UTC,,2,2024-03-02 10:00:00.000 UTC,930.0
IQS,beed3aea8d5842d0bc247398,102053,True,10763,,,,1,,
IQS,7ded9964b78f4cf2a3d24e12,102054,True,636,2023-11-18 10:00:00.000 UTC,2023-11-18 10:00:00.000 UTC,2023-11-18 10:00:00.000 UTC,2,2023-11-18 10:00:00.000 UTC,1035.0
IQS,5521e3fcc44049b9a44ca20b,102055,True,0,,,,0,,
IQS,0ce1e8a6f61b4d77bf85f077,102056,True,0,,,,0,,
IQS,0fee7da4875a4d0eb2b3a1fe,102057,True,357,,,2024-01-17 10:00:00.000 UTC,3,2024-01-17 10:00:00.000 UTC,975.0
IQS,33c720146b434334ac0c1448,102058,True,0,,,2022-02-18 10:00:00.000 UTC,0,2022-02-18 10:00:00.000 UTC,1673.0
IQS,6f6fb9d7f85e4b3db2227de9,102059,True,0,,,,0,,
IQS,7f867a90cb2d45c79b47c989,102060,True,153,2024-10-30 10:00:00.000 UTC,2024-10-30 10:00:00.000 UTC,2024-10-30 10:00:00.000 UTC,2,2024-10-30 10:00:00.000 UTC,688.0
IQS,c19e4b825e0644269a391920,102061,True,875,,,2020-04-14 10:00:00.000 UTC,2,2020-04-14 10:00:00.000 UTC,2348.0
IQS,903eecb0f0484d8baef593e9,102062,True,9492,2026-08-11 10:00:00.000 UTC,2026-08-11 10:00:00.000 UTC,2026-08-11 10:00:00.000 UTC,3,2026-08-11 10:00:00.000 UTC,38.0
IQS,7ee2d43a6c964eb3af6b8a50,102063,True,2429,,,,6,,
IQS,033f7e59daaa4c31b0b0fdb7,102064,True,169,2023-11-04 10:00:00.000 UTC,2023-11-04 10:00:00.000 UTC,,2,2023-11-04 10:00:00.000 UTC,1049.0
IQS,d46dc52934dd496fa7b9bb75,102065,True,0,,,,0,,
IQS,564d4ed8f0ec48b29736fa96,102066,True,3844,2024-09-30 10:00:00.000 UTC,2024-09-30 10:00:00.000 UTC,,2,2024-09-30 10:00:00.000 UTC,718.0
IQS,3e2d6178e0f145cfafc3f208,102067,True,1751,,,2023-03-10 10:00:00.000 UTC,1,2023-03-10 10:00:00.000 UTC,1288.0
IQS,eb6ae091684b47dab1db2303,102068,True,4714,,,2026-06-12 10:00:00.000 UTC,2,2026-06-12 10:00:00.000 UTC,98.0
IQS,bda0a84393d44955a7813ca4,102069,True,8663,,,,3,,
IQS,9cc3e18ecd0f4845be450e53,102070,True,978,,,,2,,
IQS,c6b49d9f41514f40a5fe1541,102071,True,839,2026-05-22 10:00:00.000 UTC,2026-05-22 10:00:00.000 UTC,,1,2026-05-22 10:00:00.000 UTC,119.0
IQS,06d61f7b3e4149ada6ac690a,102072,True,861,2024-08-13 10:00:00.000 UTC,2024-08-13 10:00:00.000 UTC,2024-08-13 10:00:00.000 UTC,1,2024-08-13 10:00:00.000 UTC,766.0
IQS,f020f7a9b1094932825bc4a9,102073,True,0,2023-06-28 10:00:00.000 UTC,2023-06-28 10:00:00.000 UTC,2023-06-28 10:00:00.000 UTC,0,2023-06-28 10:00:00.000 UTC,1178.0
IQS,e8cc948c817d464e916919f5,102074,True,0,,,2026-06-12 10:00:00.000 UTC,0,2026-06-12 10:00:00.000 UTC,98.0
IQS,4642fb24e3a04d08ac884f3b,102075,True,752,2024-01-25 10:00:00.000 UTC,2024-01-25 10:00:00.000 UTC,2024-01-25 10:00:00.000 UTC,1,2024-01-25 10:00:00.000 UTC,967.0
IQS,1eb27669b9a644c183ba7582,102076,True,376,,,,1,,
IQS,bf3e482cad0f4f6e9af656f8,102077,True,10021,,,,2,,
IQS,6c025cad326249fa9a6bcbcd,102078,True,729,,,,2,,
IQS,50d1be9ac13048f4bb49b586,102079,True,1341,2026-06-04 10:00:00.000 UTC,2026-06-04 10:00:00.000 UTC,,2,2026-06-04 10:00:00.000 UTC,106.0
IQS,abc596b27ee7455b91e2e1f7,102080,True,0,2022-01-31 10:00:00.000 UTC,2022-01-31 10:00:00.000 UTC,,0,2022-01-31 10:00:00.000 UTC,1691.0
IQS,fa681858614541f989e58a84,102081,True,721,,,,2,,
IQS,81efacc5a17b4e6587f7cad6,102082,True,320,,,,1,,
IQS,813257ca78f748efba882670,102083,True,2846,2017-06-23 10:00:00.000 UTC,2017-06-23 10:00:00.000 UTC,,2,2017-06-23 10:00:00.000 UTC,3374.0
IQS,fad95b5f77ab45349616f841,102084,True,329,,,,2,,
IQS,e8fe16b657ca4d219fd87c1b,102085,True,168,,,2023-01-08 10:00:00.000 UTC,2,2023-01-08 10:00:00.000 UTC,1349.0
IQS,35e1d8c955974957bb00a1c6,102086,True,3127,2024-09-03 10:00:00.000 UTC,2024-09-03 10:00:00.000 UTC,2024-09-03 10:00:00.000 UTC,1,2024-09-03 10:00:00.000 UTC,745.0
IQS,29c337751f294f6e877ffa05,102087,True,1793,,,2025-10-07 10:00:00.000 UTC,2,2025-10-07 10:00:00.000 UTC,346.0
IQS,d029e506694c4ba98bcc28a0,102088,True,43,2021-10-21 10:00:00.000 UTC,2021-10-21 10:00:00.000 UTC,,2,2021-10-21 10:00:00.000 UTC,1793.0
IQS,cab975a4b11b47cf9d33c10c,102089,True,1540,2023-02-04 10:00:00.000 UTC,2023-02-04 10:00:00.000 UTC,,2,2023-02-04 10:00:00.000 UTC,1322.0
IQS,8b95031199574586bf0547af,102090,True,2728,2026-07-11 10:00:00.000 UTC,2026-07-11 10:00:00.000 UTC,2026-07-11 10:00:00.000 UTC,2,2026-07-11 10:00:00.000 UTC,69.0
IQS,77da182cb78c4133b6730e47,102091,True,0,,,,0,,
IQS,1c3231e129d64e20b3272d98,102092,True,868,2023-04-08 10:00:00.000 UTC,2023-04-08 10:00:00.000 UTC,2023-04-08 10:00:00.000 UTC,1,2023-04-08 10:00:00.000 UTC,1259.0
IQS,b56dfadd71af4672921d6171,102093,True,0,2023-09-19 10:00:00.000 UTC,2023-09-19 10:00:00.000 UTC,2023-09-19 10:00:00.000 UTC,0,2023-09-19 10:00:00.000 UTC,1095.0
IQS,ced72931aff5487689fae0ed,102094,True,377,2026-08-24 10:00:00.000 UTC,2026-08-24 10:00:00.000 UTC,,2,2026-08-24 10:00:00.000 UTC,25.0
IQS,14a16da4514b40198c2066a5,102095,True,0,2025-12-28 10:00:00.000 UTC,2025-12-28 10:00:00.000 UTC,2025-12-28 10:00:00.000 UTC,0,2025-12-28 10:00:00.000 UTC,264.0
IQS,2a2278ab399f4e3db8d48617,102096,True,151,,,,2,,
IQS,de61e342918841d38c86a197,102097,True,573,2021-03-20 10:00:00.000 UTC,2021-03-20 10:00:00.000 UTC,2021-03-20 10:00:00.000 UTC,3,2021-03-20 10:00:00.000 UTC,2008.0
IQS,1aa8441447cd4573a8e9a651,102098,True,1156,,,,1,,
IQS,c9bec6f5b18340ef8efd116f,102099,True,630,2026-06-09 10:00:00.000 UTC,2026-06-09 10:00:00.000 UTC,,3,2026-06-09 10:00:00.000 UTC,101.0
IQS,5eda9b9dc00f4946af70eba8,102100,True,2606,,,2023-05-20 10:00:00.000 UTC,2,2023-05-20 10:00:00.000 UTC,1217.0
IQS,61ff6245c31640fea5ca35a6,102101,True,632,,,,1,,
IQS,955812bed9b54dbbaff0a2e6,102102,True,0,2024-01-11 10:00:00.000 UTC,2024-01-11 10:00:00.000 UTC,,0,2024-01-11 10:00:00.000 UTC,981.0
IQS,81d7d71b714c48b7b916e9a5,102103,True,0,2019-04-15 10:00:00.000 UTC,2019-04-15 10:00:00.000 UTC,,0,2019-04-15 10:00:00.000 UTC,2713.0
IQS,44f5e506c4524e1f91e1a922,102104,True,284,,,,1,,
IQS,5d948567be5e40c1a12b9109,102105,True,0,2026-06-24 10:00:00.000 UTC,2026-06-24 10:00:00.000 UTC,2026-06-24 10:00:00.000 UTC,0,2026-06-24 10:00:00.000 UTC,86.0
IQS,451494718fe2473683bbb73e,102106,True,0,2022-09-12 10:00:00.000 UTC,2022-09-12 10:00:00.000 UTC,2022-09-12 10:00:00.000 UTC,0,2022-09-12 10:00:00.000 UTC,1467.0
IQS,900ebe95f53c490583d26552,102107,True,423,2021-10-07 10:00:00.000 UTC,2021-10-07 10:00:00.000 UTC,,2,2021-10-07 10:00:00.000 UTC,1807.0
IQS,3ea5f41c03c142d8b8afe654,102108,True,0,,,,0,,
IQS,2aa83acdfc8940e3b1b1dfe0,102109,True,0,,,,0,,
IQS,2ab9583f2e8641978f44ca5e,102110,True,4503,2025-03-03 10:00:00.000 UTC,2025-03-03 10:00:00.000 UTC,,1,2025-03-03 10:00:00.000 UTC,564.0
IQS,1fe0656f4b6241df8d6ed56b,102111,True,4888,2022-05-26 10:00:00.000 UTC,2022-05-26 10:00:00.000 UTC,2022-05-26 10:00:00.000 UTC,4,2022-05-26 10:00:00.000 UTC,1576.0
IQS,95a7c62e4b3245fc92ea110f,102112,True,96,2020-08-08 10:00:00.000 UTC,2020-08-08 10:00:00.000 UTC,2020-08-08 10:00:00.000 UTC,3,2020-08-08 10:00:00.000 UTC,2232.0
IQS,1f02f9268eef4089aeea214b,102113,True,313,,,2026-07-16 10:00:00.000 UTC,1,2026-07-16 10:00:00.000 UTC,64.0
IQS,138f147f45734b30a730fc27,102114,True,0,,,2024-08-24 10:00:00.000 UTC,0,2024-08-24 10:00:00.000 UTC,755.0
IQS,405389d3f7ea429eb76c95fa,102115,True,6796,2022-03-05 10:00:00.000 UTC,2022-03-05 10:00:00.000 UTC,2022-03-05 10:00:00.000 UTC,2,2022-03-05 10:00:00.000 UTC,1658.0
IQS,879c10a54e18442494364f1d,102116,True,139,2023-01-16 10:00:00.000 UTC,2023-01-16 10:00:00.000 UTC,,2,2023-01-16 10:00:00.000 UTC,1341.0
IQS,26fee426430142a2965a535e,102117,True,0,,,,0,,
IQS,da05ff1520cb4b03998101ba,102118,True,0,,,2024-03-14 10:00:00.000 UTC,0,2024-03-14 10:00:00.000 UTC,918.0
IQS,1c8736c65d51418c9cb2f9e2,102119,True,858,2021-02-09 10:00:00.000 UTC,2021-02-09 10:00:00.000 UTC,2021-02-09 10:00:00.000 UTC,2,2021-02-09 10:00:00.000 UTC,2047.0
IQS,6721e739196748ab95536f4b,102120,True,394,2020-12-03 10:00:00.000 UTC,2020-12-03 10:00:00.000 UTC,,1,2020-12-03 10:00:00.000 UTC,2115.0
IQS,bbb551fa46e449228849e401,102121,True,0,2026-06-20 10:00:00.000 UTC,2026-06-20 10:00:00.000 UTC,2026-06-20 10:00:00.000 UTC,0,2026-06-20 10:00:00.000 UTC,90.0
IQS,3414010cbc8b44f1ac918ec3,102122,True,794,,,2023-04-19 10:00:00.000 UTC,2,2023-04-19 10:00:00.000 UTC,1248.0
IQS,b8ee972052684940a94c0796,102123,True,0,2023-08-20 10:00:00.000 UTC,2023-08-20 10:00:00.000 UTC,2023-08-20 10:00:00.000 UTC,0,2023-08-20 10:00:00.000 UTC,1125.0
IQS,41de0e39c16941aab647d65f,102124,True,942,,,,2,,
IQS,621ee7178b3845ddbeafe2d4,102125,True,1820,,,,3,,
IQS,042a1b63a41f47c4bffc5514,102126,True,1451,,,,2,,
IQS,89e0a88652864372b6aa4ef8,102127,True,4940,2021-12-11 10:00:00.000 UTC,2021-12-11 10:00:00.000 UTC,2021-12-11 10:00:00.000 UTC,5,2021-12-11 10:00:00.000 UTC,1742.0
IQS,a5f8c8e90c4c47d88b2f3455,102128,True,109,2022-02-11 10:00:00.000 UTC,2022-02-11 10:00:00.000 UTC,,1,2022-02-11 10:00:00.000 UTC,1680.0
IQS,ee84f141cc2e4941bb4cb7d0,102129,True,0,2022-11-05 10:00:00.000 UTC,2022-11-05 10:00:00.000 UTC,2022-11-05 10:00:00.000 UTC,0,2022-11-05 10:00:00.000 UTC,1413.0
IQS,982d94121cb443aea9e86ce4,102130,True,1278,2024-09-28 10:00:00.000 UTC,2024-09-28 10:00:00.000 UTC,2024-09-28 10:00:00.000 UTC,2,2024-09-28 10:00:00.000 UTC,720.0
IQS,1bb33c6e911d449a95a698e0,102131,True,818,2022-06-16 10:00:00.000 UTC,2022-06-16 10:00:00.000 UTC,,2,2022-06-16 10:00:00.000 UTC,1555.0
IQS,ca9918be15574256823ce9cd,102132,True,0,2023-01-11 10:00:00.000 UTC,2023-01-11 10:00:00.000 UTC,2023-01-11 10:00:00.000 UTC,0,2023-01-11 10:00:00.000 UTC,1346.0
IQS,ad2683dcaae04ca6ad49eb17,102133,True,7925,2025-09-22 10:00:00.000 UTC,2025-09-22 10:00:00.000 UTC,2025-09-22 10:00:00.000 UTC,2,2025-09-22 10:00:00.000 UTC,361.0
IQS,0a751221682a4e6fb2158f75,102134,True,351,2025-06-23 10:00:00.000 UTC,2025-06-23 10:00:00.000 UTC,2025-06-23 10:00:00.000 UTC,1,2025-06-23 10:00:00.000 UTC,452.0
IQS,f3bb3c534ee74577bcfdb66c,102135,True,0,,,2026-04-02 10:00:00.000 UTC,0,2026-04-02 10:00:00.000 UTC,169.0
IQS,656c386bd79c485bbced33cc,102136,True,233,,,2018-11-26 10:00:00.000 UTC,1,2018-11-26 10:00:00.000 UTC,2853.0
IQS,d95b3ba60fc84f81a1dcf644,102137,True,0,,,2024-12-27 10:00:00.000 UTC,0,2024-12-27 10:00:00.000 UTC,630.0
IQS,a917ef06293c471cade2d9ce,102138,True,0,2021-11-07 10:00:00.000 UTC,2021-11-07 10:00:00.000 UTC,,0,2021-11-07 10:00:00.000 UTC,1776.0
IQS,f4239e757b3f4e0999e0ac81,102139,True,2118,,,2024-10-19 10:00:00.000 UTC,3,2024-10-19 10:00:00.000 UTC,699.0
IQS,ae29a93f6f1a45f7801cd92b,102140,True,210,2022-03-31 10:00:00.000 UTC,2022-03-31 10:00:00.000 UTC,,5,2022-03-31 10:00:00.000 UTC,1632.0
IQS,e9ac8a258a184499b5a8496f,102141,True,5439,2026-08-31 10:00:00.000 UTC,2026-08-31 10:00:00.000 UTC,,1,2026-08-31 10:00:00.000 UTC,18.0
IQS,0bb18f2d374d4dd88a72758e,102142,True,0,,,2024-10-25 10:00:00.000 UTC,0,2024-10-25 10:00:00.000 UTC,693.0
IQS,3a67e7ee0b294026ac053c91,102143,True,40388,,,,3,,
IQS,e05cd42f159841a3aaf87b34,102144,True,0,2023-08-29 10:00:00.000 UTC,2023-08-29 10:00:00.000 UTC,2023-08-29 10:00:00.000 UTC,0,2023-08-29 10:00:00.000 UTC,1116.0
IQS,7637713e7f554073b5dea517,102145,True,0,2023-02-08 10:00:00.000 UTC,2023-02-08 10:00:00.000 UTC,,0,2023-02-08 10:00:00.000 UTC,1318.0
IQS,4935f16a5c284a2b8502b9d7,102146,True,2768,,,,2,,
IQS,bf8ca092a3c04471ae57c630,102147,True,215,,,,2,,
IQS,2f4195c801cf40cc9aa6efc4,102148,True,433,2025-02-20 10:00:00.000 UTC,2025-02-20 10:00:00.000 UTC,,3,2025-02-20 10:00:00.000 UTC,575.0
IQS,0fd519f09bb04558907877ff,102149,True,1453,2024-09-09 10:00:00.000 UTC,2024-09-09 10:00:00.000 UTC,,1,2024-09-09 10:00:00.000 UTC,739.0
IQS,a116ffbcf22a4b61a0826f17,102150,True,0,2025-01-04 10:00:00.000 UTC,2025-01-04 10:00:00.000 UTC,,0,2025-01-04 10:00:00.000 UTC,622.0
IQS,c452285df82046f48d5e30da,102151,True,139,,,2023-06-22 10:00:00.000 UTC,5,2023-06-22 10:00:00.000 UTC,1184.0
IQS,74b0d8a0149746c0ab8caa52,102152,True,0,2017-11-19 10:00:00.000 UTC,2017-11-19 10:00:00.000 UTC,2017-11-19 10:00:00.000 UTC,0,2017-11-19 10:00:00.000 UTC,3225.0
IQS,e93e9bdfc04b4774923a9928,102153,True,752,2023-02-09 10:00:00.000 UTC,2023-02-09 10:00:00.000 UTC,,2,2023-02-09 10:00:00.000 UTC,1317.0
IQS,a4e60dc791844a13a390a398,102154,True,1085,,,,1,,
IQS,765b6154a8d44bdd909c09d3,102155,True,0,,,2020-08-05 10:00:00.000 UTC,0,2020-08-05 10:00:00.000 UTC,2235.0
IQS,d8083d653fa4453493739660,102156,True,0,,,2025-01-07 10:00:00.000 UTC,0,2025-01-07 10:00:00.000 UTC,619.0
IQS,057e65f3f7354c699d9ac5d0,102157,True,2854,,,,1,,
IQS,0a5fdf1517684a4289a2182e,102158,True,1204,2024-01-28 10:00:00.000 UTC,2024-01-28 10:00:00.000 UTC,,2,2024-01-28 10:00:00.000 UTC,964.0
IQS,1699e7800b3f4ad0a669027a,102159,True,0,2025-09-12 10:00:00.000 UTC,2025-09-12 10:00:00.000 UTC,,0,2025-09-12 10:00:00.000 UTC,371.0
IQS,34adf1e57c624556a5ec62f4,102160,True,1169,2025-03-23 10:00:00.000 UTC,2025-03-23 10:00:00.000 UTC,2025-03-23 10:00:00.000 UTC,1,2025-03-23 10:00:00.000 UTC,544.0
IQS,bc7bbca392f1476398a96a15,102161,True,202,2022-08-14 10:00:00.000 UTC,2022-08-14 10:00:00.000 UTC,,3,2022-08-14 10:00:00.000 UTC,1496.0
IQS,3de87cb3c8a343299dd49d62,102162,True,7394,,,2026-06-06 10:00:00.000 UTC,1,2026-06-06 10:00:00.000 UTC,104.0
IQS,1886a568fb3d4578a9d6674f,102163,True,1055,2024-09-13 10:00:00.000 UTC,2024-09-13 10:00:00.000 UTC,2024-09-13 10:00:00.000 UTC,1,2024-09-13 10:00:00.000 UTC,735.0
IQS,ae7a46c087ab4e9698d60e10,102164,True,4775,,,,1,,
IQS,b65c4788e2d5410d8d9b8b9c,102165,True,619,,,,2,,
IQS,6ddb24281ee04e2bba3b8461,102166,True,0,,,,0,,
IQS,1e12788b39794d818d0b0db2,102167,True,1508,,,,2,,
IQS,0b1d02c0a1c94989993b966a,102168,True,2668,,,,2,,
IQS,42d2f2a9e27f4c03833b0019,102169,True,1534,2025-01-14 10:00:00.000 UTC,2025-01-14 10:00:00.000 UTC,,1,2025-01-14 10:00:00.000 UTC,612.0
IQS,069c657ae7b64b08b956dae5,102170,True,1728,2025-01-18 10:00:00.000 UTC,2025-01-18 10:00:00.000 UTC,,2,2025-01-18 10:00:00.000 UTC,608.0
IQS,8954cb3aafc9450a865340b7,102171,True,207,2024-03-18 10:00:00.000 UTC,2024-03-18 10:00:00.000 UTC,2024-03-18 10:00:00.000 UTC,2,2024-03-18 10:00:00.000 UTC,914.0
IQS,d6fe9d303f8f49d5a614cf4e,102172,True,3477,2026-07-30 10:00:00.000 UTC,2026-07-30 10:00:00.000 UTC,,2,2026-07-30 10:00:00.000 UTC,50.0
IQS,b2c6f1f3f99e4d48bbb3cf75,102173,True,6006,2020-05-03 10:00:00.000 UTC,2020-05-03 10:00:00.000 UTC,2020-05-03 10:00:00.000 UTC,3,2020-05-03 10:00:00.000 UTC,2329.0
IQS,7a05090058014e86b1c96073,102174,True,1434,,,,1,,
IQS,775bed92bf6e4e849fc78e73,102175,True,0,2025-08-25 10:00:00.000 UTC,2025-08-25 10:00:00.000 UTC,2025-08-25 10:00:00.000 UTC,0,2025-08-25 10:00:00.000 UTC,389.0
IQS,fea9e9f190a54701a7e6ec07,102176,True,3748,2023-04-14 10:00:00.000 UTC,2023-04-14 10:00:00.000 UTC,2023-04-14 10:00:00.000 UTC,2,2023-04-14 10:00:00.000 UTC,1253.0
IQS,d6163f2af42c4047bafb7bd8,102177,True,4856,,,2026-03-19 10:00:00.000 UTC,2,2026-03-19 10:00:00.000 UTC,183.0
IQS,b5c512090e164c0eb6714fc9,102178,True,0,2025-08-15 10:00:00.000 UTC,2025-08-15 10:00:00.000 UTC,2025-08-15 10:00:00.000 UTC,0,2025-08-15 10:00:00.000 UTC,399.0
IQS,82a1857bf08e4f5c9392cff4,102179,True,0,,,2025-07-11 10:00:00.000 UTC,0,2025-07-11 10:00:00.000 UTC,434.0
IQS,5fc1a4b06fa2464895a95160,102180,True,0,2023-01-01 10:00:00.000 UTC,2023-01-01 10:00:00.000 UTC,2023-01-01 10:00:00.000 UTC,0,2023-01-01 10:00:00.000 UTC,1356.0
IQS,245a5275f4ae4cff9231eb80,102181,True,0,,,2023-06-16 10:00:00.000 UTC,0,2023-06-16 10:00:00.000 UTC,1190.0
IQS,cd3d2133794f4aafa94d6610,102182,True,544,,,,2,,
IQS,e96dbacb568f480bb863f60a,102183,True,1939,,,2022-11-10 10:00:00.000 UTC,4,2022-11-10 10:00:00.000 UTC,1408.0
IQS,df3b15a50751494ba557309a,102184,True,1251,2023-08-16 10:00:00.000 UTC,2023-08-16 10:00:00.000 UTC,,2,2023-08-16 10:00:00.000 UTC,1129.0
IQS,1880802564ae46f4b3776f74,102185,True,0,2024-04-05 10:00:00.000 UTC,2024-04-05 10:00:00.000 UTC,2024-04-05 10:00:00.000 UTC,0,2024-04-05 10:00:00.000 UTC,896.0
IQS,e3ca14ee565045c1932b015e,102186,True,393,2021-04-23 10:00:00.000 UTC,2021-04-23 10:00:00.000 UTC,,1,2021-04-23 10:00:00.000 UTC,1974.0
IQS,4389f969eb584fd491dcd13c,102187,True,0,2026-07-07 10:00:00.000 UTC,2026-07-07 10:00:00.000 UTC,,0,2026-07-07 10:00:00.000 UTC,73.0
IQS,2118d827d43243519d186575,102188,True,1247,2021-05-19 10:00:00.000 UTC,2021-05-19 10:00:00.000 UTC,2021-05-19 10:00:00.000 UTC,2,2021-05-19 10:00:00.000 UTC,1948.0
IQS,b060109960f7477ba638d9a4,102189,True,1541,2026-05-22 10:00:00.000 UTC,2026-05-22 10:00:00.000 UTC,,1,2026-05-22 10:00:00.000 UTC,119.0
IQS,36e3ba60b6874ad684b371bd,102190,True,4265,,,,1,,
IQS,1c517ec9f1614020898ea1e4,102191,True,7190,2025-06-13 10:00:00.000 UTC,2025-06-13 10:00:00.000 UTC,,2,2025-06-13 10:00:00.000 UTC,462.0
IQS,94ed75b2c72d4ac2900c1e78,102192,True,0,,,,0,,
IQS,176f3a66acd446b0927e12ee,102193,True,173,2026-06-21 10:00:00.000 UTC,2026-06-21 10:00:00.000 UTC,,4,2026-06-21 10:00:00.000 UTC,89.0
IQS,f46cc023583446c4955f6185,102194,True,0,2022-01-03 10:00:00.000 UTC,2022-01-03 10:00:00.000 UTC,2022-01-03 10:00:00.000 UTC,0,2022-01-03 10:00:00.000 UTC,1719.0
IQS,b727c30b9536415ba2ddbc15,102195,True,183,,,2018-05-12 10:00:00.000 UTC,1,2018-05-12 10:00:00.000 UTC,3051.0
IQS,d0312583874c47b7bef3c166,102196,True,15021,,,,2,,
IQS,9522e52bbc5f43138a0f5a73,102197,True,1652,,,,1,,
IQS,42efb47d5d35402c857a5ce1,102198,True,133,,,,1,,
IQS,3f820871d2a548c58b660317,102199,True,0,2026-08-09 10:00:00.000 UTC,2026-08-09 10:00:00.000 UTC,2026-08-09 10:00:00.000 UTC,0,2026-08-09 10:00:00.000 UTC,40.0
IQS,01b68df8533d406b95c75b99,102200,True,2867,2025-03-29 10:00:00.000 UTC,2025-03-29 10:00:00.000 UTC,2025-03-29 10:00:00.000 UTC,1,2025-03-29 10:00:00.000 UTC,538.0
IQS,6cfcd7e2417e471293d0fc40,102201,True,1605,2022-09-12 10:00:00.000 UTC,2022-09-12 10:00:00.000 UTC,,1,2022-09-12 10:00:00.000 UTC,1467.0
IQS,84f7ebc2842e4144808d6f3f,102202,True,845,2021-07-25 10:00:00.000 UTC,2021-07-25 10:00:00.000 UTC,2021-07-25 10:00:00.000 UTC,3,2021-07-25 10:00:00.000 UTC,1881.0
IQS,2a6c5a4d9c77463abca27136,102203,True,0,,,,0,,
IQS,c111072a07724d799847ab23,102204,True,0,,,,0,,
IQS,d2d5f785123c4aed9ec5a698,102205,True,2693,2025-12-27 10:00:00.000 UTC,2025-12-27 10:00:00.000 UTC,,2,2025-12-27 10:00:00.000 UTC,265.0
IQS,3b69ab2e37b24d27ae31074f,102206,True,0,,,2024-09-03 10:00:00.000 UTC,0,2024-09-03 10:00:00.000 UTC,745.0
IQS,9c145734519e46aa80e95447,102207,True,6011,2024-08-20 10:00:00.000 UTC,2024-08-20 10:00:00.000 UTC,2024-08-20 10:00:00.000 UTC,2,2024-08-20 10:00:00.000 UTC,759.0
IQS,22bc0045b82946b7ba32ccaf,102208,True,4137,2024-02-12 10:00:00.000 UTC,2024-02-12 10:00:00.000 UTC,,2,2024-02-12 10:00:00.000 UTC,949.0
IQS,3e168ceb044b4903ac3a37dc,102209,True,2406,2023-01-04 10:00:00.000 UTC,2023-01-04 10:00:00.000 UTC,,2,2023-01-04 10:00:00.000 UTC,1353.0
IQS,1d3a439230ed44eea147c4d5,102210,True,488,,,,1,,
IQS,b87792950ee44b32a58dad55,102211,True,3161,2021-07-22 10:00:00.000 UTC,2021-07-22 10:00:00.000 UTC,2021-07-22 10:00:00.000 UTC,1,2021-07-22 10:00:00.000 UTC,1884.0
IQS,a11bd2cdc16f47459b840018,102212,True,937,2026-08-14 10:00:00.000 UTC,2026-08-14 10:00:00.000 UTC,2026-08-14 10:00:00.000 UTC,1,2026-08-14 10:00:00.000 UTC,35.0
IQS,4d4295f8df1d46af9295dc56,102213,True,446,2022-03-18 10:00:00.000 UTC,2022-03-18 10:00:00.000 UTC,2022-03-18 10:00:00.000 UTC,2,2022-03-18 10:00:00.000 UTC,1645.0
IQS,6eaa326a6c7444caa4ad13cb,102214,True,0,,,2021-05-10 10:00:00.000 UTC,0,2021-05-10 10:00:00.000 UTC,1957.0
IQS,79681d8627de4b658a4d9e97,102215,True,0,2024-06-26 10:00:00.000 UTC,2024-06-26 10:00:00.000 UTC,2024-06-26 10:00:00.000 UTC,0,2024-06-26 10:00:00.000 UTC,814.0
IQS,11b8caab0368491e8b47952a,102216,True,928,,,,2,,
IQS,3817c37234a54e5095e1da5d,102217,True,290,2022-01-02 10:00:00.000 UTC,2022-01-02 10:00:00.000 UTC,2022-01-02 10:00:00.000 UTC,2,2022-01-02 10:00:00.000 UTC,1720.0
IQS,dafd6cb6c95b4123b99a4b47,102218,True,0,2026-06-20 10:00:00.000 UTC,2026-06-20 10:00:00.000 UTC,2026-06-20 10:00:00.000 UTC,0,2026-06-20 10:00:00.000 UTC,90.0
IQS,046acd9040034652827d74f5,102219,True,522,2026-01-10 10:00:00.000 UTC,2026-01-10 10:00:00.000 UTC,2026-01-10 10:00:00.000 UTC,2,2026-01-10 10:00:00.000 UTC,251.0
IQS,a022b42fafe04195b4920d4b,102220,True,578,2023-04-02 10:00:00.000 UTC,2023-04-02 10:00:00.000 UTC,,1,2023-04-02 10:00:00.000 UTC,1265.0
IQS,e3d81fcd4fb046569b62bc62,102221,True,2173,2025-09-10 10:00:00.000 UTC,2025-09-10 10:00:00.000 UTC,2025-09-10 10:00:00.000 UTC,1,2025-09-10 10:00:00.000 UTC,373.0
IQS,423136fc6b184658b3041258,102222,True,0,2023-02-27 10:00:00.000 UTC,2023-02-27 10:00:00.000 UTC,,0,2023-02-27 10:00:00.000 UTC,1299.0
IQS,e8eb2781b31e4e6ebb722ee0,102223,True,1795,2024-09-27 10:00:00.000 UTC,2024-09-27 10:00:00.000 UTC,,1,2024-09-27 10:00:00.000 UTC,721.0
IQS,d25e7743d4404710be0ab74c,102224,True,703,,,,3,,
IQS,c8a2238d8f1d4475aab83506,102225,True,3793,,,,1,,
IQS,ef8399adcb0a4a92aec7a4aa,102226,True,4048,,,,4,,
IQS,27cee18ca6554c449322e9c8,102227,True,783,,,,2,,
IQS,494e57b384674090b863d069,102228,True,1243,,,,1,,
IQS,c19679ab1aaf4a60bb461339,102229,True,1631,,,,3,,
IQS,129141d52c2a49b797b554a2,102230,True,527,,,,2,,
IQS,b8d05329c2e749769e4b9739,102231,True,622,2026-07-14 10:00:00.000 UTC,2026-07-14 10:00:00.000 UTC,2026-07-14 10:00:00.000 UTC,1,2026-07-14 10:00:00.000 UTC,66.0
IQS,f25cd5d4131340abb036c46e,102232,True,1363,,,,2,,
IQS,429ac8b230e8405fa8692526,102233,True,402,,,,1,,
IQS,5fb5b94144814ea5ab5b97b4,102234,True,542,,,2024-08-05 10:00:00.000 UTC,1,2024-08-05 10:00:00.000 UTC,774.0
IQS,89b2fee696bb43b18b1113d8,102235,True,841,2024-02-20 10:00:00.000 UTC,2024-02-20 10:00:00.000 UTC,,2,2024-02-20 10:00:00.000 UTC,941.0
IQS,e1641f0b9c664e89a0823494,102236,True,0,2026-08-15 10:00:00.000 UTC,2026-08-15 10:00:00.000 UTC,2026-08-15 10:00:00.000 UTC,0,2026-08-15 10:00:00.000 UTC,34.0
IQS,3d532b3a0681462794013faa,102237,True,0,2021-04-30 10:00:00.000 UTC,2021-04-30 10:00:00.000 UTC,,0,2021-04-30 10:00:00.000 UTC,1967.0
IQS,8f1917b9203e4b2d9a590f0a,102238,True,1954,2024-06-30 10:00:00.000 UTC,2024-06-30 10:00:00.000 UTC,,2,2024-06-30 10:00:00.000 UTC,810.0
IQS,e1eb9c528973477ca0bc7ba0,102239,True,22896,,,,4,,
IQS,34805dedd83642e89bf2f8a6,102240,True,0,,,2023-11-29 10:00:00.000 UTC,0,2023-11-29 10:00:00.000 UTC,1024.0
IQS,58f87753f8e844739538f05a,102241,True,0,2022-11-04 10:00:00.000 UTC,2022-11-04 10:00:00.000 UTC,2022-11-04 10:00:00.000 UTC,0,2022-11-04 10:00:00.000 UTC,1414.0
IQS,29e4e3075f7c42b8ad335750,102242,True,895,2020-06-24 10:00:00.000 UTC,2020-06-24 10:00:00.000 UTC,,2,2020-06-24 10:00:00.000 UTC,2277.0
IQS,ab27c2701a39400286157683,102243,True,1714,,,2023-05-22 10:00:00.000 UTC,2,2023-05-22 10:00:00.000 UTC,1215.0
IQS,382be073d27a4cf5b17a12e1,102244,True,2038,,,,1,,
IQS,f824a13b99aa4a0995a2ae5f,102245,True,47,,,,1,,
IQS,ade0daf9dc2948ab9e294702,102246,True,2231,2023-10-15 10:00:00.000 UTC,2023-10-15 10:00:00.000 UTC,2023-10-15 10:00:00.000 UTC,2,2023-10-15 10:00:00.000 UTC,1069.0
IQS,4c19cd1ee0c841839861050c,102247,True,1165,2023-12-26 10:00:00.000 UTC,2023-12-26 10:00:00.000 UTC,,2,2023-12-26 10:00:00.000 UTC,997.0
IQS,125c35f27ff641a199de4446,102248,True,2822,,,2026-09-09 10:00:00.000 UTC,1,2026-09-09 10:00:00.000 UTC,9.0
IQS,1f9bb43c296541dcb56bb708,102249,True,465,,,,3,,
IQS,6dddc84069994b3c9f08ee92,102250,True,5109,2024-02-04 10:00:00.000 UTC,2024-02-04 10:00:00.000 UTC,2024-02-04 10:00:00.000 UTC,3,2024-02-04 10:00:00.000 UTC,957.0
IQS,710789bf8a184e5bbe8049bc,102251,True,658,2025-04-07 10:00:00.000 UTC,2025-04-07 10:00:00.000 UTC,2025-04-07 10:00:00.000 UTC,2,2025-04-07 10:00:00.000 UTC,529.0
IQS,e7f3ebdcdeb54103a54d112e,102252,True,0,,,,0,,
IQS,1edbe5695ed34c29984b5e6d,102253,True,342,,,2024-12-27 10:00:00.000 UTC,2,2024-12-27 10:00:00.000 UTC,630.0
IQS,28d00a4062464fb2816c2cfb,102254,True,0,,,,0,,
IQS,3ad800e23cce41a1bbf3be85,102255,True,7346,2023-06-14 10:00:00.000 UTC,2023-06-14 10:00:00.000 UTC,,1,2023-06-14 10:00:00.000 UTC,1192.0
IQS,a874bf8966e64a05909e4433,102256,True,505,,,,4,,
IQS,3d750ccb2946405e839caa1b,102257,True,2409,,,,1,,
IQS,462f3265dbff4964aabc916e,102258,True,759,,,2023-06-14 10:00:00.000 UTC,1,2023-06-14 10:00:00.000 UTC,1192.0
IQS,c812a7af883e4deca9473af7,102259,True,1370,2022-09-05 10:00:00.000 UTC,2022-09-05 10:00:00.000 UTC,2022-09-05 10:00:00.000 UTC,3,2022-09-05 10:00:00.000 UTC,1474.0
IQS,55bb21a61fa549f1be9bfd19,102260,True,0,2024-03-24 10:00:00.000 UTC,2024-03-24 10:00:00.000 UTC,2024-03-24 10:00:00.000 UTC,0,2024-03-24 10:00:00.000 UTC,908.0
IQS,f495657995884d3da89aa8c7,102261,True,0,,,2026-05-23 10:00:00.000 UTC,0,2026-05-23 10:00:00.000 UTC,118.0
IQS,91187e55066c444680f4de61,102262,True,4037,,,,6,,
IQS,55b7021f39c94a0f88e752b0,102263,True,1752,,,,4,,
IQS,34ac5ce0137940baabc1cca2,102264,True,0,,,2021-11-07 10:00:00.000 UTC,0,2021-11-07 10:00:00.000 UTC,1776.0
IQS,76c2a0267b8f4b2e9d53e86e,102265,True,1843,2026-08-14 10:00:00.000 UTC,2026-08-14 10:00:00.000 UTC,,2,2026-08-14 10:00:00.000 UTC,35.0
IQS,c5f2a59393f74ec5bdc16de0,102266,True,0,2023-05-03 10:00:00.000 UTC,2023-05-03 10:00:00.000 UTC,,0,2023-05-03 10:00:00.000 UTC,1234.0
IQS,e5279342bc674fa09454271e,102267,True,0,2025-03-14 10:00:00.000 UTC,2025-03-14 10:00:00.000 UTC,2025-03-14 10:00:00.000 UTC,0,2025-03-14 10:00:00.000 UTC,553.0
IQS,e44fc5a720004e2dbb7a2426,102268,True,0,,,,0,,
IQS,b900e87e5b5e4950b5cb3a2b,102269,True,1586,2026-08-06 10:00:00.000 UTC,2026-08-06 10:00:00.000 UTC,2026-08-06 10:00:00.000 UTC,3,2026-08-06 10:00:00.000 UTC,43.0
IQS,5791cdb7d4c242ada3a09ec6,102270,True,866,2025-08-27 10:00:00.000 UTC,2025-08-27 10:00:00.000 UTC,,3,2025-08-27 10:00:00.000 UTC,387.0
IQS,9a11129f6aa046b49b644b28,102271,True,645,2024-09-10 10:00:00.000 UTC,2024-09-10 10:00:00.000 UTC,2024-09-10 10:00:00.000 UTC,2,2024-09-10 10:00:00.000 UTC,738.0
IQS,6ce6ba41d38a4c1e9f853517,102272,True,0,,,2026-06-12 10:00:00.000 UTC,0,2026-06-12 10:00:00.000 UTC,98.0
IQS,42d189ec7b5e430ea17f856d,102273,True,209,,,2023-05-24 10:00:00.000 UTC,1,2023-05-24 10:00:00.000 UTC,1213.0
IQS,bababe53b5d24aeeb1624af8,102274,True,390,2026-06-22 10:00:00.000 UTC,2026-06-22 10:00:00.000 UTC,,1,2026-06-22 10:00:00.000 UTC,88.0
IQS,a0c07ba23207469c84eae031,102275,True,0,,,2020-10-15 10:00:00.000 UTC,0,2020-10-15 10:00:00.000 UTC,2164.0
IQS,063f790e7f1d43af9d6cb294,102276,True,0,,,,0,,
IQS,e0c205fa09454424895a2232,102277,True,998,2021-04-08 10:00:00.000 UTC,2021-04-08 10:00:00.000 UTC,2021-04-08 10:00:00.000 UTC,2,2021-04-08 10:00:00.000 UTC,1989.0
IQS,55314a85f6d843ab8a00d41c,102278,True,1892,,,,1,,
IQS,77d04874d29f4de08a1cedef,102279,True,0,2021-09-21 10:00:00.000 UTC,2021-09-21 10:00:00.000 UTC,,0,2021-09-21 10:00:00.000 UTC,1823.0
IQS,2587fef218084569b89023b3,102280,True,4183,,,2026-08-16 10:00:00.000 UTC,3,2026-08-16 10:00:00.000 UTC,33.0
IQS,dea995945ed1424181ae3d28,102281,True,3063,2021-02-11 10:00:00.000 UTC,2021-02-11 10:00:00.000 UTC,2021-02-11 10:00:00.000 UTC,2,2021-02-11 10:00:00.000 UTC,2045.0
IQS,9369b7e0a27c42f7b83e3de0,102282,True,247,2019-10-26 10:00:00.000 UTC,2019-10-26 10:00:00.000 UTC,,2,2019-10-26 10:00:00.000 UTC,2519.0
IQS,2ebd1667053f439e8dba6cd1,102283,True,1057,2025-12-30 10:00:00.000 UTC,2025-12-30 10:00:00.000 UTC,2025-12-30 10:00:00.000 UTC,2,2025-12-30 10:00:00.000 UTC,262.0
IQS,d5dbcebd47654cfd872a819f,102284,True,2666,2023-08-31 10:00:00.000 UTC,2023-08-31 10:00:00.000 UTC,,2,2023-08-31 10:00:00.000 UTC,1114.0
IQS,d7c1f367420d4c68b9526bf6,102285,True,0,,,,0,,
IQS,5a1a6434fbad4c20a4399a11,102286,True,1287,,,,2,,
IQS,4ff17af081fb487586de4b23,102287,True,310,2024-09-16 10:00:00.000 UTC,2024-09-16 10:00:00.000 UTC,2024-09-16 10:00:00.000 UTC,2,2024-09-16 10:00:00.000 UTC,732.0
IQS,b15a81978e77422ab606f0e7,102288,True,1497,,,,3,,
IQS,3116699036194609b5190cf5,102289,True,916,2024-05-13 10:00:00.000 UTC,2024-05-13 10:00:00.000 UTC,,1,2024-05-13 10:00:00.000 UTC,858.0
IQS,fe3af7ee688b4d1f87b186f9,102290,True,572,2020-12-21 10:00:00.000 UTC,2020-12-21 10:00:00.000 UTC,,2,2020-12-21 10:00:00.000 UTC,2097.0
IQS,0ff00d16b859463ba90b393c,102291,True,1756,2021-03-20 10:00:00.000 UTC,2021-03-20 10:00:00.000 UTC,,1,2021-03-20 10:00:00.000 UTC,2008.0
IQS,208818aaff894a5d999ca957,102292,True,2384,,,,1,,
IQS,c1f316b727bd4ed68e3b123c,102293,True,1335,2022-09-08 10:00:00.000 UTC,2022-09-08 10:00:00.000 UTC,,2,2022-09-08 10:00:00.000 UTC,1471.0
IQS,7cc000b68d784105a89c5856,102294,True,1141,2020-07-11 10:00:00.000 UTC,2020-07-11 10:00:00.000 UTC,2020-07-11 10:00:00.000 UTC,2,2020-07-11 10:00:00.000 UTC,2260.0
IQS,6b02e348a13f451f8f8cc622,102295,True,1584,,,,1,,
IQS,cadcf6b1dd024203a26e368c,102296,True,0,2026-08-12 10:00:00.000 UTC,2026-08-12 10:00:00.000 UTC,2026-08-12 10:00:00.000 UTC,0,2026-08-12 10:00:00.000 UTC,37.0
IQS,6b270ce214564a8ebf2a5e73,102297,True,323,2026-06-30 10:00:00.000 UTC,2026-06-30 10:00:00.000 UTC,2026-06-30 10:00:00.000 UTC,1,2026-06-30 10:00:00.000 UTC,80.0
IQS,eacb2543c21c46f0a426d9ac,102298,True,0,,,,0,,
IQS,c178e9860d9f42c78e9865a6,102299,True,271,2025-01-12 10:00:00.000 UTC,2025-01-12 10:00:00.000 UTC,2025-01-12 10:00:00.000 UTC,1,2025-01-12 10:00:00.000 UTC,614.0
IQS,dc42b81f7afb470394abe62a,102300,True,235,2021-02-25 10:00:00.000 UTC,2021-02-25 10:00:00.000 UTC,,1,2021-02-25 10:00:00.000 UTC,2031.0
IQS,d178d13bdfbe49c5aeaf085e,102301,True,0,2024-11-08 10:00:00.000 UTC,2024-11-08 10:00:00.000 UTC,,0,2024-11-08 10:00:00.000 UTC,679.0
IQS,d68b3c00c31d402ba9c0ae7f,102302,True,380,2023-10-09 10:00:00.000 UTC,2023-10-09 10:00:00.000 UTC,,2,2023-10-09 10:00:00.000 UTC,1075.0
IQS,830e879d3df74117bfc988f9,102303,True,0,,,,0,,
IQS,1b2daed0637b44ce89bad155,102304,True,108,2022-10-17 10:00:00.000 UTC,2022-10-17 10:00:00.000 UTC,,2,2022-10-17 10:00:00.000 UTC,1432.0
IQS,c92dbceabc7a4fd58eac9b5b,102305,True,892,,,,2,,
IQS,36304d37fe3d48dca92b7b0e,102306,True,0,,,2024-05-09 10:00:00.000 UTC,0,2024-05-09 10:00:00.000 UTC,862.0
IQS,3e961ea58ffc47ba9445a943,102307,True,639,2019-06-16 10:00:00.000 UTC,2019-06-16 10:00:00.000 UTC,,3,2019-06-16 10:00:00.000 UTC,2651.0
IQS,0e4689da8f29426da8acd1aa,102308,True,0,,,,0,,
IQS,f978a358331149d590589e88,102309,True,0,2025-09-16 10:00:00.000 UTC,2025-09-16 10:00:00.000 UTC,2025-09-16 10:00:00.000 UTC,0,2025-09-16 10:00:00.000 UTC,367.0
IQS,2f3e369361c343c294801cae,102310,True,1424,2026-05-27 10:00:00.000 UTC,2026-05-27 10:00:00.000 UTC,,2,2026-05-27 10:00:00.000 UTC,114.0
IQS,a05a0fc30fc942dca467ba58,102311,True,355,,,2026-07-26 10:00:00.000 UTC,2,2026-07-26 10:00:00.000 UTC,54.0
IQS,21f2f0eae42e46d49e1f9de2,102312,True,0,2024-12-10 10:00:00.000 UTC,2024-12-10 10:00:00.000 UTC,2024-12-10 10:00:00.000 UTC,0,2024-12-10 10:00:00.000 UTC,647.0
IQS,3a846851ac584293afd11609,102313,True,0,2026-06-03 10:00:00.000 UTC,2026-06-03 10:00:00.000 UTC,2026-06-03 10:00:00.000 UTC,0,2026-06-03 10:00:00.000 UTC,107.0
IQS,d281aa1155914ffda070867f,102314,True,1005,2023-02-27 10:00:00.000 UTC,2023-02-27 10:00:00.000 UTC,2023-02-27 10:00:00.000 UTC,1,2023-02-27 10:00:00.000 UTC,1299.0
IQS,0d6f179db13b4f4aa58df215,102315,True,1226,,,,3,,
IQS,82721c9762884035958628d9,102316,True,400,,,,5,,
IQS,8ffcca13cfd542698abf2c32,102317,True,0,,,,0,,
IQS,58ecc9742db84033b9f89867,102318,True,0,,,,0,,
IQS,837cc58574fd410faed8395c,102319,True,0,,,,0,,
IQS,ed614f44505e4dd48f11151f,102320,True,0,,,,0,,
IQS,bad2105aa7dc4442b4be3b3b,102321,True,0,2021-08-06 10:00:00.000 UTC,2021-08-06 10:00:00.000 UTC,2021-08-06 10:00:00.000 UTC,0,2021-08-06 10:00:00.000 UTC,1869.0
IQS,582aa7c45dff407891e093c7,102322,True,577,2024-01-25 10:00:00.000 UTC,2024-01-25 10:00:00.000 UTC,2024-01-25 10:00:00.000 UTC,3,2024-01-25 10:00:00.000 UTC,967.0
IQS,af48ca5de1f14ff0aaaef3a4,102323,True,0,2024-09-09 10:00:00.000 UTC,2024-09-09 10:00:00.000 UTC,2024-09-09 10:00:00.000 UTC,0,2024-09-09 10:00:00.000 UTC,739.0
IQS,a54cefdf6f314f1185f248a4,102324,True,1020,2023-07-06 10:00:00.000 UTC,2023-07-06 10:00:00.000 UTC,,1,2023-07-06 10:00:00.000 UTC,1170.0
IQS,3f12c2332199417abfd3d6f3,102325,True,0,2021-11-10 10:00:00.000 UTC,2021-11-10 10:00:00.000 UTC,2021-11-10 10:00:00.000 UTC,0,2021-11-10 10:00:00.000 UTC,1773.0
IQS,6bb3db9fcc2045f0a9f09a9a,102326,True,9535,,,,2,,
IQS,d65fc95d6f0d4981aa0f80f9,102327,True,16614,,,,4,,
IQS,95e91bc36d874e7eb66f70e1,102328,True,1419,2024-01-09 10:00:00.000 UTC,2024-01-09 10:00:00.000 UTC,,2,2024-01-09 10:00:00.000 UTC,983.0
IQS,ddc5369cff0f4ee487d95844,102329,True,1224,2025-03-11 10:00:00.000 UTC,2025-03-11 10:00:00.000 UTC,,1,2025-03-11 10:00:00.000 UTC,556.0
IQS,11e118edb8594c5c89affe86,102330,True,0,,,,0,,
IQS,f05bda46b4744487ad5be56a,102331,True,0,,,,0,,
IQS,a32d6b2343c749159b53f77b,102332,True,349,2024-07-28 10:00:00.000 UTC,2024-07-28 10:00:00.000 UTC,,1,2024-07-28 10:00:00.000 UTC,782.0
IQS,4b2eaafc1a314b1eac9772ce,102333,True,1705,2023-12-01 10:00:00.000 UTC,2023-12-01 10:00:00.000 UTC,,4,2023-12-01 10:00:00.000 UTC,1022.0
IQS,3b26a3abd577460084fedd45,102334,True,0,,,,0,,
IQS,d223c390ecaf46ca875042bb,102335,True,0,,,2022-08-06 10:00:00.000 UTC,0,2022-08-06 10:00:00.000 UTC,1504.0
IQS,f9bce52a970c42b59f96360d,102336,True,932,,,,1,,
IQS,62687407e6d949188a81d747,102337,True,78,2024-05-28 10:00:00.000 UTC,2024-05-28 10:00:00.000 UTC,2024-05-28 10:00:00.000 UTC,2,2024-05-28 10:00:00.000 UTC,843.0
IQS,899d2750390a46fb92ad33e2,102338,True,9782,2024-07-19 10:00:00.000 UTC,2024-07-19 10:00:00.000 UTC,,1,2024-07-19 10:00:00.000 UTC,791.0
IQS,66a4491ebcf24f51a3bffc05,102339,True,431,,,,2,,
IQS,cd0660efd8de442880cd3207,102340,True,597,,,,4,,
IQS,efbdd44302a1441e869bb4f2,102341,True,730,,,2024-09-08 10:00:00.000 UTC,1,2024-09-08 10:00:00.000 UTC,740.0
IQS,0bca62aff71a4f7dadf5cf86,102342,True,1018,,,2023-05-14 10:00:00.000 UTC,2,2023-05-14 10:00:00.000 UTC,1223.0
IQS,c5ef40edad7d46809b7dc775,102343,True,289,2021-11-15 10:00:00.000 UTC,2021-11-15 10:00:00.000 UTC,2021-11-15 10:00:00.000 UTC,2,2021-11-15 10:00:00.000 UTC,1768.0
IQS,ecf5d52f2b564eb4a3287e2b,102344,True,686,,,,1,,
IQS,0c33d445d4df4825859b3fd9,102345,True,717,,,2026-03-13 10:00:00.000 UTC,3,2026-03-13 10:00:00.000 UTC,189.0
IQS,53cf5939622843e98a0167e6,102346,True,770,2026-05-24 10:00:00.000 UTC,2026-05-24 10:00:00.000 UTC,,2,2026-05-24 10:00:00.000 UTC,117.0
IQS,1937919fc53f466f97900564,102347,True,691,2026-05-22 10:00:00.000 UTC,2026-05-22 10:00:00.000 UTC,,1,2026-05-22 10:00:00.000 UTC,119.0
IQS,d94582d3c17c4a719f7c01d0,102348,True,0,,,,0,,
IQS,75299d71db2948aea95bc27f,102349,True,0,,,,0,,
IQS,0c0f9ec8ae1c4342b859117e,102350,True,3805,,,,3,,
IQS,7ef7e7b4cb634423914b0d15,102351,True,451,2021-05-18 10:00:00.000 UTC,2021-05-18 10:00:00.000 UTC,,2,2021-05-18 10:00:00.000 UTC,1949.0
IQS,1a1d49efd38846a1983e4867,102352,True,126,2026-09-09 10:00:00.000 UTC,2026-09-09 10:00:00.000 UTC,2026-09-09 10:00:00.000 UTC,1,2026-09-09 10:00:00.000 UTC,9.0
IQS,b7e0a1c50a5d43d0bf967273,102353,True,2187,,,,3,,
IQS,3fc4803e260a42ddb1ed4829,102354,True,0,2020-01-01 10:00:00.000 UTC,2020-01-01 10:00:00.000 UTC,2020-01-01 10:00:00.000 UTC,0,2020-01-01 10:00:00.000 UTC,2452.0
IQS,6e5ce3ed7e6349c1ba10688a,102355,True,421,,,,1,,
IQS,04aa56352d374de1a251637a,102356,True,0,,,,0,,
IQS,898da6e403b84dd78e7dbbfb,102357,True,745,2026-08-28 10:00:00.000 UTC,2026-08-28 10:00:00.000 UTC,2026-08-28 10:00:00.000 UTC,2,2026-08-28 10:00:00.000 UTC,21.0
IQS,da6baceb94ad4c16823d846a,102358,True,0,,,,0,,
IQS,6502d030755f4c61bc8ccd97,102359,True,0,2026-09-04 10:00:00.000 UTC,2026-09-04 10:00:00.000 UTC,2026-09-04 10:00:00.000 UTC,0,2026-09-04 10:00:00.000 UTC,14.0
IQS,7d830a4efed54fa3b79213a6,102360,True,679,2024-03-16 10:00:00.000 UTC,2024-03-16 10:00:00.000 UTC,,3,2024-03-16 10:00:00.000 UTC,916.0
IQS,6969e1e8dc1446fea62280aa,102361,True,5074,2025-02-07 10:00:00.000 UTC,2025-02-07 10:00:00.000 UTC,2025-02-07 10:00:00.000 UTC,1,2025-02-07 10:00:00.000 UTC,588.0
IQS,d8fb81d5281e43109ecf2ae1,102362,True,0,2023-01-30 10:00:00.000 UTC,2023-01-30 10:00:00.000 UTC,2023-01-30 10:00:00.000 UTC,0,2023-01-30 10:00:00.000 UTC,1327.0
IQS,98fc6753685341e394754082,102363,True,482,,,2019-02-13 10:00:00.000 UTC,3,2019-02-13 10:00:00.000 UTC,2774.0
IQS,9c7972ad68c94c9593dcf9cd,102364,True,4689,2022-05-26 10:00:00.000 UTC,2022-05-26 10:00:00.000 UTC,2022-05-26 10:00:00.000 UTC,2,2022-05-26 10:00:00.000 UTC,1576.0
IQS,49d28e922e9543419d044549,102365,True,542,2024-02-27 10:00:00.000 UTC,2024-02-27 10:00:00.000 UTC,2024-02-27 10:00:00.000 UTC,4,2024-02-27 10:00:00.000 UTC,934.0
IQS,01c2b113e55d48aca059e818,102366,True,336,,,,4,,
IQS,9c5a3e770e0045ae84d72c13,102367,True,120,,,2026-06-02 10:00:00.000 UTC,1,2026-06-02 10:00:00.000 UTC,108.0
IQS,1a806c9fa5e64c3b998c9ad5,102368,True,911,2024-09-25 10:00:00.000 UTC,2024-09-25 10:00:00.000 UTC,2024-09-25 10:00:00.000 UTC,3,2024-09-25 10:00:00.000 UTC,723.0
IQS,87bebb27f8b44fe291e33e00,102369,True,807,2024-01-13 10:00:00.000 UTC,2024-01-13 10:00:00.000 UTC,,1,2024-01-13 10:00:00.000 UTC,979.0
IQS,069a82d7461042d88e0f47e3,102370,True,0,,,,0,,
IQS,e3d3c159f9874984b332a866,102371,True,699,,,2024-12-05 10:00:00.000 UTC,2,2024-12-05 10:00:00.000 UTC,652.0
IQS,b34b00f068dc4d6f834666a2,102372,True,0,2024-01-08 10:00:00.000 UTC,2024-01-08 10:00:00.000 UTC,2024-01-08 10:00:00.000 UTC,0,2024-01-08 10:00:00.000 UTC,984.0
IQS,cbba52439cc843c0b04d0f41,102373,True,327,,,,3,,
IQS,37a594a23ef542769d91e639,102374,True,0,2026-06-23 10:00:00.000 UTC,2026-06-23 10:00:00.000 UTC,,0,2026-06-23 10:00:00.000 UTC,87.0
IQS,ce77fe73a5554732815b4183,102375,True,761,,,2022-06-29 10:00:00.000 UTC,2,2022-06-29 10:00:00.000 UTC,1542.0
IQS,3e48f90ee30244ccbfb3c475,102376,True,0,,,2025-06-01 10:00:00.000 UTC,0,2025-06-01 10:00:00.000 UTC,474.0
IQS,f8551827c40b48be83963b6d,102377,True,2305,,,2026-06-29 10:00:00.000 UTC,1,2026-06-29 10:00:00.000 UTC,81.0
IQS,43ffce3f8c214a6aa5d128af,102378,True,103,,,2022-12-18 10:00:00.000 UTC,2,2022-12-18 10:00:00.000 UTC,1370.0
IQS,2fffad32535544e78288b7b5,102379,True,2763,2024-03-15 10:00:00.000 UTC,2024-03-15 10:00:00.000 UTC,2024-03-15 10:00:00.000 UTC,2,2024-03-15 10:00:00.000 UTC,917.0
IQS,38e09120f7ea4c78a845e8ac,102380,True,1019,,,2024-11-21 10:00:00.000 UTC,2,2024-11-21 10:00:00.000 UTC,666.0
IQS,40e458e1ca92433496c3afa4,102381,True,2460,2023-06-21 10:00:00.000 UTC,2023-06-21 10:00:00.000 UTC,2023-06-21 10:00:00.000 UTC,3,2023-06-21 10:00:00.000 UTC,1185.0
IQS,0b1c6e58be2048939f277616,102382,True,0,2025-05-28 10:00:00.000 UTC,2025-05-28 10:00:00.000 UTC,,0,2025-05-28 10:00:00.000 UTC,478.0
IQS,6ce0a950133e4134be8b6e1c,102383,True,15072,2022-07-22 10:00:00.000 UTC,2022-07-22 10:00:00.000 UTC,,3,2022-07-22 10:00:00.000 UTC,1519.0
IQS,dbac1bbcc6204e35b5ec4316,102384,True,257,2025-10-09 10:00:00.000 UTC,2025-10-09 10:00:00.000 UTC,,3,2025-10-09 10:00:00.000 UTC,344.0
IQS,6da54fad1ddc4bfe9b8ee472,102385,True,4498,,,2026-07-20 10:00:00.000 UTC,3,2026-07-20 10:00:00.000 UTC,60.0
IQS,a677330d25f44171a97eaf52,102386,True,2221,,,,1,,
IQS,ace5dee97fac48c0a44c83c8,102387,True,0,,,,0,,
IQS,992b30d9d988450c9e36679a,102388,True,0,2026-03-30 10:00:00.000 UTC,2026-03-30 10:00:00.000 UTC,2026-03-30 10:00:00.000 UTC,0,2026-03-30 10:00:00.000 UTC,172.0
IQS,fe61a39f28164375bb66839f,102389,True,0,,,2024-07-05 10:00:00.000 UTC,0,2024-07-05 10:00:00.000 UTC,805.0
IQS,ec80e7a98011458d9857ad7e,102390,True,1524,2023-06-23 10:00:00.000 UTC,2023-06-23 10:00:00.000 UTC,,1,2023-06-23 10:00:00.000 UTC,1183.0
IQS,2a2960ce693146eba4641b7b,102391,True,1835,,,2025-02-06 10:00:00.000 UTC,1,2025-02-06 10:00:00.000 UTC,589.0
IQS,9619542a73a34bd7bc64f0d5,102392,True,384,,,,3,,
IQS,3ca4eb76378c414c8dcb9791,102393,True,1319,2024-06-09 10:00:00.000 UTC,2024-06-09 10:00:00.000 UTC,2024-06-09 10:00:00.000 UTC,3,2024-06-09 10:00:00.000 UTC,831.0
IQS,cd393834e47f4c6bb89f745c,102394,True,916,2026-09-06 10:00:00.000 UTC,2026-09-06 10:00:00.000 UTC,2026-09-06 10:00:00.000 UTC,1,2026-09-06 10:00:00.000 UTC,12.0
IQS,a936955c979e480d849d1403,102395,True,732,,,2024-12-06 10:00:00.000 UTC,1,2024-12-06 10:00:00.000 UTC,651.0
IQS,f64159d3cc634936a311f99e,102396,True,0,2021-07-13 10:00:00.000 UTC,2021-07-13 10:00:00.000 UTC,,0,2021-07-13 10:00:00.000 UTC,1893.0
IQS,07cd67b03f2f452e908fe5d2,102397,True,0,,,,0,,
IQS,4d4092e966394a07a3f27f31,102398,True,1207,2021-06-23 10:00:00.000 UTC,2021-06-23 10:00:00.000 UTC,,3,2021-06-23 10:00:00.000 UTC,1913.0
IQS,7a12e166af5d4f9282064c9a,102399,True,0,2022-10-27 10:00:00.000 UTC,2022-10-27 10:00:00.000 UTC,2022-10-27 10:00:00.000 UTC,0,2022-10-27 10:00:00.000 UTC,1422.0
IQS,b840451c465b4beeb9b0d3c1,102400,True,0,2025-05-19 10:00:00.000 UTC,2025-05-19 10:00:00.000 UTC,2025-05-19 10:00:00.000 UTC,0,2025-05-19 10:00:00.000 UTC,487.0
IQS,d3c76b5267c34b5caab28658,102401,True,578,,,,3,,
IQS,1928e5c18ac644ae9d624f25,102402,True,273,2024-03-25 10:00:00.000 UTC,2024-03-25 10:00:00.000 UTC,2024-03-25 10:00:00.000 UTC,1,2024-03-25 10:00:00.000 UTC,907.0
IQS,7f78d7fd0315462f8319046c,102403,True,2676,,,2024-02-26 10:00:00.000 UTC,2,2024-02-26 10:00:00.000 UTC,935.0
IQS,7169b1185e8246fdae09c98e,102404,True,4405,2023-03-18 10:00:00.000 UTC,2023-03-18 10:00:00.000 UTC,2023-03-18 10:00:00.000 UTC,1,2023-03-18 10:00:00.000 UTC,1280.0
IQS,5fa2413f2be641f38fe325bd,102405,True,621,,,,2,,
IQS,bf0d2ec943c94d929f8accb3,102406,True,8070,2024-06-19 10:00:00.000 UTC,2024-06-19 10:00:00.000 UTC,2024-06-19 10:00:00.000 UTC,1,2024-06-19 10:00:00.000 UTC,821.0
IQS,999006a502464d43a3d53e70,102407,True,2975,2026-07-18 10:00:00.000 UTC,2026-07-18 10:00:00.000 UTC,2026-07-18 10:00:00.000 UTC,4,2026-07-18 10:00:00.000 UTC,62.0
IQS,3cfac09048e545e786f4490b,102408,True,558,,,,3,,
IQS,7027ad9e7f7d41f88a56f512,102409,True,10427,,,,2,,
IQS,cff8cd7fff9c4404837f17cf,102410,True,0,2025-06-29 10:00:00.000 UTC,2025-06-29 10:00:00.000 UTC,,0,2025-06-29 10:00:00.000 UTC,446.0
IQS,f51d62f21b5e4673bdfe792c,102411,True,2248,2021-08-07 10:00:00.000 UTC,2021-08-07 10:00:00.000 UTC,2021-08-07 10:00:00.000 UTC,3,2021-08-07 10:00:00.000 UTC,1868.0
IQS,72eebdb7d17146fc96eced75,102412,True,315,,,2022-04-29 10:00:00.000 UTC,1,2022-04-29 10:00:00.000 UTC,1603.0
IQS,d6bdd842b00641e8a24fbcc3,102413,True,384,2022-02-06 10:00:00.000 UTC,2022-02-06 10:00:00.000 UTC,2022-02-06 10:00:00.000 UTC,1,2022-02-06 10:00:00.000 UTC,1685.0
IQS,dedc3f32f34b4fa0990cc8e9,102414,True,2884,2022-08-13 10:00:00.000 UTC,2022-08-13 10:00:00.000 UTC,2022-08-13 10:00:00.000 UTC,1,2022-08-13 10:00:00.000 UTC,1497.0
IQS,6613803a43bd48bd8c3796d0,102415,True,0,2026-01-16 10:00:00.000 UTC,2026-01-16 10:00:00.000 UTC,2026-01-16 10:00:00.000 UTC,0,2026-01-16 10:00:00.000 UTC,245.0
IQS,13c454cf4d14499a84107001,102416,True,3772,2026-08-15 10:00:00.000 UTC,2026-08-15 10:00:00.000 UTC,,3,2026-08-15 10:00:00.000 UTC,34.0
IQS,b3c78eb968114a9e98e1ba8f,102417,True,278,2025-04-26 10:00:00.000 UTC,2025-04-26 10:00:00.000 UTC,2025-04-26 10:00:00.000 UTC,1,2025-04-26 10:00:00.000 UTC,510.0
IQS,24e1eceb221049cd878a9c73,102418,True,921,2026-08-02 10:00:00.000 UTC,2026-08-02 10:00:00.000 UTC,,2,2026-08-02 10:00:00.000 UTC,47.0
IQS,03f56e7a3c8e4d81aa87b6b2,102419,True,0,,,,0,,
IQS,967edbd741ca4f938a910e76,102420,True,633,,,2026-07-20 10:00:00.000 UTC,1,2026-07-20 10:00:00.000 UTC,60.0
IQS,e54145798ce243a382fa748c,102421,True,7386,,,2020-10-16 10:00:00.000 UTC,1,2020-10-16 10:00:00.000 UTC,2163.0
IQS,dbb1c21beb044e398dc770da,102422,True,2178,2023-06-25 10:00:00.000 UTC,2023-06-25 10:00:00.000 UTC,2023-06-25 10:00:00.000 UTC,2,2023-06-25 10:00:00.000 UTC,1181.0
IQS,5e79627215d54719ae9d985e,102423,True,433,,,2025-12-01 10:00:00.000 UTC,2,2025-12-01 10:00:00.000 UTC,291.0
IQS,5286c2c0ada04b06a16807d6,102424,True,1313,2024-10-13 10:00:00.000 UTC,2024-10-13 10:00:00.000 UTC,2024-10-13 10:00:00.000 UTC,2,2024-10-13 10:00:00.000 UTC,705.0
IQS,adc245aa52d04bd89ade1d6d,102425,True,0,,,,0,,
IQS,483f57c5cc104279889fd6e5,102426,True,1191,,,,3,,
IQS,3363de028c484016b6059407,102427,True,1337,2022-12-16 10:00:00.000 UTC,2022-12-16 10:00:00.000 UTC,2022-12-16 10:00:00.000 UTC,1,2022-12-16 10:00:00.000 UTC,1372.0
IQS,0bd4804eb6184efdb81760f3,102428,True,0,,,,0,,
IQS,f15033025934431eaa151f45,102429,True,0,,,,0,,
IQS,b494fba72a0648248e18ee0b,102430,True,3425,,,,2,,
IQS,5921507962ca40709e94e572,102431,True,797,,,,2,,
IQS,3f27152254934ef186ce59a3,102432,True,0,,,,0,,
IQS,89ec5f68622b439785c41c39,102433,True,1093,,,2021-03-30 10:00:00.000 UTC,1,2021-03-30 10:00:00.000 UTC,1998.0
IQS,d2ec019039694c98a2762ca9,102434,True,523,,,,1,,
IQS,4708058303374d98b943bea2,102435,True,1619,2026-06-25 10:00:00.000 UTC,2026-06-25 10:00:00.000 UTC,2026-06-25 10:00:00.000 UTC,1,2026-06-25 10:00:00.000 UTC,85.0
IQS,8c620623173349399650f067,102436,True,3349,,,,1,,
IQS,60afbeb1575143fd8894cfde,102437,True,0,,,,0,,
IQS,0d694f8858b1489c85824b10,102438,True,6225,,,,2,,
IQS,ecf0e9bcd89f4179b7668ee1,102439,True,613,2022-08-05 10:00:00.000 UTC,2022-08-05 10:00:00.000 UTC,2022-08-05 10:00:00.000 UTC,1,2022-08-05 10:00:00.000 UTC,1505.0
IQS,1550360f43e24986bb3e9199,102440,True,514,,,,2,,
IQS,15b0bc3cfe4c46ab9e712bb5,102441,True,0,2024-09-07 10:00:00.000 UTC,2024-09-07 10:00:00.000 UTC,,0,2024-09-07 10:00:00.000 UTC,741.0
IQS,e39c9ccef5cb47919e43efe2,102442,True,301,,,,1,,
IQS,dc1252c4e5e74ed684a0d9f4,102443,True,0,2020-10-12 10:00:00.000 UTC,2020-10-12 10:00:00.000 UTC,,0,2020-10-12 10:00:00.000 UTC,2167.0
IQS,2d3ff15f88aa4f42961602ca,102444,True,271,2026-05-23 10:00:00.000 UTC,2026-05-23 10:00:00.000 UTC,,2,2026-05-23 10:00:00.000 UTC,118.0
IQS,a8f55fc0a4914d08ba843b15,102445,True,1115,2025-09-23 10:00:00.000 UTC,2025-09-23 10:00:00.000 UTC,,1,2025-09-23 10:00:00.000 UTC,360.0
IQS,dbca88aececb431eb9054307,102446,True,1256,2026-06-24 10:00:00.000 UTC,2026-06-24 10:00:00.000 UTC,2026-06-24 10:00:00.000 UTC,1,2026-06-24 10:00:00.000 UTC,86.0
IQS,d34fb37eb7094b81b2ee9b74,102447,True,1394,,,,1,,
IQS,12c40e0c817846cf9d087cba,102448,True,1182,2024-11-13 10:00:00.000 UTC,2024-11-13 10:00:00.000 UTC,,1,2024-11-13 10:00:00.000 UTC,674.0
IQS,89b61a3859144942bb497802,102449,True,0,2024-02-13 10:00:00.000 UTC,2024-02-13 10:00:00.000 UTC,2024-02-13 10:00:00.000 UTC,0,2024-02-13 10:00:00.000 UTC,948.0
IQS,a8f97a041c6344acbca7b191,102450,True,2414,2025-02-21 10:00:00.000 UTC,2025-02-21 10:00:00.000 UTC,2025-02-21 10:00:00.000 UTC,1,2025-02-21 10:00:00.000 UTC,574.0
IQS,6ca9f5adbafe4848b706ee7d,102451,True,0,2023-07-10 10:00:00.000 UTC,2023-07-10 10:00:00.000 UTC,2023-07-10 10:00:00.000 UTC,0,2023-07-10 10:00:00.000 UTC,1166.0
IQS,a32a1a14d7174a6db3f300f0,102452,True,1934,2026-02-14 10:00:00.000 UTC,2026-02-14 10:00:00.000 UTC,2026-02-14 10:00:00.000 UTC,1,2026-02-14 10:00:00.000 UTC,216.0
IQS,89b1ba8154b74575a5703b48,102453,True,0,,,,0,,
IQS,6aaa947f00874c8b8f697f20,102454,True,4618,2022-03-18 10:00:00.000 UTC,2022-03-18 10:00:00.000 UTC,,2,2022-03-18 10:00:00.000 UTC,1645.0
IQS,986d9246e506495f91cd0b46,102455,True,812,2023-10-11 10:00:00.000 UTC,2023-10-11 10:00:00.000 UTC,2023-10-11 10:00:00.000 UTC,1,2023-10-11 10:00:00.000 UTC,1073.0
IQS,0a85bff52eb444b488d95dcf,102456,True,1040,,,,2,,
IQS,e4274e40e18844c898208b30,102457,True,664,2023-05-09 10:00:00.000 UTC,2023-05-09 10:00:00.000 UTC,2023-05-09 10:00:00.000 UTC,2,2023-05-09 10:00:00.000 UTC,1228.0
IQS,024364bdf24144f0905d3514,102458,True,0,2022-08-30 10:00:00.000 UTC,2022-08-30 10:00:00.000 UTC,2022-08-30 10:00:00.000 UTC,0,2022-08-30 10:00:00.000 UTC,1480.0
IQS,b636810181594802a5974491,102459,True,0,,,,0,,
IQS,dea66fafc9c84686876d72f2,102460,True,100,,,2026-06-25 10:00:00.000 UTC,2,2026-06-25 10:00:00.000 UTC,85.0
IQS,690828b7fd164f8fa4b14dda,102461,True,580,,,,2,,
IQS,6be996c756f543fe831839a1,102462,True,797,2025-02-03 10:00:00.000 UTC,2025-02-03 10:00:00.000 UTC,,2,2025-02-03 10:00:00.000 UTC,592.0
IQS,8fd9f62c038c49cfb602bbcc,102463,True,863,2021-10-12 10:00:00.000 UTC,2021-10-12 10:00:00.000 UTC,,3,2021-10-12 10:00:00.000 UTC,1802.0
IQS,65d6d739690f44fca4a915a2,102464,True,1885,,,,4,,
IQS,a162c466965a43b8a01e0b98,102465,True,178,2025-01-12 10:00:00.000 UTC,2025-01-12 10:00:00.000 UTC,,2,2025-01-12 10:00:00.000 UTC,614.0
IQS,29d15b8b171b4a0eaf8c4538,102466,True,1044,2022-06-24 10:00:00.000 UTC,2022-06-24 10:00:00.000 UTC,,2,2022-06-24 10:00:00.000 UTC,1547.0
IQS,892b28521ac34fc5a4a9cddf,102467,True,3055,2020-11-25 10:00:00.000 UTC,2020-11-25 10:00:00.000 UTC,,1,2020-11-25 10:00:00.000 UTC,2123.0
IQS,f0a220b4e1bd44e780f3883b,102468,True,362,2025-05-05 10:00:00.000 UTC,2025-05-05 10:00:00.000 UTC,,1,2025-05-05 10:00:00.000 UTC,501.0
IQS,e8f273cd217e457e9dde26ae,102469,True,9137,2023-01-21 10:00:00.000 UTC,2023-01-21 10:00:00.000 UTC,2023-01-21 10:00:00.000 UTC,2,2023-01-21 10:00:00.000 UTC,1336.0
IQS,beded4615a034737a907d453,102470,True,1806,,,,2,,
IQS,bcfea174c7f64875a7d08cf2,102471,True,0,,,,0,,
IQS,f7e7d9664c534be192be993b,102472,True,1170,2022-09-28 10:00:00.000 UTC,2022-09-28 10:00:00.000 UTC,2022-09-28 10:00:00.000 UTC,2,2022-09-28 10:00:00.000 UTC,1451.0
IQS,2714286cc8444edbbe72ae0c,102473,True,0,2025-04-12 10:00:00.000 UTC,2025-04-12 10:00:00.000 UTC,2025-04-12 10:00:00.000 UTC,0,2025-04-12 10:00:00.000 UTC,524.0
IQS,6d697bc2f80a49698376769f,102474,True,1111,2026-05-28 10:00:00.000 UTC,2026-05-28 10:00:00.000 UTC,,1,2026-05-28 10:00:00.000 UTC,113.0
IQS,d786a0e977d84d0ab327076e,102475,True,214,,,,4,,
IQS,702533a54e9e45568b69df05,102476,True,5375,2023-01-07 10:00:00.000 UTC,2023-01-07 10:00:00.000 UTC,2023-01-07 10:00:00.000 UTC,4,2023-01-07 10:00:00.000 UTC,1350.0
IQS,5a03fcef65544bb2be6d6566,102477,True,0,,,2023-05-30 10:00:00.000 UTC,0,2023-05-30 10:00:00.000 UTC,1207.0
IQS,321281106704484c85220fb1,102478,True,2414,,,,2,,
IQS,1c5541911bd64d7cb8f277e4,102479,True,0,,,,0,,
IQS,4a50e73977dc430392e99e88,102480,True,204,2026-07-07 10:00:00.000 UTC,2026-07-07 10:00:00.000 UTC,2026-07-07 10:00:00.000 UTC,1,2026-07-07 10:00:00.000 UTC,73.0
IQS,99c5ed5c75124329b28f4a9a,102481,True,0,2026-07-08 10:00:00.000 UTC,2026-07-08 10:00:00.000 UTC,,0,2026-07-08 10:00:00.000 UTC,72.0
IQS,f1f4ec6621994c82b6716e98,102482,True,0,2023-01-23 10:00:00.000 UTC,2023-01-23 10:00:00.000 UTC,,0,2023-01-23 10:00:00.000 UTC,1334.0
IQS,1da14ff6abde4de4bf31122b,102483,True,1720,2023-01-25 10:00:00.000 UTC,2023-01-25 10:00:00.000 UTC,2023-01-25 10:00:00.000 UTC,1,2023-01-25 10:00:00.000 UTC,1332.0
IQS,24abfe47155d445ca32c4b12,102484,True,0,,,,0,,
IQS,d9c530f92e3245e59af2635f,102485,True,2151,,,,2,,
IQS,0194e2e363c64ac0aa2fefc1,102486,True,2398,2021-12-10 10:00:00.000 UTC,2021-12-10 10:00:00.000 UTC,,1,2021-12-10 10:00:00.000 UTC,1743.0
IQS,b7422c74e1424985b822de77,102487,True,0,,,2026-09-12 10:00:00.000 UTC,0,2026-09-12 10:00:00.000 UTC,6.0
IQS,22330bd2bcc34809a9ba156e,102488,True,0,2026-07-11 10:00:00.000 UTC,2026-07-11 10:00:00.000 UTC,,0,2026-07-11 10:00:00.000 UTC,69.0
IQS,501cc5a41ec1409782db0a42,102489,True,296,,,2024-08-12 10:00:00.000 UTC,1,2024-08-12 10:00:00.000 UTC,767.0
IQS,36147b87c0844d47a5fb71e6,102490,True,814,2021-07-07 10:00:00.000 UTC,2021-07-07 10:00:00.000 UTC,2021-07-07 10:00:00.000 UTC,1,2021-07-07 10:00:00.000 UTC,1899.0
IQS,e41205b6d3a54184a9970c7e,102491,True,0,2023-06-30 10:00:00.000 UTC,2023-06-30 10:00:00.000 UTC,,0,2023-06-30 10:00:00.000 UTC,1176.0
IQS,605524f93b154ba5bf1df4a6,102492,True,126,2024-11-04 10:00:00.000 UTC,2024-11-04 10:00:00.000 UTC,2024-11-04 10:00:00.000 UTC,3,2024-11-04 10:00:00.000 UTC,683.0
IQS,0e63728ca02e434f94441717,102493,True,0,,,2022-01-01 10:00:00.000 UTC,0,2022-01-01 10:00:00.000 UTC,1721.0
IQS,fe9999f45b754351875fdc74,102494,True,654,2024-07-01 10:00:00.000 UTC,2024-07-01 10:00:00.000 UTC,,1,2024-07-01 10:00:00.000 UTC,809.0
IQS,5b6639b576fb4bfb926c2618,102495,True,1024,,,,1,,
IQS,fb7aceafc3df44f4bd90303c,102496,True,6900,,,2024-12-27 10:00:00.000 UTC,1,2024-12-27 10:00:00.000 UTC,630.0
IQS,6f687ae6b3694525a4585610,102497,True,0,2022-07-04 10:00:00.000 UTC,2022-07-04 10:00:00.000 UTC,2022-07-04 10:00:00.000 UTC,0,2022-07-04 10:00:00.000 UTC,1537.0
IQS,8a671c54f52a4386b5e8737c,102498,True,0,,,2024-03-28 10:00:00.000 UTC,0,2024-03-28 10:00:00.000 UTC,904.0
IQS,ae9958dfdfe44cf6b643a0a5,102499,True,681,,,2024-04-06 10:00:00.000 UTC,2,2024-04-06 10:00:00.000 UTC,895.0
IQS,32e19e13fb1e4352af7f4a0b,102500,True,305,,,2025-08-01 10:00:00.000 UTC,2,2025-08-01 10:00:00.000 UTC,413.0
IQS,01667086c2664aad8d77250b,102501,True,2382,2021-06-26 10:00:00.000 UTC,2021-06-26 10:00:00.000 UTC,,2,2021-06-26 10:00:00.000 UTC,1910.0
IQS,3f71ba0fc5a240e6840db8b6,102502,True,0,2026-08-12 10:00:00.000 UTC,2026-08-12 10:00:00.000 UTC,,0,2026-08-12 10:00:00.000 UTC,37.0
IQS,37af337bee4a4b18b9da8cd3,102503,True,130,2022-06-25 10:00:00.000 UTC,2022-06-25 10:00:00.000 UTC,2022-06-25 10:00:00.000 UTC,2,2022-06-25 10:00:00.000 UTC,1546.0
IQS,bd6e9685dce04593b7c3e683,102504,True,3128,,,,1,,
IQS,fbafa7ff5a784055b68526a4,102505,True,584,2023-01-09 10:00:00.000 UTC,2023-01-09 10:00:00.000 UTC,,2,2023-01-09 10:00:00.000 UTC,1348.0
IQS,78ecd6dba30e461aaad9f02f,102506,True,0,2021-05-21 10:00:00.000 UTC,2021-05-21 10:00:00.000 UTC,,0,2021-05-21 10:00:00.000 UTC,1946.0
IQS,54a4708ac4ec42b0ae081d79,102507,True,3625,2026-08-22 10:00:00.000 UTC,2026-08-22 10:00:00.000 UTC,2026-08-22 10:00:00.000 UTC,1,2026-08-22 10:00:00.000 UTC,27.0
IQS,821492a330cd43f0a6fbd4cb,102508,True,16229,,,,1,,
IQS,4b2bfd9bd4274bb88b99e29b,102509,True,2142,,,,2,,
IQS,5dd01acb315348d2a9c1a2b6,102510,True,6641,,,,1,,
IQS,dfd95c2f8d3f4a4eb7a5bab3,102511,True,198,,,,3,,
IQS,cd6df1990dba450899046af9,102512,True,318,,,,2,,
IQS,a6ef6f4026a34763bf02a2fe,102513,True,227,,,,1,,
IQS,e8790522a74b48efbd2edf2f,102514,True,856,,,,2,,
IQS,22f8f64a2b0947a4aa317fa7,102515,True,1562,,,,1,,
IQS,b3c6e51ac9664ca4905f34ae,102516,True,1462,,,,2,,
IQS,da7fc2ced132444cb9265cfe,102517,True,1109,,,,2,,
IQS,875aa9af7cae406183d0640e,102518,True,2743,2023-08-29 10:00:00.000 UTC,2023-08-29 10:00:00.000 UTC,,1,2023-08-29 10:00:00.000 UTC,1116.0
IQS,c06bf12a86c347b3a4566479,102519,True,1507,2024-04-18 10:00:00.000 UTC,2024-04-18 10:00:00.000 UTC,2024-04-18 10:00:00.000 UTC,1,2024-04-18 10:00:00.000 UTC,883.0
IQS,c2f5d47d8ec54cd9be517c89,102520,True,732,2023-02-05 10:00:00.000 UTC,2023-02-05 10:00:00.000 UTC,2023-02-05 10:00:00.000 UTC,5,2023-02-05 10:00:00.000 UTC,1321.0
IQS,9a9c2dfe6b7046d68c087c70,102521,True,255,2026-03-24 10:00:00.000 UTC,2026-03-24 10:00:00.000 UTC,,2,2026-03-24 10:00:00.000 UTC,178.0
IQS,ef2ab36c09aa42df87221f29,102522,True,5187,,,2026-05-13 10:00:00.000 UTC,3,2026-05-13 10:00:00.000 UTC,128.0
IQS,1f657d9094e542b4af8dec65,102523,True,1323,2024-12-15 10:00:00.000 UTC,2024-12-15 10:00:00.000 UTC,,1,2024-12-15 10:00:00.000 UTC,642.0
IQS,b6b8a294e4654812b1728583,102524,True,481,2024-01-10 10:00:00.000 UTC,2024-01-10 10:00:00.000 UTC,2024-01-10 10:00:00.000 UTC,3,2024-01-10 10:00:00.000 UTC,982.0
IQS,35a7d1ba1ad049ec9f3417c6,102525,True,0,2025-02-27 10:00:00.000 UTC,2025-02-27 10:00:00.000 UTC,,0,2025-02-27 10:00:00.000 UTC,568.0
IQS,bf886d550c824a6b83bf6d11,102526,True,12825,,,2022-08-31 10:00:00.000 UTC,2,2022-08-31 10:00:00.000 UTC,1479.0
IQS,ede091d312934877b605c64f,102527,True,0,2022-09-20 10:00:00.000 UTC,2022-09-20 10:00:00.000 UTC,2022-09-20 10:00:00.000 UTC,0,2022-09-20 10:00:00.000 UTC,1459.0
IQS,a39792806794445fa691aeb6,102528,True,0,2024-05-16 10:00:00.000 UTC,2024-05-16 10:00:00.000 UTC,2024-05-16 10:00:00.000 UTC,0,2024-05-16 10:00:00.000 UTC,855.0
IQS,fcd69db75f464801bf8cca7d,102529,True,1021,2024-09-07 10:00:00.000 UTC,2024-09-07 10:00:00.000 UTC,,2,2024-09-07 10:00:00.000 UTC,741.0
IQS,b0ec85acc528493aaa5f2c4d,102530,True,0,2020-11-30 10:00:00.000 UTC,2020-11-30 10:00:00.000 UTC,,0,2020-11-30 10:00:00.000 UTC,2118.0
IQS,00b54deac72546cdafa17218,102531,True,711,,,,2,,
IQS,d447af9d67444c019ea3aa9c,102532,True,0,2026-07-26 10:00:00.000 UTC,2026-07-26 10:00:00.000 UTC,2026-07-26 10:00:00.000 UTC,0,2026-07-26 10:00:00.000 UTC,54.0
IQS,9b0e369211e046d4b73aa327,102533,True,0,,,2025-06-02 10:00:00.000 UTC,0,2025-06-02 10:00:00.000 UTC,473.0
IQS,1dd8a7bfe75141bd99111e50,102534,True,291,,,,1,,
IQS,519a8120195e4dbe98e068db,102535,True,0,2024-08-28 10:00:00.000 UTC,2024-08-28 10:00:00.000 UTC,2024-08-28 10:00:00.000 UTC,0,2024-08-28 10:00:00.000 UTC,751.0
IQS,99b22346774548c8b0e779b0,102536,True,1370,2025-06-30 10:00:00.000 UTC,2025-06-30 10:00:00.000 UTC,,2,2025-06-30 10:00:00.000 UTC,445.0
IQS,ba3eec95bd164e6f84c682ae,102537,True,150,2022-08-06 10:00:00.000 UTC,2022-08-06 10:00:00.000 UTC,2022-08-06 10:00:00.000 UTC,3,2022-08-06 10:00:00.000 UTC,1504.0
IQS,0ff3422624214a43955f5fb9,102538,True,1172,,,,3,,
IQS,cc3b31ee67de4df884f97f36,102539,True,0,2026-06-03 10:00:00.000 UTC,2026-06-03 10:00:00.000 UTC,2026-06-03 10:00:00.000 UTC,0,2026-06-03 10:00:00.000 UTC,107.0
IQS,7323c0b1bb6041b0bf7ea4cb,102540,True,696,,,2021-03-14 10:00:00.000 UTC,3,2021-03-14 10:00:00.000 UTC,2014.0
IQS,1b8dd586eb2c40ea8b6c9d5d,102541,True,2001,2024-02-17 10:00:00.000 UTC,2024-02-17 10:00:00.000 UTC,2024-02-17 10:00:00.000 UTC,3,2024-02-17 10:00:00.000 UTC,944.0
IQS,4c626354b3744553b1eb9778,102542,True,2604,2025-04-03 10:00:00.000 UTC,2025-04-03 10:00:00.000 UTC,,3,2025-04-03 10:00:00.000 UTC,533.0
IQS,345fbb9f79524d7db65847fc,102543,True,528,2025-01-05 10:00:00.000 UTC,2025-01-05 10:00:00.000 UTC,2025-01-05 10:00:00.000 UTC,3,2025-01-05 10:00:00.000 UTC,621.0
IQS,5fc238a6d9714cbe9143e757,102544,True,0,2022-03-20 10:00:00.000 UTC,2022-03-20 10:00:00.000 UTC,2022-03-20 10:00:00.000 UTC,0,2022-03-20 10:00:00.000 UTC,1643.0
IQS,51a3d0beb34d419986ea5b64,102545,True,869,2020-06-13 10:00:00.000 UTC,2020-06-13 10:00:00.000 UTC,2020-06-13 10:00:00.000 UTC,2,2020-06-13 10:00:00.000 UTC,2288.0
IQS,54bc973d922e48368e21e481,102546,True,0,,,2023-04-09 10:00:00.000 UTC,0,2023-04-09 10:00:00.000 UTC,1258.0
IQS,2d6966bd06894ff4b543ca0c,102547,True,0,,,,0,,
IQS,7ae18f51abd846fd805c4a0f,102548,True,282,2021-05-03 10:00:00.000 UTC,2021-05-03 10:00:00.000 UTC,2021-05-03 10:00:00.000 UTC,1,2021-05-03 10:00:00.000 UTC,1964.0
IQS,e8eb0fa15f7f4b959ec61118,102549,True,0,2022-09-27 10:00:00.000 UTC,2022-09-27 10:00:00.000 UTC,2022-09-27 10:00:00.000 UTC,0,2022-09-27 10:00:00.000 UTC,1452.0
IQS,45d1c020e10544569943c20b,102550,True,1897,,,2024-05-05 10:00:00.000 UTC,1,2024-05-05 10:00:00.000 UTC,866.0
IQS,c2b2639478014bb295da8683,102551,True,0,,,,0,,
IQS,fb7b8c105cef4d11bfd86fd4,102552,True,731,2024-12-04 10:00:00.000 UTC,2024-12-04 10:00:00.000 UTC,2024-12-04 10:00:00.000 UTC,4,2024-12-04 10:00:00.000 UTC,653.0
IQS,b74098eaed9a49eaa57aed13,102553,True,533,,,2022-12-20 10:00:00.000 UTC,2,2022-12-20 10:00:00.000 UTC,1368.0
IQS,cb23b64ad80f44fbafb27bc2,102554,True,0,,,,0,,
IQS,ef3776d1097242a3b61091e9,102555,True,357,2025-11-11 10:00:00.000 UTC,2025-11-11 10:00:00.000 UTC,,3,2025-11-11 10:00:00.000 UTC,311.0
IQS,379cf0b30d474f5e828fdbb6,102556,True,110,,,,1,,
IQS,c95e7a451c54416aa9705e05,102557,True,0,,,,0,,
IQS,fe63862b8af04098b6ab0b5e,102558,True,1661,,,,2,,
IQS,1a448e76b94c4c76a4d33b80,102559,True,2327,,,,1,,
IQS,4e3b9492ecdf4e258d212c85,102560,True,0,2025-03-30 10:00:00.000 UTC,2025-03-30 10:00:00.000 UTC,2025-03-30 10:00:00.000 UTC,0,2025-03-30 10:00:00.000 UTC,537.0
IQS,3e2513b24d224dc1b0104167,102561,True,1613,,,2023-01-02 10:00:00.000 UTC,1,2023-01-02 10:00:00.000 UTC,1355.0
IQS,ba87c5ec03024ae98af3e8b2,102562,True,167,,,2024-05-07 10:00:00.000 UTC,1,2024-05-07 10:00:00.000 UTC,864.0
IQS,3eb3a0a294c24722a8b8383b,102563,True,0,,,2023-07-07 10:00:00.000 UTC,0,2023-07-07 10:00:00.000 UTC,1169.0
IQS,5aedb3818ba2490db529ee16,102564,True,2132,,,,3,,
IQS,03121212500748cdb0969d99,102565,True,3045,2026-06-23 10:00:00.000 UTC,2026-06-23 10:00:00.000 UTC,2026-06-23 10:00:00.000 UTC,2,2026-06-23 10:00:00.000 UTC,87.0
IQS,28b3d9638fe94b719a390257,102566,True,0,2024-11-30 10:00:00.000 UTC,2024-11-30 10:00:00.000 UTC,2024-11-30 10:00:00.000 UTC,0,2024-11-30 10:00:00.000 UTC,657.0
IQS,0ab65ee3c0fc43d1958078ce,102567,True,0,2024-02-02 10:00:00.000 UTC,2024-02-02 10:00:00.000 UTC,,0,2024-02-02 10:00:00.000 UTC,959.0
IQS,217f832e2f9f4c5983f4d82d,102568,True,3797,,,2022-06-12 10:00:00.000 UTC,1,2022-06-12 10:00:00.000 UTC,1559.0
IQS,d8c61822e4524aa087f58339,102569,True,0,2026-07-10 10:00:00.000 UTC,2026-07-10 10:00:00.000 UTC,2026-07-10 10:00:00.000 UTC,0,2026-07-10 10:00:00.000 UTC,70.0
IQS,f705907a7d484ff09222153a,102570,True,7769,,,,2,,
IQS,f9e032509abb4e8e9e19bb66,102571,True,777,,,2025-12-04 10:00:00.000 UTC,1,2025-12-04 10:00:00.000 UTC,288.0
IQS,7b41feaa80e94844ab735720,102572,True,0,2026-02-26 10:00:00.000 UTC,2026-02-26 10:00:00.000 UTC,,0,2026-02-26 10:00:00.000 UTC,204.0
IQS,d2f2a06a494a476fb705c841,102573,True,0,2024-07-11 10:00:00.000 UTC,2024-07-11 10:00:00.000 UTC,2024-07-11 10:00:00.000 UTC,0,2024-07-11 10:00:00.000 UTC,799.0
IQS,c82e0b19c42847b0981ee5f7,102574,True,1785,,,,3,,
IQS,42517f5722594cf98853b1c1,102575,True,0,,,,0,,
IQS,2b9ed56c87424d40b1d15743,102576,True,572,2023-11-14 10:00:00.000 UTC,2023-11-14 10:00:00.000 UTC,2023-11-14 10:00:00.000 UTC,1,2023-11-14 10:00:00.000 UTC,1039.0
IQS,a782e73752804570ace26907,102577,True,0,2024-03-22 10:00:00.000 UTC,2024-03-22 10:00:00.000 UTC,2024-03-22 10:00:00.000 UTC,0,2024-03-22 10:00:00.000 UTC,910.0
IQS,6f9e4cb410b4405c86307a38,102578,True,217,2026-08-19 10:00:00.000 UTC,2026-08-19 10:00:00.000 UTC,2026-08-19 10:00:00.000 UTC,4,2026-08-19 10:00:00.000 UTC,30.0
IQS,93e48089ed7c402eb227e15e,102579,True,2074,2024-08-22 10:00:00.000 UTC,2024-08-22 10:00:00.000 UTC,,2,2024-08-22 10:00:00.000 UTC,757.0
IQS,90b814fc20b548e88e43f1fa,102580,True,0,2023-06-17 10:00:00.000 UTC,2023-06-17 10:00:00.000 UTC,2023-06-17 10:00:00.000 UTC,0,2023-06-17 10:00:00.000 UTC,1189.0
IQS,80923f9f09a64d279efe655c,102581,True,890,2024-07-20 10:00:00.000 UTC,2024-07-20 10:00:00.000 UTC,,3,2024-07-20 10:00:00.000 UTC,790.0
IQS,33ee55f3c9ec45dc92337ba6,102582,True,4901,2019-07-23 10:00:00.000 UTC,2019-07-23 10:00:00.000 UTC,,4,2019-07-23 10:00:00.000 UTC,2614.0
IQS,0874cc999eb44624a1fde091,102583,True,2291,,,,4,,
IQS,e7e4ff9a9d534fdd9d79c85f,102584,True,747,2022-09-28 10:00:00.000 UTC,2022-09-28 10:00:00.000 UTC,2022-09-28 10:00:00.000 UTC,2,2022-09-28 10:00:00.000 UTC,1451.0
IQS,5d61fa84975b496a9eb447dd,102585,True,195,,,,2,,
IQS,e2ee8ed8780d419fa6fc24f9,102586,True,275,,,,2,,
IQS,5084e59f2de94c7bb0a6db54,102587,True,0,2022-05-16 10:00:00.000 UTC,2022-05-16 10:00:00.000 UTC,2022-05-16 10:00:00.000 UTC,0,2022-05-16 10:00:00.000 UTC,1586.0
IQS,812eda4f5c7f4ff59f9da412,102588,True,0,2025-04-11 10:00:00.000 UTC,2025-04-11 10:00:00.000 UTC,2025-04-11 10:00:00.000 UTC,0,2025-04-11 10:00:00.000 UTC,525.0
IQS,4aafcb3e8e714fd88a9f24ff,102589,True,365,,,,2,,
IQS,87fb5d4741294e4293afef12,102590,True,0,,,,0,,
IQS,f349813bf97540579ba2235e,102591,True,1062,,,2026-06-25 10:00:00.000 UTC,2,2026-06-25 10:00:00.000 UTC,85.0
IQS,c39fb2cbe60c4a8cbdd8add0,102592,True,579,2026-07-22 10:00:00.000 UTC,2026-07-22 10:00:00.000 UTC,,2,2026-07-22 10:00:00.000 UTC,58.0
IQS,2f56103e5539459bba794ae1,102593,True,0,,,,0,,
IQS,a988ecd0fe3c452dad19bc2f,102594,True,0,2022-09-22 10:00:00.000 UTC,2022-09-22 10:00:00.000 UTC,2022-09-22 10:00:00.000 UTC,0,2022-09-22 10:00:00.000 UTC,1457.0
IQS,e0d5230402234a27a76003fa,102595,True,1217,2022-10-08 10:00:00.000 UTC,2022-10-08 10:00:00.000 UTC,,2,2022-10-08 10:00:00.000 UTC,1441.0
IQS,9a19f2e0ef09427c9c9a5c54,102596,True,2348,2024-09-20 10:00:00.000 UTC,2024-09-20 10:00:00.000 UTC,,2,2024-09-20 10:00:00.000 UTC,728.0
IQS,e04cbd5835cd406e98cafc79,102597,True,940,2023-04-28 10:00:00.000 UTC,2023-04-28 10:00:00.000 UTC,2023-04-28 10:00:00.000 UTC,3,2023-04-28 10:00:00.000 UTC,1239.0
IQS,83d15debe7564c45b484f700,102598,True,1013,,,,2,,
IQS,580e2ff545ca485e899e573b,102599,True,3476,,,,3,,
IQS,8cb3560afe6d4277bffecbe0,102600,True,1594,2026-08-29 10:00:00.000 UTC,2026-08-29 10:00:00.000 UTC,,4,2026-08-29 10:00:00.000 UTC,20.0
IQS,3d4cd09bcec94256866826b4,102601,True,1807,2021-02-28 10:00:00.000 UTC,2021-02-28 10:00:00.000 UTC,,2,2021-02-28 10:00:00.000 UTC,2028.0
IQS,ef6e14fa13874b01b5ee90e6,102602,True,79,2023-03-10 10:00:00.000 UTC,2023-03-10 10:00:00.000 UTC,,1,2023-03-10 10:00:00.000 UTC,1288.0
IQS,cfe434697e0640ad8b1af5c9,102603,True,1474,2019-05-05 10:00:00.000 UTC,2019-05-05 10:00:00.000 UTC,2019-05-05 10:00:00.000 UTC,3,2019-05-05 10:00:00.000 UTC,2693.0
IQS,ede9179a43e14c56a8601593,102604,True,15345,,,,1,,
IQS,2378437146de4c8f8be8c4cb,102605,True,1966,2021-07-13 10:00:00.000 UTC,2021-07-13 10:00:00.000 UTC,,3,2021-07-13 10:00:00.000 UTC,1893.0
IQS,c4abccf5ab1d4daf9e5c3451,102606,True,0,,,,0,,
IQS,8a93c613e09d4927bf7953a1,102607,True,0,,,2024-11-01 10:00:00.000 UTC,0,2024-11-01 10:00:00.000 UTC,686.0
IQS,f0d7edd7f1c94196b251911b,102608,True,261,2020-09-30 10:00:00.000 UTC,2020-09-30 10:00:00.000 UTC,2020-09-30 10:00:00.000 UTC,1,2020-09-30 10:00:00.000 UTC,2179.0
IQS,ba8df77a7eb84a50a53c20a9,102609,True,0,,,,0,,
IQS,271f2cbbde954b4a9a200cbe,102610,True,1943,2024-09-09 10:00:00.000 UTC,2024-09-09 10:00:00.000 UTC,2024-09-09 10:00:00.000 UTC,1,2024-09-09 10:00:00.000 UTC,739.0
IQS,69f843f5dcee49a5908e6f5f,102611,True,0,,,,0,,
IQS,fcc6b4ed3a5941a298785e93,102612,True,0,2024-05-18 10:00:00.000 UTC,2024-05-18 10:00:00.000 UTC,,0,2024-05-18 10:00:00.000 UTC,853.0
IQS,90a8e7a3f9f546a5af193ece,102613,True,4206,,,,3,,
IQS,07544c97eee64c67a409fdee,102614,True,1526,2024-09-19 10:00:00.000 UTC,2024-09-19 10:00:00.000 UTC,,1,2024-09-19 10:00:00.000 UTC,729.0
IQS,5e5fa850e1a745c6850960e2,102615,True,282,,,,2,,
IQS,fb7951960a9240189191035c,102616,True,101,2015-07-12 10:00:00.000 UTC,2015-07-12 10:00:00.000 UTC,,1,2015-07-12 10:00:00.000 UTC,4086.0
IQS,233ddf89065e451e876af5ac,102617,True,1910,2023-02-16 10:00:00.000 UTC,2023-02-16 10:00:00.000 UTC,,1,2023-02-16 10:00:00.000 UTC,1310.0
IQS,a218d3524d9b48dab7209289,102618,True,1351,2024-07-29 10:00:00.000 UTC,2024-07-29 10:00:00.000 UTC,,1,2024-07-29 10:00:00.000 UTC,781.0
IQS,55768446c21f4adeaae420c7,102619,True,3658,,,,2,,
IQS,d0dd43d166994843a5171434,102620,True,2189,2025-03-06 10:00:00.000 UTC,2025-03-06 10:00:00.000 UTC,,1,2025-03-06 10:00:00.000 UTC,561.0
IQS,7d4374a1e5a94de6a64d8717,102621,True,0,2025-05-09 10:00:00.000 UTC,2025-05-09 10:00:00.000 UTC,2025-05-09 10:00:00.000 UTC,0,2025-05-09 10:00:00.000 UTC,497.0
IQS,5cb96ebc307f413085b6e30f,102622,True,0,,,,0,,
IQS,373821f12bb647dd94e583af,102623,True,799,2024-01-19 10:00:00.000 UTC,2024-01-19 10:00:00.000 UTC,,1,2024-01-19 10:00:00.000 UTC,973.0
IQS,9aa48c4994f9493c9e7ee389,102624,True,0,2024-09-13 10:00:00.000 UTC,2024-09-13 10:00:00.000 UTC,2024-09-13 10:00:00.000 UTC,0,2024-09-13 10:00:00.000 UTC,735.0
IQS,dc1db6256ce1438589e8db0b,102625,True,763,,,,1,,
IQS,6fd9a84ee45c48ed9dd63e57,102626,True,11046,2023-01-10 10:00:00.000 UTC,2023-01-10 10:00:00.000 UTC,,4,2023-01-10 10:00:00.000 UTC,1347.0
IQS,1fb62fd9771b4eec893c793c,102627,True,0,2025-10-04 10:00:00.000 UTC,2025-10-04 10:00:00.000 UTC,2025-10-04 10:00:00.000 UTC,0,2025-10-04 10:00:00.000 UTC,349.0
IQS,0b9e7bb8a756420591e7e7f7,102628,True,938,2026-08-05 10:00:00.000 UTC,2026-08-05 10:00:00.000 UTC,2026-08-05 10:00:00.000 UTC,1,2026-08-05 10:00:00.000 UTC,44.0
IQS,a2a3eb9afa1143c686825383,102629,True,6200,,,2024-09-11 10:00:00.000 UTC,2,2024-09-11 10:00:00.000 UTC,737.0
IQS,c164f7a2a1f24fb8a6627919,102630,True,916,2022-05-02 10:00:00.000 UTC,2022-05-02 10:00:00.000 UTC,2022-05-02 10:00:00.000 UTC,1,2022-05-02 10:00:00.000 UTC,1600.0
IQS,d7a4fbc98a5049098c4c83d1,102631,True,0,,,,0,,
IQS,01c58606200a4e2999d49274,102632,True,6831,2025-01-02 10:00:00.000 UTC,2025-01-02 10:00:00.000 UTC,2025-01-02 10:00:00.000 UTC,3,2025-01-02 10:00:00.000 UTC,624.0
IQS,e2705d4cabf84029b90e3076,102633,True,807,,,2024-04-06 10:00:00.000 UTC,2,2024-04-06 10:00:00.000 UTC,895.0
IQS,816f38fd0deb49fc8a0b2d9f,102634,True,696,,,,2,,
IQS,426d6774cf1645f48dd30011,102635,True,785,,,,2,,
IQS,9907f28b8ca94785a59df950,102636,True,4437,2024-10-07 10:00:00.000 UTC,2024-10-07 10:00:00.000 UTC,,3,2024-10-07 10:00:00.000 UTC,711.0
IQS,974d29ed6a1247dab941e47e,102637,True,601,2023-05-21 10:00:00.000 UTC,2023-05-21 10:00:00.000 UTC,2023-05-21 10:00:00.000 UTC,2,2023-05-21 10:00:00.000 UTC,1216.0
IQS,c315cc21b5254eb393c086bc,102638,True,295,,,,1,,
IQS,0746b9e2d8784e4a8a316371,102639,True,391,2024-03-02 10:00:00.000 UTC,2024-03-02 10:00:00.000 UTC,2024-03-02 10:00:00.000 UTC,2,2024-03-02 10:00:00.000 UTC,930.0
IQS,428fa5e4dc1c4efe962c0711,102640,True,0,2024-07-28 10:00:00.000 UTC,2024-07-28 10:00:00.000 UTC,,0,2024-07-28 10:00:00.000 UTC,782.0
IQS,8f5d5bb5754e48eab0d30a11,102641,True,1658,,,,3,,
IQS,45e58d9eaa7a4aeb899c8ce2,102642,True,724,,,,2,,
IQS,540d4acd408a430db69c0582,102643,True,776,2026-01-09 10:00:00.000 UTC,2026-01-09 10:00:00.000 UTC,2026-01-09 10:00:00.000 UTC,2,2026-01-09 10:00:00.000 UTC,252.0
IQS,896a47a1315e4d64a1ddccef,102644,True,365,2024-02-09 10:00:00.000 UTC,2024-02-09 10:00:00.000 UTC,2024-02-09 10:00:00.000 UTC,6,2024-02-09 10:00:00.000 UTC,952.0
IQS,a48a27e88aa04fad987196ee,102645,True,97,,,2026-08-18 10:00:00.000 UTC,1,2026-08-18 10:00:00.000 UTC,31.0
IQS,499c3e746eb1468089e3c3d5,102646,True,722,2025-05-10 10:00:00.000 UTC,2025-05-10 10:00:00.000 UTC,2025-05-10 10:00:00.000 UTC,2,2025-05-10 10:00:00.000 UTC,496.0
IQS,c0f435de25a9405786c11654,102647,True,0,2020-05-30 10:00:00.000 UTC,2020-05-30 10:00:00.000 UTC,2020-05-30 10:00:00.000 UTC,0,2020-05-30 10:00:00.000 UTC,2302.0
IQS,7ee3745d37c04d42b8228e58,102648,True,2515,,,2026-04-15 10:00:00.000 UTC,1,2026-04-15 10:00:00.000 UTC,156.0
IQS,2bc5f3d969b0424fa742a186,102649,True,942,,,2025-01-05 10:00:00.000 UTC,2,2025-01-05 10:00:00.000 UTC,621.0
IQS,96350c6f72a44565a2e0d732,102650,True,2514,,,,3,,
IQS,b223af9a77f84a8a959136f4,102651,True,7483,2020-11-03 10:00:00.000 UTC,2020-11-03 10:00:00.000 UTC,2020-11-03 10:00:00.000 UTC,1,2020-11-03 10:00:00.000 UTC,2145.0
IQS,842a945505cc48c2bfb8e00e,102652,True,330,2026-08-04 10:00:00.000 UTC,2026-08-04 10:00:00.000 UTC,2026-08-04 10:00:00.000 UTC,4,2026-08-04 10:00:00.000 UTC,45.0
IQS,e966df5a404a44b592e9425a,102653,True,2065,2026-06-25 10:00:00.000 UTC,2026-06-25 10:00:00.000 UTC,2026-06-25 10:00:00.000 UTC,2,2026-06-25 10:00:00.000 UTC,85.0
IQS,0470749b33904022abdba1ff,102654,True,0,2025-02-06 10:00:00.000 UTC,2025-02-06 10:00:00.000 UTC,,0,2025-02-06 10:00:00.000 UTC,589.0
IQS,8d2c3d8d9cad472bb2b9cf3e,102655,True,4047,2026-06-15 10:00:00.000 UTC,2026-06-15 10:00:00.000 UTC,2026-06-15 10:00:00.000 UTC,1,2026-06-15 10:00:00.000 UTC,95.0
IQS,6cce5d2491ed4bd4af64cf42,102656,True,283,2024-01-25 10:00:00.000 UTC,2024-01-25 10:00:00.000 UTC,,4,2024-01-25 10:00:00.000 UTC,967.0
IQS,f3daec0f9c4f44089508531f,102657,True,706,2018-02-17 10:00:00.000 UTC,2018-02-17 10:00:00.000 UTC,2018-02-17 10:00:00.000 UTC,2,2018-02-17 10:00:00.000 UTC,3135.0
IQS,f33e39ea88964d269134147b,102658,True,443,2024-08-27 10:00:00.000 UTC,2024-08-27 10:00:00.000 UTC,2024-08-27 10:00:00.000 UTC,2,2024-08-27 10:00:00.000 UTC,752.0
IQS,f7d24b3e1af741bdbcca53ad,102659,True,0,,,,0,,
IQS,217ea61462324ed29effc417,102660,True,1166,2025-11-28 10:00:00.000 UTC,2025-11-28 10:00:00.000 UTC,2025-11-28 10:00:00.000 UTC,2,2025-11-28 10:00:00.000 UTC,294.0
IQS,29f2b5845aea48f8b2bf4dbe,102661,True,1290,,,2022-10-02 10:00:00.000 UTC,1,2022-10-02 10:00:00.000 UTC,1447.0
IQS,bf56b87de29f4204b7f473de,102662,True,0,,,,0,,
IQS,1301bffd8fd44351a74f0e9e,102663,True,2308,,,2026-06-17 10:00:00.000 UTC,2,2026-06-17 10:00:00.000 UTC,93.0
IQS,b822f992310040d3837d3da8,102664,True,174,,,,1,,
IQS,581fb87d890f4da4ba246eb1,102665,True,330,,,2024-01-05 10:00:00.000 UTC,2,2024-01-05 10:00:00.000 UTC,987.0
IQS,14a3d6f3d82d4518bdfb47e9,102666,True,487,,,,1,,
IQS,55dae7ee10e5429f8d2f1d84,102667,True,3781,2024-11-05 10:00:00.000 UTC,2024-11-05 10:00:00.000 UTC,,1,2024-11-05 10:00:00.000 UTC,682.0
IQS,80f5571e9006456a8809f0d6,102668,True,0,2026-06-03 10:00:00.000 UTC,2026-06-03 10:00:00.000 UTC,2026-06-03 10:00:00.000 UTC,0,2026-06-03 10:00:00.000 UTC,107.0
IQS,8225de1bade048b1b7299d40,102669,True,1658,2022-05-15 10:00:00.000 UTC,2022-05-15 10:00:00.000 UTC,,2,2022-05-15 10:00:00.000 UTC,1587.0
IQS,244d437e4de04c5a957487e8,102670,True,1976,2026-02-23 10:00:00.000 UTC,2026-02-23 10:00:00.000 UTC,2026-02-23 10:00:00.000 UTC,1,2026-02-23 10:00:00.000 UTC,207.0
IQS,eadfb587f4c14b67a054b383,102671,True,2934,2021-11-02 10:00:00.000 UTC,2021-11-02 10:00:00.000 UTC,,2,2021-11-02 10:00:00.000 UTC,1781.0
IQS,b46d3b58f103461194f378d2,102672,True,4712,2024-12-08 10:00:00.000 UTC,2024-12-08 10:00:00.000 UTC,,2,2024-12-08 10:00:00.000 UTC,649.0
IQS,1d0acfc34d1d44c39606d335,102673,True,0,,,,0,,
IQS,78f6ea6bb78a44ac9fdd3f9f,102674,True,80,2024-10-16 10:00:00.000 UTC,2024-10-16 10:00:00.000 UTC,,3,2024-10-16 10:00:00.000 UTC,702.0
IQS,5f7995a32139419b85901ebc,102675,True,0,,,,0,,
IQS,46cab95b785543cc9e763e79,102676,True,1217,,,2020-03-05 10:00:00.000 UTC,3,2020-03-05 10:00:00.000 UTC,2388.0
IQS,cc4e817bdcd243979c58d28f,102677,True,1002,,,,3,,
IQS,eaa2970479e54a3d8bec687b,102678,True,705,,,,2,,
IQS,74eff7c0a7de4f0994b0036c,102679,True,466,2021-07-19 10:00:00.000 UTC,2021-07-19 10:00:00.000 UTC,,2,2021-07-19 10:00:00.000 UTC,1887.0
IQS,f37653ab69154566befc1409,102680,True,7209,,,,3,,
IQS,02a3bc0dd9274d669dc204b4,102681,True,0,2023-05-09 10:00:00.000 UTC,2023-05-09 10:00:00.000 UTC,,0,2023-05-09 10:00:00.000 UTC,1228.0
IQS,a238c69ceebd46a9adf96238,102682,True,0,,,,0,,
IQS,29d4963c62874f60b4408296,102683,True,1544,,,,1,,
IQS,78ab5377ecab4268ad6cedcc,102684,True,2331,,,,2,,
IQS,afca02958e7a4ac7b83cba4e,102685,True,507,2025-01-01 10:00:00.000 UTC,2025-01-01 10:00:00.000 UTC,,4,2025-01-01 10:00:00.000 UTC,625.0
IQS,05c85888cc8f444aa0ed53a2,102686,True,2461,2025-07-25 10:00:00.000 UTC,2025-07-25 10:00:00.000 UTC,,1,2025-07-25 10:00:00.000 UTC,420.0
IQS,32ffe862fcf24fefb304f971,102687,True,1222,2026-07-22 10:00:00.000 UTC,2026-07-22 10:00:00.000 UTC,,1,2026-07-22 10:00:00.000 UTC,58.0
IQS,b77a0f16045347a99b2c53e4,102688,True,234,,,,2,,
IQS,de6fdec69a2c4ff99ce8add0,102689,True,169,,,,2,,
IQS,b62b2937a53d4896985742ab,102690,True,5785,2024-09-27 10:00:00.000 UTC,2024-09-27 10:00:00.000 UTC,,2,2024-09-27 10:00:00.000 UTC,721.0
IQS,119a5da442b74feb83794547,102691,True,0,,,,0,,
IQS,184448d95c5b41d1baba8c74,102692,True,0,,,,0,,
IQS,1d42fedaef0c4076a878098b,102693,True,394,2026-07-22 10:00:00.000 UTC,2026-07-22 10:00:00.000 UTC,,2,2026-07-22 10:00:00.000 UTC,58.0
IQS,fc7c6315f7ba48a2b1bccb2c,102694,True,0,2021-07-12 10:00:00.000 UTC,2021-07-12 10:00:00.000 UTC,,0,2021-07-12 10:00:00.000 UTC,1894.0
IQS,c5c8917a4e634f87b5a3675d,102695,True,0,2026-07-31 10:00:00.000 UTC,2026-07-31 10:00:00.000 UTC,,0,2026-07-31 10:00:00.000 UTC,49.0
IQS,8b61c5ca14824149b2641f03,102696,True,3702,2021-02-14 10:00:00.000 UTC,2021-02-14 10:00:00.000 UTC,,2,2021-02-14 10:00:00.000 UTC,2042.0
IQS,0d80dae7e9bd4dcfb468123d,102697,True,14192,,,,2,,
IQS,0d66a2cf41714adab36974ff,102698,True,2005,2023-09-05 10:00:00.000 UTC,2023-09-05 10:00:00.000 UTC,,1,2023-09-05 10:00:00.000 UTC,1109.0
IQS,fe0948aa617b42f2b96721f0,102699,True,0,,,,0,,
IQS,fefa15c82c35440d8af65b40,102700,True,1334,,,,2,,
IQS,eab19cc048a34e1b879e2bf8,102701,True,287,,,,2,,
IQS,115fb8a38f454c3f8c6c67d8,102702,True,3681,,,,2,,
IQS,649d26be3b5f4872bda234ba,102703,True,93,,,,3,,
IQS,ab7c6829726b4f20aed79088,102704,True,0,2026-06-09 10:00:00.000 UTC,2026-06-09 10:00:00.000 UTC,2026-06-09 10:00:00.000 UTC,0,2026-06-09 10:00:00.000 UTC,101.0
IQS,271a10443f3746c0a2ad4fe2,102705,True,2704,2024-01-29 10:00:00.000 UTC,2024-01-29 10:00:00.000 UTC,,1,2024-01-29 10:00:00.000 UTC,963.0
IQS,0b5a0c92828c416082670e73,102706,True,656,2026-06-18 10:00:00.000 UTC,2026-06-18 10:00:00.000 UTC,,2,2026-06-18 10:00:00.000 UTC,92.0
IQS,dac1e5a2d07b4495ba594d43,102707,True,673,,,2024-11-23 10:00:00.000 UTC,1,2024-11-23 10:00:00.000 UTC,664.0
IQS,4f8316f2d82f4db993932cc9,102708,True,0,2025-10-13 10:00:00.000 UTC,2025-10-13 10:00:00.000 UTC,,0,2025-10-13 10:00:00.000 UTC,340.0
IQS,0563d39acc744bc28ef3eed4,102709,True,332,2021-02-20 10:00:00.000 UTC,2021-02-20 10:00:00.000 UTC,2021-02-20 10:00:00.000 UTC,3,2021-02-20 10:00:00.000 UTC,2036.0
IQS,c37dd652a44c4832b9985f77,102710,True,0,2026-07-31 10:00:00.000 UTC,2026-07-31 10:00:00.000 UTC,,0,2026-07-31 10:00:00.000 UTC,49.0
IQS,1b0ac3fa299a46d39a5ae6c6,102711,True,358,2020-07-23 10:00:00.000 UTC,2020-07-23 10:00:00.000 UTC,,1,2020-07-23 10:00:00.000 UTC,2248.0
IQS,49370f3259744bfaaf4ed6ef,102712,True,488,2026-03-06 10:00:00.000 UTC,2026-03-06 10:00:00.000 UTC,2026-03-06 10:00:00.000 UTC,4,2026-03-06 10:00:00.000 UTC,196.0
IQS,aa99833db50d4baea3f368ea,102713,True,1674,,,,1,,
IQS,9851301ad28c43f8a6a03087,102714,True,2892,,,2025-11-08 10:00:00.000 UTC,1,2025-11-08 10:00:00.000 UTC,314.0
IQS,1265b9871a9146e6865e3d11,102715,True,0,2026-07-22 10:00:00.000 UTC,2026-07-22 10:00:00.000 UTC,2026-07-22 10:00:00.000 UTC,0,2026-07-22 10:00:00.000 UTC,58.0
IQS,3294bb89a9714ee9a456f8b0,102716,True,432,,,,2,,
IQS,ab1c6a72695541118161a11a,102717,True,1112,2026-09-01 10:00:00.000 UTC,2026-09-01 10:00:00.000 UTC,2026-09-01 10:00:00.000 UTC,1,2026-09-01 10:00:00.000 UTC,17.0
IQS,4997eddff9e84157a3f1c4bf,102718,True,0,,,2025-02-22 10:00:00.000 UTC,0,2025-02-22 10:00:00.000 UTC,573.0
IQS,7b823f8956874b87acebf001,102719,True,22729,,,2023-07-21 10:00:00.000 UTC,5,2023-07-21 10:00:00.000 UTC,1155.0
IQS,a8841175b399463dbe34ab25,102720,True,1273,2026-04-16 10:00:00.000 UTC,2026-04-16 10:00:00.000 UTC,,1,2026-04-16 10:00:00.000 UTC,155.0
IQS,4d8ca3a787ed412f938f405a,102721,True,1223,2024-11-17 10:00:00.000 UTC,2024-11-17 10:00:00.000 UTC,,4,2024-11-17 10:00:00.000 UTC,670.0
IQS,1cb6e984a54b4f6d915f9d08,102722,True,0,,,2024-08-02 10:00:00.000 UTC,0,2024-08-02 10:00:00.000 UTC,777.0
IQS,430de5d705cd4cc1b497b5b0,102723,True,0,,,2025-07-15 10:00:00.000 UTC,0,2025-07-15 10:00:00.000 UTC,430.0
IQS,1d6dfecd63964a4e84123cee,102724,True,6225,,,2023-01-27 10:00:00.000 UTC,2,2023-01-27 10:00:00.000 UTC,1330.0
IQS,01aab3aa876e43fcb6696fe4,102725,True,542,2023-10-26 10:00:00.000 UTC,2023-10-26 10:00:00.000 UTC,,1,2023-10-26 10:00:00.000 UTC,1058.0
IQS,c41f75bb0ec54c2bacd091c7,102726,True,0,2026-06-22 10:00:00.000 UTC,2026-06-22 10:00:00.000 UTC,2026-06-22 10:00:00.000 UTC,0,2026-06-22 10:00:00.000 UTC,88.0
IQS,05581a3f80354c32ab932bcd,102727,True,1946,2025-11-12 10:00:00.000 UTC,2025-11-12 10:00:00.000 UTC,2025-11-12 10:00:00.000 UTC,2,2025-11-12 10:00:00.000 UTC,310.0
IQS,5a07c73ee5c8426e8feb9dc5,102728,True,0,,,,0,,
IQS,576839dfaeca4fabbf9584a2,102729,True,1382,2026-06-23 10:00:00.000 UTC,2026-06-23 10:00:00.000 UTC,2026-06-23 10:00:00.000 UTC,2,2026-06-23 10:00:00.000 UTC,87.0
IQS,af06cf4c5a634860a3528fef,102730,True,0,2024-05-21 10:00:00.000 UTC,2024-05-21 10:00:00.000 UTC,,0,2024-05-21 10:00:00.000 UTC,850.0
IQS,d0e61b6105624c50b5eb651f,102731,True,2496,2024-10-10 10:00:00.000 UTC,2024-10-10 10:00:00.000 UTC,,2,2024-10-10 10:00:00.000 UTC,708.0
IQS,29ca99b4af1340b680ae88da,102732,True,0,2025-01-01 10:00:00.000 UTC,2025-01-01 10:00:00.000 UTC,2025-01-01 10:00:00.000 UTC,0,2025-01-01 10:00:00.000 UTC,625.0
IQS,c8a5cb1ecc8249d795e90ea9,102733,True,623,2025-04-19 10:00:00.000 UTC,2025-04-19 10:00:00.000 UTC,,2,2025-04-19 10:00:00.000 UTC,517.0
IQS,9eb1580bf86b4e71a601d6f5,102734,True,100,2023-04-28 10:00:00.000 UTC,2023-04-28 10:00:00.000 UTC,,2,2023-04-28 10:00:00.000 UTC,1239.0
IQS,db62f6a7ae4540fcb6cf44d1,102735,True,967,2024-06-04 10:00:00.000 UTC,2024-06-04 10:00:00.000 UTC,2024-06-04 10:00:00.000 UTC,1,2024-06-04 10:00:00.000 UTC,836.0
IQS,83aa9706d34f4c44a802acc1,102736,True,0,,,,0,,
IQS,bed5a88bb13c4ef2be414b6d,102737,True,1555,,,,1,,
IQS,cea6b623e6e040358886e929,102738,True,329,2024-06-26 10:00:00.000 UTC,2024-06-26 10:00:00.000 UTC,2024-06-26 10:00:00.000 UTC,2,2024-06-26 10:00:00.000 UTC,814.0
IQS,f9bfa59e1afc403b8537f00d,102739,True,2166,2023-09-23 10:00:00.000 UTC,2023-09-23 10:00:00.000 UTC,2023-09-23 10:00:00.000 UTC,3,2023-09-23 10:00:00.000 UTC,1091.0
IQS,a64376ba6b19427ea92f24d6,102740,True,15067,2022-04-11 10:00:00.000 UTC,2022-04-11 10:00:00.000 UTC,,1,2022-04-11 10:00:00.000 UTC,1621.0
IQS,e32ae4c89558431c8816c3e0,102741,True,0,2026-08-14 10:00:00.000 UTC,2026-08-14 10:00:00.000 UTC,,0,2026-08-14 10:00:00.000 UTC,35.0
IQS,b169b8ca08c540319960623b,102742,True,130,2024-02-22 10:00:00.000 UTC,2024-02-22 10:00:00.000 UTC,2024-02-22 10:00:00.000 UTC,3,2024-02-22 10:00:00.000 UTC,939.0
IQS,b00862866acb42e081954479,102743,True,6404,2022-11-14 10:00:00.000 UTC,2022-11-14 10:00:00.000 UTC,2022-11-14 10:00:00.000 UTC,1,2022-11-14 10:00:00.000 UTC,1404.0
IQS,cc3ec61607ce40629fb50b35,102744,True,1193,2024-10-20 10:00:00.000 UTC,2024-10-20 10:00:00.000 UTC,2024-10-20 10:00:00.000 UTC,2,2024-10-20 10:00:00.000 UTC,698.0
IQS,ac30545ff0c544c9a260daa8,102745,True,0,,,2025-01-23 10:00:00.000 UTC,0,2025-01-23 10:00:00.000 UTC,603.0
IQS,7d8f2c412d1d46f5a92f1075,102746,True,1224,,,,3,,
IQS,bf2f4b6f3ecd4309902e510d,102747,True,0,,,2023-11-11 10:00:00.000 UTC,0,2023-11-11 10:00:00.000 UTC,1042.0
IQS,f7cca111a84343f6bc339522,102748,True,1042,,,2019-11-23 10:00:00.000 UTC,3,2019-11-23 10:00:00.000 UTC,2491.0
IQS,b55a2cdca580406e83641f5e,102749,True,2755,2023-09-15 10:00:00.000 UTC,2023-09-15 10:00:00.000 UTC,2023-09-15 10:00:00.000 UTC,2,2023-09-15 10:00:00.000 UTC,1099.0
IQS,ca38356e4e024203970b3f0e,102750,True,90,2026-05-24 10:00:00.000 UTC,2026-05-24 10:00:00.000 UTC,,4,2026-05-24 10:00:00.000 UTC,117.0
IQS,18b155f0d3d94396a7e9c5b7,102751,True,3459,,,,3,,
IQS,3e7df46059434f88a4cfe2ac,102752,True,0,2025-07-10 10:00:00.000 UTC,2025-07-10 10:00:00.000 UTC,2025-07-10 10:00:00.000 UTC,0,2025-07-10 10:00:00.000 UTC,435.0
IQS,2ade64868364437ea19bb57a,102753,True,783,2024-10-06 10:00:00.000 UTC,2024-10-06 10:00:00.000 UTC,2024-10-06 10:00:00.000 UTC,5,2024-10-06 10:00:00.000 UTC,712.0
IQS,a8954f8b60814bf695a01863,102754,True,0,2020-06-20 10:00:00.000 UTC,2020-06-20 10:00:00.000 UTC,2020-06-20 10:00:00.000 UTC,0,2020-06-20 10:00:00.000 UTC,2281.0
IQS,69471b8eed254b69b2b8fb34,102755,True,0,2025-09-09 10:00:00.000 UTC,2025-09-09 10:00:00.000 UTC,2025-09-09 10:00:00.000 UTC,0,2025-09-09 10:00:00.000 UTC,374.0
IQS,249294becbb6479f8eca9ca8,102756,True,0,2023-08-12 10:00:00.000 UTC,2023-08-12 10:00:00.000 UTC,2023-08-12 10:00:00.000 UTC,0,2023-08-12 10:00:00.000 UTC,1133.0
IQS,e00643c7dc9f4952a500107d,102757,True,561,,,,1,,
IQS,0c9467f11ee941efacb06f35,102758,True,0,2026-01-25 10:00:00.000 UTC,2026-01-25 10:00:00.000 UTC,,0,2026-01-25 10:00:00.000 UTC,236.0
IQS,cff055a74bb245ffbbd031c4,102759,True,49,2024-04-03 10:00:00.000 UTC,2024-04-03 10:00:00.000 UTC,,2,2024-04-03 10:00:00.000 UTC,898.0
IQS,84d40c0053c94530bda6293b,102760,True,484,,,2026-08-24 10:00:00.000 UTC,3,2026-08-24 10:00:00.000 UTC,25.0
IQS,3bf85bb040cc40d2bd462b73,102761,True,436,,,2023-07-15 10:00:00.000 UTC,3,2023-07-15 10:00:00.000 UTC,1161.0
IQS,0a6184e8fa9d4e30bd7f0868,102762,True,261,,,2022-07-09 10:00:00.000 UTC,3,2022-07-09 10:00:00.000 UTC,1532.0
IQS,dd1abe7981f8438ca8fc7885,102763,True,731,2024-09-03 10:00:00.000 UTC,2024-09-03 10:00:00.000 UTC,2024-09-03 10:00:00.000 UTC,2,2024-09-03 10:00:00.000 UTC,745.0
IQS,e826ca60d6a340348f7101c5,102764,True,1855,,,2022-01-23 10:00:00.000 UTC,1,2022-01-23 10:00:00.000 UTC,1699.0
IQS,0c424e3364994d62b86ed1d4,102765,True,815,,,,1,,
IQS,09c83493eb9a4d5481efce81,102766,True,185,2021-08-28 10:00:00.000 UTC,2021-08-28 10:00:00.000 UTC,,1,2021-08-28 10:00:00.000 UTC,1847.0
IQS,a68ec2f78e7345ab95dc9ec6,102767,True,1590,,,2026-06-26 10:00:00.000 UTC,3,2026-06-26 10:00:00.000 UTC,84.0
IQS,3fca3a0428444e1ebe2e4afd,102768,True,550,2025-08-26 10:00:00.000 UTC,2025-08-26 10:00:00.000 UTC,2025-08-26 10:00:00.000 UTC,4,2025-08-26 10:00:00.000 UTC,388.0
IQS,a92fc37419d84dc8a3a8480a,102769,True,672,2026-08-07 10:00:00.000 UTC,2026-08-07 10:00:00.000 UTC,,1,2026-08-07 10:00:00.000 UTC,42.0
IQS,b3175142fd12443ea640f3df,102770,True,58,,,,1,,
IQS,72a9d20cd6ff47d081f4bb2b,102771,True,154,2023-09-17 10:00:00.000 UTC,2023-09-17 10:00:00.000 UTC,2023-09-17 10:00:00.000 UTC,2,2023-09-17 10:00:00.000 UTC,1097.0
IQS,2bcbda4e32134623a8d067ec,102772,True,611,,,,2,,
IQS,f9bb819c15f94f93907d7f23,102773,True,173,2020-09-20 10:00:00.000 UTC,2020-09-20 10:00:00.000 UTC,,1,2020-09-20 10:00:00.000 UTC,2189.0
IQS,24a45574f54745e0b571d163,102774,True,719,2022-04-26 10:00:00.000 UTC,2022-04-26 10:00:00.000 UTC,,3,2022-04-26 10:00:00.000 UTC,1606.0
IQS,edfa8a4fd9524dbb9503e409,102775,True,639,,,,1,,
IQS,f31742742e214038a624287a,102776,True,0,,,2020-12-14 10:00:00.000 UTC,0,2020-12-14 10:00:00.000 UTC,2104.0
IQS,29fec145783948e49ea9a6ec,102777,True,0,,,2022-11-25 10:00:00.000 UTC,0,2022-11-25 10:00:00.000 UTC,1393.0
IQS,f0379f3265154cc0948ab985,102778,True,163,2024-05-17 10:00:00.000 UTC,2024-05-17 10:00:00.000 UTC,,3,2024-05-17 10:00:00.000 UTC,854.0
IQS,04e62bca28624b5ebfa7cb71,102779,True,137,2018-08-20 10:00:00.000 UTC,2018-08-20 10:00:00.000 UTC,,2,2018-08-20 10:00:00.000 UTC,2951.0
IQS,22440d681ad34ec4a6657a10,102780,True,3768,2022-05-04 10:00:00.000 UTC,2022-05-04 10:00:00.000 UTC,2022-05-04 10:00:00.000 UTC,1,2022-05-04 10:00:00.000 UTC,1598.0
IQS,0857c1dbf47a4adfbf9aca78,102781,True,0,2023-02-19 10:00:00.000 UTC,2023-02-19 10:00:00.000 UTC,2023-02-19 10:00:00.000 UTC,0,2023-02-19 10:00:00.000 UTC,1307.0
IQS,866be902dc0c458bbc376cbc,102782,True,857,2026-06-16 10:00:00.000 UTC,2026-06-16 10:00:00.000 UTC,2026-06-16 10:00:00.000 UTC,1,2026-06-16 10:00:00.000 UTC,94.0
IQS,c50da790c85e48cf9d9cd718,102783,True,4039,2025-05-17 10:00:00.000 UTC,2025-05-17 10:00:00.000 UTC,,1,2025-05-17 10:00:00.000 UTC,489.0
IQS,bbb88782c7d244988319f036,102784,True,2137,2022-10-21 10:00:00.000 UTC,2022-10-21 10:00:00.000 UTC,2022-10-21 10:00:00.000 UTC,1,2022-10-21 10:00:00.000 UTC,1428.0
IQS,cc65636eb1e74e05a133c471,102785,True,574,2023-11-26 10:00:00.000 UTC,2023-11-26 10:00:00.000 UTC,2023-11-26 10:00:00.000 UTC,1,2023-11-26 10:00:00.000 UTC,1027.0
IQS,847fe99af9a0439689471a78,102786,True,2896,,,2025-12-15 10:00:00.000 UTC,1,2025-12-15 10:00:00.000 UTC,277.0
IQS,d2d62020d0b0402ba1ed3195,102787,True,1101,2022-08-02 10:00:00.000 UTC,2022-08-02 10:00:00.000 UTC,2022-08-02 10:00:00.000 UTC,2,2022-08-02 10:00:00.000 UTC,1508.0
IQS,af180feb46e24857837b484e,102788,True,1411,,,,2,,
IQS,73d11d150985459a9f3c6be5,102789,True,57,,,,2,,
IQS,a5d601aca206430daa89e826,102790,True,2174,,,,2,,
IQS,99e509385fda4ca59acb6803,102791,True,12952,,,2026-09-13 10:00:00.000 UTC,3,2026-09-13 10:00:00.000 UTC,5.0
IQS,272a9a33005648c7afa2a271,102792,True,0,2024-08-27 10:00:00.000 UTC,2024-08-27 10:00:00.000 UTC,,0,2024-08-27 10:00:00.000 UTC,752.0
IQS,51a88a93cff94f5f8c8e4f47,102793,True,3495,,,2026-08-20 10:00:00.000 UTC,1,2026-08-20 10:00:00.000 UTC,29.0
IQS,d5714a2a8e31448faaa9b86b,102794,True,2442,,,,3,,
IQS,accaad9789c34b11b041c3c5,102795,True,0,2023-02-20 10:00:00.000 UTC,2023-02-20 10:00:00.000 UTC,,0,2023-02-20 10:00:00.000 UTC,1306.0
IQS,ca43c33a44254b4aaad30f79,102796,True,0,,,2019-11-25 10:00:00.000 UTC,0,2019-11-25 10:00:00.000 UTC,2489.0
IQS,7bea95fbfb6b41b4b7542ad7,102797,True,0,,,,0,,
IQS,ab1289207494477989a0bc8f,102798,True,1089,2019-12-30 10:00:00.000 UTC,2019-12-30 10:00:00.000 UTC,,1,2019-12-30 10:00:00.000 UTC,2454.0
IQS,1691408095fb4c07b6c1fb0b,102799,True,1394,2025-11-18 10:00:00.000 UTC,2025-11-18 10:00:00.000 UTC,2025-11-18 10:00:00.000 UTC,1,2025-11-18 10:00:00.000 UTC,304.0
IQS,245bb60b47b44f6cb0e51111,102800,True,2546,2025-01-05 10:00:00.000 UTC,2025-01-05 10:00:00.000 UTC,,1,2025-01-05 10:00:00.000 UTC,621.0
IQS,a8d24a314ab945cd83ac15c0,102801,True,1040,2024-08-21 10:00:00.000 UTC,2024-08-21 10:00:00.000 UTC,,2,2024-08-21 10:00:00.000 UTC,758.0
IQS,88b868238c6840239ea1c2b7,102802,True,1140,,,,2,,
IQS,74271c3c98b24bf793d013eb,102803,True,1039,2024-02-27 10:00:00.000 UTC,2024-02-27 10:00:00.000 UTC,,3,2024-02-27 10:00:00.000 UTC,934.0
IQS,b9b3461736634825a1627289,102804,True,188,,,,4,,
IQS,e2abea5a2f564c36a7ca4b4b,102805,True,922,2025-12-25 10:00:00.000 UTC,2025-12-25 10:00:00.000 UTC,,3,2025-12-25 10:00:00.000 UTC,267.0
IQS,e3f467fba62d44ce9f4f8876,102806,True,1177,2023-06-12 10:00:00.000 UTC,2023-06-12 10:00:00.000 UTC,2023-06-12 10:00:00.000 UTC,2,2023-06-12 10:00:00.000 UTC,1194.0
IQS,85afc80326cc4869b58111fc,102807,True,0,,,2023-02-10 10:00:00.000 UTC,0,2023-02-10 10:00:00.000 UTC,1316.0
IQS,f8ce5dcce3334d258a7be210,102808,True,1537,2024-12-07 10:00:00.000 UTC,2024-12-07 10:00:00.000 UTC,2024-12-07 10:00:00.000 UTC,1,2024-12-07 10:00:00.000 UTC,650.0
IQS,c739800176234d2f9a813cd1,102809,True,674,,,2026-08-08 10:00:00.000 UTC,3,2026-08-08 10:00:00.000 UTC,41.0
IQS,63e1de7bb689485fba8cacbf,102810,True,2201,2024-12-14 10:00:00.000 UTC,2024-12-14 10:00:00.000 UTC,2024-12-14 10:00:00.000 UTC,4,2024-12-14 10:00:00.000 UTC,643.0
IQS,48c784f9805b4e1f8b69c0b2,102811,True,0,2026-03-18 10:00:00.000 UTC,2026-03-18 10:00:00.000 UTC,2026-03-18 10:00:00.000 UTC,0,2026-03-18 10:00:00.000 UTC,184.0
IQS,bda14a0d9b1244e2b1984ab5,102812,True,6112,,,2024-08-03 10:00:00.000 UTC,2,2024-08-03 10:00:00.000 UTC,776.0
IQS,c16410eaea244007871c11ff,102813,True,0,,,2023-06-23 10:00:00.000 UTC,0,2023-06-23 10:00:00.000 UTC,1183.0
IQS,25e89081c89649a5a9582107,102814,True,2921,2023-04-30 10:00:00.000 UTC,2023-04-30 10:00:00.000 UTC,,2,2023-04-30 10:00:00.000 UTC,1237.0
IQS,0441b916b8e74bbebf0e3b5e,102815,True,2535,2025-12-01 10:00:00.000 UTC,2025-12-01 10:00:00.000 UTC,,3,2025-12-01 10:00:00.000 UTC,291.0
IQS,74408273414540d0bff5b19e,102816,True,6245,,,2025-02-04 10:00:00.000 UTC,1,2025-02-04 10:00:00.000 UTC,591.0
IQS,8031f0989f1746debb6778af,102817,True,2811,2023-12-16 10:00:00.000 UTC,2023-12-16 10:00:00.000 UTC,2023-12-16 10:00:00.000 UTC,3,2023-12-16 10:00:00.000 UTC,1007.0
IQS,57717950eb154988adaf73c9,102818,True,0,,,2021-02-17 10:00:00.000 UTC,0,2021-02-17 10:00:00.000 UTC,2039.0
IQS,90f643b92d1f436b931ba02b,102819,True,2094,2026-06-05 10:00:00.000 UTC,2026-06-05 10:00:00.000 UTC,2026-06-05 10:00:00.000 UTC,1,2026-06-05 10:00:00.000 UTC,105.0
IQS,08f2d370d05e44b298e57fd2,102820,True,10923,2022-01-24 10:00:00.000 UTC,2022-01-24 10:00:00.000 UTC,,5,2022-01-24 10:00:00.000 UTC,1698.0
IQS,922a1f0bf13f487fb161fdbb,102821,True,4078,2022-10-17 10:00:00.000 UTC,2022-10-17 10:00:00.000 UTC,,2,2022-10-17 10:00:00.000 UTC,1432.0
IQS,594b13ecc6a84ac98fb231db,102822,True,2210,,,2024-10-11 10:00:00.000 UTC,1,2024-10-11 10:00:00.000 UTC,707.0
IQS,4b561e7423994493b6689434,102823,True,498,,,2023-03-30 10:00:00.000 UTC,1,2023-03-30 10:00:00.000 UTC,1268.0
IQS,4e4af29c6f2747718abbac1a,102824,True,0,,,,0,,
IQS,0f50f6b878764bb9b44b7ba2,102825,True,0,,,2023-12-19 10:00:00.000 UTC,0,2023-12-19 10:00:00.000 UTC,1004.0
IQS,1d23816f6d1241a9be0e974b,102826,True,2035,,,2026-06-20 10:00:00.000 UTC,2,2026-06-20 10:00:00.000 UTC,90.0
IQS,69a8f6cb3ece4d2e9c557e67,102827,True,829,,,,2,,
IQS,1d3184a7365a45ef90a5c1e0,102828,True,0,2026-08-06 10:00:00.000 UTC,2026-08-06 10:00:00.000 UTC,,0,2026-08-06 10:00:00.000 UTC,43.0
IQS,2934afcce84e457b89e75126,102829,True,0,2021-04-19 10:00:00.000 UTC,2021-04-19 10:00:00.000 UTC,2021-04-19 10:00:00.000 UTC,0,2021-04-19 10:00:00.000 UTC,1978.0
IQS,4f01b33d099142f3b81e4009,102830,True,0,,,,0,,
IQS,e27c1974437a4d9d9a8e6a13,102831,True,2399,2021-08-16 10:00:00.000 UTC,2021-08-16 10:00:00.000 UTC,,4,2021-08-16 10:00:00.000 UTC,1859.0
IQS,1717af5fda924b07af02a9d7,102832,True,0,2022-07-27 10:00:00.000 UTC,2022-07-27 10:00:00.000 UTC,,0,2022-07-27 10:00:00.000 UTC,1514.0
IQS,109a7196d95842f8b84b582f,102833,True,0,2023-09-22 10:00:00.000 UTC,2023-09-22 10:00:00.000 UTC,,0,2023-09-22 10:00:00.000 UTC,1092.0
IQS,ed087b13833d40c8a59c3183,102834,True,37,,,,3,,
IQS,ba56cba41c314a609ed88b55,102835,True,4998,2024-08-20 10:00:00.000 UTC,2024-08-20 10:00:00.000 UTC,2024-08-20 10:00:00.000 UTC,1,2024-08-20 10:00:00.000 UTC,759.0
IQS,7768d95578084c209e3eefb4,102836,True,0,2025-08-21 10:00:00.000 UTC,2025-08-21 10:00:00.000 UTC,2025-08-21 10:00:00.000 UTC,0,2025-08-21 10:00:00.000 UTC,393.0
IQS,ae5384ea1f5640bd8dccc307,102837,True,3756,2024-09-15 10:00:00.000 UTC,2024-09-15 10:00:00.000 UTC,2024-09-15 10:00:00.000 UTC,2,2024-09-15 10:00:00.000 UTC,733.0
IQS,5c8d40a500cc474691077fda,102838,True,0,2022-08-26 10:00:00.000 UTC,2022-08-26 10:00:00.000 UTC,2022-08-26 10:00:00.000 UTC,0,2022-08-26 10:00:00.000 UTC,1484.0
IQS,3d42b591b73145a29d9f8b36,102839,True,1383,,,2023-02-18 10:00:00.000 UTC,3,2023-02-18 10:00:00.000 UTC,1308.0
IQS,ebfa7fc43e6144eda24481f8,102840,True,2379,2026-09-05 10:00:00.000 UTC,2026-09-05 10:00:00.000 UTC,2026-09-05 10:00:00.000 UTC,1,2026-09-05 10:00:00.000 UTC,13.0
IQS,16b1708061d2465e9b516a15,102841,True,0,2026-07-19 10:00:00.000 UTC,2026-07-19 10:00:00.000 UTC,2026-07-19 10:00:00.000 UTC,0,2026-07-19 10:00:00.000 UTC,61.0
IQS,dd4c77df16cf4414bf00cebc,102842,True,4514,,,,1,,
IQS,2135ff00f94642748365e83a,102843,True,0,,,2026-08-16 10:00:00.000 UTC,0,2026-08-16 10:00:00.000 UTC,33.0
IQS,2a6cf9236e3f436c9cc47d4f,102844,True,529,,,,2,,
IQS,fb7e8315ee1e4ea79e1844b5,102845,True,0,,,,0,,
IQS,d1e74c9d1aee4c98811503c6,102846,True,3601,2025-02-28 10:00:00.000 UTC,2025-02-28 10:00:00.000 UTC,,2,2025-02-28 10:00:00.000 UTC,567.0
IQS,b98d75d906394778953b753e,102847,True,1750,,,,2,,
IQS,be97abcacaed46cd835d80b8,102848,True,1882,2024-05-06 10:00:00.000 UTC,2024-05-06 10:00:00.000 UTC,2024-05-06 10:00:00.000 UTC,1,2024-05-06 10:00:00.000 UTC,865.0
IQS,2046450a8e8c4166a68c44de,102849,True,0,,,,0,,
IQS,aa4a04d1b53746bca449b7c3,102850,True,0,2024-09-12 10:00:00.000 UTC,2024-09-12 10:00:00.000 UTC,2024-09-12 10:00:00.000 UTC,0,2024-09-12 10:00:00.000 UTC,736.0
IQS,e0a2619433644fc68871bcf5,102851,True,254,,,2026-08-12 10:00:00.000 UTC,2,2026-08-12 10:00:00.000 UTC,37.0
IQS,0a3d339421264330a87b1c6e,102852,True,0,,,,0,,
IQS,95716856990546b6915ac281,102853,True,840,,,,2,,
IQS,9bbfb33ddedb494391e98dc7,102854,True,1747,,,2021-11-25 10:00:00.000 UTC,2,2021-11-25 10:00:00.000 UTC,1758.0
IQS,a82f24a91c894a658679de7d,102855,True,980,,,,5,,
IQS,6ba22370215c4a31aa450614,102856,True,4914,,,2025-05-23 10:00:00.000 UTC,2,2025-05-23 10:00:00.000 UTC,483.0
IQS,8f283b47f11c4c7382455e35,102857,True,0,2020-06-21 10:00:00.000 UTC,2020-06-21 10:00:00.000 UTC,,0,2020-06-21 10:00:00.000 UTC,2280.0
IQS,9ab9282b6c4e416d99a79663,102858,True,0,,,,0,,
IQS,43a0470f4f0a40b09a0d3b2d,102859,True,4401,2023-04-16 10:00:00.000 UTC,2023-04-16 10:00:00.000 UTC,2023-04-16 10:00:00.000 UTC,3,2023-04-16 10:00:00.000 UTC,1251.0
IQS,1f347c06cf4e432bb4400858,102860,True,0,,,,0,,
IQS,047a4a3c10b34c38bd23d3b9,102861,True,0,2026-06-15 10:00:00.000 UTC,2026-06-15 10:00:00.000 UTC,2026-06-15 10:00:00.000 UTC,0,2026-06-15 10:00:00.000 UTC,95.0
IQS,a12b40c457974acfa2e603a7,102862,True,810,2024-06-24 10:00:00.000 UTC,2024-06-24 10:00:00.000 UTC,2024-06-24 10:00:00.000 UTC,2,2024-06-24 10:00:00.000 UTC,816.0
IQS,732913f4b47a4f88b3f0af8c,102863,True,6971,2024-10-08 10:00:00.000 UTC,2024-10-08 10:00:00.000 UTC,2024-10-08 10:00:00.000 UTC,2,2024-10-08 10:00:00.000 UTC,710.0
IQS,b74bef004f6b4897a73957f5,102864,True,0,2024-12-07 10:00:00.000 UTC,2024-12-07 10:00:00.000 UTC,,0,2024-12-07 10:00:00.000 UTC,650.0
IQS,a77b0e7683da403d95c082f9,102865,True,136,2021-01-30 10:00:00.000 UTC,2021-01-30 10:00:00.000 UTC,2021-01-30 10:00:00.000 UTC,2,2021-01-30 10:00:00.000 UTC,2057.0
IQS,52d36df7a1a44a9288e19b1b,102866,True,2969,2026-02-20 10:00:00.000 UTC,2026-02-20 10:00:00.000 UTC,2026-02-20 10:00:00.000 UTC,2,2026-02-20 10:00:00.000 UTC,210.0
IQS,0308d2d5b53e41cab5d58791,102867,True,298,,,,2,,
IQS,be7fed5de8354a758f637bc6,102868,True,7916,2023-12-23 10:00:00.000 UTC,2023-12-23 10:00:00.000 UTC,,3,2023-12-23 10:00:00.000 UTC,1000.0
IQS,1148c016dff54c4c866a8197,102869,True,6787,,,,2,,
IQS,ce3aa71b2a684f2985f63f7e,102870,True,0,,,,0,,
IQS,4c8ba5296dcf42a39c3d6e36,102871,True,4006,2024-11-15 10:00:00.000 UTC,2024-11-15 10:00:00.000 UTC,2024-11-15 10:00:00.000 UTC,2,2024-11-15 10:00:00.000 UTC,672.0
IQS,533288d96e954ba1b58eb2b2,102872,True,565,2021-10-22 10:00:00.000 UTC,2021-10-22 10:00:00.000 UTC,2021-10-22 10:00:00.000 UTC,1,2021-10-22 10:00:00.000 UTC,1792.0
IQS,6b817568a45348a4b100c0cb,102873,True,0,2024-07-20 10:00:00.000 UTC,2024-07-20 10:00:00.000 UTC,,0,2024-07-20 10:00:00.000 UTC,790.0
IQS,b17804adfe2d4f848bcc7229,102874,True,2069,,,,2,,
IQS,b41495acde1f4c8284f80c9c,102875,True,626,,,,1,,
IQS,95a93e6114fd40cab185bb81,102876,True,1967,2024-12-24 10:00:00.000 UTC,2024-12-24 10:00:00.000 UTC,,2,2024-12-24 10:00:00.000 UTC,633.0
IQS,5fda447122934fbca891cb39,102877,True,901,,,,2,,
IQS,5da5e684db6c4a6785c9c7e4,102878,True,0,,,,0,,
IQS,7e81f4b4bcc5475780c4f7c9,102879,True,13064,,,,1,,
IQS,ef7107526dde495cb227cf92,102880,True,2728,,,2018-08-01 10:00:00.000 UTC,1,2018-08-01 10:00:00.000 UTC,2970.0
IQS,1dd7f3a0045f4857a67a9798,102881,True,375,2023-06-26 10:00:00.000 UTC,2023-06-26 10:00:00.000 UTC,2023-06-26 10:00:00.000 UTC,2,2023-06-26 10:00:00.000 UTC,1180.0
IQS,b9265580b3d4439e965c5795,102882,True,367,2025-07-22 10:00:00.000 UTC,2025-07-22 10:00:00.000 UTC,,1,2025-07-22 10:00:00.000 UTC,423.0
IQS,3295e720b2704f9abfa88e1f,102883,True,614,,,2024-03-14 10:00:00.000 UTC,2,2024-03-14 10:00:00.000 UTC,918.0
IQS,3468e97c1b9e4cceb5b6b33b,102884,True,573,,,,4,,
IQS,09d7116511c347d5bbe842b6,102885,True,0,,,,0,,
IQS,ad1d8a80a41e4d5d9abed41b,102886,True,0,2026-06-05 10:00:00.000 UTC,2026-06-05 10:00:00.000 UTC,2026-06-05 10:00:00.000 UTC,0,2026-06-05 10:00:00.000 UTC,105.0
IQS,ab8f532d60db4ef9ae90b939,102887,True,0,2022-05-25 10:00:00.000 UTC,2022-05-25 10:00:00.000 UTC,,0,2022-05-25 10:00:00.000 UTC,1577.0
IQS,1b43f6a91c104e7297c45337,102888,True,0,,,,0,,
IQS,7ed64f6d1b584153a1c84e19,102889,True,0,,,2023-05-05 10:00:00.000 UTC,0,2023-05-05 10:00:00.000 UTC,1232.0
IQS,1ee9f6241c8049b18b4250e5,102890,True,0,2024-11-04 10:00:00.000 UTC,2024-11-04 10:00:00.000 UTC,2024-11-04 10:00:00.000 UTC,0,2024-11-04 10:00:00.000 UTC,683.0
IQS,14b8fccab070487da59a9bd9,102891,True,983,2025-09-30 10:00:00.000 UTC,2025-09-30 10:00:00.000 UTC,2025-09-30 10:00:00.000 UTC,3,2025-09-30 10:00:00.000 UTC,353.0
IQS,62af377d2209497d93397f51,102892,True,1759,2026-06-11 10:00:00.000 UTC,2026-06-11 10:00:00.000 UTC,,1,2026-06-11 10:00:00.000 UTC,99.0
IQS,fbc5a04864d44f6e894f7b36,102893,True,8070,,,,2,,
IQS,e82283ed535e41f89a684722,102894,True,0,2022-12-15 10:00:00.000 UTC,2022-12-15 10:00:00.000 UTC,2022-12-15 10:00:00.000 UTC,0,2022-12-15 10:00:00.000 UTC,1373.0
IQS,9dc45555a8eb4b82bcd26842,102895,True,0,2024-05-10 10:00:00.000 UTC,2024-05-10 10:00:00.000 UTC,,0,2024-05-10 10:00:00.000 UTC,861.0
IQS,36c8e3a2777245fdb2f3a139,102896,True,0,2026-02-14 10:00:00.000 UTC,2026-02-14 10:00:00.000 UTC,2026-02-14 10:00:00.000 UTC,0,2026-02-14 10:00:00.000 UTC,216.0
IQS,505cc79218254066b9bfe8a5,102897,True,20546,2024-09-05 10:00:00.000 UTC,2024-09-05 10:00:00.000 UTC,2024-09-05 10:00:00.000 UTC,2,2024-09-05 10:00:00.000 UTC,743.0
IQS,e56c153ea65e47a89d106802,102898,True,2446,2022-05-01 10:00:00.000 UTC,2022-05-01 10:00:00.000 UTC,2022-05-01 10:00:00.000 UTC,1,2022-05-01 10:00:00.000 UTC,1601.0
IQS,5d38a908d0674e7eb9960fc3,102899,True,7567,,,2026-05-22 10:00:00.000 UTC,1,2026-05-22 10:00:00.000 UTC,119.0
IQS,761db4cfa821497aa8e2da34,102900,True,1752,2021-04-05 10:00:00.000 UTC,2021-04-05 10:00:00.000 UTC,2021-04-05 10:00:00.000 UTC,1,2021-04-05 10:00:00.000 UTC,1992.0
IQS,f7d40e47790d4655bdeaf307,102901,True,763,2026-08-21 10:00:00.000 UTC,2026-08-21 10:00:00.000 UTC,2026-08-21 10:00:00.000 UTC,2,2026-08-21 10:00:00.000 UTC,28.0
IQS,89556d28664f4b8fadb90520,102902,True,0,2025-05-28 10:00:00.000 UTC,2025-05-28 10:00:00.000 UTC,2025-05-28 10:00:00.000 UTC,0,2025-05-28 10:00:00.000 UTC,478.0
IQS,3fd7ebd34a5f48fa8a68e0e5,102903,True,619,2025-04-19 10:00:00.000 UTC,2025-04-19 10:00:00.000 UTC,,2,2025-04-19 10:00:00.000 UTC,517.0
IQS,328fe47d69274aacae1b9add,102904,True,603,2022-12-22 10:00:00.000 UTC,2022-12-22 10:00:00.000 UTC,2022-12-22 10:00:00.000 UTC,1,2022-12-22 10:00:00.000 UTC,1366.0
IQS,f0c5251607e94d61a54344e0,102905,True,1148,2023-10-12 10:00:00.000 UTC,2023-10-12 10:00:00.000 UTC,2023-10-12 10:00:00.000 UTC,1,2023-10-12 10:00:00.000 UTC,1072.0
IQS,f0383a73db9245bf934fec36,102906,True,0,2022-06-04 10:00:00.000 UTC,2022-06-04 10:00:00.000 UTC,,0,2022-06-04 10:00:00.000 UTC,1567.0
IQS,71e3200462e54aa29d984516,102907,True,1048,2024-12-09 10:00:00.000 UTC,2024-12-09 10:00:00.000 UTC,2024-12-09 10:00:00.000 UTC,1,2024-12-09 10:00:00.000 UTC,648.0
IQS,0339c0d4ecd34ac4b75486b3,102908,True,464,2024-06-28 10:00:00.000 UTC,2024-06-28 10:00:00.000 UTC,2024-06-28 10:00:00.000 UTC,2,2024-06-28 10:00:00.000 UTC,812.0
IQS,921139d021fa43b9a3250d22,102909,True,3987,,,,1,,
IQS,f7c0b2606e174b18bd6774ed,102910,True,1705,2023-10-01 10:00:00.000 UTC,2023-10-01 10:00:00.000 UTC,,2,2023-10-01 10:00:00.000 UTC,1083.0
IQS,46e14af2368849c298041b12,102911,True,297,,,2022-09-29 10:00:00.000 UTC,3,2022-09-29 10:00:00.000 UTC,1450.0
IQS,be663cc3125546bebdfc9938,102912,True,0,,,,0,,
IQS,a6e74f123f1047588e2c6123,102913,True,3359,,,,2,,
IQS,6ac77ca3ab784fc8b3ce1781,102914,True,5305,2026-06-14 10:00:00.000 UTC,2026-06-14 10:00:00.000 UTC,2026-06-14 10:00:00.000 UTC,3,2026-06-14 10:00:00.000 UTC,96.0
IQS,b740d42283d6445c88fcc524,102915,True,107,,,2024-01-08 10:00:00.000 UTC,3,2024-01-08 10:00:00.000 UTC,984.0
IQS,98de4184ab1a4c3e8e2b761b,102916,True,0,2026-08-10 10:00:00.000 UTC,2026-08-10 10:00:00.000 UTC,,0,2026-08-10 10:00:00.000 UTC,39.0
IQS,0edb8759a7fa47ad9594daaf,102917,True,7007,2025-05-23 10:00:00.000 UTC,2025-05-23 10:00:00.000 UTC,2025-05-23 10:00:00.000 UTC,1,2025-05-23 10:00:00.000 UTC,483.0
IQS,fdf38edf84c34094940e0108,102918,True,4333,,,,2,,
IQS,8b7c7125482942f0871b22f9,102919,True,4118,2025-08-07 10:00:00.000 UTC,2025-08-07 10:00:00.000 UTC,,1,2025-08-07 10:00:00.000 UTC,407.0
IQS,f40b5acf6fa44dcea4ae4878,102920,True,0,,,2026-07-19 10:00:00.000 UTC,0,2026-07-19 10:00:00.000 UTC,61.0
IQS,aad08839328741209eae073e,102921,True,0,2021-10-07 10:00:00.000 UTC,2021-10-07 10:00:00.000 UTC,,0,2021-10-07 10:00:00.000 UTC,1807.0
IQS,ded09b37c0824da181e9d78c,102922,True,196,2022-08-16 10:00:00.000 UTC,2022-08-16 10:00:00.000 UTC,2022-08-16 10:00:00.000 UTC,1,2022-08-16 10:00:00.000 UTC,1494.0
IQS,8f305f58317d45f4961fe459,102923,True,0,2026-07-01 10:00:00.000 UTC,2026-07-01 10:00:00.000 UTC,2026-07-01 10:00:00.000 UTC,0,2026-07-01 10:00:00.000 UTC,79.0
IQS,d993b7f17fd644b888d5be84,102924,True,339,2023-04-23 10:00:00.000 UTC,2023-04-23 10:00:00.000 UTC,2023-04-23 10:00:00.000 UTC,1,2023-04-23 10:00:00.000 UTC,1244.0
IQS,6850e48e395542e8b4696cfc,102925,True,0,,,,0,,
IQS,7ee97de5d5884e6dba2a6c50,102926,True,0,,,2024-04-05 10:00:00.000 UTC,0,2024-04-05 10:00:00.000 UTC,896.0
IQS,5e2bb746532641aaa31fd5f4,102927,True,853,,,2022-10-13 10:00:00.000 UTC,2,2022-10-13 10:00:00.000 UTC,1436.0
IQS,2c03a51f233d4a4f9fb8a5f6,102928,True,814,,,,1,,
IQS,d23c4db4ed1342c89d2d3c0b,102929,True,79,2026-05-28 10:00:00.000 UTC,2026-05-28 10:00:00.000 UTC,2026-05-28 10:00:00.000 UTC,3,2026-05-28 10:00:00.000 UTC,113.0
IQS,a7138c1eee8045079d67c902,102930,True,1709,2024-12-04 10:00:00.000 UTC,2024-12-04 10:00:00.000 UTC,,2,2024-12-04 10:00:00.000 UTC,653.0
IQS,5c7e0e806a9a44d593b52ca2,102931,True,1550,2023-11-11 10:00:00.000 UTC,2023-11-11 10:00:00.000 UTC,2023-11-11 10:00:00.000 UTC,3,2023-11-11 10:00:00.000 UTC,1042.0
IQS,d8ac5cee877c42c297cabcdd,102932,True,916,,,,2,,
IQS,d5563d1836ff4bc098f59217,102933,True,1901,,,2023-03-11 10:00:00.000 UTC,3,2023-03-11 10:00:00.000 UTC,1287.0
IQS,f29ae35dafff4124b7adf9c2,102934,True,0,,,2026-09-12 10:00:00.000 UTC,0,2026-09-12 10:00:00.000 UTC,6.0
IQS,2fa79d3f28614c4a9e8d882e,102935,True,5176,,,,1,,
IQS,0f8b0ba2726243d08220465e,102936,True,471,,,,2,,
IQS,c0da9a83091442269c0b2cb2,102937,True,597,,,2023-02-22 10:00:00.000 UTC,2,2023-02-22 10:00:00.000 UTC,1304.0
IQS,733a373d29ac4a4284cb89b0,102938,True,859,2019-12-17 10:00:00.000 UTC,2019-12-17 10:00:00.000 UTC,,1,2019-12-17 10:00:00.000 UTC,2467.0
IQS,79a8b54af8b8436aad3012bd,102939,True,1770,,,,2,,
IQS,3269669d9bf74eb08961ee6f,102940,True,2478,2022-09-01 10:00:00.000 UTC,2022-09-01 10:00:00.000 UTC,2022-09-01 10:00:00.000 UTC,1,2022-09-01 10:00:00.000 UTC,1478.0
IQS,57df53d44a7d410d9acab231,102941,True,857,,,2020-09-01 10:00:00.000 UTC,1,2020-09-01 10:00:00.000 UTC,2208.0
IQS,22ea1cbe17184c0db6d32428,102942,True,1759,,,,3,,
IQS,d769e8c16b6a4ca4bd7466b5,102943,True,0,2026-08-11 10:00:00.000 UTC,2026-08-11 10:00:00.000 UTC,2026-08-11 10:00:00.000 UTC,0,2026-08-11 10:00:00.000 UTC,38.0
IQS,5d69c97c34c34035b9e63b24,102944,True,2167,2024-02-15 10:00:00.000 UTC,2024-02-15 10:00:00.000 UTC,2024-02-15 10:00:00.000 UTC,2,2024-02-15 10:00:00.000 UTC,946.0
IQS,3a3ec0471d234ff6b7a42eff,102945,True,976,,,,2,,
IQS,17254b91ff0e4589b5772bd2,102946,True,6428,,,,2,,
IQS,56f3edb80788455dbb4b9078,102947,True,1624,2022-01-29 10:00:00.000 UTC,2022-01-29 10:00:00.000 UTC,,3,2022-01-29 10:00:00.000 UTC,1693.0
IQS,07d7285a01934fecb2b28cad,102948,True,2354,2026-09-11 10:00:00.000 UTC,2026-09-11 10:00:00.000 UTC,,2,2026-09-11 10:00:00.000 UTC,7.0
IQS,e97fa291370742e28dabfc78,102949,True,1602,2024-05-22 10:00:00.000 UTC,2024-05-22 10:00:00.000 UTC,2024-05-22 10:00:00.000 UTC,1,2024-05-22 10:00:00.000 UTC,849.0
IQS,979dc5e31f6e4bdba8d2c012,102950,True,278,,,,1,,
IQS,919d222303af4b44b6670dea,102951,True,0,,,,0,,
IQS,5e521fcb15834923a78f311c,102952,True,0,,,2026-09-02 10:00:00.000 UTC,0,2026-09-02 10:00:00.000 UTC,16.0
IQS,6c69daf429294c3fbe009cf1,102953,True,4411,,,2023-01-08 10:00:00.000 UTC,3,2023-01-08 10:00:00.000 UTC,1349.0
IQS,9873f2d605684924a454ac4e,102954,True,1476,2025-07-27 10:00:00.000 UTC,2025-07-27 10:00:00.000 UTC,2025-07-27 10:00:00.000 UTC,3,2025-07-27 10:00:00.000 UTC,418.0
IQS,b2a1e0be48be4154bfb026dc,102955,True,0,2024-05-23 10:00:00.000 UTC,2024-05-23 10:00:00.000 UTC,2024-05-23 10:00:00.000 UTC,0,2024-05-23 10:00:00.000 UTC,848.0
IQS,6f228061777f4db7bef0ecf1,102956,True,3184,2017-05-29 10:00:00.000 UTC,2017-05-29 10:00:00.000 UTC,2017-05-29 10:00:00.000 UTC,1,2017-05-29 10:00:00.000 UTC,3399.0
IQS,3aa0790cc35e4027a75a5435,102957,True,210,2023-03-27 10:00:00.000 UTC,2023-03-27 10:00:00.000 UTC,2023-03-27 10:00:00.000 UTC,1,2023-03-27 10:00:00.000 UTC,1271.0
IQS,131b74226573447c90a7d641,102958,True,5289,2020-07-23 10:00:00.000 UTC,2020-07-23 10:00:00.000 UTC,,4,2020-07-23 10:00:00.000 UTC,2248.0
IQS,8f2b3077a7bd4fa7a0bd3494,102959,True,2561,2024-09-17 10:00:00.000 UTC,2024-09-17 10:00:00.000 UTC,,2,2024-09-17 10:00:00.000 UTC,731.0
IQS,d7b8e065b0924854b33aaf23,102960,True,268,2023-06-06 10:00:00.000 UTC,2023-06-06 10:00:00.000 UTC,2023-06-06 10:00:00.000 UTC,3,2023-06-06 10:00:00.000 UTC,1200.0
IQS,9e02254f94c341af8de61eaf,102961,True,656,,,,1,,
IQS,ac97e2e9d5784986b1d3da71,102962,True,2474,2022-06-17 10:00:00.000 UTC,2022-06-17 10:00:00.000 UTC,,1,2022-06-17 10:00:00.000 UTC,1554.0
IQS,eb18a62d32c54e86af30a2db,102963,True,3965,2026-04-15 10:00:00.000 UTC,2026-04-15 10:00:00.000 UTC,2026-04-15 10:00:00.000 UTC,2,2026-04-15 10:00:00.000 UTC,156.0
IQS,28d2c8aa01fc4600aff80807,102964,True,0,2023-08-15 10:00:00.000 UTC,2023-08-15 10:00:00.000 UTC,2023-08-15 10:00:00.000 UTC,0,2023-08-15 10:00:00.000 UTC,1130.0
IQS,01c7d2f00be34799a1eabd62,102965,True,428,2026-06-25 10:00:00.000 UTC,2026-06-25 10:00:00.000 UTC,,2,2026-06-25 10:00:00.000 UTC,85.0
IQS,0ccf25e45ab44b0495566817,102966,True,0,,,,0,,
IQS,4528b7c6af704ea89b3ca4ba,102967,True,117,,,,1,,
IQS,5ff6b4ff184b402a8faa4343,102968,True,1131,2025-05-07 10:00:00.000 UTC,2025-05-07 10:00:00.000 UTC,2025-05-07 10:00:00.000 UTC,2,2025-05-07 10:00:00.000 UTC,499.0
IQS,82007fb6c4ec4846ab6b6808,102969,True,1034,2023-06-15 10:00:00.000 UTC,2023-06-15 10:00:00.000 UTC,2023-06-15 10:00:00.000 UTC,2,2023-06-15 10:00:00.000 UTC,1191.0
IQS,237f78e8ab43415f9ce9f19f,102970,True,936,,,2022-03-21 10:00:00.000 UTC,3,2022-03-21 10:00:00.000 UTC,1642.0
IQS,df1b2c4e6fda4a7686a5824d,102971,True,1543,,,2023-11-28 10:00:00.000 UTC,1,2023-11-28 10:00:00.000 UTC,1025.0
IQS,7b9a5148797f4cb3bc8a38ab,102972,True,0,,,,0,,
IQS,47f21cd5ba514f6ea55e77e0,102973,True,413,2025-07-02 10:00:00.000 UTC,2025-07-02 10:00:00.000 UTC,2025-07-02 10:00:00.000 UTC,3,2025-07-02 10:00:00.000 UTC,443.0
IQS,12df1c45a7904841b2a38810,102974,True,3456,,,,1,,
IQS,11380628a255438bbd2c348c,102975,True,0,,,,0,,
IQS,e55f9e3103ec4cd0a4bfc27d,102976,True,0,,,,0,,
IQS,012583c8b07c445b83852eb9,102977,True,4459,,,,1,,
IQS,901fefed6b4744e8b6c69d7e,102978,True,2150,2024-08-01 10:00:00.000 UTC,2024-08-01 10:00:00.000 UTC,,1,2024-08-01 10:00:00.000 UTC,778.0
IQS,1d9f213b2c92456b8dd80d77,102979,True,183,,,2025-07-30 10:00:00.000 UTC,1,2025-07-30 10:00:00.000 UTC,415.0
IQS,9b10a9ad5cf947979b6f2380,102980,True,0,,,2025-05-23 10:00:00.000 UTC,0,2025-05-23 10:00:00.000 UTC,483.0
IQS,4633c20be932400aa0d7125e,102981,True,2539,,,2024-11-28 10:00:00.000 UTC,2,2024-11-28 10:00:00.000 UTC,659.0
IQS,fe2be1c47a8144c6aa4b91a4,102982,True,0,,,2026-05-31 10:00:00.000 UTC,0,2026-05-31 10:00:00.000 UTC,110.0
IQS,51efc6d58e774a159ed93fe2,102983,True,3250,2023-11-21 10:00:00.000 UTC,2023-11-21 10:00:00.000 UTC,2023-11-21 10:00:00.000 UTC,2,2023-11-21 10:00:00.000 UTC,1032.0
IQS,30b31c23886749228c9571c0,102984,True,831,,,,2,,
IQS,f8ccf6486cfb40d5b4b35080,102985,True,2504,,,2024-08-08 10:00:00.000 UTC,1,2024-08-08 10:00:00.000 UTC,771.0
IQS,8a38492bb14a40389b4a05a4,102986,True,2039,,,2024-05-22 10:00:00.000 UTC,4,2024-05-22 10:00:00.000 UTC,849.0
IQS,358deacab2ca4018946a2dd8,102987,True,664,,,2026-06-14 10:00:00.000 UTC,1,2026-06-14 10:00:00.000 UTC,96.0
IQS,02df250ca07643ca9c79ea2e,102988,True,651,2025-06-14 10:00:00.000 UTC,2025-06-14 10:00:00.000 UTC,,1,2025-06-14 10:00:00.000 UTC,461.0
IQS,645c12a44e7c4bc9880e5df2,102989,True,8405,,,2025-09-21 10:00:00.000 UTC,1,2025-09-21 10:00:00.000 UTC,362.0
IQS,73dae391e2084c3cb8fffc69,102990,True,0,2025-03-04 10:00:00.000 UTC,2025-03-04 10:00:00.000 UTC,,0,2025-03-04 10:00:00.000 UTC,563.0
IQS,842c6216764b4801aa2c3a68,102991,True,698,2022-09-23 10:00:00.000 UTC,2022-09-23 10:00:00.000 UTC,2022-09-23 10:00:00.000 UTC,2,2022-09-23 10:00:00.000 UTC,1456.0
IQS,6151a3032e804da48b56a36d,102992,True,0,2023-03-28 10:00:00.000 UTC,2023-03-28 10:00:00.000 UTC,,0,2023-03-28 10:00:00.000 UTC,1270.0
IQS,ce01e70561ef43388519ab34,102993,True,1127,2026-09-14 10:00:00.000 UTC,2026-09-14 10:00:00.000 UTC,2026-09-14 10:00:00.000 UTC,3,2026-09-14 10:00:00.000 UTC,4.0
IQS,0c9f27362d2e4c0fb0cc9a06,102994,True,0,2025-06-15 10:00:00.000 UTC,2025-06-15 10:00:00.000 UTC,,0,2025-06-15 10:00:00.000 UTC,460.0
IQS,d605ebc738684cabb6767bf1,102995,True,2480,2024-07-06 10:00:00.000 UTC,2024-07-06 10:00:00.000 UTC,,4,2024-07-06 10:00:00.000 UTC,804.0
IQS,95c9417142fb436d92f1f2d5,102996,True,286,,,2023-06-24 10:00:00.000 UTC,1,2023-06-24 10:00:00.000 UTC,1182.0
IQS,cca46199663a4e73914c28e0,102997,True,1737,,,,1,,
IQS,cf26f161c4b0410bbd230ee0,102998,True,6649,,,2019-07-30 10:00:00.000 UTC,1,2019-07-30 10:00:00.000 UTC,2607.0
IQS,c58ac29632584a0cbb06c5a4,102999,True,3857,,,2021-07-24 10:00:00.000 UTC,1,2021-07-24 10:00:00.000 UTC,1882.0
IQS,a53c9e9ce2bf48f9b2ba08ac,103000,True,0,,,,0,,
IQS,9a8a931f246a45a387927a4f,103001,True,5227,2026-08-06 10:00:00.000 UTC,2026-08-06 10:00:00.000 UTC,2026-08-06 10:00:00.000 UTC,2,2026-08-06 10:00:00.000 UTC,43.0
IQS,ced3a8f2b83941d7ae4359e6,103002,True,0,2024-06-30 10:00:00.000 UTC,2024-06-30 10:00:00.000 UTC,2024-06-30 10:00:00.000 UTC,0,2024-06-30 10:00:00.000 UTC,810.0
IQS,5b6c8d4be6564ca7ab00e199,103003,True,0,2025-06-21 10:00:00.000 UTC,2025-06-21 10:00:00.000 UTC,,0,2025-06-21 10:00:00.000 UTC,454.0
IQS,66caba13016a4c8ba01e3da8,103004,True,258,,,2025-06-20 10:00:00.000 UTC,1,2025-06-20 10:00:00.000 UTC,455.0
IQS,d2bb083d2126422f975a2412,103005,True,2856,,,,1,,
IQS,554c6f4205644319b446ee85,103006,True,569,2020-09-24 10:00:00.000 UTC,2020-09-24 10:00:00.000 UTC,2020-09-24 10:00:00.000 UTC,3,2020-09-24 10:00:00.000 UTC,2185.0
IQS,e261fa46ea2a47e7b35456b6,103007,True,3282,2024-12-02 10:00:00.000 UTC,2024-12-02 10:00:00.000 UTC,2024-12-02 10:00:00.000 UTC,1,2024-12-02 10:00:00.000 UTC,655.0
IQS,c1a725882d5f4ec0b44044ef,103008,True,0,,,,0,,
IQS,99fffba78da3408ea278abc4,103009,True,3096,2026-08-02 10:00:00.000 UTC,2026-08-02 10:00:00.000 UTC,,1,2026-08-02 10:00:00.000 UTC,47.0
IQS,4fa51d76754d4ada9169cd6a,103010,True,0,,,,0,,
IQS,53000da836b543308cf795c7,103011,True,575,2026-02-24 10:00:00.000 UTC,2026-02-24 10:00:00.000 UTC,2026-02-24 10:00:00.000 UTC,4,2026-02-24 10:00:00.000 UTC,206.0
IQS,e35449608b004f6db2f8eab5,103012,True,0,2025-11-06 10:00:00.000 UTC,2025-11-06 10:00:00.000 UTC,2025-11-06 10:00:00.000 UTC,0,2025-11-06 10:00:00.000 UTC,316.0
IQS,b0f82b9ccbe44623a6d23f59,103013,True,484,2025-07-04 10:00:00.000 UTC,2025-07-04 10:00:00.000 UTC,2025-07-04 10:00:00.000 UTC,3,2025-07-04 10:00:00.000 UTC,441.0
IQS,b29f3be0941b4b009581f05a,103014,True,0,2024-08-26 10:00:00.000 UTC,2024-08-26 10:00:00.000 UTC,,0,2024-08-26 10:00:00.000 UTC,753.0
IQS,789cb126555644d69f795ae0,103015,True,4110,,,,1,,
IQS,533ceb39af7e407884f63870,103016,True,0,,,,0,,
IQS,bbe01efb6764482b8bf18f16,103017,True,0,2024-12-26 10:00:00.000 UTC,2024-12-26 10:00:00.000 UTC,2024-12-26 10:00:00.000 UTC,0,2024-12-26 10:00:00.000 UTC,631.0
IQS,50116b54962a49c99f9437b0,103018,True,0,,,,0,,
IQS,621ea17d500e4f2d80de9f71,103019,True,0,2024-01-26 10:00:00.000 UTC,2024-01-26 10:00:00.000 UTC,,0,2024-01-26 10:00:00.000 UTC,966.0
IQS,d385338b97c44f6d960e52fe,103020,True,288,2025-11-08 10:00:00.000 UTC,2025-11-08 10:00:00.000 UTC,,4,2025-11-08 10:00:00.000 UTC,314.0
IQS,bbd3391c9b174c5b81f0e898,103021,True,1131,,,,1,,
IQS,e1f85d0b2beb49c7849d8fa8,103022,True,0,2021-11-16 10:00:00.000 UTC,2021-11-16 10:00:00.000 UTC,2021-11-16 10:00:00.000 UTC,0,2021-11-16 10:00:00.000 UTC,1767.0
IQS,7322d11501494615959c07f0,103023,True,1068,2026-03-20 10:00:00.000 UTC,2026-03-20 10:00:00.000 UTC,,1,2026-03-20 10:00:00.000 UTC,182.0
IQS,7f9e759dcd7f480a8ff2b28a,103024,True,22419,2020-12-21 10:00:00.000 UTC,2020-12-21 10:00:00.000 UTC,2020-12-21 10:00:00.000 UTC,5,2020-12-21 10:00:00.000 UTC,2097.0
IQS,c646e6c0b8b146d3bce6d1b8,103025,True,2452,,,,2,,
IQS,1ed1747bf5de4a3db6ff013f,103026,True,0,2024-02-28 10:00:00.000 UTC,2024-02-28 10:00:00.000 UTC,,0,2024-02-28 10:00:00.000 UTC,933.0
IQS,f428aae504be4e529dba83fc,103027,True,8907,,,2025-11-25 10:00:00.000 UTC,3,2025-11-25 10:00:00.000 UTC,297.0
IQS,0022f878f968400b9f7bcadf,103028,True,1182,2021-12-21 10:00:00.000 UTC,2021-12-21 10:00:00.000 UTC,2021-12-21 10:00:00.000 UTC,1,2021-12-21 10:00:00.000 UTC,1732.0
IQS,029eb34dfe0b4f2ca44381a3,103029,True,0,,,,0,,
IQS,e083e0b081934fa9bb292dd0,103030,True,1664,,,2021-06-07 10:00:00.000 UTC,2,2021-06-07 10:00:00.000 UTC,1929.0
IQS,652c405a6dea4995ba479988,103031,True,140,,,2023-06-13 10:00:00.000 UTC,1,2023-06-13 10:00:00.000 UTC,1193.0
IQS,04fa230f818944e7a6fc8810,103032,True,666,,,2024-12-23 10:00:00.000 UTC,1,2024-12-23 10:00:00.000 UTC,634.0
IQS,a216d196a25f477dbc1ff9df,103033,True,539,2024-02-14 10:00:00.000 UTC,2024-02-14 10:00:00.000 UTC,2024-02-14 10:00:00.000 UTC,1,2024-02-14 10:00:00.000 UTC,947.0
IQS,8c2ab6425bb84754a5f6e434,103034,True,582,2022-02-05 10:00:00.000 UTC,2022-02-05 10:00:00.000 UTC,2022-02-05 10:00:00.000 UTC,3,2022-02-05 10:00:00.000 UTC,1686.0
IQS,b8573dfc073942d497bd708c,103035,True,661,,,,1,,
IQS,984a5cbdb6f14cf0ad1e0985,103036,True,4036,2023-09-03 10:00:00.000 UTC,2023-09-03 10:00:00.000 UTC,2023-09-03 10:00:00.000 UTC,2,2023-09-03 10:00:00.000 UTC,1111.0
IQS,1347b59a884e4e55b5294c97,103037,True,383,2026-08-05 10:00:00.000 UTC,2026-08-05 10:00:00.000 UTC,2026-08-05 10:00:00.000 UTC,3,2026-08-05 10:00:00.000 UTC,44.0
IQS,ae1d18071bca4a90990c7282,103038,True,192,,,2023-04-30 10:00:00.000 UTC,3,2023-04-30 10:00:00.000 UTC,1237.0
IQS,6a98003f488b47768103e363,103039,True,1513,2023-05-21 10:00:00.000 UTC,2023-05-21 10:00:00.000 UTC,,4,2023-05-21 10:00:00.000 UTC,1216.0
IQS,ad45aa99d62a43308b217bd6,103040,True,432,,,,1,,
IQS,c1d4baff75194666ade26bf9,103041,True,656,2026-08-05 10:00:00.000 UTC,2026-08-05 10:00:00.000 UTC,,1,2026-08-05 10:00:00.000 UTC,44.0
IQS,d5eea36b6687452ba908d3a4,103042,True,2081,,,,1,,
IQS,4bab3c30e4b247fcabafec65,103043,True,1243,2026-07-04 10:00:00.000 UTC,2026-07-04 10:00:00.000 UTC,2026-07-04 10:00:00.000 UTC,1,2026-07-04 10:00:00.000 UTC,76.0
IQS,0b304d8b22094d43beec839b,103044,True,616,,,,2,,
IQS,8dea7a1f022c4c0fa821cc15,103045,True,0,,,2020-03-11 10:00:00.000 UTC,0,2020-03-11 10:00:00.000 UTC,2382.0
IQS,20d88c48921b4d2c9fc95327,103046,True,1018,2024-12-03 10:00:00.000 UTC,2024-12-03 10:00:00.000 UTC,,2,2024-12-03 10:00:00.000 UTC,654.0
IQS,2ab81f998d8149958ec9d831,103047,True,1495,,,,2,,
IQS,e7597ba3d7b14a4d8a35bcaa,103048,True,517,2024-09-30 10:00:00.000 UTC,2024-09-30 10:00:00.000 UTC,2024-09-30 10:00:00.000 UTC,3,2024-09-30 10:00:00.000 UTC,718.0
IQS,bdf3cd7e7f734bdf8b58fc92,103049,True,815,,,2025-01-14 10:00:00.000 UTC,2,2025-01-14 10:00:00.000 UTC,612.0
IQS,f31395c75c4440748b9d5e87,103050,True,384,2025-02-05 10:00:00.000 UTC,2025-02-05 10:00:00.000 UTC,,2,2025-02-05 10:00:00.000 UTC,590.0
IQS,e9f0eebb9be04bfea93c9507,103051,True,376,,,2026-06-02 10:00:00.000 UTC,1,2026-06-02 10:00:00.000 UTC,108.0
IQS,821e0fe2a1f94334aef23d51,103052,True,0,2024-08-15 10:00:00.000 UTC,2024-08-15 10:00:00.000 UTC,,0,2024-08-15 10:00:00.000 UTC,764.0
IQS,b8d4e1b4fed94e598d11d166,103053,True,2512,,,2022-04-13 10:00:00.000 UTC,3,2022-04-13 10:00:00.000 UTC,1619.0
IQS,d84768057d924296afea5867,103054,True,0,2026-07-01 10:00:00.000 UTC,2026-07-01 10:00:00.000 UTC,2026-07-01 10:00:00.000 UTC,0,2026-07-01 10:00:00.000 UTC,79.0
IQS,c8b61a1828f74c44bb2d08a0,103055,True,4236,2023-10-26 10:00:00.000 UTC,2023-10-26 10:00:00.000 UTC,,3,2023-10-26 10:00:00.000 UTC,1058.0
IQS,3e92c27cdb8943a4ba5697c5,103056,True,5251,,,2023-01-19 10:00:00.000 UTC,1,2023-01-19 10:00:00.000 UTC,1338.0
IQS,6f3c01d8c01a4079a8947074,103057,True,732,,,,3,,
IQS,7397264a1a3e4ad4a5e6166d,103058,True,1501,2026-06-29 10:00:00.000 UTC,2026-06-29 10:00:00.000 UTC,2026-06-29 10:00:00.000 UTC,1,2026-06-29 10:00:00.000 UTC,81.0
IQS,ce6d16352b2a43baa88a8f43,103059,True,452,,,2023-12-01 10:00:00.000 UTC,1,2023-12-01 10:00:00.000 UTC,1022.0
IQS,e2248cf89fcb4791af0b8694,103060,True,2891,,,2021-09-18 10:00:00.000 UTC,3,2021-09-18 10:00:00.000 UTC,1826.0
IQS,1d8cacb477214c979932901f,103061,True,1054,2026-08-28 10:00:00.000 UTC,2026-08-28 10:00:00.000 UTC,,2,2026-08-28 10:00:00.000 UTC,21.0
IQS,764c8edf7a0e4f3aa7745107,103062,True,895,,,,1,,
IQS,fc3af9894cf84c4ca148e831,103063,True,0,2020-06-18 10:00:00.000 UTC,2020-06-18 10:00:00.000 UTC,2020-06-18 10:00:00.000 UTC,0,2020-06-18 10:00:00.000 UTC,2283.0
IQS,c7e2d6a350a947ebbf564c4c,103064,True,872,,,2024-10-22 10:00:00.000 UTC,1,2024-10-22 10:00:00.000 UTC,696.0
IQS,870f8e3c2cd1456383148d25,103065,True,633,,,2025-11-13 10:00:00.000 UTC,2,2025-11-13 10:00:00.000 UTC,309.0
IQS,5e9dd0b259c1484eb2da34f7,103066,True,2663,2023-08-21 10:00:00.000 UTC,2023-08-21 10:00:00.000 UTC,2023-08-21 10:00:00.000 UTC,2,2023-08-21 10:00:00.000 UTC,1124.0
IQS,7029a43e17a64ea5a012e2ea,103067,True,126,2025-02-17 10:00:00.000 UTC,2025-02-17 10:00:00.000 UTC,2025-02-17 10:00:00.000 UTC,2,2025-02-17 10:00:00.000 UTC,578.0
IQS,be20bfdbe20f45c9adb0d08a,103068,True,303,,,,3,,
IQS,2e18ab04f5c341098bab57a6,103069,True,473,,,2022-03-13 10:00:00.000 UTC,2,2022-03-13 10:00:00.000 UTC,1650.0
IQS,7f245a64d92e47e2a0788a2f,103070,True,1782,,,2025-01-03 10:00:00.000 UTC,1,2025-01-03 10:00:00.000 UTC,623.0
IQS,5f372aac1a034284a3e2bab9,103071,True,0,2021-12-11 10:00:00.000 UTC,2021-12-11 10:00:00.000 UTC,2021-12-11 10:00:00.000 UTC,0,2021-12-11 10:00:00.000 UTC,1742.0
IQS,a11e26f7be31442694628f20,103072,True,0,2025-12-23 10:00:00.000 UTC,2025-12-23 10:00:00.000 UTC,2025-12-23 10:00:00.000 UTC,0,2025-12-23 10:00:00.000 UTC,269.0
IQS,563383f2599843af8dbb37e5,103073,True,273,,,,2,,
IQS,fe7907bb394d4f88bb912bc6,103074,True,879,,,,1,,
IQS,630e07f8f49e4c4a9fc37ee6,103075,True,3903,2024-01-19 10:00:00.000 UTC,2024-01-19 10:00:00.000 UTC,2024-01-19 10:00:00.000 UTC,1,2024-01-19 10:00:00.000 UTC,973.0
IQS,7ffb7d1a12ff41029556481e,103076,True,421,2025-09-21 10:00:00.000 UTC,2025-09-21 10:00:00.000 UTC,2025-09-21 10:00:00.000 UTC,2,2025-09-21 10:00:00.000 UTC,362.0
IQS,e527d9cd107449979143ba41,103077,True,522,2024-03-22 10:00:00.000 UTC,2024-03-22 10:00:00.000 UTC,2024-03-22 10:00:00.000 UTC,2,2024-03-22 10:00:00.000 UTC,910.0
IQS,1a146bc4330a44f9accb4c49,103078,True,0,2026-05-27 10:00:00.000 UTC,2026-05-27 10:00:00.000 UTC,2026-05-27 10:00:00.000 UTC,0,2026-05-27 10:00:00.000 UTC,114.0
IQS,3476b79341cd4fc99f157aa1,103079,True,360,2025-07-09 10:00:00.000 UTC,2025-07-09 10:00:00.000 UTC,2025-07-09 10:00:00.000 UTC,4,2025-07-09 10:00:00.000 UTC,436.0
IQS,fb97bca7f44142518e538788,103080,True,569,2023-07-03 10:00:00.000 UTC,2023-07-03 10:00:00.000 UTC,2023-07-03 10:00:00.000 UTC,4,2023-07-03 10:00:00.000 UTC,1173.0
IQS,581478745ec24fd991aaed19,103081,True,362,2020-12-21 10:00:00.000 UTC,2020-12-21 10:00:00.000 UTC,,1,2020-12-21 10:00:00.000 UTC,2097.0
IQS,c971950528dd43e1807e55ef,103082,True,0,2024-05-28 10:00:00.000 UTC,2024-05-28 10:00:00.000 UTC,2024-05-28 10:00:00.000 UTC,0,2024-05-28 10:00:00.000 UTC,843.0
IQS,d9f1befcaad14621b534c971,103083,True,1063,2024-11-11 10:00:00.000 UTC,2024-11-11 10:00:00.000 UTC,2024-11-11 10:00:00.000 UTC,2,2024-11-11 10:00:00.000 UTC,676.0
IQS,f1d96950db404b0681077dc7,103084,True,1741,2023-07-18 10:00:00.000 UTC,2023-07-18 10:00:00.000 UTC,2023-07-18 10:00:00.000 UTC,2,2023-07-18 10:00:00.000 UTC,1158.0
IQS,c3cc41bf2e5845999c0af382,103085,True,481,,,,2,,
IQS,35548841c8f9444794662d7d,103086,True,0,2021-08-02 10:00:00.000 UTC,2021-08-02 10:00:00.000 UTC,,0,2021-08-02 10:00:00.000 UTC,1873.0
IQS,af20e7a5c42449568b497d57,103087,True,3650,,,,3,,
IQS,b54fe6f33e2142a296e6b0c7,103088,True,495,2025-06-28 10:00:00.000 UTC,2025-06-28 10:00:00.000 UTC,2025-06-28 10:00:00.000 UTC,1,2025-06-28 10:00:00.000 UTC,447.0
IQS,2d6f3c680c9e4f679de9aa37,103089,True,0,,,2022-09-01 10:00:00.000 UTC,0,2022-09-01 10:00:00.000 UTC,1478.0
IQS,264bdba1943c4b9aa5ceae40,103090,True,2636,,,,3,,
IQS,3b289512ed6b42869664d6b5,103091,True,179,,,,4,,
IQS,5a2b569b2c6f479d87dab59e,103092,True,166,,,,1,,
IQS,ab8c778403ac416491cc51be,103093,True,0,2020-09-03 10:00:00.000 UTC,2020-09-03 10:00:00.000 UTC,2020-09-03 10:00:00.000 UTC,0,2020-09-03 10:00:00.000 UTC,2206.0
IQS,7af3429eaeff4582859bf661,103094,True,83,,,,1,,
IQS,9418406c4ab043549ef4d48c,103095,True,0,,,,0,,
IQS,052c23ffeb6c4383adc52246,103096,True,35,2023-03-08 10:00:00.000 UTC,2023-03-08 10:00:00.000 UTC,,1,2023-03-08 10:00:00.000 UTC,1290.0
IQS,3f0fed15325f41f2ac5dc2a4,103097,True,2840,2025-04-02 10:00:00.000 UTC,2025-04-02 10:00:00.000 UTC,,2,2025-04-02 10:00:00.000 UTC,534.0
IQS,f3889e052834419684e8601b,103098,True,1477,2024-03-17 10:00:00.000 UTC,2024-03-17 10:00:00.000 UTC,,4,2024-03-17 10:00:00.000 UTC,915.0
IQS,9ec8d5e4ac6749c0a67ca248,103099,True,2469,,,,3,,
IQS,a8e7ca6e33554be183f0dd2b,103100,True,0,,,,0,,
IQS,0bf9ce3799ce4196acac5661,103101,True,445,,,,3,,
IQS,1816bc1ae23c4d719fc0a26a,103102,True,0,,,2023-09-25 10:00:00.000 UTC,0,2023-09-25 10:00:00.000 UTC,1089.0
IQS,94743826c998403bb6af28e5,103103,True,0,2025-10-16 10:00:00.000 UTC,2025-10-16 10:00:00.000 UTC,,0,2025-10-16 10:00:00.000 UTC,337.0
IQS,67363cb85f1e4abe829f5491,103104,True,1296,,,2024-04-15 10:00:00.000 UTC,1,2024-04-15 10:00:00.000 UTC,886.0
IQS,ced2592fb4b2409ea12c760c,103105,True,410,,,2023-08-08 10:00:00.000 UTC,1,2023-08-08 10:00:00.000 UTC,1137.0
IQS,619ec3a4c6a349bf96c6b59f,103106,True,0,,,2024-07-14 10:00:00.000 UTC,0,2024-07-14 10:00:00.000 UTC,796.0
IQS,901d83d6845b42ecae9ee4e5,103107,True,4289,,,,2,,
IQS,a4df973516da45b6b040054d,103108,True,0,2024-05-24 10:00:00.000 UTC,2024-05-24 10:00:00.000 UTC,,0,2024-05-24 10:00:00.000 UTC,847.0
IQS,c9eee901fe3c488b84471683,103109,True,1616,,,2026-02-15 10:00:00.000 UTC,2,2026-02-15 10:00:00.000 UTC,215.0
IQS,189a098a3b87413abca88988,103110,True,1286,2026-06-17 10:00:00.000 UTC,2026-06-17 10:00:00.000 UTC,,1,2026-06-17 10:00:00.000 UTC,93.0
IQS,f4590e96668c4930871e8bd4,103111,True,2419,2024-03-28 10:00:00.000 UTC,2024-03-28 10:00:00.000 UTC,2024-03-28 10:00:00.000 UTC,2,2024-03-28 10:00:00.000 UTC,904.0
IQS,e8c1c26c8022464181f51e43,103112,True,1129,2022-11-29 10:00:00.000 UTC,2022-11-29 10:00:00.000 UTC,2022-11-29 10:00:00.000 UTC,7,2022-11-29 10:00:00.000 UTC,1389.0
IQS,f81f158608064be5b1ca4eff,103113,True,3604,2025-05-01 10:00:00.000 UTC,2025-05-01 10:00:00.000 UTC,,2,2025-05-01 10:00:00.000 UTC,505.0
IQS,762ce349029a40cfba4a82c2,103114,True,0,2019-09-21 10:00:00.000 UTC,2019-09-21 10:00:00.000 UTC,2019-09-21 10:00:00.000 UTC,0,2019-09-21 10:00:00.000 UTC,2554.0
IQS,cee9baf8c1144c7cb211f3d2,103115,True,120,2024-04-07 10:00:00.000 UTC,2024-04-07 10:00:00.000 UTC,,2,2024-04-07 10:00:00.000 UTC,894.0
IQS,b344dc310d73431a8bc8f750,103116,True,3984,2024-03-04 10:00:00.000 UTC,2024-03-04 10:00:00.000 UTC,,1,2024-03-04 10:00:00.000 UTC,928.0
IQS,fe709cb0dfdf4673817c6818,103117,True,2844,2023-12-02 10:00:00.000 UTC,2023-12-02 10:00:00.000 UTC,2023-12-02 10:00:00.000 UTC,3,2023-12-02 10:00:00.000 UTC,1021.0
IQS,860f8bc3a39b4f5f832f077b,103118,True,660,,,,2,,
IQS,fe99a23555014b13980f8349,103119,True,3381,2026-05-25 10:00:00.000 UTC,2026-05-25 10:00:00.000 UTC,,2,2026-05-25 10:00:00.000 UTC,116.0
IQS,665981a10a874f2aab37dce9,103120,True,4417,,,,1,,
IQS,f63164f8ff9b496bab3512da,103121,True,0,2025-02-23 10:00:00.000 UTC,2025-02-23 10:00:00.000 UTC,2025-02-23 10:00:00.000 UTC,0,2025-02-23 10:00:00.000 UTC,572.0
IQS,8fe020f08f514e198c473137,103122,True,1537,,,,2,,
IQS,80c0acf479f64b5e82ef1375,103123,True,0,,,,0,,
IQS,d6b8686cabfd468c85e4945d,103124,True,0,2026-03-30 10:00:00.000 UTC,2026-03-30 10:00:00.000 UTC,,0,2026-03-30 10:00:00.000 UTC,172.0
IQS,f4993223f1b64db095ccb1b6,103125,True,279,2025-01-19 10:00:00.000 UTC,2025-01-19 10:00:00.000 UTC,,2,2025-01-19 10:00:00.000 UTC,607.0
IQS,e9362e3f499745e2acf8c375,103126,True,1052,,,,3,,
IQS,7c6c1d0875a24f7ea2d0ca0b,103127,True,3825,2023-07-30 10:00:00.000 UTC,2023-07-30 10:00:00.000 UTC,2023-07-30 10:00:00.000 UTC,2,2023-07-30 10:00:00.000 UTC,1146.0
IQS,b8da8f6d3b13470a98010da5,103128,True,694,,,,3,,
IQS,91c2b9f8b9b9404a96c346eb,103129,True,3490,,,,2,,
IQS,ee348b5511dc4b30b22fa040,103130,True,0,,,,0,,
IQS,d497ad0359f547c1ad476042,103131,True,721,2022-04-28 10:00:00.000 UTC,2022-04-28 10:00:00.000 UTC,2022-04-28 10:00:00.000 UTC,1,2022-04-28 10:00:00.000 UTC,1604.0
IQS,97c57f81958643da97da46cf,103132,True,1593,,,,2,,
IQS,64769b2f276548f5adae0ae9,103133,True,655,,,,1,,
IQS,35cd7dae700f44f69441386c,103134,True,0,2025-05-25 10:00:00.000 UTC,2025-05-25 10:00:00.000 UTC,2025-05-25 10:00:00.000 UTC,0,2025-05-25 10:00:00.000 UTC,481.0
IQS,836f927fde6b4b1f8325c0cf,103135,True,1056,,,,3,,
IQS,eb29a13f06a44567aab6dd0b,103136,True,0,2023-04-10 10:00:00.000 UTC,2023-04-10 10:00:00.000 UTC,2023-04-10 10:00:00.000 UTC,0,2023-04-10 10:00:00.000 UTC,1257.0
IQS,d5872e8ae0ec4a99b22fcd24,103137,True,0,,,2024-05-13 10:00:00.000 UTC,0,2024-05-13 10:00:00.000 UTC,858.0
IQS,f0c106a8c73448cdb13f6680,103138,True,366,,,2026-06-11 10:00:00.000 UTC,2,2026-06-11 10:00:00.000 UTC,99.0
IQS,175db9ad74614620aa996640,103139,True,912,,,,1,,
IQS,844b39d354b94b0eae789664,103140,True,427,2024-01-17 10:00:00.000 UTC,2024-01-17 10:00:00.000 UTC,,3,2024-01-17 10:00:00.000 UTC,975.0
IQS,84ee8daf1c1948b986f77c4a,103141,True,2300,,,2025-03-16 10:00:00.000 UTC,2,2025-03-16 10:00:00.000 UTC,551.0
IQS,000777e0998044f3b82a624a,103142,True,422,,,,1,,
IQS,85994456d4a84cbbaeac9088,103143,True,943,,,2026-07-17 10:00:00.000 UTC,1,2026-07-17 10:00:00.000 UTC,63.0
IQS,59181d99329d4907bde35954,103144,True,4121,2024-04-27 10:00:00.000 UTC,2024-04-27 10:00:00.000 UTC,,2,2024-04-27 10:00:00.000 UTC,874.0
IQS,5b3ceb2e941840bdbc36a653,103145,True,1331,,,2023-07-26 10:00:00.000 UTC,2,2023-07-26 10:00:00.000 UTC,1150.0
IQS,6175017f115f46e2b9315e1c,103146,True,13934,,,2024-02-11 10:00:00.000 UTC,2,2024-02-11 10:00:00.000 UTC,950.0
IQS,ab46912fd3b2471eb892ad37,103147,True,0,,,,0,,
IQS,261ac9f7a4e04edb9ededd24,103148,True,0,,,,0,,
IQS,2fb15e8c20b24b4e9fbecd0c,103149,True,760,2022-11-24 10:00:00.000 UTC,2022-11-24 10:00:00.000 UTC,2022-11-24 10:00:00.000 UTC,2,2022-11-24 10:00:00.000 UTC,1394.0
IQS,2ed48594258e48afa85fbc41,103150,True,656,2026-09-13 10:00:00.000 UTC,2026-09-13 10:00:00.000 UTC,2026-09-13 10:00:00.000 UTC,2,2026-09-13 10:00:00.000 UTC,5.0
IQS,b7c57e3452a8437eae760cc1,103151,True,0,,,2022-10-12 10:00:00.000 UTC,0,2022-10-12 10:00:00.000 UTC,1437.0
IQS,b10bb724e9cb4c0d92981f4a,103152,True,523,,,,2,,
IQS,07e57099e5aa4a82bbd53e44,103153,True,533,,,,1,,
IQS,6548a11fc9394fd0b496dfaf,103154,True,862,2025-08-28 10:00:00.000 UTC,2025-08-28 10:00:00.000 UTC,2025-08-28 10:00:00.000 UTC,1,2025-08-28 10:00:00.000 UTC,386.0
IQS,1dceba787e9d4d7697038999,103155,True,521,,,,1,,
IQS,906c12c3ecaa433589b9c75f,103156,True,568,,,,2,,
IQS,6e5a9758ea3e4c8083c5d185,103157,True,1599,2019-07-31 10:00:00.000 UTC,2019-07-31 10:00:00.000 UTC,2019-07-31 10:00:00.000 UTC,3,2019-07-31 10:00:00.000 UTC,2606.0
IQS,ef5a5c5be05d45179ac9568a,103158,True,2852,2023-12-17 10:00:00.000 UTC,2023-12-17 10:00:00.000 UTC,2023-12-17 10:00:00.000 UTC,2,2023-12-17 10:00:00.000 UTC,1006.0
IQS,ab878ee2ed8041dc8f89fe68,103159,True,0,,,2025-04-08 10:00:00.000 UTC,0,2025-04-08 10:00:00.000 UTC,528.0
IQS,2462b8ae87254d168a2ea391,103160,True,393,2022-11-10 10:00:00.000 UTC,2022-11-10 10:00:00.000 UTC,,3,2022-11-10 10:00:00.000 UTC,1408.0
IQS,aabade14fb20467e81f2f570,103161,True,0,2024-08-19 10:00:00.000 UTC,2024-08-19 10:00:00.000 UTC,2024-08-19 10:00:00.000 UTC,0,2024-08-19 10:00:00.000 UTC,760.0
IQS,702b13dd37e341fd9f8a2a36,103162,True,751,2026-07-06 10:00:00.000 UTC,2026-07-06 10:00:00.000 UTC,,1,2026-07-06 10:00:00.000 UTC,74.0
IQS,3f8fac61bb164434a3ecae18,103163,True,276,2024-11-18 10:00:00.000 UTC,2024-11-18 10:00:00.000 UTC,2024-11-18 10:00:00.000 UTC,2,2024-11-18 10:00:00.000 UTC,669.0
IQS,05989083be85412a8990029a,103164,True,327,,,,2,,
IQS,ba1d52b1b5f44f53800f71c8,103165,True,776,,,2022-10-11 10:00:00.000 UTC,2,2022-10-11 10:00:00.000 UTC,1438.0
IQS,4b8aac0e93e84ab992833de0,103166,True,98,,,,3,,
IQS,ed621fcfaf69476d8e513be0,103167,True,316,,,2026-06-08 10:00:00.000 UTC,2,2026-06-08 10:00:00.000 UTC,102.0
IQS,2df3d1f26eaf45c08087d80f,103168,True,71,,,,2,,
IQS,b29b98ebe0e34e9cbf58c5a3,103169,True,302,2025-02-27 10:00:00.000 UTC,2025-02-27 10:00:00.000 UTC,2025-02-27 10:00:00.000 UTC,2,2025-02-27 10:00:00.000 UTC,568.0
IQS,32ec93346a6d4a0b9119599f,103170,True,0,,,2024-09-15 10:00:00.000 UTC,0,2024-09-15 10:00:00.000 UTC,733.0
IQS,5c3fa7bc7f7f409b94818af4,103171,True,426,,,2025-11-27 10:00:00.000 UTC,1,2025-11-27 10:00:00.000 UTC,295.0
IQS,5db448e4e4e6490bb330cb68,103172,True,1023,2026-06-08 10:00:00.000 UTC,2026-06-08 10:00:00.000 UTC,,1,2026-06-08 10:00:00.000 UTC,102.0
IQS,a0b476e1c66741c299412b25,103173,True,7247,,,,2,,
IQS,a7d5b15689d24f9286b06a30,103174,True,0,2024-10-07 10:00:00.000 UTC,2024-10-07 10:00:00.000 UTC,2024-10-07 10:00:00.000 UTC,0,2024-10-07 10:00:00.000 UTC,711.0
IQS,d1fa2759b2c34fc9b6dfd132,103175,True,0,2023-10-28 10:00:00.000 UTC,2023-10-28 10:00:00.000 UTC,,0,2023-10-28 10:00:00.000 UTC,1056.0
IQS,9b80717472c54c9fa1fbf949,103176,True,0,,,,0,,
IQS,f05ee0fb79b84fb9b31b319c,103177,True,0,,,2023-07-26 10:00:00.000 UTC,0,2023-07-26 10:00:00.000 UTC,1150.0
IQS,0a4d7223f7384829b919ae6f,103178,True,2475,2023-02-14 10:00:00.000 UTC,2023-02-14 10:00:00.000 UTC,2023-02-14 10:00:00.000 UTC,1,2023-02-14 10:00:00.000 UTC,1312.0
IQS,7ec8e13daf2747d9941d276e,103179,True,7185,,,,2,,
IQS,c4f24dc75ba846fdba5eb353,103180,True,197,,,,1,,
IQS,01ca0eff25cf48228d70116a,103181,True,918,,,,2,,
IQS,3992302c38c8463fb0189b93,103182,True,252,2025-01-11 10:00:00.000 UTC,2025-01-11 10:00:00.000 UTC,2025-01-11 10:00:00.000 UTC,1,2025-01-11 10:00:00.000 UTC,615.0
IQS,a6257d79d51f40df901ecc6a,103183,True,940,2026-09-04 10:00:00.000 UTC,2026-09-04 10:00:00.000 UTC,,2,2026-09-04 10:00:00.000 UTC,14.0
IQS,110103bfafd94b1d95288f55,103184,True,0,2022-02-20 10:00:00.000 UTC,2022-02-20 10:00:00.000 UTC,2022-02-20 10:00:00.000 UTC,0,2022-02-20 10:00:00.000 UTC,1671.0
IQS,e59b74d96bff44d0a435b55f,103185,True,1175,2021-11-11 10:00:00.000 UTC,2021-11-11 10:00:00.000 UTC,2021-11-11 10:00:00.000 UTC,4,2021-11-11 10:00:00.000 UTC,1772.0
IQS,d1ca57085e584fcd991b54dd,103186,True,0,,,,0,,
IQS,29c4c230752e4ae9b9aaea66,103187,True,0,2020-10-20 10:00:00.000 UTC,2020-10-20 10:00:00.000 UTC,,0,2020-10-20 10:00:00.000 UTC,2159.0
IQS,bc494a9426a749da9c71956f,103188,True,0,,,,0,,
IQS,ba61775ce0d9467a9da93767,103189,True,0,,,2026-08-27 10:00:00.000 UTC,0,2026-08-27 10:00:00.000 UTC,22.0
IQS,4f1f033d73bd4c189ee2a311,103190,True,542,,,,1,,
IQS,fc24feaeb3114043a844de1d,103191,True,2680,,,2026-06-16 10:00:00.000 UTC,3,2026-06-16 10:00:00.000 UTC,94.0
IQS,32a98f0fdb9e4e2ca2e682dd,103192,True,0,,,,0,,
IQS,19e5ddf32d82450c9fb01ab4,103193,True,139,,,,3,,
IQS,8d97979a37424272ab9d246b,103194,True,0,,,,0,,
IQS,87b9bf773ee14594b840172d,103195,True,575,2026-06-15 10:00:00.000 UTC,2026-06-15 10:00:00.000 UTC,2026-06-15 10:00:00.000 UTC,1,2026-06-15 10:00:00.000 UTC,95.0
IQS,3cc712f83a2c48c6ab384e5b,103196,True,4649,2023-10-22 10:00:00.000 UTC,2023-10-22 10:00:00.000 UTC,2023-10-22 10:00:00.000 UTC,1,2023-10-22 10:00:00.000 UTC,1062.0
IQS,92e470901fde4586bff86134,103197,True,41,2026-07-26 10:00:00.000 UTC,2026-07-26 10:00:00.000 UTC,2026-07-26 10:00:00.000 UTC,4,2026-07-26 10:00:00.000 UTC,54.0
IQS,48fe546be4214c8ea9f23e89,103198,True,1282,,,,1,,
IQS,adbb82730ff44bce8b9af4d2,103199,True,1331,2025-06-28 10:00:00.000 UTC,2025-06-28 10:00:00.000 UTC,,3,2025-06-28 10:00:00.000 UTC,447.0
IQS,b5939450a61a42aaa282710f,103200,True,1609,2023-06-26 10:00:00.000 UTC,2023-06-26 10:00:00.000 UTC,,1,2023-06-26 10:00:00.000 UTC,1180.0
IQS,1e8cec4812154e2085655c10,103201,True,3056,2020-03-30 10:00:00.000 UTC,2020-03-30 10:00:00.000 UTC,,3,2020-03-30 10:00:00.000 UTC,2363.0
IQS,1dcd175d3efc4431a0a4fdf5,103202,True,3256,2026-09-04 10:00:00.000 UTC,2026-09-04 10:00:00.000 UTC,,4,2026-09-04 10:00:00.000 UTC,14.0
IQS,16699c209ddd4b999040b97c,103203,True,422,,,2020-09-14 10:00:00.000 UTC,1,2020-09-14 10:00:00.000 UTC,2195.0
IQS,2d45ffabc97f40da89a1ffd0,103204,True,493,2023-07-13 10:00:00.000 UTC,2023-07-13 10:00:00.000 UTC,2023-07-13 10:00:00.000 UTC,1,2023-07-13 10:00:00.000 UTC,1163.0
IQS,cd9b79db478f4737abdac12a,103205,True,0,2021-11-29 10:00:00.000 UTC,2021-11-29 10:00:00.000 UTC,,0,2021-11-29 10:00:00.000 UTC,1754.0
IQS,32f0912cda664491b95e5c6e,103206,True,0,2023-09-24 10:00:00.000 UTC,2023-09-24 10:00:00.000 UTC,2023-09-24 10:00:00.000 UTC,0,2023-09-24 10:00:00.000 UTC,1090.0
IQS,fab7ae246bfc444c9e252991,103207,True,36,,,,3,,
IQS,24cdcda741e340a787b7c7c4,103208,True,9985,,,,3,,
IQS,b0034e7d79634cddbd6f00ec,103209,True,0,,,2025-09-15 10:00:00.000 UTC,0,2025-09-15 10:00:00.000 UTC,368.0
IQS,39fa113249324c27ac7ee548,103210,True,4220,2023-11-24 10:00:00.000 UTC,2023-11-24 10:00:00.000 UTC,2023-11-24 10:00:00.000 UTC,1,2023-11-24 10:00:00.000 UTC,1029.0
IQS,041a81c722dd442ab4bab711,103211,True,89,,,,1,,
IQS,1a59a8ca6fc44e369765918f,103212,True,0,2023-01-13 10:00:00.000 UTC,2023-01-13 10:00:00.000 UTC,,0,2023-01-13 10:00:00.000 UTC,1344.0
IQS,3f6cd36d99dc41e69f7e7545,103213,True,0,,,2022-08-10 10:00:00.000 UTC,0,2022-08-10 10:00:00.000 UTC,1500.0
IQS,b6091f2dbc4d4b7ab6a7b3a5,103214,True,2830,2020-08-01 10:00:00.000 UTC,2020-08-01 10:00:00.000 UTC,2020-08-01 10:00:00.000 UTC,3,2020-08-01 10:00:00.000 UTC,2239.0
IQS,6ee430dd89eb454ebdc67438,103215,True,23790,2022-05-17 10:00:00.000 UTC,2022-05-17 10:00:00.000 UTC,,2,2022-05-17 10:00:00.000 UTC,1585.0
IQS,a661a72466e54f41ab858012,103216,True,3135,,,,2,,
IQS,07b896ebc1ac4595aa2ef13c,103217,True,1898,2023-03-08 10:00:00.000 UTC,2023-03-08 10:00:00.000 UTC,2023-03-08 10:00:00.000 UTC,3,2023-03-08 10:00:00.000 UTC,1290.0
IQS,8ed7ec7ba5274e728ee130b4,103218,True,0,2024-10-16 10:00:00.000 UTC,2024-10-16 10:00:00.000 UTC,,0,2024-10-16 10:00:00.000 UTC,702.0
IQS,dce6e532e7894b5793229e03,103219,True,6910,,,,1,,
IQS,11236f356c3c48118f3d1094,103220,True,788,,,2024-03-07 10:00:00.000 UTC,1,2024-03-07 10:00:00.000 UTC,925.0
IQS,4609e2d65e534683af373edd,103221,True,0,2019-04-25 10:00:00.000 UTC,2019-04-25 10:00:00.000 UTC,,0,2019-04-25 10:00:00.000 UTC,2703.0
IQS,51da7455707246cba5e81ffb,103222,True,365,2024-09-08 10:00:00.000 UTC,2024-09-08 10:00:00.000 UTC,2024-09-08 10:00:00.000 UTC,1,2024-09-08 10:00:00.000 UTC,740.0
IQS,5069c3e66f4141c68506911e,103223,True,0,,,,0,,
IQS,67a68e628f1c45559405429a,103224,True,3289,2021-12-18 10:00:00.000 UTC,2021-12-18 10:00:00.000 UTC,,3,2021-12-18 10:00:00.000 UTC,1735.0
IQS,40a75ecc8bd6439d847b417c,103225,True,767,2026-08-02 10:00:00.000 UTC,2026-08-02 10:00:00.000 UTC,2026-08-02 10:00:00.000 UTC,2,2026-08-02 10:00:00.000 UTC,47.0
IQS,3a1bdec56c054ff6b14c2211,103226,True,0,2025-04-03 10:00:00.000 UTC,2025-04-03 10:00:00.000 UTC,2025-04-03 10:00:00.000 UTC,0,2025-04-03 10:00:00.000 UTC,533.0
IQS,c76ad81eb5ef4800bdd5eb5f,103227,True,592,,,2023-03-23 10:00:00.000 UTC,1,2023-03-23 10:00:00.000 UTC,1275.0
IQS,125c31d9c7494acf9b05bef9,103228,True,193,2022-08-11 10:00:00.000 UTC,2022-08-11 10:00:00.000 UTC,,2,2022-08-11 10:00:00.000 UTC,1499.0
IQS,cabb2591f4234ac9827b983c,103229,True,344,2024-11-29 10:00:00.000 UTC,2024-11-29 10:00:00.000 UTC,,1,2024-11-29 10:00:00.000 UTC,658.0
IQS,767a47f72f5e4f52a2171736,103230,True,4536,,,2026-07-10 10:00:00.000 UTC,2,2026-07-10 10:00:00.000 UTC,70.0
IQS,829750db55dc4db39fb97d36,103231,True,4152,,,2025-10-07 10:00:00.000 UTC,1,2025-10-07 10:00:00.000 UTC,346.0
IQS,2ea9ba80251841849ab6d973,103232,True,911,2024-04-28 10:00:00.000 UTC,2024-04-28 10:00:00.000 UTC,2024-04-28 10:00:00.000 UTC,2,2024-04-28 10:00:00.000 UTC,873.0
IQS,3b504be7609c45bea58c13f8,103233,True,409,2025-02-14 10:00:00.000 UTC,2025-02-14 10:00:00.000 UTC,,2,2025-02-14 10:00:00.000 UTC,581.0
IQS,510ceca213974b0cbb37096e,103234,True,0,,,,0,,
IQS,7e3b0168754046d1bf42eca7,103235,True,624,2023-10-11 10:00:00.000 UTC,2023-10-11 10:00:00.000 UTC,2023-10-11 10:00:00.000 UTC,2,2023-10-11 10:00:00.000 UTC,1073.0
IQS,568e3ad5422f4b5a8fc1b7ce,103236,True,674,,,,2,,
IQS,66ed37a268bc44649446eeb9,103237,True,257,,,,1,,
IQS,a67dcae6aecd4c749564c36b,103238,True,560,,,2024-10-25 10:00:00.000 UTC,2,2024-10-25 10:00:00.000 UTC,693.0
IQS,c13ad842bee34c728b1e8d9a,103239,True,0,2023-04-14 10:00:00.000 UTC,2023-04-14 10:00:00.000 UTC,2023-04-14 10:00:00.000 UTC,0,2023-04-14 10:00:00.000 UTC,1253.0
IQS,bf4bf8c474ee4c809f0b7e33,103240,True,0,,,2021-05-20 10:00:00.000 UTC,0,2021-05-20 10:00:00.000 UTC,1947.0
IQS,416bbc30171846bdb887440d,103241,True,0,2026-08-19 10:00:00.000 UTC,2026-08-19 10:00:00.000 UTC,2026-08-19 10:00:00.000 UTC,0,2026-08-19 10:00:00.000 UTC,30.0
IQS,e2a5d75a537b4fbba18c7723,103242,True,9047,,,2023-09-16 10:00:00.000 UTC,2,2023-09-16 10:00:00.000 UTC,1098.0
IQS,d04ba1689b5e43a3b5f3d432,103243,True,0,2022-03-17 10:00:00.000 UTC,2022-03-17 10:00:00.000 UTC,2022-03-17 10:00:00.000 UTC,0,2022-03-17 10:00:00.000 UTC,1646.0
IQS,d4300e0d11d1492c96f2a099,103244,True,2047,,,2025-07-21 10:00:00.000 UTC,1,2025-07-21 10:00:00.000 UTC,424.0
IQS,afee9af58fec4a3e91d70b00,103245,True,346,2024-12-11 10:00:00.000 UTC,2024-12-11 10:00:00.000 UTC,,2,2024-12-11 10:00:00.000 UTC,646.0
IQS,614099f9100946dcb5f1e14a,103246,True,0,,,2024-05-23 10:00:00.000 UTC,0,2024-05-23 10:00:00.000 UTC,848.0
IQS,92557a563de24072a642412a,103247,True,1450,,,,3,,
IQS,2e0f49899fd74171a6680b94,103248,True,516,,,,2,,
IQS,f38be7b0c14e48feb6f15897,103249,True,0,,,2022-02-04 10:00:00.000 UTC,0,2022-02-04 10:00:00.000 UTC,1687.0
IQS,612549f749524c3e927d6191,103250,True,603,2020-02-26 10:00:00.000 UTC,2020-02-26 10:00:00.000 UTC,,1,2020-02-26 10:00:00.000 UTC,2396.0
IQS,f4402695d7164483a56b60c4,103251,True,1042,2021-06-10 10:00:00.000 UTC,2021-06-10 10:00:00.000 UTC,,3,2021-06-10 10:00:00.000 UTC,1926.0
IQS,9798285b48254922b5072305,103252,True,535,2026-07-06 10:00:00.000 UTC,2026-07-06 10:00:00.000 UTC,,1,2026-07-06 10:00:00.000 UTC,74.0
IQS,fbd07556aac74c049451933b,103253,True,863,,,2026-09-18 10:00:00.000 UTC,2,2026-09-18 10:00:00.000 UTC,0.0
IQS,d7e84f492f6449d8b9a5b8a9,103254,True,1071,2026-09-13 10:00:00.000 UTC,2026-09-13 10:00:00.000 UTC,2026-09-13 10:00:00.000 UTC,3,2026-09-13 10:00:00.000 UTC,5.0
IQS,447c1aa0e56f45e4ad9c6834,103255,True,1438,2025-12-25 10:00:00.000 UTC,2025-12-25 10:00:00.000 UTC,2025-12-25 10:00:00.000 UTC,1,2025-12-25 10:00:00.000 UTC,267.0
IQS,be0283086a524f508f69dd5e,103256,True,0,,,,0,,
IQS,f7ffe6b427164a97850f3b60,103257,True,2354,,,,2,,
IQS,c0ac90fdfb4a4724ad29e15b,103258,True,0,,,2020-05-15 10:00:00.000 UTC,0,2020-05-15 10:00:00.000 UTC,2317.0
IQS,5f930b3f2fff4a02b9848b58,103259,True,247,2025-10-13 10:00:00.000 UTC,2025-10-13 10:00:00.000 UTC,,2,2025-10-13 10:00:00.000 UTC,340.0
IQS,57d1225892c24462b9f2e39d,103260,True,312,,,2026-06-16 10:00:00.000 UTC,1,2026-06-16 10:00:00.000 UTC,94.0
IQS,d8c22513daba41d6b6ad600c,103261,True,6955,,,2020-04-19 10:00:00.000 UTC,3,2020-04-19 10:00:00.000 UTC,2343.0
IQS,2ae90e9714af4a1c8ab6e0e9,103262,True,2393,,,,3,,
IQS,e9332b9a48644164a738a728,103263,True,0,,,,0,,
IQS,67668e23c3184db3bd5681e6,103264,True,0,2023-10-19 10:00:00.000 UTC,2023-10-19 10:00:00.000 UTC,,0,2023-10-19 10:00:00.000 UTC,1065.0
IQS,22589aebd2164ced86caa316,103265,True,1806,,,2022-07-30 10:00:00.000 UTC,1,2022-07-30 10:00:00.000 UTC,1511.0
IQS,7068df20bbc24d8f83165390,103266,True,673,,,,1,,
IQS,00d19cc7afc34a3ab360a9ca,103267,True,302,2024-01-12 10:00:00.000 UTC,2024-01-12 10:00:00.000 UTC,2024-01-12 10:00:00.000 UTC,1,2024-01-12 10:00:00.000 UTC,980.0
IQS,c16a506c02f24e4ca600efee,103268,True,390,,,,1,,
IQS,dfd038cfb23041af9e7785d0,103269,True,0,2026-08-08 10:00:00.000 UTC,2026-08-08 10:00:00.000 UTC,2026-08-08 10:00:00.000 UTC,0,2026-08-08 10:00:00.000 UTC,41.0
IQS,6ea7706521494711970fd67c,103270,True,0,,,2024-09-10 10:00:00.000 UTC,0,2024-09-10 10:00:00.000 UTC,738.0
IQS,a280b5d3e919409b8c80238d,103271,True,2221,2024-03-28 10:00:00.000 UTC,2024-03-28 10:00:00.000 UTC,2024-03-28 10:00:00.000 UTC,2,2024-03-28 10:00:00.000 UTC,904.0
IQS,06e54103636844fd83b809f9,103272,True,0,2025-10-02 10:00:00.000 UTC,2025-10-02 10:00:00.000 UTC,2025-10-02 10:00:00.000 UTC,0,2025-10-02 10:00:00.000 UTC,351.0
IQS,caf3b2bc6da8406fb79ee45b,103273,True,0,,,2020-09-08 10:00:00.000 UTC,0,2020-09-08 10:00:00.000 UTC,2201.0
IQS,f3e17d8dd11140d8b5056d42,103274,True,0,,,,0,,
IQS,62406ebfcb6842a3af76b7d6,103275,True,0,2026-07-09 10:00:00.000 UTC,2026-07-09 10:00:00.000 UTC,2026-07-09 10:00:00.000 UTC,0,2026-07-09 10:00:00.000 UTC,71.0
IQS,10054b0175c741ed8d1ac023,103276,True,134,2022-12-21 10:00:00.000 UTC,2022-12-21 10:00:00.000 UTC,2022-12-21 10:00:00.000 UTC,1,2022-12-21 10:00:00.000 UTC,1367.0
IQS,6fdacef898714645aec6c55d,103277,True,0,,,,0,,
IQS,c5784156dc194bcbb1b6c15f,103278,True,361,,,2024-10-21 10:00:00.000 UTC,4,2024-10-21 10:00:00.000 UTC,697.0
IQS,d63c756de58144e5a86db9d0,103279,True,0,,,,0,,
IQS,ce8c888cf5ce403c9471471e,103280,True,123,2026-07-17 10:00:00.000 UTC,2026-07-17 10:00:00.000 UTC,2026-07-17 10:00:00.000 UTC,1,2026-07-17 10:00:00.000 UTC,63.0
IQS,44c22d5d3a57483ba446c39f,103281,True,0,,,,0,,
IQS,5254e0ded58d4862bb00b654,103282,True,117,,,2026-09-16 10:00:00.000 UTC,1,2026-09-16 10:00:00.000 UTC,2.0
IQS,4c5f18d32d014090bde6fa22,103283,True,225,2026-05-25 10:00:00.000 UTC,2026-05-25 10:00:00.000 UTC,2026-05-25 10:00:00.000 UTC,1,2026-05-25 10:00:00.000 UTC,116.0
IQS,7b2988953382435f85d40530,103284,True,1351,2025-03-07 10:00:00.000 UTC,2025-03-07 10:00:00.000 UTC,2025-03-07 10:00:00.000 UTC,3,2025-03-07 10:00:00.000 UTC,560.0
IQS,7122a68f141445c3a9657b0d,103285,True,227,2026-07-20 10:00:00.000 UTC,2026-07-20 10:00:00.000 UTC,,4,2026-07-20 10:00:00.000 UTC,60.0
IQS,4e9770c9128144c6b663caa7,103286,True,817,2025-02-13 10:00:00.000 UTC,2025-02-13 10:00:00.000 UTC,2025-02-13 10:00:00.000 UTC,1,2025-02-13 10:00:00.000 UTC,582.0
IQS,fa8e26eb2d9346de9de368e3,103287,True,0,,,2025-03-03 10:00:00.000 UTC,0,2025-03-03 10:00:00.000 UTC,564.0
IQS,383592c82e5d4e84894f3f37,103288,True,475,,,,2,,
IQS,86256210e0a64359a2936119,103289,True,5240,,,2024-05-27 10:00:00.000 UTC,1,2024-05-27 10:00:00.000 UTC,844.0
IQS,c6368b39610448a4957b6f94,103290,True,651,,,2024-06-24 10:00:00.000 UTC,2,2024-06-24 10:00:00.000 UTC,816.0
IQS,f8099794345a48848ba6cece,103291,True,776,2025-04-16 10:00:00.000 UTC,2025-04-16 10:00:00.000 UTC,,1,2025-04-16 10:00:00.000 UTC,520.0
IQS,c2d49baf137f48259d37cfc8,103292,True,0,,,2022-10-02 10:00:00.000 UTC,0,2022-10-02 10:00:00.000 UTC,1447.0
IQS,81df86c6a1c8481483ae8809,103293,True,1115,,,2021-09-06 10:00:00.000 UTC,2,2021-09-06 10:00:00.000 UTC,1838.0
IQS,f17c6d3ebba646ef933d82d6,103294,True,556,,,,1,,
IQS,779ca4b010584e30b39c3ec3,103295,True,1799,,,2025-12-06 10:00:00.000 UTC,3,2025-12-06 10:00:00.000 UTC,286.0
IQS,ccc02428b4ff49b3bd1454fa,103296,True,0,2024-03-23 10:00:00.000 UTC,2024-03-23 10:00:00.000 UTC,2024-03-23 10:00:00.000 UTC,0,2024-03-23 10:00:00.000 UTC,909.0
IQS,9e158c849bae4237bc458145,103297,True,0,2026-06-06 10:00:00.000 UTC,2026-06-06 10:00:00.000 UTC,2026-06-06 10:00:00.000 UTC,0,2026-06-06 10:00:00.000 UTC,104.0
IQS,dcfdabd4af374204a8485ff2,103298,True,0,2023-03-02 10:00:00.000 UTC,2023-03-02 10:00:00.000 UTC,2023-03-02 10:00:00.000 UTC,0,2023-03-02 10:00:00.000 UTC,1296.0
IQS,73719ffa5f3e4c41b9164391,103299,True,3358,,,,3,,
IQS,7af7f0c902754930995f73fe,103300,True,3061,,,,3,,
IQS,e67ce1d4c598462db1380053,103301,True,2165,,,2023-10-10 10:00:00.000 UTC,2,2023-10-10 10:00:00.000 UTC,1074.0
IQS,e5e259c5457148d78f227ce7,103302,True,660,2022-06-16 10:00:00.000 UTC,2022-06-16 10:00:00.000 UTC,2022-06-16 10:00:00.000 UTC,2,2022-06-16 10:00:00.000 UTC,1555.0
IQS,589f39b52d984141bbd7c190,103303,True,78,2023-04-06 10:00:00.000 UTC,2023-04-06 10:00:00.000 UTC,2023-04-06 10:00:00.000 UTC,1,2023-04-06 10:00:00.000 UTC,1261.0
IQS,c8a97599cb9e4689ba67607c,103304,True,1147,,,2022-08-29 10:00:00.000 UTC,2,2022-08-29 10:00:00.000 UTC,1481.0
IQS,e027775625354b05a14ee444,103305,True,0,,,,0,,
IQS,0b462582b6714f608b1d5088,103306,True,98,,,,3,,
IQS,31e2c6ed5bd74c3fb959e90c,103307,True,372,,,2025-04-23 10:00:00.000 UTC,2,2025-04-23 10:00:00.000 UTC,513.0
IQS,34f24e8b6f4d448aa5e18bff,103308,True,4106,,,2024-05-09 10:00:00.000 UTC,1,2024-05-09 10:00:00.000 UTC,862.0
IQS,2f8394a9dc9f484294cf0f87,103309,True,0,2018-12-25 10:00:00.000 UTC,2018-12-25 10:00:00.000 UTC,2018-12-25 10:00:00.000 UTC,0,2018-12-25 10:00:00.000 UTC,2824.0
IQS,fa1a7f6379cc4715b06d2c3a,103310,True,697,,,2023-05-20 10:00:00.000 UTC,1,2023-05-20 10:00:00.000 UTC,1217.0
IQS,34f6675423db4e2d8cc6cf61,103311,True,1097,2023-07-27 10:00:00.000 UTC,2023-07-27 10:00:00.000 UTC,2023-07-27 10:00:00.000 UTC,3,2023-07-27 10:00:00.000 UTC,1149.0
IQS,3a3927e4301a4f5dadffdae9,103312,True,9197,,,,2,,
IQS,21b60bb3a759412dbe1eb29d,103313,True,170,2024-02-07 10:00:00.000 UTC,2024-02-07 10:00:00.000 UTC,2024-02-07 10:00:00.000 UTC,3,2024-02-07 10:00:00.000 UTC,954.0
IQS,2217acf0fdb34d368bdeeaf3,103314,True,278,2024-03-26 10:00:00.000 UTC,2024-03-26 10:00:00.000 UTC,,1,2024-03-26 10:00:00.000 UTC,906.0
IQS,383d3066e4dc46bc816524c3,103315,True,643,,,2024-10-26 10:00:00.000 UTC,1,2024-10-26 10:00:00.000 UTC,692.0
IQS,ebadfd1b388a4d999e352b70,103316,True,1079,,,2022-03-29 10:00:00.000 UTC,2,2022-03-29 10:00:00.000 UTC,1634.0
IQS,9257e9ca09f34a1f91e7c83a,103317,True,38,,,,1,,
IQS,c66e0d6f34544f03ad6acff7,103318,True,4100,,,,3,,
IQS,f0134a51bbb144e3bb4eb3ee,103319,True,2061,2026-05-27 10:00:00.000 UTC,2026-05-27 10:00:00.000 UTC,,1,2026-05-27 10:00:00.000 UTC,114.0
IQS,f185d2d66ae34ef68a69784d,103320,True,0,,,,0,,
IQS,668c5edea35c413482459062,103321,True,0,2023-03-08 10:00:00.000 UTC,2023-03-08 10:00:00.000 UTC,,0,2023-03-08 10:00:00.000 UTC,1290.0
IQS,e418d88289f5414a81009bd8,103322,True,668,,,,1,,
IQS,a3aae2e97dd44113b552c679,103323,True,615,,,2024-03-03 10:00:00.000 UTC,3,2024-03-03 10:00:00.000 UTC,929.0
IQS,cf6d52428bf747c5ad7b8c9d,103324,True,1832,2023-05-22 10:00:00.000 UTC,2023-05-22 10:00:00.000 UTC,2023-05-22 10:00:00.000 UTC,1,2023-05-22 10:00:00.000 UTC,1215.0
IQS,ec463c9da1a3453faf86fc81,103325,True,1934,,,2022-11-05 10:00:00.000 UTC,2,2022-11-05 10:00:00.000 UTC,1413.0
IQS,d342f293c98947afb251c936,103326,True,502,2025-10-08 10:00:00.000 UTC,2025-10-08 10:00:00.000 UTC,2025-10-08 10:00:00.000 UTC,2,2025-10-08 10:00:00.000 UTC,345.0
IQS,e76d898796044b1cafbb275d,103327,True,678,2026-06-12 10:00:00.000 UTC,2026-06-12 10:00:00.000 UTC,,2,2026-06-12 10:00:00.000 UTC,98.0
IQS,391936d4aa8b4fc99cd3c70e,103328,True,0,,,2025-02-02 10:00:00.000 UTC,0,2025-02-02 10:00:00.000 UTC,593.0
IQS,6849ad8e22aa431bb328b8a2,103329,True,322,,,,3,,
IQS,78a91f295811486195a2128b,103330,True,6684,2023-02-28 10:00:00.000 UTC,2023-02-28 10:00:00.000 UTC,,1,2023-02-28 10:00:00.000 UTC,1298.0
IQS,0ea3277589d4418cb7dfbb85,103331,True,599,2023-02-26 10:00:00.000 UTC,2023-02-26 10:00:00.000 UTC,2023-02-26 10:00:00.000 UTC,1,2023-02-26 10:00:00.000 UTC,1300.0
IQS,66879353a648426abb07a519,103332,True,8781,,,2025-02-11 10:00:00.000 UTC,1,2025-02-11 10:00:00.000 UTC,584.0
IQS,adf97c0c84c24c1ebc8f0c90,103333,True,634,,,2023-09-05 10:00:00.000 UTC,2,2023-09-05 10:00:00.000 UTC,1109.0
IQS,c5159c76cd8f4799a06b7650,103334,True,36,,,2023-06-03 10:00:00.000 UTC,3,2023-06-03 10:00:00.000 UTC,1203.0
IQS,5f684ea408f34c599543b6d3,103335,True,739,,,,2,,
IQS,49de7eb69f0348ffad86d47a,103336,True,716,,,,1,,
IQS,35e231e42af34980845b563d,103337,True,1087,2025-11-08 10:00:00.000 UTC,2025-11-08 10:00:00.000 UTC,,1,2025-11-08 10:00:00.000 UTC,314.0
IQS,42435c0b4f954ba291add257,103338,True,1262,,,,3,,
IQS,668601bf3298474cba919e5b,103339,True,0,2024-02-23 10:00:00.000 UTC,2024-02-23 10:00:00.000 UTC,2024-02-23 10:00:00.000 UTC,0,2024-02-23 10:00:00.000 UTC,938.0
IQS,1ebc0c84d0f04e728de27755,103340,True,0,2022-11-07 10:00:00.000 UTC,2022-11-07 10:00:00.000 UTC,2022-11-07 10:00:00.000 UTC,0,2022-11-07 10:00:00.000 UTC,1411.0
IQS,b300e70f4a72465fa6fa0a03,103341,True,818,,,,2,,
IQS,3c837cf4b13c4baf9f63abff,103342,True,1641,2019-10-01 10:00:00.000 UTC,2019-10-01 10:00:00.000 UTC,,1,2019-10-01 10:00:00.000 UTC,2544.0
IQS,a7608b1c79c04ac199969174,103343,True,826,2025-03-22 10:00:00.000 UTC,2025-03-22 10:00:00.000 UTC,2025-03-22 10:00:00.000 UTC,2,2025-03-22 10:00:00.000 UTC,545.0
IQS,869b26902d054f6d931dee79,103344,True,4431,,,2026-09-04 10:00:00.000 UTC,3,2026-09-04 10:00:00.000 UTC,14.0
IQS,cccb0c2ba8004922be3017c1,103345,True,5980,2025-05-09 10:00:00.000 UTC,2025-05-09 10:00:00.000 UTC,,2,2025-05-09 10:00:00.000 UTC,497.0
IQS,5c1137041f3f4872a5cf10a7,103346,True,713,2022-12-22 10:00:00.000 UTC,2022-12-22 10:00:00.000 UTC,2022-12-22 10:00:00.000 UTC,3,2022-12-22 10:00:00.000 UTC,1366.0
IQS,8ca1b2e767964de3b90674be,103347,True,696,,,,1,,
IQS,b329ab576dfc46c9a5497181,103348,True,1532,2023-06-05 10:00:00.000 UTC,2023-06-05 10:00:00.000 UTC,2023-06-05 10:00:00.000 UTC,1,2023-06-05 10:00:00.000 UTC,1201.0
IQS,2c563cb607e24983acdf2597,103349,True,6315,,,,3,,
IQS,013f0d3c91634e4a84fcb387,103350,True,0,,,,0,,
IQS,dfbe9cbfa2f74ebbb4cc34ff,103351,True,1004,2018-09-20 10:00:00.000 UTC,2018-09-20 10:00:00.000 UTC,2018-09-20 10:00:00.000 UTC,3,2018-09-20 10:00:00.000 UTC,2920.0
IQS,ba1a0f11633d4d1cb664f99e,103352,True,2834,2025-03-31 10:00:00.000 UTC,2025-03-31 10:00:00.000 UTC,2025-03-31 10:00:00.000 UTC,2,2025-03-31 10:00:00.000 UTC,536.0
IQS,11d55e5358254b21b8426ca0,103353,True,706,,,,1,,
IQS,e5918c35b2eb4768acd73c33,103354,True,1100,2023-11-09 10:00:00.000 UTC,2023-11-09 10:00:00.000 UTC,,2,2023-11-09 10:00:00.000 UTC,1044.0
IQS,e5f0eaf57d2d4be3bfcf09ca,103355,True,731,2023-04-11 10:00:00.000 UTC,2023-04-11 10:00:00.000 UTC,2023-04-11 10:00:00.000 UTC,3,2023-04-11 10:00:00.000 UTC,1256.0
IQS,c3fd41c0700547c7b474cb82,103356,True,981,2023-08-23 10:00:00.000 UTC,2023-08-23 10:00:00.000 UTC,,2,2023-08-23 10:00:00.000 UTC,1122.0
IQS,57e1851a47114404be403f8d,103357,True,1172,,,,1,,
IQS,0f9d0a9119304173bb594467,103358,True,160,,,2023-06-24 10:00:00.000 UTC,3,2023-06-24 10:00:00.000 UTC,1182.0
IQS,d36abc10c9124afd8134b568,103359,True,1491,2020-10-22 10:00:00.000 UTC,2020-10-22 10:00:00.000 UTC,,1,2020-10-22 10:00:00.000 UTC,2157.0
IQS,207febc4bb2246bc8d155a32,103360,True,1034,2024-03-22 10:00:00.000 UTC,2024-03-22 10:00:00.000 UTC,,3,2024-03-22 10:00:00.000 UTC,910.0
IQS,e2bb1f4869e74e75abe51b66,103361,True,153,,,2026-07-03 10:00:00.000 UTC,3,2026-07-03 10:00:00.000 UTC,77.0
IQS,3f4c6eab3faa4a5c932546fe,103362,True,8506,,,,1,,
IQS,5a4baf163c72464ba70bdfc3,103363,True,0,,,2023-08-29 10:00:00.000 UTC,0,2023-08-29 10:00:00.000 UTC,1116.0
IQS,06a90505b39b4d6ca38ced03,103364,True,295,,,,4,,
IQS,bdc45414374a4bb88b764490,103365,True,6023,2023-04-05 10:00:00.000 UTC,2023-04-05 10:00:00.000 UTC,2023-04-05 10:00:00.000 UTC,1,2023-04-05 10:00:00.000 UTC,1262.0
IQS,6d9d3d8ff5254a649ddc61ea,103366,True,139,,,,4,,
IQS,d1556d919dce41ddb3736efc,103367,True,537,,,2025-04-19 10:00:00.000 UTC,2,2025-04-19 10:00:00.000 UTC,517.0
IQS,69b49809fd94471b970334de,103368,True,2400,2024-04-09 10:00:00.000 UTC,2024-04-09 10:00:00.000 UTC,2024-04-09 10:00:00.000 UTC,2,2024-04-09 10:00:00.000 UTC,892.0
IQS,22691f4da83d4483a1b5a044,103369,True,463,,,,6,,
IQS,430d81337a114d64964fd945,103370,True,349,,,,3,,
IQS,1c9a3802894942f99ae47ed1,103371,True,0,2020-01-11 10:00:00.000 UTC,2020-01-11 10:00:00.000 UTC,2020-01-11 10:00:00.000 UTC,0,2020-01-11 10:00:00.000 UTC,2442.0
IQS,bdd5ed07a88c4df3a664990b,103372,True,0,2021-05-21 10:00:00.000 UTC,2021-05-21 10:00:00.000 UTC,2021-05-21 10:00:00.000 UTC,0,2021-05-21 10:00:00.000 UTC,1946.0
IQS,c09c6cc0ce524eaea9217ff1,103373,True,1208,,,,1,,
IQS,a25733fdf5fe4d17bbfdd31b,103374,True,796,2025-05-07 10:00:00.000 UTC,2025-05-07 10:00:00.000 UTC,2025-05-07 10:00:00.000 UTC,2,2025-05-07 10:00:00.000 UTC,499.0
IQS,f060651f939d455886ec566f,103375,True,0,,,,0,,
IQS,6f943657ab0748328779e09f,103376,True,0,,,,0,,
IQS,622101e609c1487db6820c23,103377,True,0,,,,0,,
IQS,c524a45b7e454aca950fdc94,103378,True,267,2025-02-05 10:00:00.000 UTC,2025-02-05 10:00:00.000 UTC,2025-02-05 10:00:00.000 UTC,3,2025-02-05 10:00:00.000 UTC,590.0
IQS,02e2db91e85340edb38a6823,103379,True,0,,,2023-11-20 10:00:00.000 UTC,0,2023-11-20 10:00:00.000 UTC,1033.0
IQS,0a2dbd6e9a8b4981b3f29fc5,103380,True,204,,,,3,,
IQS,37e6ce16e6c04b4fbd5e570a,103381,True,1545,,,,2,,
IQS,9b3c5129e8084e289511931b,103382,True,157,,,2025-07-30 10:00:00.000 UTC,1,2025-07-30 10:00:00.000 UTC,415.0
IQS,caf830aee57a4b05bc28836d,103383,True,41,,,2025-01-21 10:00:00.000 UTC,3,2025-01-21 10:00:00.000 UTC,605.0
IQS,5dde9b16f7f7420c81c90c96,103384,True,806,,,2014-07-30 10:00:00.000 UTC,2,2014-07-30 10:00:00.000 UTC,4433.0
IQS,9c030527f570484bbc7aae82,103385,True,0,2025-11-03 10:00:00.000 UTC,2025-11-03 10:00:00.000 UTC,2025-11-03 10:00:00.000 UTC,0,2025-11-03 10:00:00.000 UTC,319.0
IQS,ded8efc8fbc74fee90e12cdc,103386,True,0,,,2026-06-11 10:00:00.000 UTC,0,2026-06-11 10:00:00.000 UTC,99.0
IQS,d7b88cabafb443a59d8cf6d6,103387,True,615,,,,1,,
IQS,9a60a322482f44edab85bafb,103388,True,14595,,,2023-11-01 10:00:00.000 UTC,1,2023-11-01 10:00:00.000 UTC,1052.0
IQS,d55ac1e54f82434a8c0920e4,103389,True,60,,,,1,,
IQS,90b7260775194f3dbfa4c671,103390,True,997,,,2026-08-01 10:00:00.000 UTC,1,2026-08-01 10:00:00.000 UTC,48.0
IQS,0ad6314dbe274a27b8df8826,103391,True,2192,2026-06-28 10:00:00.000 UTC,2026-06-28 10:00:00.000 UTC,,1,2026-06-28 10:00:00.000 UTC,82.0
IQS,b70a28b2d4c249efb945f604,103392,True,535,2026-08-31 10:00:00.000 UTC,2026-08-31 10:00:00.000 UTC,2026-08-31 10:00:00.000 UTC,1,2026-08-31 10:00:00.000 UTC,18.0
IQS,621180bb174a44eca1383c09,103393,True,825,,,,1,,
IQS,c298f4b8f4fc4810bcb483f9,103394,True,0,2020-08-06 10:00:00.000 UTC,2020-08-06 10:00:00.000 UTC,,0,2020-08-06 10:00:00.000 UTC,2234.0
IQS,c28e3415e9e94536a5978c8d,103395,True,0,2025-11-30 10:00:00.000 UTC,2025-11-30 10:00:00.000 UTC,2025-11-30 10:00:00.000 UTC,0,2025-11-30 10:00:00.000 UTC,292.0
IQS,8aa0cc5452a54336a29eabdb,103396,True,0,,,2023-05-10 10:00:00.000 UTC,0,2023-05-10 10:00:00.000 UTC,1227.0
IQS,4210b872d6034ab280c511ca,103397,True,704,2026-06-28 10:00:00.000 UTC,2026-06-28 10:00:00.000 UTC,,4,2026-06-28 10:00:00.000 UTC,82.0
IQS,4afc19b49be241518cd2f109,103398,True,0,2024-09-28 10:00:00.000 UTC,2024-09-28 10:00:00.000 UTC,2024-09-28 10:00:00.000 UTC,0,2024-09-28 10:00:00.000 UTC,720.0
IQS,a9a9ec41ce94421285692e3f,103399,True,156,,,2024-06-07 10:00:00.000 UTC,4,2024-06-07 10:00:00.000 UTC,833.0
IQS,aedcc28d15cc4d7e8f2c7bb1,103400,True,17159,2023-08-27 10:00:00.000 UTC,2023-08-27 10:00:00.000 UTC,,3,2023-08-27 10:00:00.000 UTC,1118.0
IQS,3354defce0184220af270a79,103401,True,1040,2025-10-13 10:00:00.000 UTC,2025-10-13 10:00:00.000 UTC,,1,2025-10-13 10:00:00.000 UTC,340.0
IQS,3de2e482fb55439fa1a6ede1,103402,True,0,2023-06-25 10:00:00.000 UTC,2023-06-25 10:00:00.000 UTC,2023-06-25 10:00:00.000 UTC,0,2023-06-25 10:00:00.000 UTC,1181.0
IQS,2cfaac80114c4391a2b7ca10,103403,True,1458,2025-03-03 10:00:00.000 UTC,2025-03-03 10:00:00.000 UTC,2025-03-03 10:00:00.000 UTC,2,2025-03-03 10:00:00.000 UTC,564.0
IQS,c20ebd3b64c64d16b72ab129,103404,True,2044,,,2025-03-23 10:00:00.000 UTC,4,2025-03-23 10:00:00.000 UTC,544.0
IQS,ae01b89bdf7b441f8134f723,103405,True,157,2022-09-15 10:00:00.000 UTC,2022-09-15 10:00:00.000 UTC,2022-09-15 10:00:00.000 UTC,2,2022-09-15 10:00:00.000 UTC,1464.0
IQS,9557882a3e024ee6be95c1c4,103406,True,0,2021-04-12 10:00:00.000 UTC,2021-04-12 10:00:00.000 UTC,,0,2021-04-12 10:00:00.000 UTC,1985.0
IQS,8d9c1984dd1c4e6da5305574,103407,True,228,2025-03-21 10:00:00.000 UTC,2025-03-21 10:00:00.000 UTC,2025-03-21 10:00:00.000 UTC,2,2025-03-21 10:00:00.000 UTC,546.0
IQS,12b49101d0274bbeb77833e5,103408,True,177,,,2025-09-02 10:00:00.000 UTC,2,2025-09-02 10:00:00.000 UTC,381.0
IQS,cf5a4fa81a0e418299b44347,103409,True,147,2021-08-10 10:00:00.000 UTC,2021-08-10 10:00:00.000 UTC,2021-08-10 10:00:00.000 UTC,5,2021-08-10 10:00:00.000 UTC,1865.0
IQS,2de43f7eb46d4655a11bcd50,103410,True,5710,,,2025-04-19 10:00:00.000 UTC,1,2025-04-19 10:00:00.000 UTC,517.0
IQS,321de59f284043e889b1abf8,103411,True,549,2020-05-25 10:00:00.000 UTC,2020-05-25 10:00:00.000 UTC,,1,2020-05-25 10:00:00.000 UTC,2307.0
IQS,5cc77d0d13dc4bea88a148ff,103412,True,1505,2023-08-08 10:00:00.000 UTC,2023-08-08 10:00:00.000 UTC,2023-08-08 10:00:00.000 UTC,2,2023-08-08 10:00:00.000 UTC,1137.0
IQS,c41de8ffd2964cf08cc41394,103413,True,6574,2026-06-10 10:00:00.000 UTC,2026-06-10 10:00:00.000 UTC,2026-06-10 10:00:00.000 UTC,2,2026-06-10 10:00:00.000 UTC,100.0
IQS,7e86e6d66baa4b479daedce1,103414,True,176,2024-07-03 10:00:00.000 UTC,2024-07-03 10:00:00.000 UTC,,1,2024-07-03 10:00:00.000 UTC,807.0
IQS,74bfd2f5f0624fdebdab4347,103415,True,0,,,2025-11-01 10:00:00.000 UTC,0,2025-11-01 10:00:00.000 UTC,321.0
IQS,de6af66023f64c14a3c6b42d,103416,True,277,,,,1,,
IQS,9d0ec78d00d442329e56e96d,103417,True,0,,,2023-03-07 10:00:00.000 UTC,0,2023-03-07 10:00:00.000 UTC,1291.0
IQS,956f38b867974c59bdb92085,103418,True,263,2026-06-06 10:00:00.000 UTC,2026-06-06 10:00:00.000 UTC,2026-06-06 10:00:00.000 UTC,3,2026-06-06 10:00:00.000 UTC,104.0
IQS,aab13b51d2cc4b91b91ea502,103419,True,1598,,,2026-09-12 10:00:00.000 UTC,1,2026-09-12 10:00:00.000 UTC,6.0
IQS,26e97722d2904cada1edb0f5,103420,True,0,,,2024-08-22 10:00:00.000 UTC,0,2024-08-22 10:00:00.000 UTC,757.0
IQS,3c9038774a354065937e256d,103421,True,1375,,,,2,,
IQS,98fd4e80c76a44c2bbc38270,103422,True,7327,,,2026-07-19 10:00:00.000 UTC,2,2026-07-19 10:00:00.000 UTC,61.0
IQS,14794371b4a9461fa47695de,103423,True,5582,2023-03-01 10:00:00.000 UTC,2023-03-01 10:00:00.000 UTC,2023-03-01 10:00:00.000 UTC,3,2023-03-01 10:00:00.000 UTC,1297.0
IQS,a4bf93f7bf8047c78853cb65,103424,True,0,,,2024-04-12 10:00:00.000 UTC,0,2024-04-12 10:00:00.000 UTC,889.0
IQS,71f78be350b04075bc9ca7f3,103425,True,6732,,,,4,,
IQS,ab4c7c874fc94a288ed888df,103426,True,198,2025-04-18 10:00:00.000 UTC,2025-04-18 10:00:00.000 UTC,2025-04-18 10:00:00.000 UTC,1,2025-04-18 10:00:00.000 UTC,518.0
IQS,aafc525adde14e63b6495001,103427,True,587,,,,3,,
IQS,2f581edd6ca04ceb9d01c12b,103428,True,822,,,2025-07-23 10:00:00.000 UTC,3,2025-07-23 10:00:00.000 UTC,422.0
IQS,fe5f71f1db3d4d68be4a0c05,103429,True,0,2025-03-15 10:00:00.000 UTC,2025-03-15 10:00:00.000 UTC,,0,2025-03-15 10:00:00.000 UTC,552.0
IQS,1a713e1bb30b4b2b9a6731b5,103430,True,4518,,,2024-10-21 10:00:00.000 UTC,1,2024-10-21 10:00:00.000 UTC,697.0
IQS,ee868115a7c34c83b7f23d05,103431,True,5462,2026-08-11 10:00:00.000 UTC,2026-08-11 10:00:00.000 UTC,,1,2026-08-11 10:00:00.000 UTC,38.0
IQS,265b34d18e4b450a853f61a2,103432,True,0,2025-06-07 10:00:00.000 UTC,2025-06-07 10:00:00.000 UTC,2025-06-07 10:00:00.000 UTC,0,2025-06-07 10:00:00.000 UTC,468.0
IQS,2e3e12731a6b4a96ab2ee036,103433,True,0,,,,0,,
IQS,69e2a7e6d43244168adb184c,103434,True,1576,,,,1,,
IQS,b0e67341381f400ca6256ca0,103435,True,0,,,,0,,
IQS,e82954040822425badf6920e,103436,True,6676,,,,2,,
IQS,f59bff9269564d1f857c8403,103437,True,1917,,,2024-03-07 10:00:00.000 UTC,3,2024-03-07 10:00:00.000 UTC,925.0
IQS,776e3fac3d48482fa27ef95d,103438,True,0,,,2026-07-29 10:00:00.000 UTC,0,2026-07-29 10:00:00.000 UTC,51.0
IQS,bb886b56fe5d49c6a6ded674,103439,True,305,,,2021-06-09 10:00:00.000 UTC,3,2021-06-09 10:00:00.000 UTC,1927.0
IQS,706366eecfa146e79bf84121,103440,True,1088,,,,1,,
IQS,6c3da13dbf344e1580e9688c,103441,True,2797,2026-07-03 10:00:00.000 UTC,2026-07-03 10:00:00.000 UTC,,1,2026-07-03 10:00:00.000 UTC,77.0
IQS,2a8b741d3d5b46baa794fb1f,103442,True,295,2026-04-09 10:00:00.000 UTC,2026-04-09 10:00:00.000 UTC,2026-04-09 10:00:00.000 UTC,4,2026-04-09 10:00:00.000 UTC,162.0
IQS,674c6ef7d18a472a86bd65f3,103443,True,1635,2023-03-05 10:00:00.000 UTC,2023-03-05 10:00:00.000 UTC,,1,2023-03-05 10:00:00.000 UTC,1293.0
IQS,68da3297d9244450ba4a694d,103444,True,1405,,,,3,,
IQS,d44ed3a10a124f77987d42dd,103445,True,0,2022-02-03 10:00:00.000 UTC,2022-02-03 10:00:00.000 UTC,,0,2022-02-03 10:00:00.000 UTC,1688.0
IQS,bfd84f4b04fd417abeae3122,103446,True,0,,,2024-08-28 10:00:00.000 UTC,0,2024-08-28 10:00:00.000 UTC,751.0
IQS,f102382e07b04230b4578692,103447,True,659,2021-11-10 10:00:00.000 UTC,2021-11-10 10:00:00.000 UTC,2021-11-10 10:00:00.000 UTC,1,2021-11-10 10:00:00.000 UTC,1773.0
IQS,ae8b4780aa414088b1daa4e9,103448,True,0,,,2026-06-22 10:00:00.000 UTC,0,2026-06-22 10:00:00.000 UTC,88.0
IQS,3b720743084f4e2ab27f39e2,103449,True,342,,,,2,,
IQS,59f5e8d4d4544a799f1c95d4,103450,True,2275,,,,3,,
IQS,da59582dce3b4e20aad071c4,103451,True,0,,,2026-06-02 10:00:00.000 UTC,0,2026-06-02 10:00:00.000 UTC,108.0
IQS,8f9b350768dc437aa85b060a,103452,True,10734,2024-06-03 10:00:00.000 UTC,2024-06-03 10:00:00.000 UTC,2024-06-03 10:00:00.000 UTC,2,2024-06-03 10:00:00.000 UTC,837.0
IQS,f0cbbd9f24724c7d8180edc3,103453,True,737,,,2024-01-09 10:00:00.000 UTC,2,2024-01-09 10:00:00.000 UTC,983.0
IQS,5a318db22a39465ca510e576,103454,True,544,2026-06-24 10:00:00.000 UTC,2026-06-24 10:00:00.000 UTC,2026-06-24 10:00:00.000 UTC,1,2026-06-24 10:00:00.000 UTC,86.0
IQS,6483dbe973204c3c9954b3fc,103455,True,224,,,,1,,
IQS,c8cdc4fe99854393a39b6ab4,103456,True,1354,2020-03-06 10:00:00.000 UTC,2020-03-06 10:00:00.000 UTC,2020-03-06 10:00:00.000 UTC,3,2020-03-06 10:00:00.000 UTC,2387.0
IQS,9a987fece4a94ebdba75559e,103457,True,0,,,2025-03-01 10:00:00.000 UTC,0,2025-03-01 10:00:00.000 UTC,566.0
IQS,361f90627fa04921a08ea2b7,103458,True,0,,,2022-05-11 10:00:00.000 UTC,0,2022-05-11 10:00:00.000 UTC,1591.0
IQS,d401f845ceed4257b1b23a63,103459,True,270,,,,2,,
IQS,7d6d17085d154d88b49c5d2a,103460,True,1807,2024-05-19 10:00:00.000 UTC,2024-05-19 10:00:00.000 UTC,2024-05-19 10:00:00.000 UTC,1,2024-05-19 10:00:00.000 UTC,852.0
IQS,c07ff1f3fcd6451a95d1ee0e,103461,True,91,2023-11-12 10:00:00.000 UTC,2023-11-12 10:00:00.000 UTC,2023-11-12 10:00:00.000 UTC,2,2023-11-12 10:00:00.000 UTC,1041.0
IQS,f00a13809c6d4c108e55f84d,103462,True,86,,,,2,,
IQS,094590397d1a4a4ab1716969,103463,True,1059,,,,2,,
IQS,8a2d04294b314cf9a04187b5,103464,True,0,2025-09-14 10:00:00.000 UTC,2025-09-14 10:00:00.000 UTC,,0,2025-09-14 10:00:00.000 UTC,369.0
IQS,00235c5d581f40e5a863a50f,103465,True,0,2022-12-13 10:00:00.000 UTC,2022-12-13 10:00:00.000 UTC,2022-12-13 10:00:00.000 UTC,0,2022-12-13 10:00:00.000 UTC,1375.0
IQS,72d272a2593e4519a5254e24,103466,True,372,,,2023-05-30 10:00:00.000 UTC,1,2023-05-30 10:00:00.000 UTC,1207.0
IQS,8b3cb5dce1e0400e95252252,103467,True,0,,,,0,,
IQS,c35097c01d1d477fa6a7ccd4,103468,True,17064,2026-08-07 10:00:00.000 UTC,2026-08-07 10:00:00.000 UTC,,2,2026-08-07 10:00:00.000 UTC,42.0
IQS,b2d926d162964f3c90dba9ef,103469,True,1076,2024-03-24 10:00:00.000 UTC,2024-03-24 10:00:00.000 UTC,2024-03-24 10:00:00.000 UTC,1,2024-03-24 10:00:00.000 UTC,908.0
IQS,0a65ec30779248b1bda75106,103470,True,362,2025-12-08 10:00:00.000 UTC,2025-12-08 10:00:00.000 UTC,2025-12-08 10:00:00.000 UTC,2,2025-12-08 10:00:00.000 UTC,284.0
IQS,b0514fa13cdb4c3dbed1c321,103471,True,0,,,,0,,
IQS,4e9e50744c0d4985ad0beeae,103472,True,1333,2020-11-20 10:00:00.000 UTC,2020-11-20 10:00:00.000 UTC,2020-11-20 10:00:00.000 UTC,4,2020-11-20 10:00:00.000 UTC,2128.0
IQS,133dfcc04e844232a9ec463f,103473,True,1108,2023-09-03 10:00:00.000 UTC,2023-09-03 10:00:00.000 UTC,2023-09-03 10:00:00.000 UTC,1,2023-09-03 10:00:00.000 UTC,1111.0
IQS,28685b0532be44f185b67b32,103474,True,605,,,2024-11-12 10:00:00.000 UTC,2,2024-11-12 10:00:00.000 UTC,675.0
IQS,b2f796cf8ebc41159d784e39,103475,True,2965,2025-12-28 10:00:00.000 UTC,2025-12-28 10:00:00.000 UTC,2025-12-28 10:00:00.000 UTC,2,2025-12-28 10:00:00.000 UTC,264.0
IQS,f1430f2cfa9346af96681e0e,103476,True,0,2022-05-11 10:00:00.000 UTC,2022-05-11 10:00:00.000 UTC,,0,2022-05-11 10:00:00.000 UTC,1591.0
IQS,1a7908de26324e7f8009f6e3,103477,True,809,,,2024-11-27 10:00:00.000 UTC,2,2024-11-27 10:00:00.000 UTC,660.0
IQS,1d23dfb1ca2d4ded8cae6586,103478,True,0,2022-03-30 10:00:00.000 UTC,2022-03-30 10:00:00.000 UTC,2022-03-30 10:00:00.000 UTC,0,2022-03-30 10:00:00.000 UTC,1633.0
IQS,0b5f0b4f44c743048b3964f1,103479,True,322,2026-08-10 10:00:00.000 UTC,2026-08-10 10:00:00.000 UTC,2026-08-10 10:00:00.000 UTC,2,2026-08-10 10:00:00.000 UTC,39.0
IQS,2cba8c5442504049a504c926,103480,True,95,2023-12-17 10:00:00.000 UTC,2023-12-17 10:00:00.000 UTC,,2,2023-12-17 10:00:00.000 UTC,1006.0
IQS,d3c25d03c7474e8eba98866e,103481,True,1131,2022-12-02 10:00:00.000 UTC,2022-12-02 10:00:00.000 UTC,2022-12-02 10:00:00.000 UTC,5,2022-12-02 10:00:00.000 UTC,1386.0
IQS,46731523ec674943a900c95b,103482,True,691,,,,2,,
IQS,9ed044d8a9ed4f3aa4292bfe,103483,True,0,,,,0,,
IQS,af92f8a896d94fae82a7d81f,103484,True,1964,,,,2,,
IQS,99454e87891b4d709850a4fe,103485,True,195,,,,1,,
IQS,a0ccaf02e86e4aeba6f3e566,103486,True,0,2024-12-12 10:00:00.000 UTC,2024-12-12 10:00:00.000 UTC,2024-12-12 10:00:00.000 UTC,0,2024-12-12 10:00:00.000 UTC,645.0
IQS,fb29d3d26b6e4f5abe65aff8,103487,True,0,,,2024-05-20 10:00:00.000 UTC,0,2024-05-20 10:00:00.000 UTC,851.0
IQS,e4dc9703927840d784dad3b7,103488,True,1683,,,,2,,
IQS,3ce560e0ed6646328356da97,103489,True,2019,,,2026-02-13 10:00:00.000 UTC,3,2026-02-13 10:00:00.000 UTC,217.0
IQS,98bbf265083b4eb9a7de1728,103490,True,1264,,,,3,,
IQS,50d99386d41b49dbace1c90b,103491,True,0,,,2025-11-14 10:00:00.000 UTC,0,2025-11-14 10:00:00.000 UTC,308.0
IQS,51fb40c10ff34e26a3a9f691,103492,True,1330,2024-08-04 10:00:00.000 UTC,2024-08-04 10:00:00.000 UTC,,1,2024-08-04 10:00:00.000 UTC,775.0
IQS,b0e7b478b18541bc8978ed04,103493,True,12353,,,2026-09-15 10:00:00.000 UTC,2,2026-09-15 10:00:00.000 UTC,3.0
IQS,b31c2424ba3641069fe3de6f,103494,True,293,2023-07-25 10:00:00.000 UTC,2023-07-25 10:00:00.000 UTC,2023-07-25 10:00:00.000 UTC,2,2023-07-25 10:00:00.000 UTC,1151.0
IQS,492fd9ee0e1349358d2dc366,103495,True,544,,,,1,,
IQS,ae4db1896a3a477b8759280f,103496,True,2767,2023-07-05 10:00:00.000 UTC,2023-07-05 10:00:00.000 UTC,,1,2023-07-05 10:00:00.000 UTC,1171.0
IQS,3a3e3db7714d4b9fb86c1eee,103497,True,0,,,,0,,
IQS,6ad8b1f9ab584413ab0e85bc,103498,True,858,2022-03-03 10:00:00.000 UTC,2022-03-03 10:00:00.000 UTC,2022-03-03 10:00:00.000 UTC,2,2022-03-03 10:00:00.000 UTC,1660.0
IQS,e2597e36da5e41599cedb44f,103499,True,1205,,,,1,,
IQS,feacea829c1741d3be977f52,103500,True,483,2019-05-18 10:00:00.000 UTC,2019-05-18 10:00:00.000 UTC,2019-05-18 10:00:00.000 UTC,3,2019-05-18 10:00:00.000 UTC,2680.0
IQS,a5b1d43c84f54ab6b24bb957,103501,True,0,2023-01-08 10:00:00.000 UTC,2023-01-08 10:00:00.000 UTC,,0,2023-01-08 10:00:00.000 UTC,1349.0
IQS,79374ca06e2740c2a0125760,103502,True,0,,,,0,,
IQS,ce23d56f4a814b81abaff4e5,103503,True,0,2026-08-29 10:00:00.000 UTC,2026-08-29 10:00:00.000 UTC,2026-08-29 10:00:00.000 UTC,0,2026-08-29 10:00:00.000 UTC,20.0
IQS,94d2b2e5f54a4bc788d94f2d,103504,True,0,2023-07-02 10:00:00.000 UTC,2023-07-02 10:00:00.000 UTC,,0,2023-07-02 10:00:00.000 UTC,1174.0
IQS,60c09dc44fc24ccda15b946f,103505,True,876,2023-07-24 10:00:00.000 UTC,2023-07-24 10:00:00.000 UTC,2023-07-24 10:00:00.000 UTC,1,2023-07-24 10:00:00.000 UTC,1152.0
IQS,a70fa6fb4bb546388d2cd693,103506,True,2305,,,2025-03-27 10:00:00.000 UTC,2,2025-03-27 10:00:00.000 UTC,540.0
IQS,581ca1620e944e6297b6d4e3,103507,True,291,,,,2,,
IQS,df75217feb4e4bbcadda947b,103508,True,11932,,,,2,,
IQS,7af080a4f1334971a6e9ea70,103509,True,0,2019-11-14 10:00:00.000 UTC,2019-11-14 10:00:00.000 UTC,,0,2019-11-14 10:00:00.000 UTC,2500.0
IQS,810e6798d42c4824b0b1db31,103510,True,6717,,,2025-08-17 10:00:00.000 UTC,1,2025-08-17 10:00:00.000 UTC,397.0
IQS,fe8a67efbb89470eb4745811,103511,True,0,2026-09-10 10:00:00.000 UTC,2026-09-10 10:00:00.000 UTC,,0,2026-09-10 10:00:00.000 UTC,8.0
IQS,557f07f3b47547a88b65d6e8,103512,True,0,2025-01-06 10:00:00.000 UTC,2025-01-06 10:00:00.000 UTC,,0,2025-01-06 10:00:00.000 UTC,620.0
IQS,5e0667fc40994587a66545ee,103513,True,698,2026-07-22 10:00:00.000 UTC,2026-07-22 10:00:00.000 UTC,2026-07-22 10:00:00.000 UTC,1,2026-07-22 10:00:00.000 UTC,58.0
IQS,10bed1c014e14e69a78de2fb,103514,True,0,,,,0,,
IQS,aaf75a428ccc4353be5b8a87,103515,True,0,,,2024-09-30 10:00:00.000 UTC,0,2024-09-30 10:00:00.000 UTC,718.0
IQS,4c9353f52b0f41b5913bf410,103516,True,0,2025-04-04 10:00:00.000 UTC,2025-04-04 10:00:00.000 UTC,,0,2025-04-04 10:00:00.000 UTC,532.0
IQS,53b9ca37bcee4edbac16f173,103517,True,0,2024-07-25 10:00:00.000 UTC,2024-07-25 10:00:00.000 UTC,2024-07-25 10:00:00.000 UTC,0,2024-07-25 10:00:00.000 UTC,785.0
IQS,f339fe691a2c4432891976d5,103518,True,2152,2024-09-01 10:00:00.000 UTC,2024-09-01 10:00:00.000 UTC,,1,2024-09-01 10:00:00.000 UTC,747.0
IQS,b62eb7e88b92497ea3f7c3c6,103519,True,0,,,2023-08-27 10:00:00.000 UTC,0,2023-08-27 10:00:00.000 UTC,1118.0
IQS,81fc237fc9a948f69309a307,103520,True,1210,,,,1,,
IQS,27d1ef204b2d4195841a351c,103521,True,4256,2021-07-11 10:00:00.000 UTC,2021-07-11 10:00:00.000 UTC,,2,2021-07-11 10:00:00.000 UTC,1895.0
IQS,bc2aa89f9d33433e91c387e4,103522,True,0,,,2026-07-01 10:00:00.000 UTC,0,2026-07-01 10:00:00.000 UTC,79.0
IQS,23ff3b189e624d8093e378cc,103523,True,0,,,2025-06-05 10:00:00.000 UTC,0,2025-06-05 10:00:00.000 UTC,470.0
IQS,c38033cf3de647e98c9ca1df,103524,True,0,2026-06-21 10:00:00.000 UTC,2026-06-21 10:00:00.000 UTC,2026-06-21 10:00:00.000 UTC,0,2026-06-21 10:00:00.000 UTC,89.0
IQS,f980da0644b842909fefc536,103525,True,0,,,2021-12-30 10:00:00.000 UTC,0,2021-12-30 10:00:00.000 UTC,1723.0
IQS,2ab714ea8c794b15a227b95a,103526,True,0,2021-12-10 10:00:00.000 UTC,2021-12-10 10:00:00.000 UTC,2021-12-10 10:00:00.000 UTC,0,2021-12-10 10:00:00.000 UTC,1743.0
IQS,237ac7966fff47c783561859,103527,True,9997,2024-11-21 10:00:00.000 UTC,2024-11-21 10:00:00.000 UTC,2024-11-21 10:00:00.000 UTC,2,2024-11-21 10:00:00.000 UTC,666.0
IQS,80fdc429f4d24e0aad9e5c78,103528,True,0,,,,0,,
IQS,a8fff6b6ce5c4ee8a6f8b523,103529,True,1466,,,,6,,
IQS,810dcfe397be422a9f267ef4,103530,True,130,2025-07-28 10:00:00.000 UTC,2025-07-28 10:00:00.000 UTC,,2,2025-07-28 10:00:00.000 UTC,417.0
IQS,b6923802739040289a50435a,103531,True,11244,2024-01-13 10:00:00.000 UTC,2024-01-13 10:00:00.000 UTC,,1,2024-01-13 10:00:00.000 UTC,979.0
IQS,0466530b11404617be515f91,103532,True,1414,2025-05-23 10:00:00.000 UTC,2025-05-23 10:00:00.000 UTC,,1,2025-05-23 10:00:00.000 UTC,483.0
IQS,49724a3144f14ac5a5f47bce,103533,True,0,2026-08-12 10:00:00.000 UTC,2026-08-12 10:00:00.000 UTC,,0,2026-08-12 10:00:00.000 UTC,37.0
IQS,a1ef853e3d6a45b4a1a54d7a,103534,True,903,,,2026-08-27 10:00:00.000 UTC,2,2026-08-27 10:00:00.000 UTC,22.0
IQS,8b42fada37004ef2808cce97,103535,True,0,2022-10-10 10:00:00.000 UTC,2022-10-10 10:00:00.000 UTC,,0,2022-10-10 10:00:00.000 UTC,1439.0
IQS,d165872609d04db7a987cd08,103536,True,287,,,,2,,
IQS,75d687306a294582a4c37195,103537,True,1229,2026-09-11 10:00:00.000 UTC,2026-09-11 10:00:00.000 UTC,,3,2026-09-11 10:00:00.000 UTC,7.0
IQS,08160783e8ad4bb09fe5c904,103538,True,0,2022-05-06 10:00:00.000 UTC,2022-05-06 10:00:00.000 UTC,,0,2022-05-06 10:00:00.000 UTC,1596.0
IQS,e39f7645b3614aeeaa6c730a,103539,True,0,2023-05-26 10:00:00.000 UTC,2023-05-26 10:00:00.000 UTC,,0,2023-05-26 10:00:00.000 UTC,1211.0
IQS,48148a7f60b040d284c2015a,103540,True,4459,2026-07-23 10:00:00.000 UTC,2026-07-23 10:00:00.000 UTC,2026-07-23 10:00:00.000 UTC,1,2026-07-23 10:00:00.000 UTC,57.0
IQS,9615dcc64a834ba0800b08f2,103541,True,1000,2025-11-14 10:00:00.000 UTC,2025-11-14 10:00:00.000 UTC,,1,2025-11-14 10:00:00.000 UTC,308.0
IQS,840965ab544745848c4ef537,103542,True,381,,,,2,,
IQS,0e926fc0f34c4cab8c887603,103543,True,0,2024-06-25 10:00:00.000 UTC,2024-06-25 10:00:00.000 UTC,2024-06-25 10:00:00.000 UTC,0,2024-06-25 10:00:00.000 UTC,815.0
IQS,bd43d18c178c4fd5b7132b0c,103544,True,127,2024-01-30 10:00:00.000 UTC,2024-01-30 10:00:00.000 UTC,2024-01-30 10:00:00.000 UTC,1,2024-01-30 10:00:00.000 UTC,962.0
IQS,f69cd580ac56411da8df9fc6,103545,True,0,,,,0,,
IQS,c1b84f2c6def45c9941d6193,103546,True,16402,,,,3,,
IQS,1be2dbadd320435e8a2f2534,103547,True,0,,,,0,,
IQS,1a3588ea6c304fc388fda3ae,103548,True,8189,,,,1,,
IQS,867f45f5a84e4beba7389665,103549,True,291,2026-08-05 10:00:00.000 UTC,2026-08-05 10:00:00.000 UTC,,1,2026-08-05 10:00:00.000 UTC,44.0
IQS,711d1f9b4a444a3ab273d14d,103550,True,7389,,,2024-01-09 10:00:00.000 UTC,1,2024-01-09 10:00:00.000 UTC,983.0
IQS,82e4c1bf126a47efb4ecc16d,103551,True,0,,,,0,,
IQS,b4d1fff8bbfd4192858aef7f,103552,True,8173,,,2025-04-14 10:00:00.000 UTC,2,2025-04-14 10:00:00.000 UTC,522.0
IQS,b232ed8c0fff46e4a8a50679,103553,True,707,,,,4,,
IQS,f09e48e80a3f40fab84ac78d,103554,True,3787,,,,2,,
IQS,61079099a6e243a2880bde27,103555,True,0,2021-05-29 10:00:00.000 UTC,2021-05-29 10:00:00.000 UTC,,0,2021-05-29 10:00:00.000 UTC,1938.0
IQS,beadf6968de749d3a7251f18,103556,True,1071,,,2026-08-19 10:00:00.000 UTC,3,2026-08-19 10:00:00.000 UTC,30.0
IQS,4c2ff61f3eda49d19c85e72b,103557,True,285,,,,1,,
IQS,91a1a3911ea14b809eb96840,103558,True,1076,,,,1,,
IQS,5839d339c42245d083b930e9,103559,True,524,2024-02-14 10:00:00.000 UTC,2024-02-14 10:00:00.000 UTC,,2,2024-02-14 10:00:00.000 UTC,947.0
IQS,53b3a3739dfc474f81176017,103560,True,372,2026-06-06 10:00:00.000 UTC,2026-06-06 10:00:00.000 UTC,2026-06-06 10:00:00.000 UTC,1,2026-06-06 10:00:00.000 UTC,104.0
IQS,3f4dd773b31f47c5a9a23f74,103561,True,752,2021-11-02 10:00:00.000 UTC,2021-11-02 10:00:00.000 UTC,,1,2021-11-02 10:00:00.000 UTC,1781.0
IQS,fd30db84a671495ab232d8cd,103562,True,170,2026-09-08 10:00:00.000 UTC,2026-09-08 10:00:00.000 UTC,2026-09-08 10:00:00.000 UTC,3,2026-09-08 10:00:00.000 UTC,10.0
IQS,f4174ba0670d4b2890e7dabb,103563,True,405,,,2025-08-20 10:00:00.000 UTC,2,2025-08-20 10:00:00.000 UTC,394.0
IQS,79957458c0de49f6b837dfa2,103564,True,0,2024-01-07 10:00:00.000 UTC,2024-01-07 10:00:00.000 UTC,,0,2024-01-07 10:00:00.000 UTC,985.0
IQS,1436a80eb83f459b945ba551,103565,True,493,2023-08-06 10:00:00.000 UTC,2023-08-06 10:00:00.000 UTC,,3,2023-08-06 10:00:00.000 UTC,1139.0
IQS,e1b0a445cb3c4d0c9b298716,103566,True,77,,,,1,,
IQS,108de50a8b86454d9ceb80cf,103567,True,0,,,,0,,
IQS,17cb739310fb41c4811c7b78,103568,True,2899,2023-10-09 10:00:00.000 UTC,2023-10-09 10:00:00.000 UTC,,3,2023-10-09 10:00:00.000 UTC,1075.0
IQS,39fe72fb037f463698aad96c,103569,True,1526,,,2022-04-09 10:00:00.000 UTC,2,2022-04-09 10:00:00.000 UTC,1623.0
IQS,010969042fb34785b176b1a2,103570,True,1779,,,2023-01-17 10:00:00.000 UTC,1,2023-01-17 10:00:00.000 UTC,1340.0
IQS,851c80f1e60a4c9484ad40a2,103571,True,491,,,2025-06-09 10:00:00.000 UTC,2,2025-06-09 10:00:00.000 UTC,466.0
IQS,c091410b8bd243b1806de856,103572,True,3567,2024-11-17 10:00:00.000 UTC,2024-11-17 10:00:00.000 UTC,,1,2024-11-17 10:00:00.000 UTC,670.0
IQS,79845daa6e174b0b8014ea30,103573,True,265,,,2023-10-06 10:00:00.000 UTC,3,2023-10-06 10:00:00.000 UTC,1078.0
IQS,32798ef89f88447c842adabc,103574,True,0,2024-12-21 10:00:00.000 UTC,2024-12-21 10:00:00.000 UTC,,0,2024-12-21 10:00:00.000 UTC,636.0
IQS,a4a817cea73a4daca67916d2,103575,True,87,2025-06-28 10:00:00.000 UTC,2025-06-28 10:00:00.000 UTC,2025-06-28 10:00:00.000 UTC,2,2025-06-28 10:00:00.000 UTC,447.0
IQS,bc9e94a0b38e46758a55b562,103576,True,4126,,,2026-05-30 10:00:00.000 UTC,2,2026-05-30 10:00:00.000 UTC,111.0
IQS,576be4d571fe46fb929794e7,103577,True,0,,,,0,,
IQS,544e82657d49420690aca149,103578,True,0,2021-10-15 10:00:00.000 UTC,2021-10-15 10:00:00.000 UTC,2021-10-15 10:00:00.000 UTC,0,2021-10-15 10:00:00.000 UTC,1799.0
IQS,e10fac97d0074c9b99c4b2c3,103579,True,0,2025-06-23 10:00:00.000 UTC,2025-06-23 10:00:00.000 UTC,,0,2025-06-23 10:00:00.000 UTC,452.0
IQS,6ec9b690eed7495f8c321e3c,103580,True,5546,,,,1,,
IQS,265c734a63db4929a887c839,103581,True,172,2025-09-23 10:00:00.000 UTC,2025-09-23 10:00:00.000 UTC,2025-09-23 10:00:00.000 UTC,1,2025-09-23 10:00:00.000 UTC,360.0
IQS,2b5999f537c94349a4957e0b,103582,True,74386,,,2021-07-06 10:00:00.000 UTC,1,2021-07-06 10:00:00.000 UTC,1900.0
IQS,a10da0b510f24dd6b4d8b2ee,103583,True,224,,,2016-01-12 10:00:00.000 UTC,2,2016-01-12 10:00:00.000 UTC,3902.0
IQS,850644932c134bcb985abcea,103584,True,1428,,,,2,,
IQS,4e3c201e44d94d779e685cd6,103585,True,2076,2024-05-03 10:00:00.000 UTC,2024-05-03 10:00:00.000 UTC,2024-05-03 10:00:00.000 UTC,2,2024-05-03 10:00:00.000 UTC,868.0
IQS,bc4798a57a414aa28b91e692,103586,True,2085,2025-03-07 10:00:00.000 UTC,2025-03-07 10:00:00.000 UTC,2025-03-07 10:00:00.000 UTC,1,2025-03-07 10:00:00.000 UTC,560.0
IQS,6814632d7b884652bbb3bbc9,103587,True,0,,,2025-07-07 10:00:00.000 UTC,0,2025-07-07 10:00:00.000 UTC,438.0
IQS,b8de9f3b6dba4f55a77c78b5,103588,True,1615,,,,2,,
IQS,9935ffc1f2574d8e8311be06,103589,True,0,,,2025-08-20 10:00:00.000 UTC,0,2025-08-20 10:00:00.000 UTC,394.0
IQS,7904094fedc74f00b61d848c,103590,True,0,,,2024-03-30 10:00:00.000 UTC,0,2024-03-30 10:00:00.000 UTC,902.0
IQS,e6e78debaf974bc2965cdeb0,103591,True,0,2019-12-04 10:00:00.000 UTC,2019-12-04 10:00:00.000 UTC,,0,2019-12-04 10:00:00.000 UTC,2480.0
IQS,14451bdbb9704153a5596f43,103592,True,0,2023-02-22 10:00:00.000 UTC,2023-02-22 10:00:00.000 UTC,2023-02-22 10:00:00.000 UTC,0,2023-02-22 10:00:00.000 UTC,1304.0
IQS,4f0b36f8da694eb2bcaa99ce,103593,True,1796,2022-04-25 10:00:00.000 UTC,2022-04-25 10:00:00.000 UTC,2022-04-25 10:00:00.000 UTC,1,2022-04-25 10:00:00.000 UTC,1607.0
IQS,f98fd67152b041a2ac0c55a0,103594,True,0,,,,0,,
IQS,048a5ed4506d4e0dbc5a9058,103595,True,1802,,,,1,,
IQS,4c0eff5e915f4497a8eb3e9f,103596,True,2417,2023-10-30 10:00:00.000 UTC,2023-10-30 10:00:00.000 UTC,,1,2023-10-30 10:00:00.000 UTC,1054.0
IQS,b1cb7b7d831f42d2a0309d33,103597,True,361,,,2024-12-03 10:00:00.000 UTC,1,2024-12-03 10:00:00.000 UTC,654.0
IQS,f0b087d2b9e942de95922bcc,103598,True,0,,,2026-05-30 10:00:00.000 UTC,0,2026-05-30 10:00:00.000 UTC,111.0
IQS,943d0d53cc5140319434b407,103599,True,3002,2026-01-15 10:00:00.000 UTC,2026-01-15 10:00:00.000 UTC,2026-01-15 10:00:00.000 UTC,3,2026-01-15 10:00:00.000 UTC,246.0
IQS,98a4354d99b347b0a4b55e97,103600,True,2132,,,2022-02-10 10:00:00.000 UTC,2,2022-02-10 10:00:00.000 UTC,1681.0
IQS,03d66831775d43b8a73b75f9,103601,True,1986,,,2024-10-25 10:00:00.000 UTC,2,2024-10-25 10:00:00.000 UTC,693.0
IQS,7ae7be509ca242cb89ba2298,103602,True,0,,,,0,,
IQS,8cd164e2c64249a481397d06,103603,True,0,2026-08-13 10:00:00.000 UTC,2026-08-13 10:00:00.000 UTC,,0,2026-08-13 10:00:00.000 UTC,36.0
IQS,371f00658ad14565b06f2987,103604,True,1272,2023-08-22 10:00:00.000 UTC,2023-08-22 10:00:00.000 UTC,2023-08-22 10:00:00.000 UTC,3,2023-08-22 10:00:00.000 UTC,1123.0
IQS,2c7335677dab44b19c685330,103605,True,743,2022-08-14 10:00:00.000 UTC,2022-08-14 10:00:00.000 UTC,,1,2022-08-14 10:00:00.000 UTC,1496.0
IQS,800f3f635c7c4c47a73471f4,103606,True,654,,,,4,,
IQS,f86b922680f04d7eb78c4138,103607,True,2475,2024-11-23 10:00:00.000 UTC,2024-11-23 10:00:00.000 UTC,,3,2024-11-23 10:00:00.000 UTC,664.0
IQS,1b213a88359e4682b49c0a84,103608,True,2187,,,2026-07-29 10:00:00.000 UTC,2,2026-07-29 10:00:00.000 UTC,51.0
IQS,5bc4dea717f44d5a910ab05f,103609,True,3807,2025-02-21 10:00:00.000 UTC,2025-02-21 10:00:00.000 UTC,2025-02-21 10:00:00.000 UTC,2,2025-02-21 10:00:00.000 UTC,574.0
IQS,97b02a6b2cbe4036abeabf72,103610,True,1589,,,2021-12-25 10:00:00.000 UTC,3,2021-12-25 10:00:00.000 UTC,1728.0
IQS,f5e26c369c5749dd831e34a4,103611,True,2511,,,2022-11-30 10:00:00.000 UTC,1,2022-11-30 10:00:00.000 UTC,1388.0
IQS,81c67c3f3d6f46fc88864901,103612,True,0,,,2022-06-15 10:00:00.000 UTC,0,2022-06-15 10:00:00.000 UTC,1556.0
IQS,da6fd05ad4844ba28471b9de,103613,True,269,2018-07-30 10:00:00.000 UTC,2018-07-30 10:00:00.000 UTC,2018-07-30 10:00:00.000 UTC,1,2018-07-30 10:00:00.000 UTC,2972.0
IQS,ace5ac87b7534abaa90c8f48,103614,True,0,,,,0,,
IQS,fc593d9161cb497ca3f98f72,103615,True,358,2020-12-31 10:00:00.000 UTC,2020-12-31 10:00:00.000 UTC,2020-12-31 10:00:00.000 UTC,4,2020-12-31 10:00:00.000 UTC,2087.0
IQS,d20b67f65053425bae63f2bc,103616,True,733,,,,3,,
IQS,0b2ddc61067646fab49f6cea,103617,True,989,,,,2,,
IQS,99ffe0239bb745b498b8be4a,103618,True,800,2024-11-25 10:00:00.000 UTC,2024-11-25 10:00:00.000 UTC,,3,2024-11-25 10:00:00.000 UTC,662.0
IQS,7aac5308070e452cbe703699,103619,True,826,,,,3,,
IQS,07e912ec9a4b41589aac9217,103620,True,415,,,,2,,
IQS,0d949fa7c5924e6f92dcb33b,103621,True,8213,2025-05-02 10:00:00.000 UTC,2025-05-02 10:00:00.000 UTC,,1,2025-05-02 10:00:00.000 UTC,504.0
IQS,41e89501bf2a44319c598bb0,103622,True,0,2017-11-25 10:00:00.000 UTC,2017-11-25 10:00:00.000 UTC,,0,2017-11-25 10:00:00.000 UTC,3219.0
IQS,2a700cfc409f482b8987cd57,103623,True,1792,,,,1,,
IQS,6c3d1b7463e947f5ac091400,103624,True,0,,,2023-07-20 10:00:00.000 UTC,0,2023-07-20 10:00:00.000 UTC,1156.0
IQS,4d5584ac35594bb2a4bc3a35,103625,True,5482,2024-01-28 10:00:00.000 UTC,2024-01-28 10:00:00.000 UTC,,2,2024-01-28 10:00:00.000 UTC,964.0
IQS,d12d9e242b754f4d8d5aa096,103626,True,23501,2022-02-05 10:00:00.000 UTC,2022-02-05 10:00:00.000 UTC,2022-02-05 10:00:00.000 UTC,1,2022-02-05 10:00:00.000 UTC,1686.0
IQS,e8497a3952e349fca597c60a,103627,True,360,,,,1,,
IQS,74568ebfdc5642a28cf60fe8,103628,True,6300,,,,2,,
IQS,1500505bc9404832a2c74875,103629,True,5212,,,2025-02-23 10:00:00.000 UTC,1,2025-02-23 10:00:00.000 UTC,572.0
IQS,a607f991887149588868e0fe,103630,True,1376,,,,2,,
IQS,e59c60dba1d84f739a76bc35,103631,True,667,,,2026-09-15 10:00:00.000 UTC,5,2026-09-15 10:00:00.000 UTC,3.0
IQS,5288ef27ff194342bc27de01,103632,True,5345,,,2023-05-26 10:00:00.000 UTC,1,2023-05-26 10:00:00.000 UTC,1211.0
IQS,ef144d0e2eb442b1a9e2a67a,103633,True,0,,,,0,,
IQS,bce9bdfc9ec748edb8c55cf6,103634,True,0,,,,0,,
IQS,a6ae8e9b5a6b469d95ea528f,103635,True,231,,,2026-09-07 10:00:00.000 UTC,3,2026-09-07 10:00:00.000 UTC,11.0
IQS,fe3ba85310e241789cff72df,103636,True,1932,2020-06-02 10:00:00.000 UTC,2020-06-02 10:00:00.000 UTC,2020-06-02 10:00:00.000 UTC,2,2020-06-02 10:00:00.000 UTC,2299.0
IQS,2c3f4c13e76a4749a48ad585,103637,True,731,2024-08-27 10:00:00.000 UTC,2024-08-27 10:00:00.000 UTC,2024-08-27 10:00:00.000 UTC,3,2024-08-27 10:00:00.000 UTC,752.0
IQS,beed96e942614fe89c20ee76,103638,True,1541,2023-10-30 10:00:00.000 UTC,2023-10-30 10:00:00.000 UTC,,1,2023-10-30 10:00:00.000 UTC,1054.0
IQS,d008e415a5034009a11652e8,103639,True,399,,,2024-09-12 10:00:00.000 UTC,3,2024-09-12 10:00:00.000 UTC,736.0
IQS,4688c2c1aec6442b8006872e,103640,True,4049,2022-10-05 10:00:00.000 UTC,2022-10-05 10:00:00.000 UTC,2022-10-05 10:00:00.000 UTC,4,2022-10-05 10:00:00.000 UTC,1444.0
IQS,017d05f47fb642e1924231a8,103641,True,1036,,,,4,,
IQS,039cc38ce4f84954a7e2aa9e,103642,True,0,,,2024-08-23 10:00:00.000 UTC,0,2024-08-23 10:00:00.000 UTC,756.0
IQS,38c5aac69aa44e66989dd160,103643,True,27,,,2023-02-24 10:00:00.000 UTC,2,2023-02-24 10:00:00.000 UTC,1302.0
IQS,4f384e7d9f8e4689bd1051a3,103644,True,0,2022-06-27 10:00:00.000 UTC,2022-06-27 10:00:00.000 UTC,,0,2022-06-27 10:00:00.000 UTC,1544.0
IQS,f21e45fdd4b04a57bf9a47dc,103645,True,0,2023-09-17 10:00:00.000 UTC,2023-09-17 10:00:00.000 UTC,2023-09-17 10:00:00.000 UTC,0,2023-09-17 10:00:00.000 UTC,1097.0
IQS,606efdca8c63425aaeba920a,103646,True,1498,2024-04-10 10:00:00.000 UTC,2024-04-10 10:00:00.000 UTC,2024-04-10 10:00:00.000 UTC,2,2024-04-10 10:00:00.000 UTC,891.0
IQS,b5e2c87332fd44faa3fea916,103647,True,1080,,,2022-01-30 10:00:00.000 UTC,2,2022-01-30 10:00:00.000 UTC,1692.0
IQS,dbea4b32f42947d2b45f58e4,103648,True,316,2020-10-19 10:00:00.000 UTC,2020-10-19 10:00:00.000 UTC,,5,2020-10-19 10:00:00.000 UTC,2160.0
IQS,aa8e7347d8704de08a7ca66f,103649,True,0,,,,0,,
IQS,afa15f444d9a42f98f6c81fa,103650,True,5527,,,2024-09-29 10:00:00.000 UTC,2,2024-09-29 10:00:00.000 UTC,719.0
IQS,e9d84881337741b6848a33e1,103651,True,1512,2023-03-04 10:00:00.000 UTC,2023-03-04 10:00:00.000 UTC,,4,2023-03-04 10:00:00.000 UTC,1294.0
IQS,3cbf749e82af44299b6a656e,103652,True,13263,,,2025-10-05 10:00:00.000 UTC,1,2025-10-05 10:00:00.000 UTC,348.0
IQS,0acc803f6fcb4424b6f32e0b,103653,True,752,,,,2,,
IQS,deff90726a864c3e87f0b283,103654,True,0,,,2024-02-04 10:00:00.000 UTC,0,2024-02-04 10:00:00.000 UTC,957.0
IQS,13ea5091689244768030ed4a,103655,True,377,2024-03-24 10:00:00.000 UTC,2024-03-24 10:00:00.000 UTC,2024-03-24 10:00:00.000 UTC,2,2024-03-24 10:00:00.000 UTC,908.0
IQS,59f72e02365c4920821ca5e6,103656,True,0,2021-08-28 10:00:00.000 UTC,2021-08-28 10:00:00.000 UTC,,0,2021-08-28 10:00:00.000 UTC,1847.0
IQS,fa8a4abe44914020b481808a,103657,True,167,2024-04-02 10:00:00.000 UTC,2024-04-02 10:00:00.000 UTC,2024-04-02 10:00:00.000 UTC,2,2024-04-02 10:00:00.000 UTC,899.0
IQS,b99c60201d3841fab102a94d,103658,True,0,,,2023-02-08 10:00:00.000 UTC,0,2023-02-08 10:00:00.000 UTC,1318.0
IQS,7c6ac659a2024cf89b1336dd,103659,True,0,2025-03-01 10:00:00.000 UTC,2025-03-01 10:00:00.000 UTC,,0,2025-03-01 10:00:00.000 UTC,566.0
IQS,5712174d3b3e499e856bbb56,103660,True,0,,,,0,,
IQS,39bad8fc496847b592f9c7d7,103661,True,103,,,,1,,
IQS,7addc778c4514b4c8773e727,103662,True,0,2026-09-01 10:00:00.000 UTC,2026-09-01 10:00:00.000 UTC,,0,2026-09-01 10:00:00.000 UTC,17.0
IQS,e9a1b5b159694c98b1214740,103663,True,763,2020-03-28 10:00:00.000 UTC,2020-03-28 10:00:00.000 UTC,2020-03-28 10:00:00.000 UTC,2,2020-03-28 10:00:00.000 UTC,2365.0
IQS,872416b526f4459b9ced0130,103664,True,295,,,,3,,
IQS,d609c3b98aeb413b89a8e08f,103665,True,0,,,,0,,
IQS,1e1128a03483438b91ff5365,103666,True,0,,,,0,,
IQS,b7238590ea2041c6bd52c793,103667,True,1159,,,2026-09-18 10:00:00.000 UTC,2,2026-09-18 10:00:00.000 UTC,0.0
IQS,c213b8c7d2a54653a3a5ac93,103668,True,2659,2020-08-04 10:00:00.000 UTC,2020-08-04 10:00:00.000 UTC,,3,2020-08-04 10:00:00.000 UTC,2236.0
IQS,d3d0ec390fd349bdbd0183dc,103669,True,0,2024-11-06 10:00:00.000 UTC,2024-11-06 10:00:00.000 UTC,2024-11-06 10:00:00.000 UTC,0,2024-11-06 10:00:00.000 UTC,681.0
IQS,69ca82fd6d7b49548f2d5d3c,103670,True,1467,2018-10-28 10:00:00.000 UTC,2018-10-28 10:00:00.000 UTC,2018-10-28 10:00:00.000 UTC,1,2018-10-28 10:00:00.000 UTC,2882.0
IQS,3d5c9f812d2f4d8fb89d41d9,103671,True,218,2023-01-28 10:00:00.000 UTC,2023-01-28 10:00:00.000 UTC,,1,2023-01-28 10:00:00.000 UTC,1329.0
IQS,2d8de9bba8844390a410e908,103672,True,1700,2022-02-16 10:00:00.000 UTC,2022-02-16 10:00:00.000 UTC,2022-02-16 10:00:00.000 UTC,1,2022-02-16 10:00:00.000 UTC,1675.0
IQS,9261e3cf2297473ba21a40b8,103673,True,0,2023-12-14 10:00:00.000 UTC,2023-12-14 10:00:00.000 UTC,2023-12-14 10:00:00.000 UTC,0,2023-12-14 10:00:00.000 UTC,1009.0
IQS,23579ba327a0426c82d6f3e9,103674,True,0,2022-07-26 10:00:00.000 UTC,2022-07-26 10:00:00.000 UTC,,0,2022-07-26 10:00:00.000 UTC,1515.0
IQS,704a2634916348d8a060a205,103675,True,0,2022-05-07 10:00:00.000 UTC,2022-05-07 10:00:00.000 UTC,,0,2022-05-07 10:00:00.000 UTC,1595.0
IQS,063eb9b9bdd34d6eb12ae52b,103676,True,246,2020-05-26 10:00:00.000 UTC,2020-05-26 10:00:00.000 UTC,2020-05-26 10:00:00.000 UTC,4,2020-05-26 10:00:00.000 UTC,2306.0
IQS,03c556c3066e4c0692c4280d,103677,True,0,,,2023-09-28 10:00:00.000 UTC,0,2023-09-28 10:00:00.000 UTC,1086.0
IQS,6abe45f6f35745f5a1e7cc32,103678,True,1473,,,2026-06-08 10:00:00.000 UTC,1,2026-06-08 10:00:00.000 UTC,102.0
IQS,4394d95eda0e473ab1ee7726,103679,True,2469,,,,2,,
IQS,5267a75bea324fbd95304074,103680,True,0,,,,0,,
IQS,8aa24996f28c4a3e874f5600,103681,True,1497,,,2025-09-02 10:00:00.000 UTC,1,2025-09-02 10:00:00.000 UTC,381.0
IQS,183a638d020442fb9d865926,103682,True,272,2019-10-29 10:00:00.000 UTC,2019-10-29 10:00:00.000 UTC,,2,2019-10-29 10:00:00.000 UTC,2516.0
IQS,02c7bbd337574da89710a001,103683,True,207,2023-02-07 10:00:00.000 UTC,2023-02-07 10:00:00.000 UTC,2023-02-07 10:00:00.000 UTC,2,2023-02-07 10:00:00.000 UTC,1319.0
IQS,cd7273264e4348a6a3270e25,103684,True,0,,,2022-03-08 10:00:00.000 UTC,0,2022-03-08 10:00:00.000 UTC,1655.0
IQS,03c78eeec2304a719cf3d723,103685,True,666,2023-03-02 10:00:00.000 UTC,2023-03-02 10:00:00.000 UTC,,2,2023-03-02 10:00:00.000 UTC,1296.0
IQS,9cb2003e963741f3b033daad,103686,True,509,2023-04-29 10:00:00.000 UTC,2023-04-29 10:00:00.000 UTC,,2,2023-04-29 10:00:00.000 UTC,1238.0
IQS,bb09ad6bdb4546de83e732d3,103687,True,817,,,2024-11-20 10:00:00.000 UTC,3,2024-11-20 10:00:00.000 UTC,667.0
IQS,02cad1bb464f4d0ebd56a130,103688,True,635,,,,2,,
IQS,02322abec0f24e2abb07c22d,103689,True,2028,,,,1,,
IQS,4912cb240638411c8d768356,103690,True,4859,2018-09-11 10:00:00.000 UTC,2018-09-11 10:00:00.000 UTC,,3,2018-09-11 10:00:00.000 UTC,2929.0
IQS,d27aa1b772024e62935356dd,103691,True,1187,2021-04-15 10:00:00.000 UTC,2021-04-15 10:00:00.000 UTC,,3,2021-04-15 10:00:00.000 UTC,1982.0
IQS,feeb0a03227a4b3f95c71a32,103692,True,12299,,,,2,,
IQS,d37a5fe85f834d2f9a9bcc5f,103693,True,314,2025-08-21 10:00:00.000 UTC,2025-08-21 10:00:00.000 UTC,2025-08-21 10:00:00.000 UTC,3,2025-08-21 10:00:00.000 UTC,393.0
IQS,48d9f23db76840628cae88a5,103694,True,0,,,2026-07-19 10:00:00.000 UTC,0,2026-07-19 10:00:00.000 UTC,61.0
IQS,43d5c149bcaa4fbbb2edec39,103695,True,73,2024-04-09 10:00:00.000 UTC,2024-04-09 10:00:00.000 UTC,2024-04-09 10:00:00.000 UTC,3,2024-04-09 10:00:00.000 UTC,892.0
IQS,99edfb3d0ecd4b85a60503b5,103696,True,535,2022-08-28 10:00:00.000 UTC,2022-08-28 10:00:00.000 UTC,,2,2022-08-28 10:00:00.000 UTC,1482.0
IQS,e53a7a3893ae4c4797ca613a,103697,True,0,,,2023-09-08 10:00:00.000 UTC,0,2023-09-08 10:00:00.000 UTC,1106.0
IQS,1ebdaaade3c54c3c9f2438a4,103698,True,254,,,,5,,
IQS,2da5ad7d3e63492bad6c65c8,103699,True,670,2026-02-03 10:00:00.000 UTC,2026-02-03 10:00:00.000 UTC,2026-02-03 10:00:00.000 UTC,1,2026-02-03 10:00:00.000 UTC,227.0
IQS,f7d4e83f22c2450db14377f8,103700,True,1883,,,2023-09-04 10:00:00.000 UTC,1,2023-09-04 10:00:00.000 UTC,1110.0
IQS,3e1e06a447fd46fa8b937b54,103701,True,240,,,,2,,
IQS,1850648a6dd44c4cad3cff2e,103702,True,405,,,,1,,
IQS,ac8d9e3e112f48f9ad57406e,103703,True,282,2023-12-28 10:00:00.000 UTC,2023-12-28 10:00:00.000 UTC,,2,2023-12-28 10:00:00.000 UTC,995.0
IQS,09d5a1290daf43298260694e,103704,True,82,2023-12-25 10:00:00.000 UTC,2023-12-25 10:00:00.000 UTC,2023-12-25 10:00:00.000 UTC,1,2023-12-25 10:00:00.000 UTC,998.0
IQS,fd5a23fb93314f13bbc26a61,103705,True,0,2021-10-08 10:00:00.000 UTC,2021-10-08 10:00:00.000 UTC,2021-10-08 10:00:00.000 UTC,0,2021-10-08 10:00:00.000 UTC,1806.0
IQS,7cb2394443144a01b67b0f97,103706,True,2174,2025-06-13 10:00:00.000 UTC,2025-06-13 10:00:00.000 UTC,,2,2025-06-13 10:00:00.000 UTC,462.0
IQS,42970b68a52c4d4eb22c2b6a,103707,True,0,,,,0,,
IQS,3f49d5266bd745d88ed0f8a8,103708,True,342,2026-06-27 10:00:00.000 UTC,2026-06-27 10:00:00.000 UTC,,2,2026-06-27 10:00:00.000 UTC,83.0
IQS,948cad9b815941cd9e60e469,103709,True,325,2024-01-31 10:00:00.000 UTC,2024-01-31 10:00:00.000 UTC,2024-01-31 10:00:00.000 UTC,1,2024-01-31 10:00:00.000 UTC,961.0
IQS,5118cb942a954dbd89cfe871,103710,True,0,2026-06-12 10:00:00.000 UTC,2026-06-12 10:00:00.000 UTC,,0,2026-06-12 10:00:00.000 UTC,98.0
IQS,2c1215f5576b4613a29ae2c9,103711,True,2122,2023-05-11 10:00:00.000 UTC,2023-05-11 10:00:00.000 UTC,,1,2023-05-11 10:00:00.000 UTC,1226.0
IQS,8005ba6a9d964dfaba7a926c,103712,True,0,,,2022-04-05 10:00:00.000 UTC,0,2022-04-05 10:00:00.000 UTC,1627.0
IQS,13fa1fd2a34d414488d7aab2,103713,True,9176,,,2020-03-05 10:00:00.000 UTC,2,2020-03-05 10:00:00.000 UTC,2388.0
IQS,d59ebdb0b16f4a428ba75d0b,103714,True,782,,,2024-09-19 10:00:00.000 UTC,3,2024-09-19 10:00:00.000 UTC,729.0
IQS,7022470cd7b549b196b6cc38,103715,True,2707,2026-08-25 10:00:00.000 UTC,2026-08-25 10:00:00.000 UTC,,2,2026-08-25 10:00:00.000 UTC,24.0
IQS,38855b3a28e24a8eaf978757,103716,True,2769,,,,2,,
IQS,f7e5a5dfdea749b7805a6015,103717,True,0,2026-05-31 10:00:00.000 UTC,2026-05-31 10:00:00.000 UTC,2026-05-31 10:00:00.000 UTC,0,2026-05-31 10:00:00.000 UTC,110.0
IQS,509a110a9dea45098ac59d18,103718,True,1107,2026-06-28 10:00:00.000 UTC,2026-06-28 10:00:00.000 UTC,,4,2026-06-28 10:00:00.000 UTC,82.0
IQS,183f8a40f7114d95a67a27f2,103719,True,882,,,2022-12-05 10:00:00.000 UTC,1,2022-12-05 10:00:00.000 UTC,1383.0
IQS,0075adeb350f434cbb6c3986,103720,True,639,2024-11-11 10:00:00.000 UTC,2024-11-11 10:00:00.000 UTC,,3,2024-11-11 10:00:00.000 UTC,676.0
IQS,f7d53168a44e4285bffa134a,103721,True,3064,2024-01-04 10:00:00.000 UTC,2024-01-04 10:00:00.000 UTC,2024-01-04 10:00:00.000 UTC,2,2024-01-04 10:00:00.000 UTC,988.0
IQS,2fa0a94f4bd14b7b8615f0ac,103722,True,8107,,,2022-01-02 10:00:00.000 UTC,1,2022-01-02 10:00:00.000 UTC,1720.0
IQS,b8bb062175434365bfb52628,103723,True,94,2023-06-13 10:00:00.000 UTC,2023-06-13 10:00:00.000 UTC,2023-06-13 10:00:00.000 UTC,1,2023-06-13 10:00:00.000 UTC,1193.0
IQS,13f9ba5d4fe042668095be26,103724,True,2924,,,2026-09-04 10:00:00.000 UTC,1,2026-09-04 10:00:00.000 UTC,14.0
IQS,cf747da360bf408e906f841e,103725,True,0,2024-12-18 10:00:00.000 UTC,2024-12-18 10:00:00.000 UTC,2024-12-18 10:00:00.000 UTC,0,2024-12-18 10:00:00.000 UTC,639.0
IQS,0b6dbd4b0a4d436eb1f6e755,103726,True,4229,2019-05-28 10:00:00.000 UTC,2019-05-28 10:00:00.000 UTC,,1,2019-05-28 10:00:00.000 UTC,2670.0
IQS,c93e77e7d6614911ac6d1a58,103727,True,320,,,2024-12-12 10:00:00.000 UTC,2,2024-12-12 10:00:00.000 UTC,645.0
IQS,8523eead29da4fd6b4fd07fa,103728,True,276,,,2024-07-14 10:00:00.000 UTC,2,2024-07-14 10:00:00.000 UTC,796.0
IQS,db50322c32e64741a64b50f5,103729,True,0,2026-04-20 10:00:00.000 UTC,2026-04-20 10:00:00.000 UTC,2026-04-20 10:00:00.000 UTC,0,2026-04-20 10:00:00.000 UTC,151.0
IQS,f294090f10ac4f5d86899ca5,103730,True,1141,,,,2,,
IQS,407078ee8be14abbb30d7928,103731,True,0,2024-09-12 10:00:00.000 UTC,2024-09-12 10:00:00.000 UTC,2024-09-12 10:00:00.000 UTC,0,2024-09-12 10:00:00.000 UTC,736.0
IQS,97d494410166468cbf225f11,103732,True,163,,,,3,,
IQS,44ba6cdb1be8422a9af20c3f,103733,True,453,2025-02-05 10:00:00.000 UTC,2025-02-05 10:00:00.000 UTC,2025-02-05 10:00:00.000 UTC,1,2025-02-05 10:00:00.000 UTC,590.0
IQS,f1c1ff862fcc48febbe2c8cf,103734,True,1945,,,,1,,
IQS,d75266de2ef24069a0a86c8d,103735,True,0,2023-11-27 10:00:00.000 UTC,2023-11-27 10:00:00.000 UTC,2023-11-27 10:00:00.000 UTC,0,2023-11-27 10:00:00.000 UTC,1026.0
IQS,44185592819242b880128579,103736,True,0,2021-12-10 10:00:00.000 UTC,2021-12-10 10:00:00.000 UTC,2021-12-10 10:00:00.000 UTC,0,2021-12-10 10:00:00.000 UTC,1743.0
IQS,cb026111deb549e3acbff6eb,103737,True,0,,,,0,,
IQS,d7fa00d73827413988016f3d,103738,True,1864,2023-06-05 10:00:00.000 UTC,2023-06-05 10:00:00.000 UTC,,2,2023-06-05 10:00:00.000 UTC,1201.0
IQS,a223621f77d6461eb5d337b6,103739,True,2624,2018-08-26 10:00:00.000 UTC,2018-08-26 10:00:00.000 UTC,2018-08-26 10:00:00.000 UTC,3,2018-08-26 10:00:00.000 UTC,2945.0
IQS,c4b1f298f98a4e969510e669,103740,True,0,2026-07-04 10:00:00.000 UTC,2026-07-04 10:00:00.000 UTC,,0,2026-07-04 10:00:00.000 UTC,76.0
IQS,efd4933ffa1045efb7db725a,103741,True,1251,,,,3,,
IQS,1850554d7e814ecd99d18030,103742,True,0,,,2026-08-28 10:00:00.000 UTC,0,2026-08-28 10:00:00.000 UTC,21.0
IQS,c3e996141154429388498393,103743,True,0,,,2026-08-29 10:00:00.000 UTC,0,2026-08-29 10:00:00.000 UTC,20.0
IQS,d2a1c53c55af446184b38ec5,103744,True,0,2026-05-28 10:00:00.000 UTC,2026-05-28 10:00:00.000 UTC,2026-05-28 10:00:00.000 UTC,0,2026-05-28 10:00:00.000 UTC,113.0
IQS,2cf41c9fc3194b2a81c9f380,103745,True,122,2024-04-11 10:00:00.000 UTC,2024-04-11 10:00:00.000 UTC,2024-04-11 10:00:00.000 UTC,1,2024-04-11 10:00:00.000 UTC,890.0
IQS,facce00ea1e14a3d9272e7fa,103746,True,0,,,2023-05-26 10:00:00.000 UTC,0,2023-05-26 10:00:00.000 UTC,1211.0
IQS,fc8b0942aecb4b00b29e74a1,103747,True,0,2023-09-24 10:00:00.000 UTC,2023-09-24 10:00:00.000 UTC,,0,2023-09-24 10:00:00.000 UTC,1090.0
IQS,8a09fea861e74c6d96778a79,103748,True,1012,,,,2,,
IQS,b5cc39405d344496ad10ba36,103749,True,433,,,2023-09-14 10:00:00.000 UTC,3,2023-09-14 10:00:00.000 UTC,1100.0
IQS,f4b1ce93456044b7b532aee7,103750,True,0,,,2022-08-10 10:00:00.000 UTC,0,2022-08-10 10:00:00.000 UTC,1500.0
IQS,831d17745e524c5cb48bb998,103751,True,4618,,,2025-07-11 10:00:00.000 UTC,1,2025-07-11 10:00:00.000 UTC,434.0
IQS,38599e0de7b4487988cb84dd,103752,True,7824,2024-12-06 10:00:00.000 UTC,2024-12-06 10:00:00.000 UTC,2024-12-06 10:00:00.000 UTC,2,2024-12-06 10:00:00.000 UTC,651.0
IQS,2197fdb56bb746ba96fb8ef2,103753,True,241,2023-03-06 10:00:00.000 UTC,2023-03-06 10:00:00.000 UTC,2023-03-06 10:00:00.000 UTC,3,2023-03-06 10:00:00.000 UTC,1292.0
IQS,edbfff2f23414b01a8609b91,103754,True,450,2025-06-02 10:00:00.000 UTC,2025-06-02 10:00:00.000 UTC,,2,2025-06-02 10:00:00.000 UTC,473.0
IQS,213db0b2796046dcbb631e71,103755,True,6682,2023-08-20 10:00:00.000 UTC,2023-08-20 10:00:00.000 UTC,2023-08-20 10:00:00.000 UTC,1,2023-08-20 10:00:00.000 UTC,1125.0
IQS,a6fad48d93c14715bfa24a8e,103756,True,0,2023-12-11 10:00:00.000 UTC,2023-12-11 10:00:00.000 UTC,,0,2023-12-11 10:00:00.000 UTC,1012.0
IQS,a018bc312a654861813df2c0,103757,True,856,,,,2,,
IQS,ae854510f3ae4763ad1766fb,103758,True,1089,2025-06-13 10:00:00.000 UTC,2025-06-13 10:00:00.000 UTC,2025-06-13 10:00:00.000 UTC,5,2025-06-13 10:00:00.000 UTC,462.0
IQS,a77ea6854c394c0c83df45a3,103759,True,504,2025-01-25 10:00:00.000 UTC,2025-01-25 10:00:00.000 UTC,2025-01-25 10:00:00.000 UTC,3,2025-01-25 10:00:00.000 UTC,601.0
IQS,c68fd1919b934bd880d0bf3b,103760,True,1281,2023-01-23 10:00:00.000 UTC,2023-01-23 10:00:00.000 UTC,2023-01-23 10:00:00.000 UTC,1,2023-01-23 10:00:00.000 UTC,1334.0
IQS,2fc0fb6bc25c4d6cbd7b4ffb,103761,True,0,,,2022-03-01 10:00:00.000 UTC,0,2022-03-01 10:00:00.000 UTC,1662.0
IQS,c86361134e37435992f497ec,103762,True,4255,2025-01-01 10:00:00.000 UTC,2025-01-01 10:00:00.000 UTC,2025-01-01 10:00:00.000 UTC,1,2025-01-01 10:00:00.000 UTC,625.0
IQS,cf887761d5754528a8ec2e1a,103763,True,0,,,,0,,
IQS,53e3feaefb714d4098b546bb,103764,True,1862,,,,2,,
IQS,f63666a19350402daeeb3252,103765,True,754,,,2025-10-25 10:00:00.000 UTC,1,2025-10-25 10:00:00.000 UTC,328.0
IQS,cea598106f11417aad3ff2e2,103766,True,413,2025-05-21 10:00:00.000 UTC,2025-05-21 10:00:00.000 UTC,2025-05-21 10:00:00.000 UTC,1,2025-05-21 10:00:00.000 UTC,485.0
IQS,34f80a08c86845319f763043,103767,True,311,2023-04-29 10:00:00.000 UTC,2023-04-29 10:00:00.000 UTC,,2,2023-04-29 10:00:00.000 UTC,1238.0
IQS,b8c8d1d380904054a0647f2c,103768,True,0,2024-07-09 10:00:00.000 UTC,2024-07-09 10:00:00.000 UTC,2024-07-09 10:00:00.000 UTC,0,2024-07-09 10:00:00.000 UTC,801.0
IQS,0fbcb5380c4d4b1eaebfa6e0,103769,True,142,,,2025-06-23 10:00:00.000 UTC,2,2025-06-23 10:00:00.000 UTC,452.0
IQS,85afd897397349c9a12fc6c8,103770,True,0,,,2026-07-07 10:00:00.000 UTC,0,2026-07-07 10:00:00.000 UTC,73.0
IQS,dbb873a29ecc4874bf3222b5,103771,True,2801,,,,1,,
IQS,e804eb0f789c4a47b71f6e8d,103772,True,6326,2024-01-15 10:00:00.000 UTC,2024-01-15 10:00:00.000 UTC,2024-01-15 10:00:00.000 UTC,3,2024-01-15 10:00:00.000 UTC,977.0
IQS,6d3c98f42dd04cb68cd21cef,103773,True,560,2022-02-26 10:00:00.000 UTC,2022-02-26 10:00:00.000 UTC,2022-02-26 10:00:00.000 UTC,1,2022-02-26 10:00:00.000 UTC,1665.0
IQS,c8a80b63651b4e08a94423a4,103774,True,628,2020-10-27 10:00:00.000 UTC,2020-10-27 10:00:00.000 UTC,2020-10-27 10:00:00.000 UTC,2,2020-10-27 10:00:00.000 UTC,2152.0
IQS,1c6b6ce99bce4a718a75f0e2,103775,True,347,2020-09-13 10:00:00.000 UTC,2020-09-13 10:00:00.000 UTC,2020-09-13 10:00:00.000 UTC,3,2020-09-13 10:00:00.000 UTC,2196.0
IQS,2ee3d8a6003848efadbd4133,103776,True,256,,,,2,,
IQS,bf21f8a594f54c85a4d3c7cf,103777,True,0,2025-12-17 10:00:00.000 UTC,2025-12-17 10:00:00.000 UTC,2025-12-17 10:00:00.000 UTC,0,2025-12-17 10:00:00.000 UTC,275.0
IQS,190ddeeb18764b16af471c81,103778,True,3405,,,,2,,
IQS,6ffe7bd697c4419fae10bd8f,103779,True,0,2023-08-24 10:00:00.000 UTC,2023-08-24 10:00:00.000 UTC,2023-08-24 10:00:00.000 UTC,0,2023-08-24 10:00:00.000 UTC,1121.0
IQS,5ab94c38d274431abce5c4d9,103780,True,0,,,,0,,
IQS,16d11704b4d04055b6adccbf,103781,True,1647,,,2022-07-28 10:00:00.000 UTC,3,2022-07-28 10:00:00.000 UTC,1513.0
IQS,b6226802b3474830b16fbd87,103782,True,463,2025-08-15 10:00:00.000 UTC,2025-08-15 10:00:00.000 UTC,2025-08-15 10:00:00.000 UTC,2,2025-08-15 10:00:00.000 UTC,399.0
IQS,63bf4b79806c45a2a7a29138,103783,True,4607,,,2021-07-05 10:00:00.000 UTC,1,2021-07-05 10:00:00.000 UTC,1901.0
IQS,5e07ac9aa50144e2b5a21962,103784,True,0,2024-12-22 10:00:00.000 UTC,2024-12-22 10:00:00.000 UTC,,0,2024-12-22 10:00:00.000 UTC,635.0
IQS,12efbef49d7240d690be8e81,103785,True,0,,,2022-12-29 10:00:00.000 UTC,0,2022-12-29 10:00:00.000 UTC,1359.0
IQS,ebe41c50b7b74285aceed3af,103786,True,534,,,2026-08-19 10:00:00.000 UTC,1,2026-08-19 10:00:00.000 UTC,30.0
IQS,ef6de197d8cd44dfa221c80f,103787,True,482,,,,1,,
IQS,10d2331e76be4a3090d97dce,103788,True,1339,2022-03-07 10:00:00.000 UTC,2022-03-07 10:00:00.000 UTC,2022-03-07 10:00:00.000 UTC,2,2022-03-07 10:00:00.000 UTC,1656.0
IQS,f0ef75e30f0146149e0551d8,103789,True,610,2024-11-01 10:00:00.000 UTC,2024-11-01 10:00:00.000 UTC,2024-11-01 10:00:00.000 UTC,1,2024-11-01 10:00:00.000 UTC,686.0
IQS,beb42addb157412bb7df4379,103790,True,722,2024-05-07 10:00:00.000 UTC,2024-05-07 10:00:00.000 UTC,,7,2024-05-07 10:00:00.000 UTC,864.0
IQS,a67cc1a30e6b4ce59d03526b,103791,True,5147,2024-11-19 10:00:00.000 UTC,2024-11-19 10:00:00.000 UTC,,1,2024-11-19 10:00:00.000 UTC,668.0
IQS,ca228bcba6d44db6bcf2dd09,103792,True,11163,2020-05-08 10:00:00.000 UTC,2020-05-08 10:00:00.000 UTC,,2,2020-05-08 10:00:00.000 UTC,2324.0
IQS,a4381785a92a4a39a078dad3,103793,True,713,,,2025-04-12 10:00:00.000 UTC,4,2025-04-12 10:00:00.000 UTC,524.0
IQS,a7d9677fc6f241ca93205fb9,103794,True,2328,2024-08-16 10:00:00.000 UTC,2024-08-16 10:00:00.000 UTC,2024-08-16 10:00:00.000 UTC,2,2024-08-16 10:00:00.000 UTC,763.0
IQS,3fbd262e79d14441aceab7bb,103795,True,802,,,,2,,
IQS,44a38bac67354275a929af88,103796,True,1281,,,,2,,
IQS,43987fe83d5f446e92b88763,103797,True,0,,,2026-07-07 10:00:00.000 UTC,0,2026-07-07 10:00:00.000 UTC,73.0
IQS,71a6458e469f4ff3bbae8c78,103798,True,878,,,,2,,
IQS,5e3e1fc7734a42eab0fc8eac,103799,True,10552,,,,1,,
IQS,6335aa35313b4252809fb138,103800,True,4817,2026-08-21 10:00:00.000 UTC,2026-08-21 10:00:00.000 UTC,2026-08-21 10:00:00.000 UTC,1,2026-08-21 10:00:00.000 UTC,28.0
IQS,baebc086ffc54dc28fdcf604,103801,True,1786,,,,2,,
IQS,8682c85aa7c24b50a9e25ff2,103802,True,0,,,2023-10-15 10:00:00.000 UTC,0,2023-10-15 10:00:00.000 UTC,1069.0
IQS,3181c55145e14fde947f3236,103803,True,596,,,2026-09-13 10:00:00.000 UTC,2,2026-09-13 10:00:00.000 UTC,5.0
IQS,6fd52d7d3e0d42d5a11d2eee,103804,True,6605,2024-11-08 10:00:00.000 UTC,2024-11-08 10:00:00.000 UTC,,5,2024-11-08 10:00:00.000 UTC,679.0
IQS,f21c25dc6fc5411db9000f71,103805,True,0,2021-10-24 10:00:00.000 UTC,2021-10-24 10:00:00.000 UTC,2021-10-24 10:00:00.000 UTC,0,2021-10-24 10:00:00.000 UTC,1790.0
IQS,30edc9b66f2e470084a5ac72,103806,True,7183,2026-08-11 10:00:00.000 UTC,2026-08-11 10:00:00.000 UTC,,1,2026-08-11 10:00:00.000 UTC,38.0
IQS,4b5d526a08ec4191b812ea64,103807,True,0,2018-10-09 10:00:00.000 UTC,2018-10-09 10:00:00.000 UTC,,0,2018-10-09 10:00:00.000 UTC,2901.0
IQS,8b4820aca2834e9698f5dfcc,103808,True,2603,2024-09-30 10:00:00.000 UTC,2024-09-30 10:00:00.000 UTC,2024-09-30 10:00:00.000 UTC,2,2024-09-30 10:00:00.000 UTC,718.0
IQS,667c5aeb31044e17b5c47802,103809,True,7759,2026-02-15 10:00:00.000 UTC,2026-02-15 10:00:00.000 UTC,,3,2026-02-15 10:00:00.000 UTC,215.0
IQS,8fcfac1d8cab46cd9bde69ed,103810,True,814,,,,2,,
IQS,f48aa3085b0e49149e5dd33f,103811,True,0,,,2024-05-06 10:00:00.000 UTC,0,2024-05-06 10:00:00.000 UTC,865.0
IQS,b20290236155413b9e029935,103812,True,4523,,,,1,,
IQS,7a271c90e8ac4864bb97d3ec,103813,True,962,2024-05-26 10:00:00.000 UTC,2024-05-26 10:00:00.000 UTC,2024-05-26 10:00:00.000 UTC,2,2024-05-26 10:00:00.000 UTC,845.0
IQS,c19290cb39c74928ae063e97,103814,True,0,,,,0,,
IQS,ece4da6711ef4d90a74a6bde,103815,True,1418,,,2025-11-16 10:00:00.000 UTC,2,2025-11-16 10:00:00.000 UTC,306.0
IQS,3d7deb1478434b62953f8670,103816,True,3157,2019-06-18 10:00:00.000 UTC,2019-06-18 10:00:00.000 UTC,2019-06-18 10:00:00.000 UTC,2,2019-06-18 10:00:00.000 UTC,2649.0
IQS,fb6674cc4bc1464695c826f0,103817,True,0,2026-05-31 10:00:00.000 UTC,2026-05-31 10:00:00.000 UTC,,0,2026-05-31 10:00:00.000 UTC,110.0
IQS,d910c472adcc4561b1b9eccc,103818,True,5882,2025-09-22 10:00:00.000 UTC,2025-09-22 10:00:00.000 UTC,,2,2025-09-22 10:00:00.000 UTC,361.0
IQS,4fe84428e9504fb8979e048e,103819,True,0,2025-02-23 10:00:00.000 UTC,2025-02-23 10:00:00.000 UTC,,0,2025-02-23 10:00:00.000 UTC,572.0
IQS,e4b164d176c549edbe1cd427,103820,True,7390,2026-09-01 10:00:00.000 UTC,2026-09-01 10:00:00.000 UTC,,1,2026-09-01 10:00:00.000 UTC,17.0
IQS,eee98bd0af1940bba916d48f,103821,True,901,,,2020-02-13 10:00:00.000 UTC,2,2020-02-13 10:00:00.000 UTC,2409.0
IQS,ca6db96fab824e0f9d3cbccd,103822,True,1126,2024-05-21 10:00:00.000 UTC,2024-05-21 10:00:00.000 UTC,,1,2024-05-21 10:00:00.000 UTC,850.0
IQS,c867672e784648bb8f2d97a3,103823,True,0,,,,0,,
IQS,889d82204da24744af45b30c,103824,True,265,2024-08-11 10:00:00.000 UTC,2024-08-11 10:00:00.000 UTC,2024-08-11 10:00:00.000 UTC,2,2024-08-11 10:00:00.000 UTC,768.0
IQS,63e121aff6224c29b3dd184b,103825,True,0,,,,0,,
IQS,09b9c357724249f1b0e90cf5,103826,True,461,,,,1,,
IQS,6eac07936b4240f38e3eaff9,103827,True,1338,,,,3,,
IQS,ff871f209488452cb021926e,103828,True,2149,2026-09-05 10:00:00.000 UTC,2026-09-05 10:00:00.000 UTC,2026-09-05 10:00:00.000 UTC,2,2026-09-05 10:00:00.000 UTC,13.0
IQS,19344d9b2c9e4ae9bdfde72d,103829,True,51,,,,2,,
IQS,a8396a9568ba4db6be6608c9,103830,True,4823,2026-08-09 10:00:00.000 UTC,2026-08-09 10:00:00.000 UTC,2026-08-09 10:00:00.000 UTC,1,2026-08-09 10:00:00.000 UTC,40.0
IQS,c1457ca7b2a7497a84306f92,103831,True,0,,,2025-10-06 10:00:00.000 UTC,0,2025-10-06 10:00:00.000 UTC,347.0
IQS,5dacf144418d44bd8db0a7a6,103832,True,2068,2024-03-03 10:00:00.000 UTC,2024-03-03 10:00:00.000 UTC,,1,2024-03-03 10:00:00.000 UTC,929.0
IQS,721e59b37850438b975ff751,103833,True,0,2022-11-19 10:00:00.000 UTC,2022-11-19 10:00:00.000 UTC,2022-11-19 10:00:00.000 UTC,0,2022-11-19 10:00:00.000 UTC,1399.0
IQS,ad3382a40a6e47fb89fb82e8,103834,True,0,,,,0,,
IQS,bfeccc48d3a64f749dc67ef2,103835,True,0,2023-03-03 10:00:00.000 UTC,2023-03-03 10:00:00.000 UTC,2023-03-03 10:00:00.000 UTC,0,2023-03-03 10:00:00.000 UTC,1295.0
IQS,32e0d62e0f694065a579b0c9,103836,True,0,2023-11-21 10:00:00.000 UTC,2023-11-21 10:00:00.000 UTC,,0,2023-11-21 10:00:00.000 UTC,1032.0
IQS,213aa8d1116949faa9b8d7c6,103837,True,147,,,2024-09-02 10:00:00.000 UTC,1,2024-09-02 10:00:00.000 UTC,746.0
IQS,166e6a8777a74420ace0ac33,103838,True,0,2022-10-02 10:00:00.000 UTC,2022-10-02 10:00:00.000 UTC,,0,2022-10-02 10:00:00.000 UTC,1447.0
IQS,3b7421224c2b4d0aa5b5d945,103839,True,144,2024-10-25 10:00:00.000 UTC,2024-10-25 10:00:00.000 UTC,2024-10-25 10:00:00.000 UTC,2,2024-10-25 10:00:00.000 UTC,693.0
IQS,4ecbc50ec7c5431d90ed605b,103840,True,80,2023-12-02 10:00:00.000 UTC,2023-12-02 10:00:00.000 UTC,,2,2023-12-02 10:00:00.000 UTC,1021.0
IQS,89d3b32bb3af40a288c860ad,103841,True,59,,,,1,,
IQS,a260ab8bb28142719349dd09,103842,True,0,,,,0,,
IQS,5f16a526cb7a409592663f3f,103843,True,4309,2025-11-09 10:00:00.000 UTC,2025-11-09 10:00:00.000 UTC,2025-11-09 10:00:00.000 UTC,4,2025-11-09 10:00:00.000 UTC,313.0
IQS,fde76fdee723481399d8ae23,103844,True,1144,2024-03-07 10:00:00.000 UTC,2024-03-07 10:00:00.000 UTC,2024-03-07 10:00:00.000 UTC,2,2024-03-07 10:00:00.000 UTC,925.0
IQS,76c53d3b8a744c00b63ac606,103845,True,2362,,,,1,,
IQS,c03ea786e6f64e5584372e99,103846,True,697,2023-12-14 10:00:00.000 UTC,2023-12-14 10:00:00.000 UTC,,2,2023-12-14 10:00:00.000 UTC,1009.0
IQS,54f86ab3eb9549eb814990cf,103847,True,0,2023-05-08 10:00:00.000 UTC,2023-05-08 10:00:00.000 UTC,2023-05-08 10:00:00.000 UTC,0,2023-05-08 10:00:00.000 UTC,1229.0
IQS,0cfe67a85be44389af61dbdf,103848,True,2239,2021-10-16 10:00:00.000 UTC,2021-10-16 10:00:00.000 UTC,2021-10-16 10:00:00.000 UTC,2,2021-10-16 10:00:00.000 UTC,1798.0
IQS,c7ff345d98764084b2463052,103849,True,0,2026-03-21 10:00:00.000 UTC,2026-03-21 10:00:00.000 UTC,,0,2026-03-21 10:00:00.000 UTC,181.0
IQS,009e5b6dfeaa4706874338b1,103850,True,0,,,,0,,
IQS,f5e2a47b18a84dc895fd32d5,103851,True,4593,,,,6,,
IQS,2a3c934d3c944401942cedc9,103852,True,0,2024-03-30 10:00:00.000 UTC,2024-03-30 10:00:00.000 UTC,2024-03-30 10:00:00.000 UTC,0,2024-03-30 10:00:00.000 UTC,902.0
IQS,d724fbc3d445464f9ad4e33f,103853,True,194,2025-02-25 10:00:00.000 UTC,2025-02-25 10:00:00.000 UTC,2025-02-25 10:00:00.000 UTC,2,2025-02-25 10:00:00.000 UTC,570.0
IQS,53b45450bf3c4a9ab428682a,103854,True,0,2026-09-15 10:00:00.000 UTC,2026-09-15 10:00:00.000 UTC,2026-09-15 10:00:00.000 UTC,0,2026-09-15 10:00:00.000 UTC,3.0
IQS,7ef05dc7ea944a54a0ec390a,103855,True,0,2024-06-27 10:00:00.000 UTC,2024-06-27 10:00:00.000 UTC,2024-06-27 10:00:00.000 UTC,0,2024-06-27 10:00:00.000 UTC,813.0
IQS,517093526b46455db7de2adb,103856,True,0,2024-06-02 10:00:00.000 UTC,2024-06-02 10:00:00.000 UTC,,0,2024-06-02 10:00:00.000 UTC,838.0
IQS,65f71cd85efd4fb48d363ff9,103857,True,464,,,,4,,
IQS,235371c77d734f74b72a47f0,103858,True,9931,,,,1,,
IQS,5ea81da562634c44afd6577c,103859,True,1154,2023-04-21 10:00:00.000 UTC,2023-04-21 10:00:00.000 UTC,2023-04-21 10:00:00.000 UTC,2,2023-04-21 10:00:00.000 UTC,1246.0
IQS,b8fd4ae4fe514369ad99faef,103860,True,2007,,,,8,,
IQS,e02c65446616432b8117d700,103861,True,1012,,,,2,,
IQS,7cf71763f0d24da6b786ca89,103862,True,1402,2023-12-30 10:00:00.000 UTC,2023-12-30 10:00:00.000 UTC,,2,2023-12-30 10:00:00.000 UTC,993.0
IQS,bf69016d39f540fd8a0736f9,103863,True,0,2021-01-17 10:00:00.000 UTC,2021-01-17 10:00:00.000 UTC,2021-01-17 10:00:00.000 UTC,0,2021-01-17 10:00:00.000 UTC,2070.0
IQS,4c17375b75544bc5a43a87fb,103864,True,0,2025-03-26 10:00:00.000 UTC,2025-03-26 10:00:00.000 UTC,2025-03-26 10:00:00.000 UTC,0,2025-03-26 10:00:00.000 UTC,541.0
IQS,19350cc70d2744c8aa153c68,103865,True,0,2023-12-02 10:00:00.000 UTC,2023-12-02 10:00:00.000 UTC,2023-12-02 10:00:00.000 UTC,0,2023-12-02 10:00:00.000 UTC,1021.0
IQS,ca528413d26a474086c0c664,103866,True,2207,,,2022-04-08 10:00:00.000 UTC,2,2022-04-08 10:00:00.000 UTC,1624.0
IQS,bf497abe970f412c94188d42,103867,True,13465,,,2023-03-30 10:00:00.000 UTC,1,2023-03-30 10:00:00.000 UTC,1268.0
IQS,1ca8d4b6fccc497294976ffe,103868,True,2260,,,2022-04-27 10:00:00.000 UTC,1,2022-04-27 10:00:00.000 UTC,1605.0
IQS,a2a02b8cd61b44bd95e00b49,103869,True,847,,,,4,,
IQS,2fdd6312beb8442d8a52b586,103870,True,1389,,,,1,,
IQS,0219796a51a446d294881824,103871,True,0,2024-02-26 10:00:00.000 UTC,2024-02-26 10:00:00.000 UTC,2024-02-26 10:00:00.000 UTC,0,2024-02-26 10:00:00.000 UTC,935.0
IQS,4d4e03ee6620430399c0b3ff,103872,True,6943,2025-10-03 10:00:00.000 UTC,2025-10-03 10:00:00.000 UTC,2025-10-03 10:00:00.000 UTC,3,2025-10-03 10:00:00.000 UTC,350.0
IQS,405bf72bbde34b429aefe287,103873,True,143,,,2025-02-01 10:00:00.000 UTC,2,2025-02-01 10:00:00.000 UTC,594.0
IQS,a578a3334a5f405faee4f789,103874,True,200,,,,1,,
IQS,b8260a735b5240cdbb19c8e4,103875,True,14206,,,,4,,
IQS,29f4a003c0f04784a64872b4,103876,True,585,,,,1,,
IQS,5fe3a646870c4143af826dea,103877,True,381,,,,1,,
IQS,23fb83c680854b92adefc49c,103878,True,1309,,,,3,,
IQS,648c42dbf5264352ac3db244,103879,True,826,,,,1,,
IQS,765a907e1be34dcead5d9e7c,103880,True,1114,,,,1,,
IQS,aa4307570d144d8eacc32b93,103881,True,742,,,2023-12-30 10:00:00.000 UTC,1,2023-12-30 10:00:00.000 UTC,993.0
IQS,670dc328d5ff4c63bb7cfb16,103882,True,0,2026-07-26 10:00:00.000 UTC,2026-07-26 10:00:00.000 UTC,,0,2026-07-26 10:00:00.000 UTC,54.0
IQS,0e6bd6a88a8a425992f7e52c,103883,True,1288,,,,2,,
IQS,cc419c8348ee4c77ae00301d,103884,True,9437,,,,1,,
IQS,dc7d0f4edb8a476bb6ec97a6,103885,True,6329,,,2021-08-17 10:00:00.000 UTC,1,2021-08-17 10:00:00.000 UTC,1858.0
IQS,74a9c8a3897f4e46a3968865,103886,True,0,2025-08-02 10:00:00.000 UTC,2025-08-02 10:00:00.000 UTC,2025-08-02 10:00:00.000 UTC,0,2025-08-02 10:00:00.000 UTC,412.0
IQS,1a0f27548ef74c39af4eb4ca,103887,True,1401,,,2023-04-29 10:00:00.000 UTC,1,2023-04-29 10:00:00.000 UTC,1238.0
IQS,99b9fd32c0d340a4bced9f17,103888,True,1907,,,2025-10-27 10:00:00.000 UTC,2,2025-10-27 10:00:00.000 UTC,326.0
IQS,a3a832f060b046f2bfde9b3e,103889,True,739,,,,3,,
IQS,8f3f45f33f0946428d87dcf2,103890,True,5338,,,2026-06-29 10:00:00.000 UTC,2,2026-06-29 10:00:00.000 UTC,81.0
IQS,820505e59f7e4e56af596639,103891,True,1231,,,,4,,
IQS,cfec164c761944ff91147960,103892,True,0,2023-05-27 10:00:00.000 UTC,2023-05-27 10:00:00.000 UTC,2023-05-27 10:00:00.000 UTC,0,2023-05-27 10:00:00.000 UTC,1210.0
IQS,728ef9a51ed244c39456e7c6,103893,True,0,2024-05-28 10:00:00.000 UTC,2024-05-28 10:00:00.000 UTC,2024-05-28 10:00:00.000 UTC,0,2024-05-28 10:00:00.000 UTC,843.0
IQS,646b9e0488e9451aa7f6a918,103894,True,422,,,2021-04-23 10:00:00.000 UTC,2,2021-04-23 10:00:00.000 UTC,1974.0
IQS,c3e80aa0e96e44ee9ddc059c,103895,True,2858,,,,2,,
IQS,d204d90dbaec4ca08b71d992,103896,True,0,,,2023-12-01 10:00:00.000 UTC,0,2023-12-01 10:00:00.000 UTC,1022.0
IQS,a8f8c6333a4b4609807f835a,103897,True,1552,,,,2,,
IQS,e84b4c21befd4a08873d4efe,103898,True,1165,2025-09-10 10:00:00.000 UTC,2025-09-10 10:00:00.000 UTC,2025-09-10 10:00:00.000 UTC,4,2025-09-10 10:00:00.000 UTC,373.0
IQS,9aae646574bb4bad857adf94,103899,True,0,,,,0,,
IQS,2d8cc8d3fb8549a7aa6fe099,103900,True,537,,,2026-08-29 10:00:00.000 UTC,1,2026-08-29 10:00:00.000 UTC,20.0
IQS,a9c515a18cdd4eb7ae80cdd3,103901,True,0,,,,0,,
IQS,187c6da2e5134f3696098f5e,103902,True,423,,,,2,,
IQS,e77caa8653a1488e9c4e29a9,103903,True,4411,,,2023-09-12 10:00:00.000 UTC,2,2023-09-12 10:00:00.000 UTC,1102.0
IQS,febf05b4fa2c40589aa3b483,103904,True,1873,,,,2,,
IQS,76d1121f6bd545e78c273e75,103905,True,565,,,2017-06-19 10:00:00.000 UTC,1,2017-06-19 10:00:00.000 UTC,3378.0
IQS,72a416f5c9fb4d0083a9d215,103906,True,3710,,,2026-06-19 10:00:00.000 UTC,2,2026-06-19 10:00:00.000 UTC,91.0
IQS,4684b9bdaa924ad490cc26d5,103907,True,1900,2022-08-06 10:00:00.000 UTC,2022-08-06 10:00:00.000 UTC,2022-08-06 10:00:00.000 UTC,1,2022-08-06 10:00:00.000 UTC,1504.0
IQS,7b6ecc76bfb74cc887e9d4b5,103908,True,1459,,,,3,,
IQS,530b290ff1c4413a9aa31fa3,103909,True,1358,2023-06-30 10:00:00.000 UTC,2023-06-30 10:00:00.000 UTC,2023-06-30 10:00:00.000 UTC,1,2023-06-30 10:00:00.000 UTC,1176.0
IQS,f0fb5ae454104f54857d003f,103910,True,11097,,,2026-08-16 10:00:00.000 UTC,4,2026-08-16 10:00:00.000 UTC,33.0
IQS,9c2b7a43bfa34f44a258236b,103911,True,914,2022-07-12 10:00:00.000 UTC,2022-07-12 10:00:00.000 UTC,,1,2022-07-12 10:00:00.000 UTC,1529.0
IQS,1dd9131084bb419f9f64881c,103912,True,0,,,,0,,
IQS,4cd120ecbb4946f4b727f63c,103913,True,2996,,,,1,,
IQS,7e2b03b255d04f199e6d83b1,103914,True,0,,,2023-06-03 10:00:00.000 UTC,0,2023-06-03 10:00:00.000 UTC,1203.0
IQS,837b4faf8a2047baafb32a76,103915,True,4120,,,,3,,
IQS,4c026e2f93414dd0b314cddb,103916,True,161,,,2021-04-09 10:00:00.000 UTC,4,2021-04-09 10:00:00.000 UTC,1988.0
IQS,557429349bc34eaea5d3a5ee,103917,True,350,2026-07-12 10:00:00.000 UTC,2026-07-12 10:00:00.000 UTC,,3,2026-07-12 10:00:00.000 UTC,68.0
IQS,9d864e750e76469a8f3b64be,103918,True,0,2021-04-27 10:00:00.000 UTC,2021-04-27 10:00:00.000 UTC,2021-04-27 10:00:00.000 UTC,0,2021-04-27 10:00:00.000 UTC,1970.0
IQS,169f41d9024a42a9b4d3749e,103919,True,0,,,,0,,
IQS,ce973d33d0674edaa6e90d9c,103920,True,843,2021-11-14 10:00:00.000 UTC,2021-11-14 10:00:00.000 UTC,2021-11-14 10:00:00.000 UTC,1,2021-11-14 10:00:00.000 UTC,1769.0
IQS,e44b1246c7ad44d38eb9fe8b,103921,True,0,,,,0,,
IQS,e478eef5f77e4992a44b803b,103922,True,0,2026-05-30 10:00:00.000 UTC,2026-05-30 10:00:00.000 UTC,2026-05-30 10:00:00.000 UTC,0,2026-05-30 10:00:00.000 UTC,111.0
IQS,abc71055eb184ade858c5d10,103923,True,5294,,,2026-07-12 10:00:00.000 UTC,2,2026-07-12 10:00:00.000 UTC,68.0
IQS,4a7ec0a92c7a4423b8470677,103924,True,2980,2022-04-04 10:00:00.000 UTC,2022-04-04 10:00:00.000 UTC,,2,2022-04-04 10:00:00.000 UTC,1628.0
IQS,0f42214421fa4d199200e753,103925,True,2929,2026-01-10 10:00:00.000 UTC,2026-01-10 10:00:00.000 UTC,2026-01-10 10:00:00.000 UTC,1,2026-01-10 10:00:00.000 UTC,251.0
IQS,5de75844f20d428187a654c9,103926,True,182,,,,2,,
IQS,f47f972be11d46bc88841c4c,103927,True,0,2022-11-11 10:00:00.000 UTC,2022-11-11 10:00:00.000 UTC,,0,2022-11-11 10:00:00.000 UTC,1407.0
IQS,75d76d840e2d443889d33653,103928,True,11159,2021-04-07 10:00:00.000 UTC,2021-04-07 10:00:00.000 UTC,,3,2021-04-07 10:00:00.000 UTC,1990.0
IQS,209aa809d73642598046e6fe,103929,True,2849,,,,2,,
IQS,0c9bf68b607e45cd89af1fe7,103930,True,1617,,,,3,,
IQS,93f2c96580fe4b6d928b8b36,103931,True,0,2018-04-03 10:00:00.000 UTC,2018-04-03 10:00:00.000 UTC,2018-04-03 10:00:00.000 UTC,0,2018-04-03 10:00:00.000 UTC,3090.0
IQS,3fb6b1b6dcdb46c8ad9e8249,103932,True,3394,2019-11-23 10:00:00.000 UTC,2019-11-23 10:00:00.000 UTC,,1,2019-11-23 10:00:00.000 UTC,2491.0
IQS,b2f2360e5c724ba4b5a79bf5,103933,True,12566,2024-06-09 10:00:00.000 UTC,2024-06-09 10:00:00.000 UTC,,2,2024-06-09 10:00:00.000 UTC,831.0
IQS,146c0e69f3824933be9b6782,103934,True,535,2025-01-10 10:00:00.000 UTC,2025-01-10 10:00:00.000 UTC,,3,2025-01-10 10:00:00.000 UTC,616.0
IQS,eb373e12d9144ddba17bda1f,103935,True,0,2021-06-09 10:00:00.000 UTC,2021-06-09 10:00:00.000 UTC,,0,2021-06-09 10:00:00.000 UTC,1927.0
IQS,b0553cb957b841c0a75b60a7,103936,True,1914,2025-03-06 10:00:00.000 UTC,2025-03-06 10:00:00.000 UTC,,1,2025-03-06 10:00:00.000 UTC,561.0
IQS,5f1f26797b8c40e288940ae4,103937,True,0,2025-01-23 10:00:00.000 UTC,2025-01-23 10:00:00.000 UTC,2025-01-23 10:00:00.000 UTC,0,2025-01-23 10:00:00.000 UTC,603.0
IQS,bf188d6652aa47398a72dbb3,103938,True,0,,,,0,,
IQS,a4258a9147544143b1afc50f,103939,True,940,2024-11-13 10:00:00.000 UTC,2024-11-13 10:00:00.000 UTC,,3,2024-11-13 10:00:00.000 UTC,674.0
IQS,24a20d2e43184fa1ac33508d,103940,True,0,2024-07-23 10:00:00.000 UTC,2024-07-23 10:00:00.000 UTC,,0,2024-07-23 10:00:00.000 UTC,787.0
IQS,4d0259266b774f36b0d0c0f4,103941,True,3617,,,2020-06-29 10:00:00.000 UTC,2,2020-06-29 10:00:00.000 UTC,2272.0
IQS,d7e8ac21d859413ab3b34da3,103942,True,1837,2020-08-01 10:00:00.000 UTC,2020-08-01 10:00:00.000 UTC,,2,2020-08-01 10:00:00.000 UTC,2239.0
IQS,7a5d72fcd8d94e9aa19fa0ae,103943,True,650,,,,3,,
IQS,330da2912a234498a656cd45,103944,True,526,,,,1,,
IQS,e8f8da03464b41f88be18d3f,103945,True,555,,,2023-09-19 10:00:00.000 UTC,3,2023-09-19 10:00:00.000 UTC,1095.0
IQS,8806c3dbca794035b8b08370,103946,True,0,2022-10-30 10:00:00.000 UTC,2022-10-30 10:00:00.000 UTC,2022-10-30 10:00:00.000 UTC,0,2022-10-30 10:00:00.000 UTC,1419.0
IQS,efea3b1edb474ac6b48ddd76,103947,True,0,,,,0,,
IQS,eb6e5051f2534f12ab54a953,103948,True,1530,2023-01-14 10:00:00.000 UTC,2023-01-14 10:00:00.000 UTC,2023-01-14 10:00:00.000 UTC,2,2023-01-14 10:00:00.000 UTC,1343.0
IQS,eb1b7f77da634dce8ac543fe,103949,True,0,2021-09-30 10:00:00.000 UTC,2021-09-30 10:00:00.000 UTC,2021-09-30 10:00:00.000 UTC,0,2021-09-30 10:00:00.000 UTC,1814.0
IQS,37553a1f3b2c4d3c95855385,103950,True,1268,,,,1,,
IQS,a7be1571868c49089748ff2d,103951,True,1923,,,,2,,
IQS,7151a4742fb14dce8afc2958,103952,True,1455,,,2025-10-10 10:00:00.000 UTC,4,2025-10-10 10:00:00.000 UTC,343.0
IQS,4843c377108a4934a482defd,103953,True,839,2022-02-05 10:00:00.000 UTC,2022-02-05 10:00:00.000 UTC,,1,2022-02-05 10:00:00.000 UTC,1686.0
IQS,40d0ee6519f7448dad2ba5fb,103954,True,7024,,,,4,,
IQS,cb475ece120f42c284f44fd1,103955,True,5249,2024-08-18 10:00:00.000 UTC,2024-08-18 10:00:00.000 UTC,2024-08-18 10:00:00.000 UTC,1,2024-08-18 10:00:00.000 UTC,761.0
IQS,6b5d20fca36743f79aeba6b5,103956,True,0,2026-07-10 10:00:00.000 UTC,2026-07-10 10:00:00.000 UTC,2026-07-10 10:00:00.000 UTC,0,2026-07-10 10:00:00.000 UTC,70.0
IQS,4a2f3b859fcd4e23b55fe995,103957,True,1209,2019-09-14 10:00:00.000 UTC,2019-09-14 10:00:00.000 UTC,2019-09-14 10:00:00.000 UTC,3,2019-09-14 10:00:00.000 UTC,2561.0
IQS,287ca53a80844e9f867630f8,103958,True,330,,,,1,,
IQS,d04b7ca9090849ceb013ad72,103959,True,1526,,,2025-05-06 10:00:00.000 UTC,4,2025-05-06 10:00:00.000 UTC,500.0
IQS,64510105360247948539f356,103960,True,2027,2026-08-20 10:00:00.000 UTC,2026-08-20 10:00:00.000 UTC,,1,2026-08-20 10:00:00.000 UTC,29.0
IQS,b8c7da44f03148e09d210dcc,103961,True,1241,,,2026-09-11 10:00:00.000 UTC,1,2026-09-11 10:00:00.000 UTC,7.0
IQS,82aafec9a955408aa2252910,103962,True,50,2018-03-10 10:00:00.000 UTC,2018-03-10 10:00:00.000 UTC,,2,2018-03-10 10:00:00.000 UTC,3114.0
IQS,7eeae25b30cd428797cbba46,103963,True,0,2024-07-22 10:00:00.000 UTC,2024-07-22 10:00:00.000 UTC,,0,2024-07-22 10:00:00.000 UTC,788.0
IQS,edf4c1a28e384e9e88dd9173,103964,True,6751,2025-01-28 10:00:00.000 UTC,2025-01-28 10:00:00.000 UTC,2025-01-28 10:00:00.000 UTC,3,2025-01-28 10:00:00.000 UTC,598.0
IQS,d430ed168be648a5b27724d3,103965,True,2331,2021-07-21 10:00:00.000 UTC,2021-07-21 10:00:00.000 UTC,2021-07-21 10:00:00.000 UTC,2,2021-07-21 10:00:00.000 UTC,1885.0
IQS,036ecab0ab634aaeabf05a0a,103966,True,0,2026-09-03 10:00:00.000 UTC,2026-09-03 10:00:00.000 UTC,,0,2026-09-03 10:00:00.000 UTC,15.0
IQS,af784f89454c4cea98ff0c3b,103967,True,33,2025-09-14 10:00:00.000 UTC,2025-09-14 10:00:00.000 UTC,2025-09-14 10:00:00.000 UTC,4,2025-09-14 10:00:00.000 UTC,369.0
IQS,1e8a2ba3f7f94960b538e2f8,103968,True,1164,,,,1,,
IQS,f4845878226c4060ac868161,103969,True,4630,,,2023-06-23 10:00:00.000 UTC,4,2023-06-23 10:00:00.000 UTC,1183.0
IQS,d7dfad85eb99429098b38123,103970,True,0,2023-09-15 10:00:00.000 UTC,2023-09-15 10:00:00.000 UTC,,0,2023-09-15 10:00:00.000 UTC,1099.0
IQS,00bdff34a8874012b26c8c29,103971,True,0,,,,0,,
IQS,88ccf6efb5774c039441e3a1,103972,True,0,2023-05-06 10:00:00.000 UTC,2023-05-06 10:00:00.000 UTC,2023-05-06 10:00:00.000 UTC,0,2023-05-06 10:00:00.000 UTC,1231.0
IQS,d2e922fed8f04b7e822c03e4,103973,True,0,2024-03-01 10:00:00.000 UTC,2024-03-01 10:00:00.000 UTC,,0,2024-03-01 10:00:00.000 UTC,931.0
IQS,5caf66b5ac7047999eeeb4de,103974,True,129,,,2024-05-29 10:00:00.000 UTC,1,2024-05-29 10:00:00.000 UTC,842.0
IQS,d659c60d616a4e55ba2126e9,103975,True,921,,,,2,,
IQS,9adf3c342dcb4ef094070184,103976,True,2738,2025-12-10 10:00:00.000 UTC,2025-12-10 10:00:00.000 UTC,2025-12-10 10:00:00.000 UTC,3,2025-12-10 10:00:00.000 UTC,282.0
IQS,82e691b6edce4b958f7eb570,103977,True,160,,,,3,,
IQS,95c210caaa324b6988117e32,103978,True,0,,,2024-09-19 10:00:00.000 UTC,0,2024-09-19 10:00:00.000 UTC,729.0
IQS,dda7666af6b44385b074947e,103979,True,3105,,,2023-03-08 10:00:00.000 UTC,1,2023-03-08 10:00:00.000 UTC,1290.0
IQS,e4cfdb3a24234354b75ba10f,103980,True,1869,2026-08-15 10:00:00.000 UTC,2026-08-15 10:00:00.000 UTC,2026-08-15 10:00:00.000 UTC,1,2026-08-15 10:00:00.000 UTC,34.0
IQS,6e28390d815a4702b961004b,103981,True,1219,2021-05-25 10:00:00.000 UTC,2021-05-25 10:00:00.000 UTC,2021-05-25 10:00:00.000 UTC,1,2021-05-25 10:00:00.000 UTC,1942.0
IQS,bcdaf711f3f74601ad71cea4,103982,True,270,2023-12-28 10:00:00.000 UTC,2023-12-28 10:00:00.000 UTC,2023-12-28 10:00:00.000 UTC,1,2023-12-28 10:00:00.000 UTC,995.0
IQS,0b31ba94424b49259ca7e512,103983,True,298,,,,2,,
IQS,2c3fd68b6d214535abd91fd1,103984,True,7640,,,,1,,
IQS,4490e3a35ddb424b9f633f9d,103985,True,1389,2024-02-17 10:00:00.000 UTC,2024-02-17 10:00:00.000 UTC,2024-02-17 10:00:00.000 UTC,1,2024-02-17 10:00:00.000 UTC,944.0
IQS,03c97aa3735b4e32bf9ae6bf,103986,True,617,,,2020-11-24 10:00:00.000 UTC,3,2020-11-24 10:00:00.000 UTC,2124.0
IQS,e940f68009b84f588503b051,103987,True,0,2024-09-20 10:00:00.000 UTC,2024-09-20 10:00:00.000 UTC,,0,2024-09-20 10:00:00.000 UTC,728.0
IQS,dc0c7abc5d164ca783d8fab2,103988,True,0,,,,0,,
IQS,0523655f6a92419d9089dc3d,103989,True,0,,,,0,,
IQS,d0bf9e86a6514579adfcac4e,103990,True,119,2019-07-15 10:00:00.000 UTC,2019-07-15 10:00:00.000 UTC,,3,2019-07-15 10:00:00.000 UTC,2622.0
IQS,548aa22feabf4c3cac96ac30,103991,True,0,2025-06-04 10:00:00.000 UTC,2025-06-04 10:00:00.000 UTC,,0,2025-06-04 10:00:00.000 UTC,471.0
IQS,269a677d64ec4443a8746e3b,103992,True,0,2024-01-26 10:00:00.000 UTC,2024-01-26 10:00:00.000 UTC,2024-01-26 10:00:00.000 UTC,0,2024-01-26 10:00:00.000 UTC,966.0
IQS,d45d8df29ee842669a15e3af,103993,True,0,,,2026-06-23 10:00:00.000 UTC,0,2026-06-23 10:00:00.000 UTC,87.0
IQS,42c63354bc714a4db2251bb0,103994,True,0,2022-04-11 10:00:00.000 UTC,2022-04-11 10:00:00.000 UTC,,0,2022-04-11 10:00:00.000 UTC,1621.0
IQS,9d7c34f55cf04631a4daa118,103995,True,1172,,,,2,,
IQS,258c990218f7425183239d6a,103996,True,461,2024-07-07 10:00:00.000 UTC,2024-07-07 10:00:00.000 UTC,,1,2024-07-07 10:00:00.000 UTC,803.0
IQS,2d508fb2d1fa4cb2b0dcf518,103997,True,435,,,2026-05-27 10:00:00.000 UTC,2,2026-05-27 10:00:00.000 UTC,114.0
IQS,9a08a0a13129496997e2e1db,103998,True,1016,,,,1,,
IQS,dbeebd2593c24bf9b8c7ac29,103999,True,1520,2024-06-12 10:00:00.000 UTC,2024-06-12 10:00:00.000 UTC,2024-06-12 10:00:00.000 UTC,3,2024-06-12 10:00:00.000 UTC,828.0
IQS,33b3ad76b42a4599b4541214,104000,True,0,,,2021-12-17 10:00:00.000 UTC,0,2021-12-17 10:00:00.000 UTC,1736.0
IQS,83aa4e93a6a647f7a5ff191e,104001,True,1574,2021-04-28 10:00:00.000 UTC,2021-04-28 10:00:00.000 UTC,,3,2021-04-28 10:00:00.000 UTC,1969.0
IQS,2dd9059c92df4e758524940a,104002,True,660,2025-01-01 10:00:00.000 UTC,2025-01-01 10:00:00.000 UTC,2025-01-01 10:00:00.000 UTC,3,2025-01-01 10:00:00.000 UTC,625.0
IQS,43808e30a4884b1f894eea8a,104003,True,0,,,,0,,
IQS,e20695398b294e8a8ce37546,104004,True,7682,2021-08-02 10:00:00.000 UTC,2021-08-02 10:00:00.000 UTC,2021-08-02 10:00:00.000 UTC,2,2021-08-02 10:00:00.000 UTC,1873.0
IQS,590edfed4f9b48878db331ee,104005,True,0,,,,0,,
IQS,05450b3d2a554083aed7495e,104006,True,601,,,,1,,
IQS,4cab9269a1414438bc859074,104007,True,0,,,,0,,
IQS,2c3dee5254e94bc08f7240ea,104008,True,811,2022-04-26 10:00:00.000 UTC,2022-04-26 10:00:00.000 UTC,,2,2022-04-26 10:00:00.000 UTC,1606.0
IQS,1f1831d99bc048708020953d,104009,True,2520,2022-07-10 10:00:00.000 UTC,2022-07-10 10:00:00.000 UTC,,3,2022-07-10 10:00:00.000 UTC,1531.0
IQS,bcc825e897664707bb35eeb6,104010,True,187,2026-06-01 10:00:00.000 UTC,2026-06-01 10:00:00.000 UTC,2026-06-01 10:00:00.000 UTC,2,2026-06-01 10:00:00.000 UTC,109.0
IQS,adacff9eb5974841ac4fa418,104011,True,9874,2022-11-29 10:00:00.000 UTC,2022-11-29 10:00:00.000 UTC,2022-11-29 10:00:00.000 UTC,3,2022-11-29 10:00:00.000 UTC,1389.0
IQS,e1ba286ecc094b42a2c2a6a5,104012,True,0,,,,0,,
IQS,235d123e23dc4e628796312e,104013,True,0,2026-06-28 10:00:00.000 UTC,2026-06-28 10:00:00.000 UTC,2026-06-28 10:00:00.000 UTC,0,2026-06-28 10:00:00.000 UTC,82.0
IQS,b7ac03865b0a4191a2d76186,104014,True,620,2024-12-08 10:00:00.000 UTC,2024-12-08 10:00:00.000 UTC,2024-12-08 10:00:00.000 UTC,1,2024-12-08 10:00:00.000 UTC,649.0
IQS,8ec145cfe6c84c86a2c18167,104015,True,0,2024-06-17 10:00:00.000 UTC,2024-06-17 10:00:00.000 UTC,2024-06-17 10:00:00.000 UTC,0,2024-06-17 10:00:00.000 UTC,823.0
IQS,41fd2f4948fb481fb2e1a1ce,104016,True,2949,,,2026-06-13 10:00:00.000 UTC,3,2026-06-13 10:00:00.000 UTC,97.0
IQS,e2e1f09e8ace46fca4bb48b4,104017,True,2792,2026-09-04 10:00:00.000 UTC,2026-09-04 10:00:00.000 UTC,2026-09-04 10:00:00.000 UTC,2,2026-09-04 10:00:00.000 UTC,14.0
IQS,0c3232f0e59d43e39d80fab7,104018,True,0,2026-06-26 10:00:00.000 UTC,2026-06-26 10:00:00.000 UTC,2026-06-26 10:00:00.000 UTC,0,2026-06-26 10:00:00.000 UTC,84.0
IQS,cb8213f500b641b0be5b316b,104019,True,676,,,,2,,
IQS,b35e37fe69a64770a9890832,104020,True,34,2023-09-16 10:00:00.000 UTC,2023-09-16 10:00:00.000 UTC,2023-09-16 10:00:00.000 UTC,1,2023-09-16 10:00:00.000 UTC,1098.0
IQS,e6932646a2c641c0b728a16d,104021,True,601,2025-04-17 10:00:00.000 UTC,2025-04-17 10:00:00.000 UTC,2025-04-17 10:00:00.000 UTC,1,2025-04-17 10:00:00.000 UTC,519.0
IQS,9ba155fbcf0a4729b34fa5d4,104022,True,288,2023-06-14 10:00:00.000 UTC,2023-06-14 10:00:00.000 UTC,2023-06-14 10:00:00.000 UTC,1,2023-06-14 10:00:00.000 UTC,1192.0
IQS,c07d901a918e4585a646e805,104023,True,477,2020-07-10 10:00:00.000 UTC,2020-07-10 10:00:00.000 UTC,,1,2020-07-10 10:00:00.000 UTC,2261.0
IQS,099576d2be5d426dbfa864fd,104024,True,7513,,,2024-09-01 10:00:00.000 UTC,2,2024-09-01 10:00:00.000 UTC,747.0
IQS,66799db2e84f40e1a27c81e7,104025,True,2601,2026-02-01 10:00:00.000 UTC,2026-02-01 10:00:00.000 UTC,,2,2026-02-01 10:00:00.000 UTC,229.0
IQS,1fd6e733c9b241b8bc3a650b,104026,True,747,2026-06-07 10:00:00.000 UTC,2026-06-07 10:00:00.000 UTC,,4,2026-06-07 10:00:00.000 UTC,103.0
IQS,9ec10af5d6d048079adf2334,104027,True,1684,,,2025-09-28 10:00:00.000 UTC,3,2025-09-28 10:00:00.000 UTC,355.0
IQS,2d616de2fe3f49a99f28af32,104028,True,0,,,,0,,
IQS,54228d9407564ccb824b4057,104029,True,0,2020-12-20 10:00:00.000 UTC,2020-12-20 10:00:00.000 UTC,2020-12-20 10:00:00.000 UTC,0,2020-12-20 10:00:00.000 UTC,2098.0
IQS,24dc19a1341d415bb5b235fe,104030,True,1796,,,,2,,
IQS,607920303f8b4ee2ac5bb7a0,104031,True,2165,2023-03-11 10:00:00.000 UTC,2023-03-11 10:00:00.000 UTC,2023-03-11 10:00:00.000 UTC,3,2023-03-11 10:00:00.000 UTC,1287.0
IQS,b20dd751e95f459faf25b088,104032,True,13332,,,,4,,
IQS,5638f1913fc14253a8422432,104033,True,0,,,2024-11-03 10:00:00.000 UTC,0,2024-11-03 10:00:00.000 UTC,684.0
IQS,32eaef87f9a2442cb65ec55c,104034,True,1238,,,2026-08-15 10:00:00.000 UTC,1,2026-08-15 10:00:00.000 UTC,34.0
IQS,9779314ba3f9433db47ffcb0,104035,True,487,2022-01-30 10:00:00.000 UTC,2022-01-30 10:00:00.000 UTC,,3,2022-01-30 10:00:00.000 UTC,1692.0
IQS,883ae4bdf5cd45e0960259f5,104036,True,9814,2025-12-16 10:00:00.000 UTC,2025-12-16 10:00:00.000 UTC,2025-12-16 10:00:00.000 UTC,4,2025-12-16 10:00:00.000 UTC,276.0
IQS,ffbc72ff6bfc462490b1fd37,104037,True,2122,,,2021-08-23 10:00:00.000 UTC,2,2021-08-23 10:00:00.000 UTC,1852.0
IQS,be607275baa64e2d83534214,104038,True,149,2024-09-29 10:00:00.000 UTC,2024-09-29 10:00:00.000 UTC,2024-09-29 10:00:00.000 UTC,2,2024-09-29 10:00:00.000 UTC,719.0
IQS,62cb39683ceb4428977f7d7e,104039,True,134,,,,3,,
IQS,11e7c123acb84265831d3172,104040,True,121,2025-07-31 10:00:00.000 UTC,2025-07-31 10:00:00.000 UTC,2025-07-31 10:00:00.000 UTC,3,2025-07-31 10:00:00.000 UTC,414.0
IQS,e5f1850af85c4cb0acdba4e5,104041,True,0,2025-09-06 10:00:00.000 UTC,2025-09-06 10:00:00.000 UTC,2025-09-06 10:00:00.000 UTC,0,2025-09-06 10:00:00.000 UTC,377.0
IQS,d937d6037baf4ed5970b48dd,104042,True,0,2021-01-20 10:00:00.000 UTC,2021-01-20 10:00:00.000 UTC,,0,2021-01-20 10:00:00.000 UTC,2067.0
IQS,fc7a4c66840d46ba93ebb914,104043,True,1761,2023-02-25 10:00:00.000 UTC,2023-02-25 10:00:00.000 UTC,,3,2023-02-25 10:00:00.000 UTC,1301.0
IQS,4df389ac7df2466ca39e2850,104044,True,1316,2023-02-05 10:00:00.000 UTC,2023-02-05 10:00:00.000 UTC,2023-02-05 10:00:00.000 UTC,3,2023-02-05 10:00:00.000 UTC,1321.0
IQS,fde634e94dd5467da25cf73e,104045,True,2524,,,,1,,
IQS,38f53b3562c94f9bbf01284d,104046,True,253,2026-07-21 10:00:00.000 UTC,2026-07-21 10:00:00.000 UTC,,2,2026-07-21 10:00:00.000 UTC,59.0
IQS,8d82de2782c44292bad33952,104047,True,417,2023-06-09 10:00:00.000 UTC,2023-06-09 10:00:00.000 UTC,2023-06-09 10:00:00.000 UTC,3,2023-06-09 10:00:00.000 UTC,1197.0
IQS,700dbb396a614b00900bc70b,104048,True,1075,,,,1,,
IQS,4b82cf01bb824541814577e9,104049,True,1217,2024-06-21 10:00:00.000 UTC,2024-06-21 10:00:00.000 UTC,2024-06-21 10:00:00.000 UTC,3,2024-06-21 10:00:00.000 UTC,819.0
IQS,1282f09475e446a8a8404aa3,104050,True,113,2023-02-14 10:00:00.000 UTC,2023-02-14 10:00:00.000 UTC,2023-02-14 10:00:00.000 UTC,2,2023-02-14 10:00:00.000 UTC,1312.0
IQS,52c0eabe5349442398d3d960,104051,True,0,,,,0,,
IQS,9b85fad2c38149ad8331676e,104052,True,0,,,2026-08-31 10:00:00.000 UTC,0,2026-08-31 10:00:00.000 UTC,18.0
IQS,f2d6c64728c54ebdac5dec7f,104053,True,0,,,2022-02-16 10:00:00.000 UTC,0,2022-02-16 10:00:00.000 UTC,1675.0
IQS,6f5ae64db91641028afeb9df,104054,True,0,2019-10-07 10:00:00.000 UTC,2019-10-07 10:00:00.000 UTC,2019-10-07 10:00:00.000 UTC,0,2019-10-07 10:00:00.000 UTC,2538.0
IQS,5bd8cfe6ed5446668080e33c,104055,True,0,,,2022-10-15 10:00:00.000 UTC,0,2022-10-15 10:00:00.000 UTC,1434.0
IQS,a539530ded014916aa50a32e,104056,True,837,,,,2,,
IQS,723751fbbd6b460b8a262ad9,104057,True,329,2023-10-01 10:00:00.000 UTC,2023-10-01 10:00:00.000 UTC,2023-10-01 10:00:00.000 UTC,2,2023-10-01 10:00:00.000 UTC,1083.0
IQS,eaf8bbf4267e4e73ad64d803,104058,True,0,2024-04-22 10:00:00.000 UTC,2024-04-22 10:00:00.000 UTC,,0,2024-04-22 10:00:00.000 UTC,879.0
IQS,c9f20984a01948998d848ce5,104059,True,281,2023-02-14 10:00:00.000 UTC,2023-02-14 10:00:00.000 UTC,2023-02-14 10:00:00.000 UTC,1,2023-02-14 10:00:00.000 UTC,1312.0
IQS,4910624da7d44bde8189e296,104060,True,0,,,2026-08-09 10:00:00.000 UTC,0,2026-08-09 10:00:00.000 UTC,40.0
IQS,2def94c4f2ea417db321b03c,104061,True,0,,,,0,,
IQS,72c48ad481e740dab0cbfad3,104062,True,407,2023-09-26 10:00:00.000 UTC,2023-09-26 10:00:00.000 UTC,2023-09-26 10:00:00.000 UTC,1,2023-09-26 10:00:00.000 UTC,1088.0
IQS,337f0114d8ab408885822331,104063,True,565,2022-12-09 10:00:00.000 UTC,2022-12-09 10:00:00.000 UTC,2022-12-09 10:00:00.000 UTC,2,2022-12-09 10:00:00.000 UTC,1379.0
IQS,8a2165980de748a29acf3a13,104064,True,1523,,,,1,,
IQS,93d08e2c06d04b768c78ff5f,104065,True,196,2023-11-10 10:00:00.000 UTC,2023-11-10 10:00:00.000 UTC,2023-11-10 10:00:00.000 UTC,1,2023-11-10 10:00:00.000 UTC,1043.0
IQS,d72222f50d3644e5bf372e28,104066,True,594,,,2022-11-18 10:00:00.000 UTC,1,2022-11-18 10:00:00.000 UTC,1400.0
IQS,c90a84bdfea5413f8918baa2,104067,True,0,2024-10-11 10:00:00.000 UTC,2024-10-11 10:00:00.000 UTC,2024-10-11 10:00:00.000 UTC,0,2024-10-11 10:00:00.000 UTC,707.0
IQS,5cb141c5dc6a4f269c12ca5d,104068,True,609,,,2023-02-17 10:00:00.000 UTC,1,2023-02-17 10:00:00.000 UTC,1309.0
IQS,6c52f6c7f5a148849287d584,104069,True,429,,,,1,,
IQS,c80e498a734444168f2c2016,104070,True,1185,2026-08-22 10:00:00.000 UTC,2026-08-22 10:00:00.000 UTC,,1,2026-08-22 10:00:00.000 UTC,27.0
IQS,3d9e0cb1ca2d4cb09b910984,104071,True,0,,,,0,,
IQS,100a18f246ec43e99b0d596e,104072,True,0,2019-09-08 10:00:00.000 UTC,2019-09-08 10:00:00.000 UTC,2019-09-08 10:00:00.000 UTC,0,2019-09-08 10:00:00.000 UTC,2567.0
IQS,00c96b483d17491b92e09cce,104073,True,366,2025-03-07 10:00:00.000 UTC,2025-03-07 10:00:00.000 UTC,2025-03-07 10:00:00.000 UTC,2,2025-03-07 10:00:00.000 UTC,560.0
IQS,905e86c44cf344758a18f713,104074,True,880,,,2024-06-27 10:00:00.000 UTC,1,2024-06-27 10:00:00.000 UTC,813.0
IQS,731369f534b644a4822d96c8,104075,True,695,,,2022-10-04 10:00:00.000 UTC,1,2022-10-04 10:00:00.000 UTC,1445.0
IQS,ac8050706ed54da99341bc1f,104076,True,309,2024-01-17 10:00:00.000 UTC,2024-01-17 10:00:00.000 UTC,2024-01-17 10:00:00.000 UTC,2,2024-01-17 10:00:00.000 UTC,975.0
IQS,9092b8d219d04636b1890ac6,104077,True,0,,,,0,,
IQS,0c8d4906b40b42488cd90230,104078,True,10013,,,,1,,
IQS,170611037b29417a98f4a889,104079,True,960,,,,2,,
IQS,2784574f8b824395bae91084,104080,True,376,,,2022-05-24 10:00:00.000 UTC,2,2022-05-24 10:00:00.000 UTC,1578.0
IQS,1edde278b3e04779892af1d8,104081,True,0,,,,0,,
IQS,edf231d532d54ddd9d4531a4,104082,True,1177,,,2026-06-02 10:00:00.000 UTC,2,2026-06-02 10:00:00.000 UTC,108.0
IQS,fc45467a2bcd498195bba15a,104083,True,1637,2023-06-03 10:00:00.000 UTC,2023-06-03 10:00:00.000 UTC,2023-06-03 10:00:00.000 UTC,2,2023-06-03 10:00:00.000 UTC,1203.0
IQS,56fb631f4ebb4100a8270fed,104084,True,0,2026-04-25 10:00:00.000 UTC,2026-04-25 10:00:00.000 UTC,,0,2026-04-25 10:00:00.000 UTC,146.0
IQS,bcbd8e3d6f5942dda599758f,104085,True,1034,2023-04-02 10:00:00.000 UTC,2023-04-02 10:00:00.000 UTC,2023-04-02 10:00:00.000 UTC,1,2023-04-02 10:00:00.000 UTC,1265.0
IQS,5eeeb8c8028949e681412d87,104086,True,0,2024-10-30 10:00:00.000 UTC,2024-10-30 10:00:00.000 UTC,,0,2024-10-30 10:00:00.000 UTC,688.0
IQS,d5566d7ba9a444709159092c,104087,True,0,2022-08-16 10:00:00.000 UTC,2022-08-16 10:00:00.000 UTC,2022-08-16 10:00:00.000 UTC,0,2022-08-16 10:00:00.000 UTC,1494.0
IQS,1d891d457f0249d1a03d54f2,104088,True,344,2021-11-16 10:00:00.000 UTC,2021-11-16 10:00:00.000 UTC,2021-11-16 10:00:00.000 UTC,2,2021-11-16 10:00:00.000 UTC,1767.0
IQS,05c1ae01d6ea45d19d9a7755,104089,True,6808,,,,2,,
IQS,af3c930a8d394ab3a3b72bf0,104090,True,249,2026-07-20 10:00:00.000 UTC,2026-07-20 10:00:00.000 UTC,,4,2026-07-20 10:00:00.000 UTC,60.0
IQS,75e23fdbd8c54bee88bd50c8,104091,True,829,,,,1,,
IQS,e5a328d4557c4e059f4e5d2c,104092,True,601,,,,1,,
IQS,0e9cf07053804f7fad174942,104093,True,275,,,,2,,
IQS,f4dd8f6761124af6bc99ac4f,104094,True,2076,2026-08-12 10:00:00.000 UTC,2026-08-12 10:00:00.000 UTC,,2,2026-08-12 10:00:00.000 UTC,37.0
IQS,971f608241ff476b929f5aad,104095,True,0,,,2024-07-30 10:00:00.000 UTC,0,2024-07-30 10:00:00.000 UTC,780.0
IQS,463e2a04bdd44052ba1cee6b,104096,True,0,,,,0,,
IQS,92ed997106174d4a8b85c162,104097,True,262,,,,1,,
IQS,20255ddc22c04648bb6fb471,104098,True,1099,,,,2,,
IQS,2a65c838503f4053b47376b4,104099,True,429,,,2025-01-17 10:00:00.000 UTC,2,2025-01-17 10:00:00.000 UTC,609.0
IQS,d4ed5046696c4887b9844c9b,104100,True,0,,,2023-10-20 10:00:00.000 UTC,0,2023-10-20 10:00:00.000 UTC,1064.0
IQS,d1802770ff864be48428fd17,104101,True,125,,,,1,,
IQS,99cbf085fbe440748eedfdd0,104102,True,0,2024-11-02 10:00:00.000 UTC,2024-11-02 10:00:00.000 UTC,2024-11-02 10:00:00.000 UTC,0,2024-11-02 10:00:00.000 UTC,685.0
IQS,2c0b8d95eb01464bb30163ec,104103,True,0,2024-07-25 10:00:00.000 UTC,2024-07-25 10:00:00.000 UTC,2024-07-25 10:00:00.000 UTC,0,2024-07-25 10:00:00.000 UTC,785.0
IQS,55ce9c5cd76f45f0a2c7fb2c,104104,True,0,2022-11-15 10:00:00.000 UTC,2022-11-15 10:00:00.000 UTC,2022-11-15 10:00:00.000 UTC,0,2022-11-15 10:00:00.000 UTC,1403.0
IQS,f9f6a2ef8acd4c238de74e81,104105,True,50,,,2020-03-06 10:00:00.000 UTC,1,2020-03-06 10:00:00.000 UTC,2387.0
IQS,0301a4b427084370b792ed13,104106,True,0,2024-08-09 10:00:00.000 UTC,2024-08-09 10:00:00.000 UTC,,0,2024-08-09 10:00:00.000 UTC,770.0
IQS,564cde360fa1409a8b1cc167,104107,True,954,2023-08-20 10:00:00.000 UTC,2023-08-20 10:00:00.000 UTC,2023-08-20 10:00:00.000 UTC,1,2023-08-20 10:00:00.000 UTC,1125.0
IQS,71fc328b461040ee99e42f6e,104108,True,0,2018-02-04 10:00:00.000 UTC,2018-02-04 10:00:00.000 UTC,,0,2018-02-04 10:00:00.000 UTC,3148.0
IQS,74043b64d7ad468ab7a7ec83,104109,True,1435,2024-03-06 10:00:00.000 UTC,2024-03-06 10:00:00.000 UTC,,2,2024-03-06 10:00:00.000 UTC,926.0
IQS,fe27b2e5b78c44c5a2aaafe6,104110,True,20887,,,2026-06-24 10:00:00.000 UTC,2,2026-06-24 10:00:00.000 UTC,86.0
IQS,6d8f7a981ea04f55b318db2f,104111,True,4835,,,,3,,
IQS,9bb3ee8632254a2c9d5f06ab,104112,True,4224,2026-03-06 10:00:00.000 UTC,2026-03-06 10:00:00.000 UTC,2026-03-06 10:00:00.000 UTC,2,2026-03-06 10:00:00.000 UTC,196.0
IQS,acbf51ac124e4282a2578deb,104113,True,1830,,,2026-06-20 10:00:00.000 UTC,1,2026-06-20 10:00:00.000 UTC,90.0
IQS,fa5c32e29b734deabc2a2129,104114,True,0,,,2025-02-24 10:00:00.000 UTC,0,2025-02-24 10:00:00.000 UTC,571.0
IQS,89104bed846943ca99299962,104115,True,5366,,,,1,,
IQS,1bf195edcd724cfa80648e51,104116,True,1166,2023-06-23 10:00:00.000 UTC,2023-06-23 10:00:00.000 UTC,,1,2023-06-23 10:00:00.000 UTC,1183.0
IQS,1bb725febea0437b9ee61871,104117,True,92,,,,1,,
IQS,f2c0cd11df69446c9b325584,104118,True,523,,,,1,,
IQS,fac1c4148edb449b949d96eb,104119,True,0,,,,0,,
IQS,f55ee586fd854d298dc1a83a,104120,True,348,2025-11-21 10:00:00.000 UTC,2025-11-21 10:00:00.000 UTC,2025-11-21 10:00:00.000 UTC,3,2025-11-21 10:00:00.000 UTC,301.0
IQS,7557747977f249e0ab47832e,104121,True,0,2023-07-06 10:00:00.000 UTC,2023-07-06 10:00:00.000 UTC,2023-07-06 10:00:00.000 UTC,0,2023-07-06 10:00:00.000 UTC,1170.0
IQS,b476096092874ba3b85d43c4,104122,True,1451,2025-10-18 10:00:00.000 UTC,2025-10-18 10:00:00.000 UTC,2025-10-18 10:00:00.000 UTC,1,2025-10-18 10:00:00.000 UTC,335.0
IQS,c9ee7efc52c64a34a0e2c88f,104123,True,488,,,,2,,
IQS,b14ce9b8951d45daa5706597,104124,True,9806,2024-06-28 10:00:00.000 UTC,2024-06-28 10:00:00.000 UTC,2024-06-28 10:00:00.000 UTC,2,2024-06-28 10:00:00.000 UTC,812.0
IQS,5f98f2765eb44c4ca702262f,104125,True,0,2026-02-22 10:00:00.000 UTC,2026-02-22 10:00:00.000 UTC,,0,2026-02-22 10:00:00.000 UTC,208.0
IQS,3110615eb8a048d5ab780e36,104126,True,1754,2022-12-02 10:00:00.000 UTC,2022-12-02 10:00:00.000 UTC,,1,2022-12-02 10:00:00.000 UTC,1386.0
IQS,9997a35772f049b6830339d2,104127,True,0,,,2021-02-09 10:00:00.000 UTC,0,2021-02-09 10:00:00.000 UTC,2047.0
IQS,958a4cb69e24434fa5989528,104128,True,1678,,,,2,,
IQS,6e2b62b714ee48679c752499,104129,True,0,2024-04-15 10:00:00.000 UTC,2024-04-15 10:00:00.000 UTC,2024-04-15 10:00:00.000 UTC,0,2024-04-15 10:00:00.000 UTC,886.0
IQS,b4ba4003996841019b610162,104130,True,5175,,,2022-08-07 10:00:00.000 UTC,3,2022-08-07 10:00:00.000 UTC,1503.0
IQS,f60785646f3645a8b6330752,104131,True,3124,,,,2,,
IQS,7f3b65cf9bda419b9e88d2b2,104132,True,2856,2024-12-28 10:00:00.000 UTC,2024-12-28 10:00:00.000 UTC,,2,2024-12-28 10:00:00.000 UTC,629.0
IQS,8a2047baa0b74ca9b0f3da11,104133,True,0,2023-06-21 10:00:00.000 UTC,2023-06-21 10:00:00.000 UTC,2023-06-21 10:00:00.000 UTC,0,2023-06-21 10:00:00.000 UTC,1185.0
IQS,9ff20111553d462da02edbc2,104134,True,1715,2026-05-30 10:00:00.000 UTC,2026-05-30 10:00:00.000 UTC,,1,2026-05-30 10:00:00.000 UTC,111.0
IQS,4f486c821af046cdb8f7e387,104135,True,0,2024-06-16 10:00:00.000 UTC,2024-06-16 10:00:00.000 UTC,2024-06-16 10:00:00.000 UTC,0,2024-06-16 10:00:00.000 UTC,824.0
IQS,633ff69601254dccbab2a6f3,104136,True,129,2021-07-18 10:00:00.000 UTC,2021-07-18 10:00:00.000 UTC,,2,2021-07-18 10:00:00.000 UTC,1888.0
IQS,17c461f5dbe84b42af0ce563,104137,True,10272,,,2020-12-27 10:00:00.000 UTC,2,2020-12-27 10:00:00.000 UTC,2091.0
IQS,1193a964902e446a900e4980,104138,True,1804,2021-02-18 10:00:00.000 UTC,2021-02-18 10:00:00.000 UTC,2021-02-18 10:00:00.000 UTC,2,2021-02-18 10:00:00.000 UTC,2038.0
IQS,767241b42bb648b3a7585fc7,104139,True,3469,,,,3,,
IQS,ec25ae2558704baa8090ffa4,104140,True,1973,2026-05-01 10:00:00.000 UTC,2026-05-01 10:00:00.000 UTC,2026-05-01 10:00:00.000 UTC,2,2026-05-01 10:00:00.000 UTC,140.0
IQS,d239995d9dd54ce5a3ca84bf,104141,True,496,,,,2,,
IQS,ead2d1fae2ec4ba7acbd9d9e,104142,True,888,2023-11-18 10:00:00.000 UTC,2023-11-18 10:00:00.000 UTC,,3,2023-11-18 10:00:00.000 UTC,1035.0
IQS,458e5f896c6542b1b9ca3e07,104143,True,217,,,2022-07-17 10:00:00.000 UTC,2,2022-07-17 10:00:00.000 UTC,1524.0
IQS,60da7263de9f40058faf2a8c,104144,True,2729,,,,1,,
IQS,b41b3da786c94c6d851bbcbb,104145,True,0,2025-04-02 10:00:00.000 UTC,2025-04-02 10:00:00.000 UTC,,0,2025-04-02 10:00:00.000 UTC,534.0
IQS,7345971f779c49deb11f2496,104146,True,2211,,,,2,,
IQS,a32f7496840c463686c5a7ce,104147,True,0,2020-11-14 10:00:00.000 UTC,2020-11-14 10:00:00.000 UTC,2020-11-14 10:00:00.000 UTC,0,2020-11-14 10:00:00.000 UTC,2134.0
IQS,2f51ef5779884c778c4ba280,104148,True,8701,2026-07-27 10:00:00.000 UTC,2026-07-27 10:00:00.000 UTC,2026-07-27 10:00:00.000 UTC,2,2026-07-27 10:00:00.000 UTC,53.0
IQS,96cc5dbc572d47c9ab89b54a,104149,True,614,2014-08-09 10:00:00.000 UTC,2014-08-09 10:00:00.000 UTC,,3,2014-08-09 10:00:00.000 UTC,4423.0
IQS,c8a9c57f169b4e99905467af,104150,True,6159,,,,2,,
IQS,8391e82342d540109144bcce,104151,True,572,2022-08-30 10:00:00.000 UTC,2022-08-30 10:00:00.000 UTC,,2,2022-08-30 10:00:00.000 UTC,1480.0
IQS,9bb357a911a5452f8b489165,104152,True,2259,,,,1,,
IQS,17523dec247047a28a2aa34f,104153,True,511,,,2026-06-15 10:00:00.000 UTC,4,2026-06-15 10:00:00.000 UTC,95.0
IQS,d332fb1c320742259abf0945,104154,True,0,2025-01-23 10:00:00.000 UTC,2025-01-23 10:00:00.000 UTC,2025-01-23 10:00:00.000 UTC,0,2025-01-23 10:00:00.000 UTC,603.0
IQS,a9cbf6a34588431f91e4e51b,104155,True,3502,,,,2,,
IQS,3747d1551d17474c9b3b0642,104156,True,1376,,,,1,,
IQS,6ad06cec85ec4e5681e37897,104157,True,119,,,,1,,
IQS,c7ee4c9b06954f549507da16,104158,True,0,2025-10-02 10:00:00.000 UTC,2025-10-02 10:00:00.000 UTC,2025-10-02 10:00:00.000 UTC,0,2025-10-02 10:00:00.000 UTC,351.0
IQS,23e6a7285af24052a4716010,104159,True,0,2023-06-21 10:00:00.000 UTC,2023-06-21 10:00:00.000 UTC,,0,2023-06-21 10:00:00.000 UTC,1185.0
IQS,41791b9834e14d2aacc41b6d,104160,True,1791,,,,2,,
IQS,b7b19882a2e44b5ca41de866,104161,True,0,2026-08-11 10:00:00.000 UTC,2026-08-11 10:00:00.000 UTC,2026-08-11 10:00:00.000 UTC,0,2026-08-11 10:00:00.000 UTC,38.0
IQS,4c7c9880953b41168b7a3c4d,104162,True,919,2021-01-15 10:00:00.000 UTC,2021-01-15 10:00:00.000 UTC,,1,2021-01-15 10:00:00.000 UTC,2072.0
IQS,d1a95dfe394242d6bb8a425c,104163,True,201,,,,2,,
IQS,7b56efd327c34021994b73bd,104164,True,181,,,,1,,
IQS,5a2d0a9a60f84a2391b59f28,104165,True,234,,,,1,,
IQS,4bc216da20b54c9696023317,104166,True,1521,,,,1,,
IQS,c43abcf540e8490d9f4d240f,104167,True,1178,,,,1,,
IQS,b4973732e26b45df8a037d6b,104168,True,0,2024-03-06 10:00:00.000 UTC,2024-03-06 10:00:00.000 UTC,2024-03-06 10:00:00.000 UTC,0,2024-03-06 10:00:00.000 UTC,926.0
IQS,bcec2d338be64c76a5116e98,104169,True,442,,,,3,,
IQS,b7f228f971da495b86ace111,104170,True,0,2026-08-06 10:00:00.000 UTC,2026-08-06 10:00:00.000 UTC,2026-08-06 10:00:00.000 UTC,0,2026-08-06 10:00:00.000 UTC,43.0
IQS,406c135834644013af1c6d59,104171,True,0,2024-01-21 10:00:00.000 UTC,2024-01-21 10:00:00.000 UTC,2024-01-21 10:00:00.000 UTC,0,2024-01-21 10:00:00.000 UTC,971.0
IQS,b409798143df460d9dabc4b1,104172,True,3504,,,,2,,
IQS,ef9389bf731548278f786ba5,104173,True,966,2022-10-08 10:00:00.000 UTC,2022-10-08 10:00:00.000 UTC,,2,2022-10-08 10:00:00.000 UTC,1441.0
IQS,580976421d014bf68008bcc6,104174,True,2548,,,2021-09-07 10:00:00.000 UTC,2,2021-09-07 10:00:00.000 UTC,1837.0
IQS,56ebd7982a244a7c944b9167,104175,True,0,2022-03-19 10:00:00.000 UTC,2022-03-19 10:00:00.000 UTC,,0,2022-03-19 10:00:00.000 UTC,1644.0
IQS,2f08827d552f44fc934443aa,104176,True,0,,,2019-12-09 10:00:00.000 UTC,0,2019-12-09 10:00:00.000 UTC,2475.0
IQS,487dedba71344c27a5e39ed9,104177,True,1347,,,2023-12-23 10:00:00.000 UTC,1,2023-12-23 10:00:00.000 UTC,1000.0
IQS,bebbd03776d94cfc84a90eeb,104178,True,84,,,,1,,
IQS,845d8268592a4827a47a22c0,104179,True,3579,,,,1,,
IQS,14aab0fcea5e41d6a8a039cd,104180,True,0,2026-04-14 10:00:00.000 UTC,2026-04-14 10:00:00.000 UTC,,0,2026-04-14 10:00:00.000 UTC,157.0
IQS,bde90bf78d5c42619fba91cc,104181,True,2879,2022-05-07 10:00:00.000 UTC,2022-05-07 10:00:00.000 UTC,2022-05-07 10:00:00.000 UTC,1,2022-05-07 10:00:00.000 UTC,1595.0
IQS,7565041e97b848d9931f4e5e,104182,True,2659,2022-07-26 10:00:00.000 UTC,2022-07-26 10:00:00.000 UTC,2022-07-26 10:00:00.000 UTC,1,2022-07-26 10:00:00.000 UTC,1515.0
IQS,ab5022fd89da4d02ae35e5e9,104183,True,12734,,,2026-06-26 10:00:00.000 UTC,3,2026-06-26 10:00:00.000 UTC,84.0
IQS,a6328925b4b04326b18afa63,104184,True,758,2023-05-23 10:00:00.000 UTC,2023-05-23 10:00:00.000 UTC,2023-05-23 10:00:00.000 UTC,1,2023-05-23 10:00:00.000 UTC,1214.0
IQS,c03e6ab425a34124b5eb419b,104185,True,4664,,,2024-12-06 10:00:00.000 UTC,1,2024-12-06 10:00:00.000 UTC,651.0
IQS,9abae178c1c147d18d90d74c,104186,True,55321,2024-09-15 10:00:00.000 UTC,2024-09-15 10:00:00.000 UTC,2024-09-15 10:00:00.000 UTC,2,2024-09-15 10:00:00.000 UTC,733.0
IQS,c7f85a9733c148638fb94f83,104187,True,5496,2020-10-25 10:00:00.000 UTC,2020-10-25 10:00:00.000 UTC,,2,2020-10-25 10:00:00.000 UTC,2154.0
IQS,8813b73ffe9c46638251392c,104188,True,9094,2023-10-28 10:00:00.000 UTC,2023-10-28 10:00:00.000 UTC,,1,2023-10-28 10:00:00.000 UTC,1056.0
IQS,1bc8fc10f79b4eb88149476f,104189,True,155,2021-04-01 10:00:00.000 UTC,2021-04-01 10:00:00.000 UTC,,4,2021-04-01 10:00:00.000 UTC,1996.0
IQS,99312fdc276e4986aee61a48,104190,True,679,2024-11-12 10:00:00.000 UTC,2024-11-12 10:00:00.000 UTC,2024-11-12 10:00:00.000 UTC,3,2024-11-12 10:00:00.000 UTC,675.0
IQS,0e2aa18f53a24a4ba964d496,104191,True,219,2024-11-28 10:00:00.000 UTC,2024-11-28 10:00:00.000 UTC,,3,2024-11-28 10:00:00.000 UTC,659.0
IQS,98b58c72e1ca4770a7e8c98a,104192,True,4298,2025-09-01 10:00:00.000 UTC,2025-09-01 10:00:00.000 UTC,,1,2025-09-01 10:00:00.000 UTC,382.0
IQS,65cfb2fd39294f7bbf19ad81,104193,True,0,,,,0,,
IQS,f1ff364729b74d75810c5c7a,104194,True,1666,,,,3,,
IQS,8d77d78577ac4941b7f05f51,104195,True,1715,2025-11-03 10:00:00.000 UTC,2025-11-03 10:00:00.000 UTC,2025-11-03 10:00:00.000 UTC,2,2025-11-03 10:00:00.000 UTC,319.0
IQS,2d3cdb1c90e24fa1944caa98,104196,True,1352,,,,2,,
IQS,5c7782b212cf41ababe8b7b7,104197,True,0,,,2021-10-31 10:00:00.000 UTC,0,2021-10-31 10:00:00.000 UTC,1783.0
IQS,54c78cd3993441549cf5418f,104198,True,1764,2023-02-14 10:00:00.000 UTC,2023-02-14 10:00:00.000 UTC,2023-02-14 10:00:00.000 UTC,1,2023-02-14 10:00:00.000 UTC,1312.0
IQS,db85ffa4dfa445c28b9cf501,104199,True,19201,,,2024-10-18 10:00:00.000 UTC,3,2024-10-18 10:00:00.000 UTC,700.0
IQS,4b30f3dddd964f36aabfc61a,104200,True,0,,,,0,,
IQS,48ed32e8db534edd91ff9498,104201,True,284,2022-10-03 10:00:00.000 UTC,2022-10-03 10:00:00.000 UTC,,5,2022-10-03 10:00:00.000 UTC,1446.0
IQS,8c201d2b3e4d4de9823e0055,104202,True,841,,,2026-09-13 10:00:00.000 UTC,3,2026-09-13 10:00:00.000 UTC,5.0
IQS,a8bb580de2584617b6e5da82,104203,True,0,,,2026-08-30 10:00:00.000 UTC,0,2026-08-30 10:00:00.000 UTC,19.0
IQS,f29ec28a1d694ceb97a987fe,104204,True,4084,,,2022-08-20 10:00:00.000 UTC,2,2022-08-20 10:00:00.000 UTC,1490.0
IQS,321caac275534e2199f5c988,104205,True,7406,,,2019-08-08 10:00:00.000 UTC,4,2019-08-08 10:00:00.000 UTC,2598.0
IQS,e58cfde1c90245ceaa9b6eea,104206,True,1750,,,,3,,
IQS,d60a572fc6584efcb86bb64a,104207,True,3467,2023-12-18 10:00:00.000 UTC,2023-12-18 10:00:00.000 UTC,2023-12-18 10:00:00.000 UTC,1,2023-12-18 10:00:00.000 UTC,1005.0
IQS,31811358864c40f8b5174edd,104208,True,1268,,,2022-05-14 10:00:00.000 UTC,1,2022-05-14 10:00:00.000 UTC,1588.0
IQS,a422e5d64b5a4ccfa602f1b3,104209,True,362,2024-09-08 10:00:00.000 UTC,2024-09-08 10:00:00.000 UTC,,1,2024-09-08 10:00:00.000 UTC,740.0
IQS,0695416e92114e2cb4d6b88c,104210,True,80,2026-09-05 10:00:00.000 UTC,2026-09-05 10:00:00.000 UTC,,2,2026-09-05 10:00:00.000 UTC,13.0
IQS,a6888115bffa4013b62ee57c,104211,True,2175,,,2025-06-25 10:00:00.000 UTC,1,2025-06-25 10:00:00.000 UTC,450.0
IQS,93c84c69864941bba22dc8b4,104212,True,117,,,,1,,
IQS,77308c9d058f40ebad7c885c,104213,True,1079,,,,3,,
IQS,c571757d880c4b7c8aecd5b6,104214,True,0,2025-07-17 10:00:00.000 UTC,2025-07-17 10:00:00.000 UTC,2025-07-17 10:00:00.000 UTC,0,2025-07-17 10:00:00.000 UTC,428.0
IQS,4c03d7d1948b4acface90e1e,104215,True,3058,2026-09-12 10:00:00.000 UTC,2026-09-12 10:00:00.000 UTC,2026-09-12 10:00:00.000 UTC,1,2026-09-12 10:00:00.000 UTC,6.0
IQS,7048538c7df241008081fd50,104216,True,445,,,,3,,
IQS,fb12da63eada48e8b091a7a0,104217,True,1372,,,2022-01-03 10:00:00.000 UTC,1,2022-01-03 10:00:00.000 UTC,1719.0
IQS,dd6328b9752746b3a0a41331,104218,True,1367,,,2021-01-17 10:00:00.000 UTC,1,2021-01-17 10:00:00.000 UTC,2070.0
IQS,e1f45401aa7a4a8b993e29ed,104219,True,475,2023-06-30 10:00:00.000 UTC,2023-06-30 10:00:00.000 UTC,2023-06-30 10:00:00.000 UTC,1,2023-06-30 10:00:00.000 UTC,1176.0
IQS,74d5637acea44c7aa05a3341,104220,True,129,,,,1,,
IQS,2e963b18d5bc4c139f5958f4,104221,True,1232,2026-06-30 10:00:00.000 UTC,2026-06-30 10:00:00.000 UTC,,2,2026-06-30 10:00:00.000 UTC,80.0
IQS,eb645d4064244098b148c6e6,104222,True,0,2022-02-24 10:00:00.000 UTC,2022-02-24 10:00:00.000 UTC,2022-02-24 10:00:00.000 UTC,0,2022-02-24 10:00:00.000 UTC,1667.0
IQS,da62ab9a64ea4b899165cc32,104223,True,0,2024-11-09 10:00:00.000 UTC,2024-11-09 10:00:00.000 UTC,2024-11-09 10:00:00.000 UTC,0,2024-11-09 10:00:00.000 UTC,678.0
IQS,f7c4090ae72b4263b97f12c1,104224,True,1168,2026-01-06 10:00:00.000 UTC,2026-01-06 10:00:00.000 UTC,2026-01-06 10:00:00.000 UTC,1,2026-01-06 10:00:00.000 UTC,255.0
IQS,e09fcb17755c4a3885ea5822,104225,True,870,2026-02-08 10:00:00.000 UTC,2026-02-08 10:00:00.000 UTC,,1,2026-02-08 10:00:00.000 UTC,222.0
IQS,7bd37de39ada4e0f98fe022b,104226,True,0,,,2025-11-15 10:00:00.000 UTC,0,2025-11-15 10:00:00.000 UTC,307.0
IQS,656b876d93f74e40aaf0ca91,104227,True,783,,,,1,,
IQS,efabc623ca3f47d4bc6b8581,104228,True,912,2026-01-19 10:00:00.000 UTC,2026-01-19 10:00:00.000 UTC,2026-01-19 10:00:00.000 UTC,1,2026-01-19 10:00:00.000 UTC,242.0
IQS,e927d43892f0460cbb4ce705,104229,True,0,,,2024-09-07 10:00:00.000 UTC,0,2024-09-07 10:00:00.000 UTC,741.0
IQS,cf58967f8221473e8ba2df9c,104230,True,0,2024-01-09 10:00:00.000 UTC,2024-01-09 10:00:00.000 UTC,2024-01-09 10:00:00.000 UTC,0,2024-01-09 10:00:00.000 UTC,983.0
IQS,ab1bbf3127a14160a6d87319,104231,True,0,2023-08-19 10:00:00.000 UTC,2023-08-19 10:00:00.000 UTC,,0,2023-08-19 10:00:00.000 UTC,1126.0
IQS,b706263a2b6a46429645bc6c,104232,True,1168,,,,2,,
IQS,965b8e224c0d48bfa54a60e2,104233,True,0,2022-11-28 10:00:00.000 UTC,2022-11-28 10:00:00.000 UTC,2022-11-28 10:00:00.000 UTC,0,2022-11-28 10:00:00.000 UTC,1390.0
IQS,34782b1cdb9d48d689fca147,104234,True,3331,2026-08-01 10:00:00.000 UTC,2026-08-01 10:00:00.000 UTC,2026-08-01 10:00:00.000 UTC,3,2026-08-01 10:00:00.000 UTC,48.0
IQS,b94b4133680b4fafb9029d12,104235,True,1117,,,,1,,
IQS,e561ea6eca894f60abc4dad5,104236,True,1826,2022-12-16 10:00:00.000 UTC,2022-12-16 10:00:00.000 UTC,,2,2022-12-16 10:00:00.000 UTC,1372.0
IQS,0305969239bb4946aaf3880e,104237,True,0,,,,0,,
IQS,afaafc5bab5c43ab88e878d1,104238,True,1837,,,,1,,
IQS,2f8902dc4ee94fd8944927b8,104239,True,3480,,,2021-05-20 10:00:00.000 UTC,1,2021-05-20 10:00:00.000 UTC,1947.0
IQS,0fd9f8388f9c4e609cf15f23,104240,True,0,,,,0,,
IQS,c522e19ae6ca4f4c8b93ba6c,104241,True,243,,,,1,,
IQS,c295653cd1b84bf39f4bc8f0,104242,True,0,,,2024-01-10 10:00:00.000 UTC,0,2024-01-10 10:00:00.000 UTC,982.0
IQS,cfc41b1702014d958f95755f,104243,True,0,,,,0,,
IQS,9baf11adbaca4f4e83b62719,104244,True,0,2026-07-03 10:00:00.000 UTC,2026-07-03 10:00:00.000 UTC,,0,2026-07-03 10:00:00.000 UTC,77.0
IQS,5f1762449e3749acb40c13e6,104245,True,1089,2024-10-30 10:00:00.000 UTC,2024-10-30 10:00:00.000 UTC,2024-10-30 10:00:00.000 UTC,2,2024-10-30 10:00:00.000 UTC,688.0
IQS,17adffa76da24d369b43a9a5,104246,True,0,2020-05-24 10:00:00.000 UTC,2020-05-24 10:00:00.000 UTC,,0,2020-05-24 10:00:00.000 UTC,2308.0
IQS,39bedb67c5f94d258cede57d,104247,True,3207,2026-06-21 10:00:00.000 UTC,2026-06-21 10:00:00.000 UTC,2026-06-21 10:00:00.000 UTC,2,2026-06-21 10:00:00.000 UTC,89.0
IQS,23dd539758b54c7f8be6df6f,104248,True,529,,,,1,,
IQS,7f4358f1bdbb4be39ace39d9,104249,True,187,2021-10-15 10:00:00.000 UTC,2021-10-15 10:00:00.000 UTC,2021-10-15 10:00:00.000 UTC,3,2021-10-15 10:00:00.000 UTC,1799.0
IQS,eb1ac01e36fd4503b9fa4736,104250,True,0,,,,0,,
IQS,1851f4fd3b2c4259a4bb3f74,104251,True,0,,,,0,,
IQS,71b3a6cddeb64a0c935393cf,104252,True,555,,,,1,,
IQS,ccbf2c8708664e51bae0d20d,104253,True,229,,,2026-08-29 10:00:00.000 UTC,3,2026-08-29 10:00:00.000 UTC,20.0
IQS,ee1cefe60d6146d8bae13442,104254,True,851,2025-09-25 10:00:00.000 UTC,2025-09-25 10:00:00.000 UTC,2025-09-25 10:00:00.000 UTC,2,2025-09-25 10:00:00.000 UTC,358.0
IQS,c551d0f73d964a5ea0370c4d,104255,True,491,,,,4,,
IQS,b1489c377575467bb6754fd2,104256,True,9808,,,,3,,
IQS,e89c5ee9b7a9400d95a52e76,104257,True,0,,,,0,,
IQS,e41ad87440c240b78f6d5d3b,104258,True,3107,,,2022-12-02 10:00:00.000 UTC,1,2022-12-02 10:00:00.000 UTC,1386.0
IQS,63c3b044dc17406f9ece5257,104259,True,843,,,,3,,
IQS,f1edd0b378574be1b6be9304,104260,True,451,2025-08-20 10:00:00.000 UTC,2025-08-20 10:00:00.000 UTC,,2,2025-08-20 10:00:00.000 UTC,394.0
IQS,fde7bfedb5e0462280f585ef,104261,True,264,2022-10-06 10:00:00.000 UTC,2022-10-06 10:00:00.000 UTC,2022-10-06 10:00:00.000 UTC,1,2022-10-06 10:00:00.000 UTC,1443.0
IQS,333c8c6578a24b83b9760b2c,104262,True,0,,,,0,,
IQS,37d18bd9c81b48c79cfa854e,104263,True,458,2024-01-04 10:00:00.000 UTC,2024-01-04 10:00:00.000 UTC,2024-01-04 10:00:00.000 UTC,3,2024-01-04 10:00:00.000 UTC,988.0
IQS,fae7d573f11549ad9a789651,104264,True,1114,2023-02-27 10:00:00.000 UTC,2023-02-27 10:00:00.000 UTC,2023-02-27 10:00:00.000 UTC,3,2023-02-27 10:00:00.000 UTC,1299.0
IQS,c947ca0e57c54421bdcd2632,104265,True,20300,,,,3,,
IQS,0081c40ef2ce4069bfe9b38a,104266,True,0,2019-12-15 10:00:00.000 UTC,2019-12-15 10:00:00.000 UTC,2019-12-15 10:00:00.000 UTC,0,2019-12-15 10:00:00.000 UTC,2469.0
IQS,33ecda5996014fe79eae24cc,104267,True,0,,,2022-01-15 10:00:00.000 UTC,0,2022-01-15 10:00:00.000 UTC,1707.0
IQS,91c396be51f94fa983db70eb,104268,True,210,,,,2,,
IQS,efa6720eca4642d8b858de21,104269,True,2179,,,,1,,
IQS,7ef9355a747248a89629f1b3,104270,True,168,2023-12-30 10:00:00.000 UTC,2023-12-30 10:00:00.000 UTC,2023-12-30 10:00:00.000 UTC,3,2023-12-30 10:00:00.000 UTC,993.0
IQS,b74601ee9efe481e82cd135d,104271,True,570,2025-01-20 10:00:00.000 UTC,2025-01-20 10:00:00.000 UTC,,1,2025-01-20 10:00:00.000 UTC,606.0
IQS,28900c185b4d41f8978af1c1,104272,True,0,2023-08-26 10:00:00.000 UTC,2023-08-26 10:00:00.000 UTC,,0,2023-08-26 10:00:00.000 UTC,1119.0
IQS,7950c4c4f2aa488d871d2335,104273,True,547,,,2024-04-30 10:00:00.000 UTC,2,2024-04-30 10:00:00.000 UTC,871.0
IQS,91c003655e054fe6879036b8,104274,True,3062,2025-05-01 10:00:00.000 UTC,2025-05-01 10:00:00.000 UTC,,1,2025-05-01 10:00:00.000 UTC,505.0
IQS,c631d2ef0dbc4c4fb0cc7837,104275,True,215,2025-01-03 10:00:00.000 UTC,2025-01-03 10:00:00.000 UTC,,1,2025-01-03 10:00:00.000 UTC,623.0
IQS,8f8c5d5a2667478fa24d74a8,104276,True,189,2025-02-11 10:00:00.000 UTC,2025-02-11 10:00:00.000 UTC,,3,2025-02-11 10:00:00.000 UTC,584.0
IQS,ea435c24219b4879a7d96463,104277,True,0,2023-02-20 10:00:00.000 UTC,2023-02-20 10:00:00.000 UTC,2023-02-20 10:00:00.000 UTC,0,2023-02-20 10:00:00.000 UTC,1306.0
IQS,f1ff80d22ce741ffb4892a81,104278,True,4049,2023-03-17 10:00:00.000 UTC,2023-03-17 10:00:00.000 UTC,,1,2023-03-17 10:00:00.000 UTC,1281.0
IQS,a39501f2efdc4c0d9ba5eb58,104279,True,2541,2021-10-08 10:00:00.000 UTC,2021-10-08 10:00:00.000 UTC,,3,2021-10-08 10:00:00.000 UTC,1806.0
IQS,d35f3206f7e14496a6e70487,104280,True,3321,,,,1,,
IQS,1dab3dd2be614a758ba15576,104281,True,0,2023-08-08 10:00:00.000 UTC,2023-08-08 10:00:00.000 UTC,,0,2023-08-08 10:00:00.000 UTC,1137.0
IQS,03f12b56fd8d4082b2a12595,104282,True,4677,,,,3,,
IQS,ffda41664464439caf248eb4,104283,True,4616,,,,2,,
IQS,21e5fe2382914fcb83867313,104284,True,618,2025-02-06 10:00:00.000 UTC,2025-02-06 10:00:00.000 UTC,2025-02-06 10:00:00.000 UTC,1,2025-02-06 10:00:00.000 UTC,589.0
IQS,e88687fc1aaf40658c698230,104285,True,0,2024-04-05 10:00:00.000 UTC,2024-04-05 10:00:00.000 UTC,2024-04-05 10:00:00.000 UTC,0,2024-04-05 10:00:00.000 UTC,896.0
IQS,12f6b2da07cb429daa83d074,104286,True,0,2022-05-15 10:00:00.000 UTC,2022-05-15 10:00:00.000 UTC,2022-05-15 10:00:00.000 UTC,0,2022-05-15 10:00:00.000 UTC,1587.0
IQS,41df0bad704342889ff6bfc7,104287,True,1418,2026-09-09 10:00:00.000 UTC,2026-09-09 10:00:00.000 UTC,2026-09-09 10:00:00.000 UTC,3,2026-09-09 10:00:00.000 UTC,9.0
IQS,6151c96dab6c42729a40941e,104288,True,2295,,,2020-09-02 10:00:00.000 UTC,1,2020-09-02 10:00:00.000 UTC,2207.0
IQS,7a46330905c14e0c8c6ea537,104289,True,767,2023-12-28 10:00:00.000 UTC,2023-12-28 10:00:00.000 UTC,,3,2023-12-28 10:00:00.000 UTC,995.0
IQS,6ef91f8d7d8c419a9169d02a,104290,True,0,,,,0,,
IQS,9f2080ff194e42fabdffa02c,104291,True,29,2022-06-07 10:00:00.000 UTC,2022-06-07 10:00:00.000 UTC,,1,2022-06-07 10:00:00.000 UTC,1564.0
IQS,3eac66e7905f4142b3804e8e,104292,True,322,2024-01-09 10:00:00.000 UTC,2024-01-09 10:00:00.000 UTC,2024-01-09 10:00:00.000 UTC,3,2024-01-09 10:00:00.000 UTC,983.0
IQS,b1275d5e87ce40558ebb27db,104293,True,0,2024-11-06 10:00:00.000 UTC,2024-11-06 10:00:00.000 UTC,2024-11-06 10:00:00.000 UTC,0,2024-11-06 10:00:00.000 UTC,681.0
IQS,a84cdfd1ce6d480583cf4caa,104294,True,0,2023-11-14 10:00:00.000 UTC,2023-11-14 10:00:00.000 UTC,2023-11-14 10:00:00.000 UTC,0,2023-11-14 10:00:00.000 UTC,1039.0
IQS,fd8346b254fe4458b92a0501,104295,True,0,2026-08-31 10:00:00.000 UTC,2026-08-31 10:00:00.000 UTC,2026-08-31 10:00:00.000 UTC,0,2026-08-31 10:00:00.000 UTC,18.0
IQS,2e1ca41c7ca745d0b2e05bf3,104296,True,0,2025-07-19 10:00:00.000 UTC,2025-07-19 10:00:00.000 UTC,,0,2025-07-19 10:00:00.000 UTC,426.0
IQS,cfe72bb354fa44679fececf9,104297,True,0,2022-04-14 10:00:00.000 UTC,2022-04-14 10:00:00.000 UTC,2022-04-14 10:00:00.000 UTC,0,2022-04-14 10:00:00.000 UTC,1618.0
IQS,2bab0e20f6f44df8ac12cbac,104298,True,384,,,2020-11-14 10:00:00.000 UTC,1,2020-11-14 10:00:00.000 UTC,2134.0
IQS,1a6a685585c34121af49c88b,104299,True,1127,2021-08-08 10:00:00.000 UTC,2021-08-08 10:00:00.000 UTC,2021-08-08 10:00:00.000 UTC,1,2021-08-08 10:00:00.000 UTC,1867.0
IQS,06d5c91d92644a9e90b551c0,104300,True,0,2026-08-17 10:00:00.000 UTC,2026-08-17 10:00:00.000 UTC,2026-08-17 10:00:00.000 UTC,0,2026-08-17 10:00:00.000 UTC,32.0
IQS,9d6bcb22eea24f81a838d094,104301,True,966,,,2023-12-04 10:00:00.000 UTC,4,2023-12-04 10:00:00.000 UTC,1019.0
IQS,99f7638fde024da98528e9d2,104302,True,1215,2023-05-20 10:00:00.000 UTC,2023-05-20 10:00:00.000 UTC,2023-05-20 10:00:00.000 UTC,1,2023-05-20 10:00:00.000 UTC,1217.0
IQS,e989f0c52adf4191b9e85721,104303,True,8379,,,,3,,
IQS,21adb2f934924e7b94904c92,104304,True,5842,2023-06-14 10:00:00.000 UTC,2023-06-14 10:00:00.000 UTC,2023-06-14 10:00:00.000 UTC,2,2023-06-14 10:00:00.000 UTC,1192.0
IQS,b94beb7496ce4e5ea16514f6,104305,True,607,,,2024-11-14 10:00:00.000 UTC,1,2024-11-14 10:00:00.000 UTC,673.0
IQS,c9820b09dd2046e3a48f1571,104306,True,1487,2026-09-05 10:00:00.000 UTC,2026-09-05 10:00:00.000 UTC,,1,2026-09-05 10:00:00.000 UTC,13.0
IQS,2f86bc3ffc7b4b2b892e37e1,104307,True,617,2022-12-01 10:00:00.000 UTC,2022-12-01 10:00:00.000 UTC,2022-12-01 10:00:00.000 UTC,1,2022-12-01 10:00:00.000 UTC,1387.0
IQS,f281fd9677a74b4fb7305fe7,104308,True,813,,,,3,,
IQS,e59458f1357b4d5dbc32ceea,104309,True,0,,,,0,,
IQS,935456062b4b49fdabce9a24,104310,True,4027,,,,2,,
IQS,6244a281f3614e40ab46c35c,104311,True,551,,,2023-11-12 10:00:00.000 UTC,1,2023-11-12 10:00:00.000 UTC,1041.0
IQS,87ed782621ba4c2cbe8bf309,104312,True,0,,,2025-03-20 10:00:00.000 UTC,0,2025-03-20 10:00:00.000 UTC,547.0
IQS,e184607ab0da49a597a907be,104313,True,20936,2021-10-28 10:00:00.000 UTC,2021-10-28 10:00:00.000 UTC,,5,2021-10-28 10:00:00.000 UTC,1786.0
IQS,c62968e284b841ec80bfac69,104314,True,0,2023-10-17 10:00:00.000 UTC,2023-10-17 10:00:00.000 UTC,2023-10-17 10:00:00.000 UTC,0,2023-10-17 10:00:00.000 UTC,1067.0
IQS,a9bfdc42850b4a68bd576654,104315,True,2653,2022-04-01 10:00:00.000 UTC,2022-04-01 10:00:00.000 UTC,,1,2022-04-01 10:00:00.000 UTC,1631.0
IQS,975e3777d49a47908be12fff,104316,True,0,2024-02-24 10:00:00.000 UTC,2024-02-24 10:00:00.000 UTC,2024-02-24 10:00:00.000 UTC,0,2024-02-24 10:00:00.000 UTC,937.0
IQS,7f5875409d094801b6bc1f78,104317,True,713,2025-11-07 10:00:00.000 UTC,2025-11-07 10:00:00.000 UTC,2025-11-07 10:00:00.000 UTC,2,2025-11-07 10:00:00.000 UTC,315.0
IQS,f0f67c72c2ed4f10863787ab,104318,True,797,2026-08-15 10:00:00.000 UTC,2026-08-15 10:00:00.000 UTC,2026-08-15 10:00:00.000 UTC,3,2026-08-15 10:00:00.000 UTC,34.0
IQS,fe1c29547e9d4d6db43af99c,104319,True,0,2021-05-05 10:00:00.000 UTC,2021-05-05 10:00:00.000 UTC,2021-05-05 10:00:00.000 UTC,0,2021-05-05 10:00:00.000 UTC,1962.0
IQS,64c7418fb94a450a8e3798fa,104320,True,4907,,,,1,,
IQS,7c621c9571b8482f81e2fa19,104321,True,326,,,,1,,
IQS,0282aa964849411780e7a23f,104322,True,0,2024-10-30 10:00:00.000 UTC,2024-10-30 10:00:00.000 UTC,,0,2024-10-30 10:00:00.000 UTC,688.0
IQS,d140ca61d2bb407da5edd34a,104323,True,1687,,,,3,,
IQS,34ee40e9d2d54ff18e36da25,104324,True,0,2026-01-09 10:00:00.000 UTC,2026-01-09 10:00:00.000 UTC,2026-01-09 10:00:00.000 UTC,0,2026-01-09 10:00:00.000 UTC,252.0
IQS,302cc08068f34af4b0379bc5,104325,True,1107,,,,2,,
IQS,eeae8c07d6a14f7ebca63c82,104326,True,1129,,,2025-05-19 10:00:00.000 UTC,2,2025-05-19 10:00:00.000 UTC,487.0
IQS,e0a58daf588f409f90182ec9,104327,True,10217,2022-03-29 10:00:00.000 UTC,2022-03-29 10:00:00.000 UTC,2022-03-29 10:00:00.000 UTC,1,2022-03-29 10:00:00.000 UTC,1634.0
IQS,59ee7a99a5824ef5ac7759c8,104328,True,738,,,,1,,
IQS,b5a247953c734c6a8fa534ee,104329,True,201,,,2026-06-02 10:00:00.000 UTC,5,2026-06-02 10:00:00.000 UTC,108.0
IQS,b5706f2d7a944fb3a720018d,104330,True,463,,,2024-10-14 10:00:00.000 UTC,3,2024-10-14 10:00:00.000 UTC,704.0
IQS,465bb99b2f214b048779871f,104331,True,0,,,2023-10-28 10:00:00.000 UTC,0,2023-10-28 10:00:00.000 UTC,1056.0
IQS,1a038d3663ce4eff9385f456,104332,True,0,,,,0,,
IQS,20a0fc4da2e54295a320d0c8,104333,True,1033,2024-12-21 10:00:00.000 UTC,2024-12-21 10:00:00.000 UTC,2024-12-21 10:00:00.000 UTC,1,2024-12-21 10:00:00.000 UTC,636.0
IQS,e26ad7764639479aae013233,104334,True,1351,2024-03-01 10:00:00.000 UTC,2024-03-01 10:00:00.000 UTC,2024-03-01 10:00:00.000 UTC,1,2024-03-01 10:00:00.000 UTC,931.0
IQS,c0e7c706ebcf4f6796e0e43b,104335,True,0,2025-08-27 10:00:00.000 UTC,2025-08-27 10:00:00.000 UTC,2025-08-27 10:00:00.000 UTC,0,2025-08-27 10:00:00.000 UTC,387.0
IQS,9899edcc22324fc78b04e819,104336,True,4871,2026-07-05 10:00:00.000 UTC,2026-07-05 10:00:00.000 UTC,2026-07-05 10:00:00.000 UTC,2,2026-07-05 10:00:00.000 UTC,75.0
IQS,11974152a8ca473b9452b7c3,104337,True,393,,,,2,,
IQS,b7506fa645fb471790e602b6,104338,True,349,,,,1,,
IQS,04f020ff77d44da8aa1daac1,104339,True,483,,,2024-11-28 10:00:00.000 UTC,2,2024-11-28 10:00:00.000 UTC,659.0
IQS,53a2b65b2fca492da8cf4999,104340,True,2422,2025-07-12 10:00:00.000 UTC,2025-07-12 10:00:00.000 UTC,,2,2025-07-12 10:00:00.000 UTC,433.0
IQS,85e956a449434c3593da7458,104341,True,891,2022-07-08 10:00:00.000 UTC,2022-07-08 10:00:00.000 UTC,,3,2022-07-08 10:00:00.000 UTC,1533.0
IQS,76e046d48b63436e89a80e12,104342,True,334,2022-01-12 10:00:00.000 UTC,2022-01-12 10:00:00.000 UTC,2022-01-12 10:00:00.000 UTC,1,2022-01-12 10:00:00.000 UTC,1710.0
IQS,e80aeb95cc5d46ccba8cb9a3,104343,True,261,2026-08-01 10:00:00.000 UTC,2026-08-01 10:00:00.000 UTC,2026-08-01 10:00:00.000 UTC,1,2026-08-01 10:00:00.000 UTC,48.0
IQS,493a85c77d7547988de885d6,104344,True,5437,,,,2,,
IQS,bf975b28b03040a88133706b,104345,True,0,2026-07-02 10:00:00.000 UTC,2026-07-02 10:00:00.000 UTC,,0,2026-07-02 10:00:00.000 UTC,78.0
IQS,72c49f03455d4fc5b08ed5c3,104346,True,559,,,2025-03-24 10:00:00.000 UTC,1,2025-03-24 10:00:00.000 UTC,543.0
IQS,423c99b7c24746ee83628ae0,104347,True,2292,,,,1,,
IQS,8c5f7c32b74c47619acc20a2,104348,True,287,2023-08-25 10:00:00.000 UTC,2023-08-25 10:00:00.000 UTC,,1,2023-08-25 10:00:00.000 UTC,1120.0
IQS,7fbe375a4318471ca4523e70,104349,True,0,,,,0,,
IQS,011f2bbfac9d464c86e03aa5,104350,True,3657,,,,3,,
IQS,fd058b21a6ee4bd78a09236f,104351,True,0,2023-04-18 10:00:00.000 UTC,2023-04-18 10:00:00.000 UTC,,0,2023-04-18 10:00:00.000 UTC,1249.0
IQS,ef1400ad5e23470f89930308,104352,True,0,,,2025-03-25 10:00:00.000 UTC,0,2025-03-25 10:00:00.000 UTC,542.0
IQS,b7eed7e11c74468a8825b785,104353,True,0,2026-07-27 10:00:00.000 UTC,2026-07-27 10:00:00.000 UTC,,0,2026-07-27 10:00:00.000 UTC,53.0
IQS,65f19d2983784d8587fe8959,104354,True,624,2023-04-23 10:00:00.000 UTC,2023-04-23 10:00:00.000 UTC,,1,2023-04-23 10:00:00.000 UTC,1244.0
IQS,743a4a7908ab4aaa85a79479,104355,True,447,,,,3,,
IQS,3ebfaa9028f64c759a8a4269,104356,True,5717,,,,4,,
IQS,1537cda2982c4a719f9ba529,104357,True,1173,,,,2,,
IQS,064aec402728461dbcf38453,104358,True,16634,2024-05-22 10:00:00.000 UTC,2024-05-22 10:00:00.000 UTC,,2,2024-05-22 10:00:00.000 UTC,849.0
IQS,62ed4ca648fc4ffe80955212,104359,True,0,2026-07-17 10:00:00.000 UTC,2026-07-17 10:00:00.000 UTC,2026-07-17 10:00:00.000 UTC,0,2026-07-17 10:00:00.000 UTC,63.0
IQS,d5e790f1e8ee4438b74d5cbf,104360,True,0,2026-07-24 10:00:00.000 UTC,2026-07-24 10:00:00.000 UTC,2026-07-24 10:00:00.000 UTC,0,2026-07-24 10:00:00.000 UTC,56.0
IQS,460155d1647b4b58819f6d17,104361,True,0,2020-01-30 10:00:00.000 UTC,2020-01-30 10:00:00.000 UTC,2020-01-30 10:00:00.000 UTC,0,2020-01-30 10:00:00.000 UTC,2423.0
IQS,1962d7b56df447f493e9bf5f,104362,True,0,2026-09-03 10:00:00.000 UTC,2026-09-03 10:00:00.000 UTC,,0,2026-09-03 10:00:00.000 UTC,15.0
IQS,fa42d87cd0e14650bee64c5f,104363,True,240,2025-09-08 10:00:00.000 UTC,2025-09-08 10:00:00.000 UTC,,2,2025-09-08 10:00:00.000 UTC,375.0
IQS,52fe4c327587468ebc591349,104364,True,1520,,,,2,,
IQS,d4a4d2d3d22d47658e91ff3b,104365,True,0,2026-08-06 10:00:00.000 UTC,2026-08-06 10:00:00.000 UTC,,0,2026-08-06 10:00:00.000 UTC,43.0
IQS,3203709763f447c195f8e652,104366,True,583,2025-06-13 10:00:00.000 UTC,2025-06-13 10:00:00.000 UTC,2025-06-13 10:00:00.000 UTC,1,2025-06-13 10:00:00.000 UTC,462.0
IQS,bfedfe3d666a4901810f87d1,104367,True,1551,2022-05-24 10:00:00.000 UTC,2022-05-24 10:00:00.000 UTC,2022-05-24 10:00:00.000 UTC,1,2022-05-24 10:00:00.000 UTC,1578.0
IQS,c904fe362eab4e84b3077c23,104368,True,2745,2020-09-19 10:00:00.000 UTC,2020-09-19 10:00:00.000 UTC,2020-09-19 10:00:00.000 UTC,3,2020-09-19 10:00:00.000 UTC,2190.0
IQS,bcd21af97da54bc3beeddbfb,104369,True,562,,,,1,,
IQS,e7ac33088e724099b70fda05,104370,True,4094,,,2022-09-16 10:00:00.000 UTC,3,2022-09-16 10:00:00.000 UTC,1463.0
IQS,a37d49f97e9141a1a2f7e016,104371,True,7494,2023-05-31 10:00:00.000 UTC,2023-05-31 10:00:00.000 UTC,,1,2023-05-31 10:00:00.000 UTC,1206.0
IQS,45d29fb71b0e4628a57704bf,104372,True,0,2021-01-31 10:00:00.000 UTC,2021-01-31 10:00:00.000 UTC,,0,2021-01-31 10:00:00.000 UTC,2056.0
IQS,33e26626334447358128e712,104373,True,435,,,2020-10-28 10:00:00.000 UTC,2,2020-10-28 10:00:00.000 UTC,2151.0
IQS,c8be372d98da48c3aa64d4e0,104374,True,1484,2023-04-08 10:00:00.000 UTC,2023-04-08 10:00:00.000 UTC,2023-04-08 10:00:00.000 UTC,2,2023-04-08 10:00:00.000 UTC,1259.0
IQS,f9004abc776043008aa1d441,104375,True,0,2023-04-24 10:00:00.000 UTC,2023-04-24 10:00:00.000 UTC,,0,2023-04-24 10:00:00.000 UTC,1243.0
IQS,5180839c9375450d90c9ded5,104376,True,1267,2022-09-11 10:00:00.000 UTC,2022-09-11 10:00:00.000 UTC,2022-09-11 10:00:00.000 UTC,1,2022-09-11 10:00:00.000 UTC,1468.0
IQS,dc7619646c1b4be6abef3a56,104377,True,0,2024-09-14 10:00:00.000 UTC,2024-09-14 10:00:00.000 UTC,,0,2024-09-14 10:00:00.000 UTC,734.0
IQS,5e3301b1f8d74e53a8c8a7de,104378,True,0,2022-03-09 10:00:00.000 UTC,2022-03-09 10:00:00.000 UTC,,0,2022-03-09 10:00:00.000 UTC,1654.0
IQS,39d4e924c5b346c9aaf81f6f,104379,True,1733,2023-03-18 10:00:00.000 UTC,2023-03-18 10:00:00.000 UTC,2023-03-18 10:00:00.000 UTC,1,2023-03-18 10:00:00.000 UTC,1280.0
IQS,f4ce122ec501402cb12a0150,104380,True,48,2022-11-28 10:00:00.000 UTC,2022-11-28 10:00:00.000 UTC,2022-11-28 10:00:00.000 UTC,1,2022-11-28 10:00:00.000 UTC,1390.0
IQS,1a58c3d7ebd34510af58f90b,104381,True,82,,,2023-03-18 10:00:00.000 UTC,1,2023-03-18 10:00:00.000 UTC,1280.0
IQS,16350ea10ff2484998ec1d68,104382,True,0,,,,0,,
IQS,581242a14860447b965c53b0,104383,True,0,,,,0,,
IQS,2bd5154fac6e4b94a2070b51,104384,True,428,,,,2,,
IQS,50d1bf23dc054f9bbbb7f1ae,104385,True,4212,,,,1,,
IQS,9ff863e79ae044379a08408b,104386,True,882,,,,2,,
IQS,216cefbf4c5a4feb828b0a8a,104387,True,0,,,2023-11-05 10:00:00.000 UTC,0,2023-11-05 10:00:00.000 UTC,1048.0
IQS,a783f5b8b1e3468c8c04112e,104388,True,6034,,,,1,,
IQS,af8206da5ac740d59d9ed34d,104389,True,1928,,,,1,,
IQS,4a1f23bf60d244bf9bb19673,104390,True,1865,2025-06-07 10:00:00.000 UTC,2025-06-07 10:00:00.000 UTC,,1,2025-06-07 10:00:00.000 UTC,468.0
IQS,6160200619ad43789633bd73,104391,True,348,2022-11-15 10:00:00.000 UTC,2022-11-15 10:00:00.000 UTC,,2,2022-11-15 10:00:00.000 UTC,1403.0
IQS,d2306024fafd48a19c7901f4,104392,True,0,2020-12-25 10:00:00.000 UTC,2020-12-25 10:00:00.000 UTC,2020-12-25 10:00:00.000 UTC,0,2020-12-25 10:00:00.000 UTC,2093.0
IQS,e41c3ad4fc8d4b21be34ab19,104393,True,0,2019-03-07 10:00:00.000 UTC,2019-03-07 10:00:00.000 UTC,2019-03-07 10:00:00.000 UTC,0,2019-03-07 10:00:00.000 UTC,2752.0
IQS,47ec3012721d4bc3bf00e4d1,104394,True,870,2026-09-11 10:00:00.000 UTC,2026-09-11 10:00:00.000 UTC,2026-09-11 10:00:00.000 UTC,1,2026-09-11 10:00:00.000 UTC,7.0
IQS,b08b79e24dba4f558ebe92c5,104395,True,10389,2022-11-11 10:00:00.000 UTC,2022-11-11 10:00:00.000 UTC,2022-11-11 10:00:00.000 UTC,4,2022-11-11 10:00:00.000 UTC,1407.0
IQS,b0da2d09ad0048d68c9f9c8c,104396,True,0,2024-01-20 10:00:00.000 UTC,2024-01-20 10:00:00.000 UTC,,0,2024-01-20 10:00:00.000 UTC,972.0
IQS,6713022e8f7c46d5b543d3a3,104397,True,23198,,,2026-02-20 10:00:00.000 UTC,1,2026-02-20 10:00:00.000 UTC,210.0
IQS,634278c16e4943238384d33d,104398,True,3040,,,2021-11-20 10:00:00.000 UTC,1,2021-11-20 10:00:00.000 UTC,1763.0
IQS,f69cfffcfa6e44fd80bc9a32,104399,True,2109,2023-09-15 10:00:00.000 UTC,2023-09-15 10:00:00.000 UTC,,1,2023-09-15 10:00:00.000 UTC,1099.0
IQS,e3f45085c5254a21a521e2ba,104400,True,34,2026-05-26 10:00:00.000 UTC,2026-05-26 10:00:00.000 UTC,2026-05-26 10:00:00.000 UTC,1,2026-05-26 10:00:00.000 UTC,115.0
IQS,0cbbd5eb968b470fb439ef30,104401,True,1371,,,,3,,
IQS,14c6547227f741b4b6c250b7,104402,True,4861,,,2021-04-19 10:00:00.000 UTC,1,2021-04-19 10:00:00.000 UTC,1978.0
IQS,36fddac90f484f0e9a6c4128,104403,True,1410,2024-02-23 10:00:00.000 UTC,2024-02-23 10:00:00.000 UTC,,3,2024-02-23 10:00:00.000 UTC,938.0
IQS,6c7b9afac86849328762a802,104404,True,2560,2025-04-13 10:00:00.000 UTC,2025-04-13 10:00:00.000 UTC,,2,2025-04-13 10:00:00.000 UTC,523.0
IQS,23cd9b219f884fefa859eeb1,104405,True,565,2023-11-18 10:00:00.000 UTC,2023-11-18 10:00:00.000 UTC,2023-11-18 10:00:00.000 UTC,4,2023-11-18 10:00:00.000 UTC,1035.0
IQS,c4229ec406224229a97a5b10,104406,True,0,,,2022-02-10 10:00:00.000 UTC,0,2022-02-10 10:00:00.000 UTC,1681.0
IQS,f3b73c24ce8745308a42bfd0,104407,True,0,2024-07-25 10:00:00.000 UTC,2024-07-25 10:00:00.000 UTC,2024-07-25 10:00:00.000 UTC,0,2024-07-25 10:00:00.000 UTC,785.0
IQS,f217eb28fa3044bc911f7b8c,104408,True,482,2022-04-26 10:00:00.000 UTC,2022-04-26 10:00:00.000 UTC,2022-04-26 10:00:00.000 UTC,3,2022-04-26 10:00:00.000 UTC,1606.0
IQS,b23a90e261884f2e8a363243,104409,True,1481,2022-12-05 10:00:00.000 UTC,2022-12-05 10:00:00.000 UTC,2022-12-05 10:00:00.000 UTC,2,2022-12-05 10:00:00.000 UTC,1383.0
IQS,2201c7730b30403fb031345c,104410,True,0,,,,0,,
IQS,7cc6075757964417b6d4d142,104411,True,6436,2026-09-07 10:00:00.000 UTC,2026-09-07 10:00:00.000 UTC,2026-09-07 10:00:00.000 UTC,3,2026-09-07 10:00:00.000 UTC,11.0
IQS,5b25dd989145492bbf4014bc,104412,True,1319,2025-04-06 10:00:00.000 UTC,2025-04-06 10:00:00.000 UTC,2025-04-06 10:00:00.000 UTC,3,2025-04-06 10:00:00.000 UTC,530.0
IQS,0465da05ae1441a281952dbb,104413,True,0,2025-01-24 10:00:00.000 UTC,2025-01-24 10:00:00.000 UTC,2025-01-24 10:00:00.000 UTC,0,2025-01-24 10:00:00.000 UTC,602.0
IQS,100eda78be2b46a197967242,104414,True,839,2026-02-04 10:00:00.000 UTC,2026-02-04 10:00:00.000 UTC,2026-02-04 10:00:00.000 UTC,1,2026-02-04 10:00:00.000 UTC,226.0
IQS,40ceabb66b374c2d85c2c97a,104415,True,1560,,,2021-10-25 10:00:00.000 UTC,1,2021-10-25 10:00:00.000 UTC,1789.0
IQS,af5869be61ca4f409af71b82,104416,True,0,,,,0,,
IQS,8bf70f6fe7014cb5ae6964f2,104417,True,1573,,,2024-11-26 10:00:00.000 UTC,1,2024-11-26 10:00:00.000 UTC,661.0
IQS,6cbeb6552e824d51b42839d0,104418,True,929,2024-04-22 10:00:00.000 UTC,2024-04-22 10:00:00.000 UTC,,1,2024-04-22 10:00:00.000 UTC,879.0
IQS,7d9b0a0ca2294ce391c9a15f,104419,True,98,,,,1,,
IQS,8f7c6a5f4a4b4bf1a88de0b6,104420,True,349,2023-04-03 10:00:00.000 UTC,2023-04-03 10:00:00.000 UTC,2023-04-03 10:00:00.000 UTC,2,2023-04-03 10:00:00.000 UTC,1264.0
IQS,0938a632ec1e4a11a2e1b290,104421,True,4636,,,2026-07-04 10:00:00.000 UTC,2,2026-07-04 10:00:00.000 UTC,76.0
IQS,37b7d41ea4cb41f3add7fa00,104422,True,0,2024-02-13 10:00:00.000 UTC,2024-02-13 10:00:00.000 UTC,2024-02-13 10:00:00.000 UTC,0,2024-02-13 10:00:00.000 UTC,948.0
IQS,6ce82af8a37644e5b678b944,104423,True,858,,,2021-07-11 10:00:00.000 UTC,1,2021-07-11 10:00:00.000 UTC,1895.0
IQS,0f3278a5b61f4216b2ef3e16,104424,True,0,2022-06-29 10:00:00.000 UTC,2022-06-29 10:00:00.000 UTC,2022-06-29 10:00:00.000 UTC,0,2022-06-29 10:00:00.000 UTC,1542.0
IQS,2e804424ab5d4db884414b5d,104425,True,396,,,,1,,
IQS,944f944b9c2d4c4bae6d6361,104426,True,584,2020-01-26 10:00:00.000 UTC,2020-01-26 10:00:00.000 UTC,2020-01-26 10:00:00.000 UTC,3,2020-01-26 10:00:00.000 UTC,2427.0
IQS,85777b0ab5aa429a922cd313,104427,True,871,2020-10-12 10:00:00.000 UTC,2020-10-12 10:00:00.000 UTC,2020-10-12 10:00:00.000 UTC,1,2020-10-12 10:00:00.000 UTC,2167.0
IQS,b4b87eed680643d7828f389a,104428,True,0,2025-03-09 10:00:00.000 UTC,2025-03-09 10:00:00.000 UTC,2025-03-09 10:00:00.000 UTC,0,2025-03-09 10:00:00.000 UTC,558.0
IQS,3382c05cf51d4a6f94fed690,104429,True,420,2024-12-17 10:00:00.000 UTC,2024-12-17 10:00:00.000 UTC,,1,2024-12-17 10:00:00.000 UTC,640.0
IQS,29ffc83e3977454b9fc9e479,104430,True,1659,,,2024-03-26 10:00:00.000 UTC,4,2024-03-26 10:00:00.000 UTC,906.0
IQS,362c1e83e04247e581a51d9b,104431,True,0,2026-07-15 10:00:00.000 UTC,2026-07-15 10:00:00.000 UTC,,0,2026-07-15 10:00:00.000 UTC,65.0
IQS,1b6e0845783740b0be8a50e4,104432,True,746,,,2022-09-24 10:00:00.000 UTC,1,2022-09-24 10:00:00.000 UTC,1455.0
IQS,fc31a855762445d39d18ace0,104433,True,2059,2021-01-03 10:00:00.000 UTC,2021-01-03 10:00:00.000 UTC,2021-01-03 10:00:00.000 UTC,1,2021-01-03 10:00:00.000 UTC,2084.0
IQS,e9ed0c992980479aa98f3be4,104434,True,0,2024-01-05 10:00:00.000 UTC,2024-01-05 10:00:00.000 UTC,2024-01-05 10:00:00.000 UTC,0,2024-01-05 10:00:00.000 UTC,987.0
IQS,449747ab209b4d45926e78de,104435,True,939,,,2022-09-25 10:00:00.000 UTC,2,2022-09-25 10:00:00.000 UTC,1454.0
IQS,fcb6f0a817c74e5194e8cb4c,104436,True,1433,,,,3,,
IQS,9afc04fab89640598e9c82a1,104437,True,187,2022-03-25 10:00:00.000 UTC,2022-03-25 10:00:00.000 UTC,2022-03-25 10:00:00.000 UTC,1,2022-03-25 10:00:00.000 UTC,1638.0
IQS,006a812f4918463082355442,104438,True,0,,,2026-04-16 10:00:00.000 UTC,0,2026-04-16 10:00:00.000 UTC,155.0
IQS,da1950b48b1f4357b5de9d9a,104439,True,1462,,,,3,,
IQS,afa879a60829450eaf398b61,104440,True,0,2024-12-30 10:00:00.000 UTC,2024-12-30 10:00:00.000 UTC,2024-12-30 10:00:00.000 UTC,0,2024-12-30 10:00:00.000 UTC,627.0
IQS,0fc5d38357364b48bf1d4fd0,104441,True,910,,,2020-04-08 10:00:00.000 UTC,1,2020-04-08 10:00:00.000 UTC,2354.0
IQS,5cbde7f2229c44b187e331e8,104442,True,0,,,,0,,
IQS,1118576deb0645b2a87144de,104443,True,0,2022-02-16 10:00:00.000 UTC,2022-02-16 10:00:00.000 UTC,2022-02-16 10:00:00.000 UTC,0,2022-02-16 10:00:00.000 UTC,1675.0
IQS,71814611ce48442383d31589,104444,True,0,2023-01-26 10:00:00.000 UTC,2023-01-26 10:00:00.000 UTC,2023-01-26 10:00:00.000 UTC,0,2023-01-26 10:00:00.000 UTC,1331.0
IQS,da9b3b605045469cab674e93,104445,True,15535,,,,2,,
IQS,2d9d927737e847ca951e1316,104446,True,183,2025-09-25 10:00:00.000 UTC,2025-09-25 10:00:00.000 UTC,2025-09-25 10:00:00.000 UTC,1,2025-09-25 10:00:00.000 UTC,358.0
IQS,52f72707a9b54c51ab4412b5,104447,True,1679,,,2025-03-05 10:00:00.000 UTC,1,2025-03-05 10:00:00.000 UTC,562.0
IQS,883bc968d7fc494989d8e8ce,104448,True,824,2023-04-08 10:00:00.000 UTC,2023-04-08 10:00:00.000 UTC,2023-04-08 10:00:00.000 UTC,1,2023-04-08 10:00:00.000 UTC,1259.0
IQS,1e68643cfe814652a0bd1797,104449,True,546,,,,4,,
IQS,ab56dc2d92e748239bf48a44,104450,True,173,2024-07-09 10:00:00.000 UTC,2024-07-09 10:00:00.000 UTC,2024-07-09 10:00:00.000 UTC,2,2024-07-09 10:00:00.000 UTC,801.0
IQS,71469a7f9eed46f49f94b350,104451,True,103,2023-06-04 10:00:00.000 UTC,2023-06-04 10:00:00.000 UTC,2023-06-04 10:00:00.000 UTC,2,2023-06-04 10:00:00.000 UTC,1202.0
IQS,c73a1d27f02c4c229bebee59,104452,True,68,2025-04-17 10:00:00.000 UTC,2025-04-17 10:00:00.000 UTC,,1,2025-04-17 10:00:00.000 UTC,519.0
IQS,cafcc6e0659746328b4ab7f1,104453,True,0,2024-09-10 10:00:00.000 UTC,2024-09-10 10:00:00.000 UTC,,0,2024-09-10 10:00:00.000 UTC,738.0
IQS,7fc4d1c2dd4f4aa6959b4be7,104454,True,5023,2024-12-25 10:00:00.000 UTC,2024-12-25 10:00:00.000 UTC,,3,2024-12-25 10:00:00.000 UTC,632.0
IQS,5adf167b1f14467ca7df1cb5,104455,True,890,2019-04-21 10:00:00.000 UTC,2019-04-21 10:00:00.000 UTC,2019-04-21 10:00:00.000 UTC,2,2019-04-21 10:00:00.000 UTC,2707.0
IQS,a8bc5d8c6b0a428bbc7ea022,104456,True,410,2026-06-28 10:00:00.000 UTC,2026-06-28 10:00:00.000 UTC,2026-06-28 10:00:00.000 UTC,3,2026-06-28 10:00:00.000 UTC,82.0
IQS,a9bdd4969b89467d88f3162f,104457,True,2024,2023-06-26 10:00:00.000 UTC,2023-06-26 10:00:00.000 UTC,,1,2023-06-26 10:00:00.000 UTC,1180.0
IQS,ea2b173abc5b40179da7b440,104458,True,0,2024-06-05 10:00:00.000 UTC,2024-06-05 10:00:00.000 UTC,2024-06-05 10:00:00.000 UTC,0,2024-06-05 10:00:00.000 UTC,835.0
IQS,0028e0e25ca7469296c40e4e,104459,True,563,2015-06-17 10:00:00.000 UTC,2015-06-17 10:00:00.000 UTC,2015-06-17 10:00:00.000 UTC,4,2015-06-17 10:00:00.000 UTC,4111.0
IQS,c96badcee9c54cf2ac189d14,104460,True,0,,,,0,,
IQS,780f60167e7b45449847aa4e,104461,True,2107,2021-12-25 10:00:00.000 UTC,2021-12-25 10:00:00.000 UTC,,1,2021-12-25 10:00:00.000 UTC,1728.0
IQS,8cea9225554c415b901d78d8,104462,True,0,2019-07-04 10:00:00.000 UTC,2019-07-04 10:00:00.000 UTC,2019-07-04 10:00:00.000 UTC,0,2019-07-04 10:00:00.000 UTC,2633.0
IQS,05fc115722e84d849b2f307c,104463,True,0,2022-04-27 10:00:00.000 UTC,2022-04-27 10:00:00.000 UTC,,0,2022-04-27 10:00:00.000 UTC,1605.0
IQS,e2e024089e384212873ec800,104464,True,1906,,,,1,,
IQS,87b79d614fa449ae9aa7eb1e,104465,True,127,2023-10-09 10:00:00.000 UTC,2023-10-09 10:00:00.000 UTC,2023-10-09 10:00:00.000 UTC,4,2023-10-09 10:00:00.000 UTC,1075.0
IQS,25c52b183fd341968c5df3fb,104466,True,1188,,,,1,,
IQS,6461be0a97934719890b8f86,104467,True,1900,2026-06-05 10:00:00.000 UTC,2026-06-05 10:00:00.000 UTC,2026-06-05 10:00:00.000 UTC,2,2026-06-05 10:00:00.000 UTC,105.0
IQS,49f17fee52f04b0998b25bcb,104468,True,3815,,,,2,,
IQS,e3b80217a7184f748802f9fd,104469,True,0,,,2024-10-02 10:00:00.000 UTC,0,2024-10-02 10:00:00.000 UTC,716.0
IQS,8b97ad5c70c5432d8f0493ce,104470,True,469,,,,2,,
IQS,a00ba3e2c0b243338e6be26b,104471,True,0,2019-05-24 10:00:00.000 UTC,2019-05-24 10:00:00.000 UTC,,0,2019-05-24 10:00:00.000 UTC,2674.0
IQS,96c1a4b4f35743c0937f5268,104472,True,4083,,,,2,,
IQS,b05c668283fe427eb5430889,104473,True,431,,,,1,,
IQS,98335aaf857f40f79dae37ba,104474,True,1360,,,,2,,
IQS,ecfce1cabd8948bca5fdc08f,104475,True,4017,2025-03-27 10:00:00.000 UTC,2025-03-27 10:00:00.000 UTC,,2,2025-03-27 10:00:00.000 UTC,540.0
IQS,21f7dd46490a4a1aa1dde991,104476,True,1640,,,2026-02-20 10:00:00.000 UTC,4,2026-02-20 10:00:00.000 UTC,210.0
IQS,2838aacf94334685be911a1e,104477,True,3079,,,,1,,
IQS,7209ee0d27cb4380819a8bf9,104478,True,1004,2022-02-03 10:00:00.000 UTC,2022-02-03 10:00:00.000 UTC,,2,2022-02-03 10:00:00.000 UTC,1688.0
IQS,3b983976edba4236974c4939,104479,True,4354,,,,1,,
IQS,abd6a8af57524e05a03c03ea,104480,True,245,2023-02-27 10:00:00.000 UTC,2023-02-27 10:00:00.000 UTC,2023-02-27 10:00:00.000 UTC,2,2023-02-27 10:00:00.000 UTC,1299.0
IQS,067c5dc72e7d4a289d692cb3,104481,True,1679,,,2023-03-23 10:00:00.000 UTC,4,2023-03-23 10:00:00.000 UTC,1275.0
IQS,aa286933fb454fa1af44cf82,104482,True,809,,,2023-09-21 10:00:00.000 UTC,2,2023-09-21 10:00:00.000 UTC,1093.0
IQS,049ba807ec444d1985208f53,104483,True,0,2023-12-16 10:00:00.000 UTC,2023-12-16 10:00:00.000 UTC,2023-12-16 10:00:00.000 UTC,0,2023-12-16 10:00:00.000 UTC,1007.0
IQS,0d98710ba30a41ddaa58001e,104484,True,417,2026-09-15 10:00:00.000 UTC,2026-09-15 10:00:00.000 UTC,2026-09-15 10:00:00.000 UTC,2,2026-09-15 10:00:00.000 UTC,3.0
IQS,6ae7e737277346fa8535aa9a,104485,True,2606,,,2022-07-24 10:00:00.000 UTC,1,2022-07-24 10:00:00.000 UTC,1517.0
IQS,803eeb4b88714ffb97a2a7ad,104486,True,0,,,,0,,
IQS,d586bf4afa71469ea1e10697,104487,True,2652,,,,1,,
IQS,e09866d7c94342f4a65d4860,104488,True,0,2026-08-07 10:00:00.000 UTC,2026-08-07 10:00:00.000 UTC,,0,2026-08-07 10:00:00.000 UTC,42.0
IQS,3e733ed6619c4b67a956733b,104489,True,65,2022-07-19 10:00:00.000 UTC,2022-07-19 10:00:00.000 UTC,,1,2022-07-19 10:00:00.000 UTC,1522.0
IQS,efa841645d3b431193cca146,104490,True,132,,,,2,,
IQS,b3dbaad41c01402ab1184621,104491,True,251,,,2020-03-07 10:00:00.000 UTC,3,2020-03-07 10:00:00.000 UTC,2386.0
IQS,c411975f30144530a3099224,104492,True,1959,,,,2,,
IQS,fdf9fff98afa43a89fff2e81,104493,True,1713,,,,3,,
IQS,e0756dba02d64d6b89484f43,104494,True,1039,2024-11-11 10:00:00.000 UTC,2024-11-11 10:00:00.000 UTC,,2,2024-11-11 10:00:00.000 UTC,676.0
IQS,ced48cf8fcd140f490ead9f3,104495,True,586,,,,4,,
IQS,a3df0d80d247407a81f707d2,104496,True,193,,,,2,,
IQS,d33cdb28cda044ef97de04a6,104497,True,294,2022-12-16 10:00:00.000 UTC,2022-12-16 10:00:00.000 UTC,,1,2022-12-16 10:00:00.000 UTC,1372.0
IQS,e79faafa59614fcbbdadc296,104498,True,1478,2019-12-05 10:00:00.000 UTC,2019-12-05 10:00:00.000 UTC,2019-12-05 10:00:00.000 UTC,1,2019-12-05 10:00:00.000 UTC,2479.0
IQS,5d0595b8d5684be9884f5f51,104499,True,0,2022-11-14 10:00:00.000 UTC,2022-11-14 10:00:00.000 UTC,2022-11-14 10:00:00.000 UTC,0,2022-11-14 10:00:00.000 UTC,1404.0
IQS,428e81b8dc8543fcafe61395,104500,True,661,2026-06-29 10:00:00.000 UTC,2026-06-29 10:00:00.000 UTC,2026-06-29 10:00:00.000 UTC,1,2026-06-29 10:00:00.000 UTC,81.0
IQS,7ae4ff15401e4c3799b1f959,104501,True,0,,,2024-05-29 10:00:00.000 UTC,0,2024-05-29 10:00:00.000 UTC,842.0
IQS,00413d187a8d49e4ae122d9a,104502,True,620,,,,2,,
IQS,84798e9ac2e847f289e9d405,104503,True,0,2026-05-30 10:00:00.000 UTC,2026-05-30 10:00:00.000 UTC,,0,2026-05-30 10:00:00.000 UTC,111.0
IQS,15aa603564854cf3a78897e1,104504,True,5959,,,,2,,
IQS,e9d89758e76642e09898e7ff,104505,True,0,,,2022-09-14 10:00:00.000 UTC,0,2022-09-14 10:00:00.000 UTC,1465.0
IQS,0c8da6e61780473b9d0d69b6,104506,True,4515,2026-07-16 10:00:00.000 UTC,2026-07-16 10:00:00.000 UTC,2026-07-16 10:00:00.000 UTC,2,2026-07-16 10:00:00.000 UTC,64.0
IQS,554a084d95634ab5a6da789f,104507,True,519,2025-02-03 10:00:00.000 UTC,2025-02-03 10:00:00.000 UTC,2025-02-03 10:00:00.000 UTC,1,2025-02-03 10:00:00.000 UTC,592.0
IQS,a7d62d8a80604277ac7111b6,104508,True,196,,,,3,,
IQS,5cee3688105a4983a1229633,104509,True,0,2019-11-04 10:00:00.000 UTC,2019-11-04 10:00:00.000 UTC,2019-11-04 10:00:00.000 UTC,0,2019-11-04 10:00:00.000 UTC,2510.0
IQS,41b15bfd77bb4e9fb7a3c1a2,104510,True,1757,2023-02-08 10:00:00.000 UTC,2023-02-08 10:00:00.000 UTC,,1,2023-02-08 10:00:00.000 UTC,1318.0
IQS,58d009fcd73246b4a1cb4a6c,104511,True,0,2024-05-01 10:00:00.000 UTC,2024-05-01 10:00:00.000 UTC,2024-05-01 10:00:00.000 UTC,0,2024-05-01 10:00:00.000 UTC,870.0
IQS,7e4d0b3647a0486f847c6b35,104512,True,5471,2021-02-24 10:00:00.000 UTC,2021-02-24 10:00:00.000 UTC,2021-02-24 10:00:00.000 UTC,2,2021-02-24 10:00:00.000 UTC,2032.0
IQS,a17f15b9fd9d4630bff6eda4,104513,True,864,2024-10-29 10:00:00.000 UTC,2024-10-29 10:00:00.000 UTC,,4,2024-10-29 10:00:00.000 UTC,689.0
IQS,08fafd14a11847f9a8389af1,104514,True,0,2026-07-12 10:00:00.000 UTC,2026-07-12 10:00:00.000 UTC,2026-07-12 10:00:00.000 UTC,0,2026-07-12 10:00:00.000 UTC,68.0
IQS,f3c915f0341249e591e6d7c7,104515,True,1531,,,2022-03-21 10:00:00.000 UTC,1,2022-03-21 10:00:00.000 UTC,1642.0
IQS,c306662ffe1845f59e214e32,104516,True,1287,,,,3,,
IQS,9117bd6770bc4d24891cd13a,104517,True,0,,,,0,,
IQS,c013270fed8844eaad1e129b,104518,True,8118,2023-04-05 10:00:00.000 UTC,2023-04-05 10:00:00.000 UTC,,3,2023-04-05 10:00:00.000 UTC,1262.0
IQS,68fe906856834aa1bf682cc7,104519,True,0,2025-10-18 10:00:00.000 UTC,2025-10-18 10:00:00.000 UTC,2025-10-18 10:00:00.000 UTC,0,2025-10-18 10:00:00.000 UTC,335.0
IQS,c98e21222ce14c27a95fd730,104520,True,0,,,2023-04-26 10:00:00.000 UTC,0,2023-04-26 10:00:00.000 UTC,1241.0
IQS,6f9e9fbdb66e46f39f28544a,104521,True,2961,2022-07-04 10:00:00.000 UTC,2022-07-04 10:00:00.000 UTC,,3,2022-07-04 10:00:00.000 UTC,1537.0
IQS,11f440657b234b2dadc10ca8,104522,True,1631,,,,2,,
IQS,75d5d98a60d44357a3415a21,104523,True,3105,,,2024-02-09 10:00:00.000 UTC,2,2024-02-09 10:00:00.000 UTC,952.0
IQS,741a3ecfb66b4850a376b1b6,104524,True,214,2022-01-05 10:00:00.000 UTC,2022-01-05 10:00:00.000 UTC,,3,2022-01-05 10:00:00.000 UTC,1717.0
IQS,d823279317cb408aaac841e7,104525,True,154,,,,1,,
IQS,01ff5b2caf6740bdbc08c860,104526,True,978,2026-09-02 10:00:00.000 UTC,2026-09-02 10:00:00.000 UTC,2026-09-02 10:00:00.000 UTC,3,2026-09-02 10:00:00.000 UTC,16.0
IQS,7e3cc73e43154731a42fc64b,104527,True,549,2024-07-20 10:00:00.000 UTC,2024-07-20 10:00:00.000 UTC,2024-07-20 10:00:00.000 UTC,1,2024-07-20 10:00:00.000 UTC,790.0
IQS,54d02b582e904d5bac946c56,104528,True,131,,,2020-09-13 10:00:00.000 UTC,1,2020-09-13 10:00:00.000 UTC,2196.0
IQS,8266ca3589fa40ad90e2211e,104529,True,1894,,,2025-07-14 10:00:00.000 UTC,2,2025-07-14 10:00:00.000 UTC,431.0
IQS,41b95b8f0ef64de48885f1e5,104530,True,0,2020-03-24 10:00:00.000 UTC,2020-03-24 10:00:00.000 UTC,2020-03-24 10:00:00.000 UTC,0,2020-03-24 10:00:00.000 UTC,2369.0
IQS,2ba797841e0241cb8fd59dd7,104531,True,464,,,,3,,
IQS,5136caab721e4c049c2f9109,104532,True,457,,,,2,,
IQS,af8c758c03fb45f8b8a766d4,104533,True,223,2020-10-31 10:00:00.000 UTC,2020-10-31 10:00:00.000 UTC,2020-10-31 10:00:00.000 UTC,3,2020-10-31 10:00:00.000 UTC,2148.0
IQS,d6ae6c924bd84026ba4f145c,104534,True,0,2022-06-05 10:00:00.000 UTC,2022-06-05 10:00:00.000 UTC,,0,2022-06-05 10:00:00.000 UTC,1566.0
IQS,8ae3186619294da4a698140e,104535,True,12422,,,,1,,
IQS,adf8c1598f4e4fb8984f9be5,104536,True,203,,,,1,,
IQS,cde9ec469e054b43b54d8a64,104537,True,283,,,,2,,
IQS,e18ca51220a7494ab9950633,104538,True,273,,,2023-05-25 10:00:00.000 UTC,4,2023-05-25 10:00:00.000 UTC,1212.0
IQS,2b432a5f2ce84ec08791a94c,104539,True,0,2022-11-04 10:00:00.000 UTC,2022-11-04 10:00:00.000 UTC,2022-11-04 10:00:00.000 UTC,0,2022-11-04 10:00:00.000 UTC,1414.0
IQS,2dab4d7f3f9f49e0832e1e68,104540,True,5889,,,,1,,
IQS,c9d8dd496f20417c8896d0db,104541,True,1409,2023-01-08 10:00:00.000 UTC,2023-01-08 10:00:00.000 UTC,2023-01-08 10:00:00.000 UTC,2,2023-01-08 10:00:00.000 UTC,1349.0
IQS,21260733662c4a1b9233858c,104542,True,298,,,,1,,
IQS,302b7e056e9f4a7b8f16b432,104543,True,7504,2025-08-19 10:00:00.000 UTC,2025-08-19 10:00:00.000 UTC,2025-08-19 10:00:00.000 UTC,2,2025-08-19 10:00:00.000 UTC,395.0
IQS,0d78b20fafd2410dba7edd7a,104544,True,592,,,,2,,
IQS,97fbf733e7444b988a4ee7b4,104545,True,505,,,2024-02-26 10:00:00.000 UTC,4,2024-02-26 10:00:00.000 UTC,935.0
IQS,2a8a08b6c939465f92339b65,104546,True,5239,2025-01-24 10:00:00.000 UTC,2025-01-24 10:00:00.000 UTC,2025-01-24 10:00:00.000 UTC,3,2025-01-24 10:00:00.000 UTC,602.0
IQS,15af51c9b467478ca76f7890,104547,True,0,,,,0,,
IQS,2e554e6459464cfa99ee4cea,104548,True,0,2024-09-27 10:00:00.000 UTC,2024-09-27 10:00:00.000 UTC,2024-09-27 10:00:00.000 UTC,0,2024-09-27 10:00:00.000 UTC,721.0
IQS,07aee49de66a4734bec7d4df,104549,True,1199,2022-02-27 10:00:00.000 UTC,2022-02-27 10:00:00.000 UTC,2022-02-27 10:00:00.000 UTC,2,2022-02-27 10:00:00.000 UTC,1664.0
IQS,152a4ba7cade4fe88646d75b,104550,True,0,2025-09-21 10:00:00.000 UTC,2025-09-21 10:00:00.000 UTC,2025-09-21 10:00:00.000 UTC,0,2025-09-21 10:00:00.000 UTC,362.0
IQS,ed24b31051e241baa112f10f,104551,True,5376,,,2021-11-09 10:00:00.000 UTC,1,2021-11-09 10:00:00.000 UTC,1774.0
IQS,a24d506b2dc0405b8519d626,104552,True,914,2024-04-30 10:00:00.000 UTC,2024-04-30 10:00:00.000 UTC,2024-04-30 10:00:00.000 UTC,2,2024-04-30 10:00:00.000 UTC,871.0
IQS,0ea02fdfb0ee49e591aab00f,104553,True,1238,,,,2,,
IQS,1e3da539ee9c437d9c5325bc,104554,True,1764,2023-03-11 10:00:00.000 UTC,2023-03-11 10:00:00.000 UTC,2023-03-11 10:00:00.000 UTC,2,2023-03-11 10:00:00.000 UTC,1287.0
IQS,177fecc89dae489abeb44420,104555,True,5067,2026-08-31 10:00:00.000 UTC,2026-08-31 10:00:00.000 UTC,,2,2026-08-31 10:00:00.000 UTC,18.0
IQS,9dbadd17e6624d9cad88b75d,104556,True,1647,2025-02-11 10:00:00.000 UTC,2025-02-11 10:00:00.000 UTC,,1,2025-02-11 10:00:00.000 UTC,584.0
IQS,9ea8a16d0f154dfcb23a2d1d,104557,True,599,2021-09-09 10:00:00.000 UTC,2021-09-09 10:00:00.000 UTC,2021-09-09 10:00:00.000 UTC,2,2021-09-09 10:00:00.000 UTC,1835.0
IQS,a493dfe624aa48dc8235cc2f,104558,True,301,2024-08-30 10:00:00.000 UTC,2024-08-30 10:00:00.000 UTC,,2,2024-08-30 10:00:00.000 UTC,749.0
IQS,9d75c8cad088470e82662d6f,104559,True,569,,,,2,,
IQS,82a5b975943e4ef397dc2f88,104560,True,1568,2024-11-30 10:00:00.000 UTC,2024-11-30 10:00:00.000 UTC,2024-11-30 10:00:00.000 UTC,1,2024-11-30 10:00:00.000 UTC,657.0
IQS,06db3f0016e74e3e8b54d612,104561,True,36546,2023-08-18 10:00:00.000 UTC,2023-08-18 10:00:00.000 UTC,,2,2023-08-18 10:00:00.000 UTC,1127.0
IQS,3850927f06bf4fd6b14d2f7d,104562,True,0,2025-05-04 10:00:00.000 UTC,2025-05-04 10:00:00.000 UTC,,0,2025-05-04 10:00:00.000 UTC,502.0
IQS,b0e0f039b4434e77835e9348,104563,True,15613,,,2024-04-29 10:00:00.000 UTC,3,2024-04-29 10:00:00.000 UTC,872.0
IQS,cbaf198a2b5e4238b6ae81dc,104564,True,86,,,2022-09-28 10:00:00.000 UTC,3,2022-09-28 10:00:00.000 UTC,1451.0
IQS,63536be4685a4f2eb9309001,104565,True,3176,2024-04-08 10:00:00.000 UTC,2024-04-08 10:00:00.000 UTC,,2,2024-04-08 10:00:00.000 UTC,893.0
IQS,e975ccc2547f4890931bbd8a,104566,True,0,,,2024-11-02 10:00:00.000 UTC,0,2024-11-02 10:00:00.000 UTC,685.0
IQS,3021a78e142e46abb3556de5,104567,True,203,2025-01-23 10:00:00.000 UTC,2025-01-23 10:00:00.000 UTC,,1,2025-01-23 10:00:00.000 UTC,603.0
IQS,20ff08b82a674c5daaa66674,104568,True,586,,,2025-03-12 10:00:00.000 UTC,2,2025-03-12 10:00:00.000 UTC,555.0
IQS,bdd464b85d2448ddb0348cb5,104569,True,0,,,,0,,
IQS,6cae223c1a2247f38ee5cba6,104570,True,166,2023-04-10 10:00:00.000 UTC,2023-04-10 10:00:00.000 UTC,,3,2023-04-10 10:00:00.000 UTC,1257.0
IQS,2c5b05e9a4e14f7c978d325e,104571,True,0,2026-07-05 10:00:00.000 UTC,2026-07-05 10:00:00.000 UTC,,0,2026-07-05 10:00:00.000 UTC,75.0
IQS,e569637d90154585b9f2157b,104572,True,485,,,,4,,
IQS,6b34dc9490b44f888a749de9,104573,True,2073,,,2025-01-01 10:00:00.000 UTC,3,2025-01-01 10:00:00.000 UTC,625.0
IQS,2b02e9c210584b0bab20dd21,104574,True,8056,,,2024-03-25 10:00:00.000 UTC,2,2024-03-25 10:00:00.000 UTC,907.0
IQS,4fb204fd3f6a4191acbecdc9,104575,True,0,,,,0,,
IQS,9da13e0e2ce04eda8c182959,104576,True,1908,,,,2,,
IQS,dd44554e927c40109dadee52,104577,True,0,,,,0,,
IQS,6d6e030641cf4dba9ebf7ca5,104578,True,0,2020-08-18 10:00:00.000 UTC,2020-08-18 10:00:00.000 UTC,2020-08-18 10:00:00.000 UTC,0,2020-08-18 10:00:00.000 UTC,2222.0
IQS,60aad98c29224467ae2361df,104579,True,0,,,2023-01-12 10:00:00.000 UTC,0,2023-01-12 10:00:00.000 UTC,1345.0
IQS,fb7b74b7d2ee4bfd90f62b51,104580,True,0,2026-06-23 10:00:00.000 UTC,2026-06-23 10:00:00.000 UTC,,0,2026-06-23 10:00:00.000 UTC,87.0
IQS,7ec27fda4819407e98426589,104581,True,257,2021-06-15 10:00:00.000 UTC,2021-06-15 10:00:00.000 UTC,2021-06-15 10:00:00.000 UTC,1,2021-06-15 10:00:00.000 UTC,1921.0
IQS,16c66b12a1984691a16e8e79,104582,True,513,2023-11-20 10:00:00.000 UTC,2023-11-20 10:00:00.000 UTC,,3,2023-11-20 10:00:00.000 UTC,1033.0
IQS,d51d5f8e009f49dca711d408,104583,True,0,2023-04-30 10:00:00.000 UTC,2023-04-30 10:00:00.000 UTC,,0,2023-04-30 10:00:00.000 UTC,1237.0
IQS,e066bc1ea2aa46d88012ac1e,104584,True,4060,2023-07-19 10:00:00.000 UTC,2023-07-19 10:00:00.000 UTC,2023-07-19 10:00:00.000 UTC,1,2023-07-19 10:00:00.000 UTC,1157.0
IQS,f1f5017cbe9148589d0bfccd,104585,True,1870,2022-11-01 10:00:00.000 UTC,2022-11-01 10:00:00.000 UTC,2022-11-01 10:00:00.000 UTC,3,2022-11-01 10:00:00.000 UTC,1417.0
IQS,e11045c62d1046e39e10a5f1,104586,True,790,2025-02-27 10:00:00.000 UTC,2025-02-27 10:00:00.000 UTC,2025-02-27 10:00:00.000 UTC,3,2025-02-27 10:00:00.000 UTC,568.0
IQS,59db6df3603c4765ba3cd671,104587,True,0,,,,0,,
IQS,5eaeaab8765e49e8960226c0,104588,True,0,,,2025-03-24 10:00:00.000 UTC,0,2025-03-24 10:00:00.000 UTC,543.0
IQS,6fe3c9d894ec4747baeba1ab,104589,True,119,2023-04-29 10:00:00.000 UTC,2023-04-29 10:00:00.000 UTC,,2,2023-04-29 10:00:00.000 UTC,1238.0
IQS,f2ac9ff130b946ebbb3dbf2f,104590,True,0,2020-01-06 10:00:00.000 UTC,2020-01-06 10:00:00.000 UTC,,0,2020-01-06 10:00:00.000 UTC,2447.0
IQS,f402566a17b741cfbb99d65b,104591,True,0,,,,0,,
IQS,51a4334009644c5a8ffc0f49,104592,True,0,2024-02-03 10:00:00.000 UTC,2024-02-03 10:00:00.000 UTC,2024-02-03 10:00:00.000 UTC,0,2024-02-03 10:00:00.000 UTC,958.0
IQS,54ecef528f9341348dbbb345,104593,True,0,2025-09-12 10:00:00.000 UTC,2025-09-12 10:00:00.000 UTC,2025-09-12 10:00:00.000 UTC,0,2025-09-12 10:00:00.000 UTC,371.0
IQS,53081ca97df44742a87885f2,104594,True,4692,2026-05-22 10:00:00.000 UTC,2026-05-22 10:00:00.000 UTC,2026-05-22 10:00:00.000 UTC,1,2026-05-22 10:00:00.000 UTC,119.0
IQS,24baba5e51a842399bcd31ef,104595,True,1091,2023-10-19 10:00:00.000 UTC,2023-10-19 10:00:00.000 UTC,2023-10-19 10:00:00.000 UTC,3,2023-10-19 10:00:00.000 UTC,1065.0
IQS,01c1f286e9c74e458f56e08b,104596,True,689,,,,2,,
IQS,18260279b4e448e5864df357,104597,True,1290,,,2024-01-05 10:00:00.000 UTC,1,2024-01-05 10:00:00.000 UTC,987.0
IQS,ecd6749975c04aa881f56252,104598,True,1552,,,,1,,
IQS,806acffc4f404767ac9cc13f,104599,True,2186,2024-09-14 10:00:00.000 UTC,2024-09-14 10:00:00.000 UTC,,2,2024-09-14 10:00:00.000 UTC,734.0
IQS,842118d214434309b604ca73,104600,True,138,,,2020-01-30 10:00:00.000 UTC,3,2020-01-30 10:00:00.000 UTC,2423.0
IQS,1919658f1deb40b5887945b4,104601,True,0,2022-07-04 10:00:00.000 UTC,2022-07-04 10:00:00.000 UTC,2022-07-04 10:00:00.000 UTC,0,2022-07-04 10:00:00.000 UTC,1537.0
IQS,e4d8bd606f844536b43355d2,104602,True,0,2023-01-28 10:00:00.000 UTC,2023-01-28 10:00:00.000 UTC,2023-01-28 10:00:00.000 UTC,0,2023-01-28 10:00:00.000 UTC,1329.0
IQS,b8dc462a481343efb4444245,104603,True,107,2023-05-15 10:00:00.000 UTC,2023-05-15 10:00:00.000 UTC,,2,2023-05-15 10:00:00.000 UTC,1222.0
IQS,182ed47c73ea4424906221b9,104604,True,0,,,,0,,
IQS,457d3cac590d4e4795d75333,104605,True,418,2024-12-07 10:00:00.000 UTC,2024-12-07 10:00:00.000 UTC,,1,2024-12-07 10:00:00.000 UTC,650.0
IQS,81c8714e2eeb48b68bb187f0,104606,True,3073,,,,2,,
IQS,77fbdc2591b049c4b38eee98,104607,True,750,2023-10-16 10:00:00.000 UTC,2023-10-16 10:00:00.000 UTC,2023-10-16 10:00:00.000 UTC,3,2023-10-16 10:00:00.000 UTC,1068.0
IQS,3423047167d9494fbabd5ee5,104608,True,0,,,2022-08-27 10:00:00.000 UTC,0,2022-08-27 10:00:00.000 UTC,1483.0
IQS,cc33bc112fd64cfdba56e9b0,104609,True,1469,,,,1,,
IQS,f9e3770ac73740ac9e4d8e7f,104610,True,0,,,2023-06-21 10:00:00.000 UTC,0,2023-06-21 10:00:00.000 UTC,1185.0
IQS,d16ac1db6c474a1b86842e73,104611,True,410,2025-07-31 10:00:00.000 UTC,2025-07-31 10:00:00.000 UTC,,3,2025-07-31 10:00:00.000 UTC,414.0
IQS,d69dc8a727a548609ff0dfc0,104612,True,1308,,,,2,,
IQS,88c8d5d6e3054e15a3e4a526,104613,True,0,,,2025-06-07 10:00:00.000 UTC,0,2025-06-07 10:00:00.000 UTC,468.0
IQS,dc044ffb76b744a8bf9922ab,104614,True,2259,,,2025-02-11 10:00:00.000 UTC,2,2025-02-11 10:00:00.000 UTC,584.0
IQS,bfa80ca1724d4001a704f23c,104615,True,818,2025-04-09 10:00:00.000 UTC,2025-04-09 10:00:00.000 UTC,2025-04-09 10:00:00.000 UTC,2,2025-04-09 10:00:00.000 UTC,527.0
IQS,3ebee89e79d7401782452fd7,104616,True,328,2025-01-05 10:00:00.000 UTC,2025-01-05 10:00:00.000 UTC,2025-01-05 10:00:00.000 UTC,2,2025-01-05 10:00:00.000 UTC,621.0
IQS,a9795d9601e9472cb357324c,104617,True,8073,,,,1,,
IQS,3108dfc3f7004965b19925e8,104618,True,0,2023-11-20 10:00:00.000 UTC,2023-11-20 10:00:00.000 UTC,2023-11-20 10:00:00.000 UTC,0,2023-11-20 10:00:00.000 UTC,1033.0
IQS,f7a354e4366549adbb4cf2f4,104619,True,145,,,,1,,
IQS,e98f5429b9e440869f5459e6,104620,True,761,,,2025-03-14 10:00:00.000 UTC,3,2025-03-14 10:00:00.000 UTC,553.0
IQS,51a8e7f32e0c4d98b268cbab,104621,True,0,2023-11-16 10:00:00.000 UTC,2023-11-16 10:00:00.000 UTC,2023-11-16 10:00:00.000 UTC,0,2023-11-16 10:00:00.000 UTC,1037.0
IQS,0f09ee81f3694defa1641f9c,104622,True,794,2025-12-09 10:00:00.000 UTC,2025-12-09 10:00:00.000 UTC,,2,2025-12-09 10:00:00.000 UTC,283.0
IQS,01a9dbb1239648cd80bc4037,104623,True,448,2022-05-31 10:00:00.000 UTC,2022-05-31 10:00:00.000 UTC,,1,2022-05-31 10:00:00.000 UTC,1571.0
IQS,a583146528a0444687129a2c,104624,True,420,,,,3,,
IQS,cab0c32d917c409fbe396e24,104625,True,2201,2024-08-29 10:00:00.000 UTC,2024-08-29 10:00:00.000 UTC,,2,2024-08-29 10:00:00.000 UTC,750.0
IQS,49ae37e58d4b41bca7bd6ba1,104626,True,0,2025-07-09 10:00:00.000 UTC,2025-07-09 10:00:00.000 UTC,,0,2025-07-09 10:00:00.000 UTC,436.0
IQS,cbcb08848bf34b2d83d79017,104627,True,876,2026-07-25 10:00:00.000 UTC,2026-07-25 10:00:00.000 UTC,,4,2026-07-25 10:00:00.000 UTC,55.0
IQS,b5146bf293f74f21998e6421,104628,True,0,2023-08-12 10:00:00.000 UTC,2023-08-12 10:00:00.000 UTC,2023-08-12 10:00:00.000 UTC,0,2023-08-12 10:00:00.000 UTC,1133.0
IQS,832d22ced01e41ccaca2888b,104629,True,2036,2017-10-24 10:00:00.000 UTC,2017-10-24 10:00:00.000 UTC,2017-10-24 10:00:00.000 UTC,2,2017-10-24 10:00:00.000 UTC,3251.0
IQS,11981021d3b94ecbb116febd,104630,True,1154,,,2024-06-01 10:00:00.000 UTC,1,2024-06-01 10:00:00.000 UTC,839.0
IQS,7086387af08e40daa249db71,104631,True,139,2026-08-18 10:00:00.000 UTC,2026-08-18 10:00:00.000 UTC,,4,2026-08-18 10:00:00.000 UTC,31.0
IQS,ccff90f5f89e4fe9af73e612,104632,True,2907,,,2024-07-14 10:00:00.000 UTC,1,2024-07-14 10:00:00.000 UTC,796.0
IQS,2d14713722d24da682b5ff07,104633,True,0,,,2021-06-30 10:00:00.000 UTC,0,2021-06-30 10:00:00.000 UTC,1906.0
IQS,1475045e257c45688ed8699b,104634,True,0,,,,0,,
IQS,014b8b48c8b0405e96111b12,104635,True,10174,,,2022-11-29 10:00:00.000 UTC,1,2022-11-29 10:00:00.000 UTC,1389.0
IQS,5c04662a42714afa9db94961,104636,True,2134,,,2025-06-11 10:00:00.000 UTC,3,2025-06-11 10:00:00.000 UTC,464.0
IQS,70b1e1c14ecf499db8da5d8a,104637,True,0,2026-07-04 10:00:00.000 UTC,2026-07-04 10:00:00.000 UTC,2026-07-04 10:00:00.000 UTC,0,2026-07-04 10:00:00.000 UTC,76.0
IQS,14c0801526904f65a0720af7,104638,True,0,,,,0,,
IQS,ec17dfb2789a47e9814c3846,104639,True,0,2025-12-06 10:00:00.000 UTC,2025-12-06 10:00:00.000 UTC,,0,2025-12-06 10:00:00.000 UTC,286.0
IQS,e431a7ed80dc49f89a99ea7d,104640,True,54,2020-02-07 10:00:00.000 UTC,2020-02-07 10:00:00.000 UTC,2020-02-07 10:00:00.000 UTC,2,2020-02-07 10:00:00.000 UTC,2415.0
IQS,d3c668f75dcf4b07b91d79c2,104641,True,0,2024-02-25 10:00:00.000 UTC,2024-02-25 10:00:00.000 UTC,2024-02-25 10:00:00.000 UTC,0,2024-02-25 10:00:00.000 UTC,936.0
IQS,1665ebdf492c458ba17ffcd9,104642,True,2900,,,,3,,
IQS,14763b0fb11b40fa9ded29a6,104643,True,0,2023-01-24 10:00:00.000 UTC,2023-01-24 10:00:00.000 UTC,2023-01-24 10:00:00.000 UTC,0,2023-01-24 10:00:00.000 UTC,1333.0
IQS,4c0603642905452bbe8cee33,104644,True,0,,,,0,,
IQS,948dccd3cd794ba0a93e0c8e,104645,True,552,2023-09-22 10:00:00.000 UTC,2023-09-22 10:00:00.000 UTC,2023-09-22 10:00:00.000 UTC,2,2023-09-22 10:00:00.000 UTC,1092.0
IQS,6582cdbb216f4d849e743f4f,104646,True,361,,,2026-07-26 10:00:00.000 UTC,3,2026-07-26 10:00:00.000 UTC,54.0
IQS,ae4a34df04f242198ee8e358,104647,True,850,,,,1,,
IQS,34cb4f91f4b644a68a9d188b,104648,True,363,2026-01-23 10:00:00.000 UTC,2026-01-23 10:00:00.000 UTC,2026-01-23 10:00:00.000 UTC,1,2026-01-23 10:00:00.000 UTC,238.0
IQS,e65148ba342f432bbfffc134,104649,True,9590,,,,2,,
IQS,3659f2b1aabb478197261e5b,104650,True,744,2025-10-29 10:00:00.000 UTC,2025-10-29 10:00:00.000 UTC,2025-10-29 10:00:00.000 UTC,3,2025-10-29 10:00:00.000 UTC,324.0
IQS,dd5df6e0780241599d2c8217,104651,True,2649,,,2024-03-11 10:00:00.000 UTC,4,2024-03-11 10:00:00.000 UTC,921.0
IQS,01c03e8cb78148cca184831e,104652,True,475,2024-02-21 10:00:00.000 UTC,2024-02-21 10:00:00.000 UTC,2024-02-21 10:00:00.000 UTC,2,2024-02-21 10:00:00.000 UTC,940.0
IQS,1a6d5ee5d08c4d6783bdd6c4,104653,True,2566,,,,4,,
IQS,1986878e9deb4062aee072d2,104654,True,1150,,,2026-06-29 10:00:00.000 UTC,3,2026-06-29 10:00:00.000 UTC,81.0
IQS,f16cc7f87ef44f949efd431b,104655,True,288,,,,2,,
IQS,2ec2d623a9864158a8bf6f15,104656,True,11819,,,2025-04-15 10:00:00.000 UTC,2,2025-04-15 10:00:00.000 UTC,521.0
IQS,45fb90c92b2b4f059152a852,104657,True,1616,,,,1,,
IQS,533d2eb43ae94c53a5ffe36d,104658,True,270,,,2024-05-19 10:00:00.000 UTC,2,2024-05-19 10:00:00.000 UTC,852.0
IQS,7e3b8cc3f1e340fd8243f13c,104659,True,347,,,2024-04-17 10:00:00.000 UTC,4,2024-04-17 10:00:00.000 UTC,884.0
IQS,46c018d0b042454497620fb4,104660,True,1566,2024-03-21 10:00:00.000 UTC,2024-03-21 10:00:00.000 UTC,2024-03-21 10:00:00.000 UTC,2,2024-03-21 10:00:00.000 UTC,911.0
IQS,f8e64bd617294f72b6c2e4cf,104661,True,0,2024-05-11 10:00:00.000 UTC,2024-05-11 10:00:00.000 UTC,2024-05-11 10:00:00.000 UTC,0,2024-05-11 10:00:00.000 UTC,860.0
IQS,0c0c92f4815d40ab9b141245,104662,True,1096,,,2026-07-09 10:00:00.000 UTC,2,2026-07-09 10:00:00.000 UTC,71.0
IQS,e5a5a5f554934716b1ed9229,104663,True,0,2023-12-10 10:00:00.000 UTC,2023-12-10 10:00:00.000 UTC,,0,2023-12-10 10:00:00.000 UTC,1013.0
IQS,7946c54e981949c29f762214,104664,True,2470,2022-11-04 10:00:00.000 UTC,2022-11-04 10:00:00.000 UTC,2022-11-04 10:00:00.000 UTC,1,2022-11-04 10:00:00.000 UTC,1414.0
IQS,6dde33a8b3694486b893cd80,104665,True,0,,,2022-07-20 10:00:00.000 UTC,0,2022-07-20 10:00:00.000 UTC,1521.0
IQS,b53c6ff8f4e24f7484d8fed3,104666,True,2329,2021-07-17 10:00:00.000 UTC,2021-07-17 10:00:00.000 UTC,,2,2021-07-17 10:00:00.000 UTC,1889.0
IQS,80d64dad71be458a9fdec629,104667,True,0,2026-07-21 10:00:00.000 UTC,2026-07-21 10:00:00.000 UTC,,0,2026-07-21 10:00:00.000 UTC,59.0
IQS,47af4c95d58f4000a1f9e842,104668,True,10899,2025-09-16 10:00:00.000 UTC,2025-09-16 10:00:00.000 UTC,,4,2025-09-16 10:00:00.000 UTC,367.0
IQS,2fbc9359f15b4338b6473a38,104669,True,0,2023-11-15 10:00:00.000 UTC,2023-11-15 10:00:00.000 UTC,2023-11-15 10:00:00.000 UTC,0,2023-11-15 10:00:00.000 UTC,1038.0
IQS,c9f70daab989443ab71e49a5,104670,True,372,2023-12-31 10:00:00.000 UTC,2023-12-31 10:00:00.000 UTC,2023-12-31 10:00:00.000 UTC,4,2023-12-31 10:00:00.000 UTC,992.0
IQS,502570c9b9ab4d0b92001e08,104671,True,574,,,,3,,
IQS,e491b52ba38045e292ec8ce1,104672,True,1163,,,,1,,
IQS,58680f5e2472445bb9274d83,104673,True,6658,,,2023-11-21 10:00:00.000 UTC,2,2023-11-21 10:00:00.000 UTC,1032.0
IQS,f50ce1f50ad24d79aedd50ac,104674,True,1818,,,2016-06-13 10:00:00.000 UTC,2,2016-06-13 10:00:00.000 UTC,3749.0
IQS,6df54f474b3c4b1ab859d1d6,104675,True,4701,,,,4,,
IQS,f5e3e42fdff64524a882d565,104676,True,3860,2025-10-01 10:00:00.000 UTC,2025-10-01 10:00:00.000 UTC,2025-10-01 10:00:00.000 UTC,2,2025-10-01 10:00:00.000 UTC,352.0
IQS,b2f29303c0aa471190c58594,104677,True,48,,,2026-06-16 10:00:00.000 UTC,4,2026-06-16 10:00:00.000 UTC,94.0
IQS,c2ee999bcb9748f297bb37f5,104678,True,3444,,,2023-12-26 10:00:00.000 UTC,1,2023-12-26 10:00:00.000 UTC,997.0
IQS,a12139e13df8420583794cc4,104679,True,5627,,,,3,,
IQS,97952fbbb2a848ef93c3339c,104680,True,1244,,,2024-01-08 10:00:00.000 UTC,2,2024-01-08 10:00:00.000 UTC,984.0
IQS,bfa82ba5d0294377a559f014,104681,True,1088,2025-04-17 10:00:00.000 UTC,2025-04-17 10:00:00.000 UTC,2025-04-17 10:00:00.000 UTC,2,2025-04-17 10:00:00.000 UTC,519.0
IQS,45caaf0f08334c7786e88784,104682,True,0,2024-02-09 10:00:00.000 UTC,2024-02-09 10:00:00.000 UTC,,0,2024-02-09 10:00:00.000 UTC,952.0
IQS,1451a0d73357455eafb34035,104683,True,2426,,,,4,,
IQS,6d8c4a6737e04ee4aed4666c,104684,True,3940,,,2026-03-11 10:00:00.000 UTC,1,2026-03-11 10:00:00.000 UTC,191.0
IQS,faa52021e9dd461193277210,104685,True,1091,2026-07-07 10:00:00.000 UTC,2026-07-07 10:00:00.000 UTC,2026-07-07 10:00:00.000 UTC,1,2026-07-07 10:00:00.000 UTC,73.0
IQS,b3db6e0e30634e6c879d7966,104686,True,772,2024-05-26 10:00:00.000 UTC,2024-05-26 10:00:00.000 UTC,2024-05-26 10:00:00.000 UTC,3,2024-05-26 10:00:00.000 UTC,845.0
IQS,fbfa8ea01cdc4db295aa38da,104687,True,161,2023-06-06 10:00:00.000 UTC,2023-06-06 10:00:00.000 UTC,,1,2023-06-06 10:00:00.000 UTC,1200.0
IQS,9f97d54be22c4af6bbe426ef,104688,True,2589,2023-08-12 10:00:00.000 UTC,2023-08-12 10:00:00.000 UTC,,3,2023-08-12 10:00:00.000 UTC,1133.0
IQS,ae1c5794e6184d369301f9a4,104689,True,695,2024-04-03 10:00:00.000 UTC,2024-04-03 10:00:00.000 UTC,,2,2024-04-03 10:00:00.000 UTC,898.0
IQS,7fcbb33123334112b1bef24f,104690,True,1156,2022-06-07 10:00:00.000 UTC,2022-06-07 10:00:00.000 UTC,2022-06-07 10:00:00.000 UTC,3,2022-06-07 10:00:00.000 UTC,1564.0
IQS,3132fd12650c4168bdfd92cb,104691,True,1498,,,,2,,
IQS,2b2012e75f904c238e0c64be,104692,True,343,,,,3,,
IQS,0e1ee92a161347a5b185fc71,104693,True,0,2024-09-02 10:00:00.000 UTC,2024-09-02 10:00:00.000 UTC,2024-09-02 10:00:00.000 UTC,0,2024-09-02 10:00:00.000 UTC,746.0
IQS,24aa1bae37c24e848845ddb0,104694,True,0,2022-06-19 10:00:00.000 UTC,2022-06-19 10:00:00.000 UTC,,0,2022-06-19 10:00:00.000 UTC,1552.0
IQS,793b4142f3954763a8b7499d,104695,True,0,,,,0,,
IQS,e816c309b7dc4bb59ad66882,104696,True,8786,2022-05-30 10:00:00.000 UTC,2022-05-30 10:00:00.000 UTC,,1,2022-05-30 10:00:00.000 UTC,1572.0
IQS,af0651e42e76483f8ebb8293,104697,True,672,2021-04-13 10:00:00.000 UTC,2021-04-13 10:00:00.000 UTC,,2,2021-04-13 10:00:00.000 UTC,1984.0
IQS,d62b284a97d9493c9ef6cde8,104698,True,7208,2026-08-06 10:00:00.000 UTC,2026-08-06 10:00:00.000 UTC,2026-08-06 10:00:00.000 UTC,3,2026-08-06 10:00:00.000 UTC,43.0
IQS,3059f717a67841599e04940a,104699,True,0,,,,0,,
IQS,34cb204442ca4aefa6b933b0,104700,True,528,,,,1,,
IQS,1ba3170913624df888138fff,104701,True,0,2026-08-28 10:00:00.000 UTC,2026-08-28 10:00:00.000 UTC,2026-08-28 10:00:00.000 UTC,0,2026-08-28 10:00:00.000 UTC,21.0
IQS,ff73deed801d4beda643d5f4,104702,True,0,,,,0,,
IQS,eaf25b6d98784c06ba42eefb,104703,True,492,,,2023-10-17 10:00:00.000 UTC,2,2023-10-17 10:00:00.000 UTC,1067.0
IQS,24c0e3f7ad9a4c13b7a68b5e,104704,True,0,2024-05-03 10:00:00.000 UTC,2024-05-03 10:00:00.000 UTC,,0,2024-05-03 10:00:00.000 UTC,868.0
IQS,f47b251937224af19660165e,104705,True,481,,,2023-11-06 10:00:00.000 UTC,2,2023-11-06 10:00:00.000 UTC,1047.0
IQS,d3f79222afbe470db65c3e51,104706,True,5372,2022-07-19 10:00:00.000 UTC,2022-07-19 10:00:00.000 UTC,2022-07-19 10:00:00.000 UTC,2,2022-07-19 10:00:00.000 UTC,1522.0
IQS,46a845d2b016494f981e43ad,104707,True,0,,,2025-02-24 10:00:00.000 UTC,0,2025-02-24 10:00:00.000 UTC,571.0
IQS,b1f1d8f8140c488b92852e7e,104708,True,0,2023-05-27 10:00:00.000 UTC,2023-05-27 10:00:00.000 UTC,,0,2023-05-27 10:00:00.000 UTC,1210.0
IQS,ec4870f45c1748e2a62b69d7,104709,True,0,2024-04-19 10:00:00.000 UTC,2024-04-19 10:00:00.000 UTC,2024-04-19 10:00:00.000 UTC,0,2024-04-19 10:00:00.000 UTC,882.0
IQS,01b54a67922a41538a737397,104710,True,2685,,,,2,,
IQS,4fa67bc8e50e4baca954f307,104711,True,1213,,,,1,,
IQS,848ec9a35af844c5a33c40d1,104712,True,382,,,,4,,
IQS,e11d290bd6db411bac4d61cf,104713,True,0,2022-09-20 10:00:00.000 UTC,2022-09-20 10:00:00.000 UTC,2022-09-20 10:00:00.000 UTC,0,2022-09-20 10:00:00.000 UTC,1459.0
IQS,aa7a27fc5f4a41938ae6ba8f,104714,True,1821,2023-11-06 10:00:00.000 UTC,2023-11-06 10:00:00.000 UTC,2023-11-06 10:00:00.000 UTC,2,2023-11-06 10:00:00.000 UTC,1047.0
IQS,3f63ea0640ae4c879ba50c46,104715,True,8653,2025-10-02 10:00:00.000 UTC,2025-10-02 10:00:00.000 UTC,2025-10-02 10:00:00.000 UTC,2,2025-10-02 10:00:00.000 UTC,351.0
IQS,76e4cef743174fce9c6cddb0,104716,True,143,,,,1,,
IQS,a748a05a1cfb4f2ea08eb0d0,104717,True,4202,2026-07-21 10:00:00.000 UTC,2026-07-21 10:00:00.000 UTC,,3,2026-07-21 10:00:00.000 UTC,59.0
IQS,671c221670574faeba045c28,104718,True,918,2026-09-07 10:00:00.000 UTC,2026-09-07 10:00:00.000 UTC,,2,2026-09-07 10:00:00.000 UTC,11.0
IQS,f5b78e3228124e6d99606af7,104719,True,0,,,,0,,
IQS,2b7582f7c25e47d683cb41de,104720,True,0,,,,0,,
IQS,ff7f734938184ff3bb962f73,104721,True,1457,,,,2,,
IQS,c8b15ad6f39b4122b6d19e17,104722,True,0,,,2019-09-03 10:00:00.000 UTC,0,2019-09-03 10:00:00.000 UTC,2572.0
IQS,eb41a2fe025a4797a109008e,104723,True,501,,,2024-01-26 10:00:00.000 UTC,2,2024-01-26 10:00:00.000 UTC,966.0
IQS,57364ffb2264410ab1c5c71f,104724,True,3603,,,,1,,
IQS,e892c142d7ca43ffb69953fa,104725,True,1269,,,2023-10-18 10:00:00.000 UTC,3,2023-10-18 10:00:00.000 UTC,1066.0
IQS,442c9196c80b498fa52c808b,104726,True,515,2024-08-10 10:00:00.000 UTC,2024-08-10 10:00:00.000 UTC,2024-08-10 10:00:00.000 UTC,3,2024-08-10 10:00:00.000 UTC,769.0
IQS,69c1232e502b48e2b6c037a5,104727,True,496,,,2024-06-12 10:00:00.000 UTC,1,2024-06-12 10:00:00.000 UTC,828.0
IQS,31464a65fc4d46108c5e6c1a,104728,True,708,,,2026-07-23 10:00:00.000 UTC,4,2026-07-23 10:00:00.000 UTC,57.0
IQS,016b618cb2714e37b0f0ed47,104729,True,282,2025-05-26 10:00:00.000 UTC,2025-05-26 10:00:00.000 UTC,,3,2025-05-26 10:00:00.000 UTC,480.0
IQS,a6ef9a7f88984c0f94497c34,104730,True,0,2025-10-12 10:00:00.000 UTC,2025-10-12 10:00:00.000 UTC,2025-10-12 10:00:00.000 UTC,0,2025-10-12 10:00:00.000 UTC,341.0
IQS,75ea5e07cd10427eb6e8c0da,104731,True,0,,,2024-06-04 10:00:00.000 UTC,0,2024-06-04 10:00:00.000 UTC,836.0
IQS,38f721eac4424fcf815f6aea,104732,True,126,2023-05-01 10:00:00.000 UTC,2023-05-01 10:00:00.000 UTC,,2,2023-05-01 10:00:00.000 UTC,1236.0
IQS,a022cceb1dbd46baa4aa74cd,104733,True,1462,,,2023-11-13 10:00:00.000 UTC,2,2023-11-13 10:00:00.000 UTC,1040.0
IQS,aa7686abb3dd4d629488277d,104734,True,303,2021-07-02 10:00:00.000 UTC,2021-07-02 10:00:00.000 UTC,2021-07-02 10:00:00.000 UTC,2,2021-07-02 10:00:00.000 UTC,1904.0
IQS,b27ed70fbc0942b5848e7159,104735,True,0,,,,0,,
IQS,6119b72a0fa542858041113d,104736,True,0,,,2021-05-18 10:00:00.000 UTC,0,2021-05-18 10:00:00.000 UTC,1949.0
IQS,08be9b2e0d86476dbfd2996d,104737,True,900,2026-07-28 10:00:00.000 UTC,2026-07-28 10:00:00.000 UTC,2026-07-28 10:00:00.000 UTC,1,2026-07-28 10:00:00.000 UTC,52.0
IQS,f811bab3ebea4dae82721723,104738,True,0,2023-06-20 10:00:00.000 UTC,2023-06-20 10:00:00.000 UTC,2023-06-20 10:00:00.000 UTC,0,2023-06-20 10:00:00.000 UTC,1186.0
IQS,4e22db9ceca749c7bf504b00,104739,True,4963,2022-10-01 10:00:00.000 UTC,2022-10-01 10:00:00.000 UTC,,5,2022-10-01 10:00:00.000 UTC,1448.0
IQS,0f061b94be2f45268c29aba1,104740,True,6393,2023-02-07 10:00:00.000 UTC,2023-02-07 10:00:00.000 UTC,2023-02-07 10:00:00.000 UTC,2,2023-02-07 10:00:00.000 UTC,1319.0
IQS,fb2e45709e2d427dba78a4c2,104741,True,2026,,,,1,,
IQS,d9176123b2294a319c29c9cf,104742,True,1333,,,2021-12-27 10:00:00.000 UTC,3,2021-12-27 10:00:00.000 UTC,1726.0
IQS,e8c0275e548f417d9d79a215,104743,True,2080,,,,1,,
IQS,331dd585e92f483298fb7f73,104744,True,0,2026-07-19 10:00:00.000 UTC,2026-07-19 10:00:00.000 UTC,,0,2026-07-19 10:00:00.000 UTC,61.0
IQS,b2d79851234c4c75a34c405c,104745,True,167,,,,2,,
IQS,6e06fd7ffb004a2d9011788d,104746,True,0,2024-10-08 10:00:00.000 UTC,2024-10-08 10:00:00.000 UTC,,0,2024-10-08 10:00:00.000 UTC,710.0
IQS,6791ad4aabda447da428d28c,104747,True,7993,,,,2,,
IQS,1ca76e2032af43b89ae4da1b,104748,True,0,2021-10-21 10:00:00.000 UTC,2021-10-21 10:00:00.000 UTC,,0,2021-10-21 10:00:00.000 UTC,1793.0
IQS,33a177fd917541719d355c4f,104749,True,2167,2026-08-28 10:00:00.000 UTC,2026-08-28 10:00:00.000 UTC,2026-08-28 10:00:00.000 UTC,1,2026-08-28 10:00:00.000 UTC,21.0
IQS,627b615f8e054d1aabcb5db8,104750,True,1282,,,2026-07-11 10:00:00.000 UTC,2,2026-07-11 10:00:00.000 UTC,69.0
IQS,e95592531c234e10abdbf19d,104751,True,2792,,,,2,,
IQS,8be9e12160fa4154bb191485,104752,True,381,2024-12-14 10:00:00.000 UTC,2024-12-14 10:00:00.000 UTC,,2,2024-12-14 10:00:00.000 UTC,643.0
IQS,96d42827b3ad45e48f15f034,104753,True,0,2024-10-28 10:00:00.000 UTC,2024-10-28 10:00:00.000 UTC,,0,2024-10-28 10:00:00.000 UTC,690.0
IQS,1805e85e03094d9bac5ab267,104754,True,0,2025-01-16 10:00:00.000 UTC,2025-01-16 10:00:00.000 UTC,,0,2025-01-16 10:00:00.000 UTC,610.0
IQS,050ef22bb5f84628aec0b003,104755,True,309,2023-07-21 10:00:00.000 UTC,2023-07-21 10:00:00.000 UTC,2023-07-21 10:00:00.000 UTC,1,2023-07-21 10:00:00.000 UTC,1155.0
IQS,7eea4087181546f1ae00469e,104756,True,468,,,,1,,
IQS,044845cdd6484ff2b45a6bc1,104757,True,0,2026-09-10 10:00:00.000 UTC,2026-09-10 10:00:00.000 UTC,2026-09-10 10:00:00.000 UTC,0,2026-09-10 10:00:00.000 UTC,8.0
IQS,112bf4b2bcc34eeab0b7e1e1,104758,True,5181,,,,2,,
IQS,1f45be12061e49f5bb367fab,104759,True,215,2023-04-02 10:00:00.000 UTC,2023-04-02 10:00:00.000 UTC,2023-04-02 10:00:00.000 UTC,2,2023-04-02 10:00:00.000 UTC,1265.0
IQS,58f69a2241fe4d7caab9db60,104760,True,8482,,,2026-08-31 10:00:00.000 UTC,2,2026-08-31 10:00:00.000 UTC,18.0
IQS,f5ae26f67aee4f83806b8253,104761,True,1595,2020-12-15 10:00:00.000 UTC,2020-12-15 10:00:00.000 UTC,,1,2020-12-15 10:00:00.000 UTC,2103.0
IQS,d607e3b3003f4bfa9e24fd94,104762,True,0,2021-08-06 10:00:00.000 UTC,2021-08-06 10:00:00.000 UTC,,0,2021-08-06 10:00:00.000 UTC,1869.0
IQS,7133511506f4454fb14ed1bf,104763,True,1204,2020-07-05 10:00:00.000 UTC,2020-07-05 10:00:00.000 UTC,2020-07-05 10:00:00.000 UTC,1,2020-07-05 10:00:00.000 UTC,2266.0
IQS,d03795d72c5043c8ad33944e,104764,True,0,2023-09-03 10:00:00.000 UTC,2023-09-03 10:00:00.000 UTC,2023-09-03 10:00:00.000 UTC,0,2023-09-03 10:00:00.000 UTC,1111.0
IQS,16eb83bc7b704d37915749c3,104765,True,2790,2026-07-28 10:00:00.000 UTC,2026-07-28 10:00:00.000 UTC,,1,2026-07-28 10:00:00.000 UTC,52.0
IQS,5a6801f98d39430c9dc87edc,104766,True,0,2025-12-16 10:00:00.000 UTC,2025-12-16 10:00:00.000 UTC,,0,2025-12-16 10:00:00.000 UTC,276.0
IQS,1fbc2c7c19a94c8fbf21d2dc,104767,True,802,2023-11-09 10:00:00.000 UTC,2023-11-09 10:00:00.000 UTC,2023-11-09 10:00:00.000 UTC,2,2023-11-09 10:00:00.000 UTC,1044.0
IQS,28a42cc647cc4ead861b159b,104768,True,1620,,,2026-06-04 10:00:00.000 UTC,3,2026-06-04 10:00:00.000 UTC,106.0
IQS,39f8559b04b148b4b4ca3c5c,104769,True,18931,,,2025-03-08 10:00:00.000 UTC,3,2025-03-08 10:00:00.000 UTC,559.0
IQS,5ae2aed758224473bc3a049f,104770,True,385,2021-07-19 10:00:00.000 UTC,2021-07-19 10:00:00.000 UTC,,1,2021-07-19 10:00:00.000 UTC,1887.0
IQS,fefdfec18c01432786ea372d,104771,True,0,2023-11-01 10:00:00.000 UTC,2023-11-01 10:00:00.000 UTC,,0,2023-11-01 10:00:00.000 UTC,1052.0
IQS,fb2adce36f764344b75ff7d7,104772,True,0,,,2018-04-25 10:00:00.000 UTC,0,2018-04-25 10:00:00.000 UTC,3068.0
IQS,8c0d36c10b184d2dbcb89a59,104773,True,166,2026-07-19 10:00:00.000 UTC,2026-07-19 10:00:00.000 UTC,2026-07-19 10:00:00.000 UTC,1,2026-07-19 10:00:00.000 UTC,61.0
IQS,29396e4b71e241d3b4ae0e89,104774,True,717,,,2025-02-23 10:00:00.000 UTC,2,2025-02-23 10:00:00.000 UTC,572.0
IQS,a0e10d6a80cc469fbbf5fae0,104775,True,4164,,,,2,,
IQS,a42294520690460f99df76fd,104776,True,0,,,2023-09-09 10:00:00.000 UTC,0,2023-09-09 10:00:00.000 UTC,1105.0
IQS,2e9d9031a0af47869e6c3c01,104777,True,116,,,,3,,
IQS,c8a6725b15c14d088a54402d,104778,True,1860,,,2025-02-20 10:00:00.000 UTC,1,2025-02-20 10:00:00.000 UTC,575.0
IQS,b2a9532dddfc4d489736e76a,104779,True,394,,,,1,,
IQS,a227edd255894b44a6bd45cd,104780,True,876,2025-07-29 10:00:00.000 UTC,2025-07-29 10:00:00.000 UTC,2025-07-29 10:00:00.000 UTC,1,2025-07-29 10:00:00.000 UTC,416.0
IQS,288ce502263d443d8bfb4598,104781,True,117,,,,3,,
IQS,68da7a2d5aae413ca51ea5e4,104782,True,240,2022-03-26 10:00:00.000 UTC,2022-03-26 10:00:00.000 UTC,2022-03-26 10:00:00.000 UTC,3,2022-03-26 10:00:00.000 UTC,1637.0
IQS,9059a76ae7374eed9adb93ca,104783,True,1766,2026-07-11 10:00:00.000 UTC,2026-07-11 10:00:00.000 UTC,2026-07-11 10:00:00.000 UTC,3,2026-07-11 10:00:00.000 UTC,69.0
IQS,a6bfadd0d4644fe984ce1046,104784,True,1309,,,2024-07-22 10:00:00.000 UTC,1,2024-07-22 10:00:00.000 UTC,788.0
IQS,2885e74949a145a79de74cd5,104785,True,0,2026-07-18 10:00:00.000 UTC,2026-07-18 10:00:00.000 UTC,2026-07-18 10:00:00.000 UTC,0,2026-07-18 10:00:00.000 UTC,62.0
IQS,73a91537507f4dbd84869504,104786,True,364,,,2026-08-19 10:00:00.000 UTC,1,2026-08-19 10:00:00.000 UTC,30.0
IQS,24ef08574a8940458bb96946,104787,True,746,2022-04-23 10:00:00.000 UTC,2022-04-23 10:00:00.000 UTC,2022-04-23 10:00:00.000 UTC,1,2022-04-23 10:00:00.000 UTC,1609.0
IQS,156d62d7f1aa4e17afd115af,104788,True,763,2026-05-25 10:00:00.000 UTC,2026-05-25 10:00:00.000 UTC,,2,2026-05-25 10:00:00.000 UTC,116.0
IQS,493b56afd541484abc6e73a2,104789,True,2071,2024-12-19 10:00:00.000 UTC,2024-12-19 10:00:00.000 UTC,2024-12-19 10:00:00.000 UTC,2,2024-12-19 10:00:00.000 UTC,638.0
IQS,f987d1a17d644e159ff89d2e,104790,True,0,2025-03-25 10:00:00.000 UTC,2025-03-25 10:00:00.000 UTC,,0,2025-03-25 10:00:00.000 UTC,542.0
IQS,dbe2de7c2957499f9ac9ade5,104791,True,213,,,,2,,
IQS,550d7d279c5a45b49da80c8a,104792,True,450,,,2025-06-07 10:00:00.000 UTC,1,2025-06-07 10:00:00.000 UTC,468.0
IQS,e78c70a827b844cfa1d4c29c,104793,True,3571,2026-07-24 10:00:00.000 UTC,2026-07-24 10:00:00.000 UTC,,4,2026-07-24 10:00:00.000 UTC,56.0
IQS,6e78bb29322d4ec396ccc20a,104794,True,0,,,,0,,
IQS,8e2c179b516340a08879de0d,104795,True,0,,,,0,,
IQS,a4e99b6d3431442298326e4b,104796,True,701,,,2026-06-19 10:00:00.000 UTC,1,2026-06-19 10:00:00.000 UTC,91.0
IQS,ea6186bc69c1416aa5af9677,104797,True,1539,2024-05-23 10:00:00.000 UTC,2024-05-23 10:00:00.000 UTC,2024-05-23 10:00:00.000 UTC,2,2024-05-23 10:00:00.000 UTC,848.0
IQS,f7ed1dd13c084206b9235ed5,104798,True,1498,2023-07-24 10:00:00.000 UTC,2023-07-24 10:00:00.000 UTC,2023-07-24 10:00:00.000 UTC,1,2023-07-24 10:00:00.000 UTC,1152.0
IQS,0d2b920048474a9aabe431c5,104799,True,1550,2026-07-25 10:00:00.000 UTC,2026-07-25 10:00:00.000 UTC,,1,2026-07-25 10:00:00.000 UTC,55.0
IQS,303a4ea44f414f9da28ed030,104800,True,27,2024-10-14 10:00:00.000 UTC,2024-10-14 10:00:00.000 UTC,,2,2024-10-14 10:00:00.000 UTC,704.0
IQS,c8578daaf7b349f7a6ecdc56,104801,True,1809,,,,3,,
IQS,5bcdddca513c439280bf893a,104802,True,3848,,,2018-08-09 10:00:00.000 UTC,2,2018-08-09 10:00:00.000 UTC,2962.0
IQS,68c47a7942734bbc8f451291,104803,True,8093,,,,1,,
IQS,3eb0c4f441f642f49ddec258,104804,True,0,,,,0,,
IQS,378f51249aaf4cdd86377a43,104805,True,1438,,,,1,,
IQS,30d162cc653241198882c76b,104806,True,767,2023-09-04 10:00:00.000 UTC,2023-09-04 10:00:00.000 UTC,2023-09-04 10:00:00.000 UTC,1,2023-09-04 10:00:00.000 UTC,1110.0
IQS,e9977dec29f943dca9d9368a,104807,True,144,,,,3,,
IQS,bc6ed53e5a984787b7214c3f,104808,True,2400,,,2023-04-27 10:00:00.000 UTC,2,2023-04-27 10:00:00.000 UTC,1240.0
IQS,47bc0283cf1f4c2bba0bff4c,104809,True,0,,,,0,,
IQS,6a30af6ebcc5499f8c2d4d9f,104810,True,1466,2024-01-15 10:00:00.000 UTC,2024-01-15 10:00:00.000 UTC,,4,2024-01-15 10:00:00.000 UTC,977.0
IQS,1dd5a4196bef4432a79fcc80,104811,True,412,,,2024-05-09 10:00:00.000 UTC,3,2024-05-09 10:00:00.000 UTC,862.0
IQS,34a6b2c1ed2f43a3a75e7ab8,104812,True,1914,2025-02-25 10:00:00.000 UTC,2025-02-25 10:00:00.000 UTC,,2,2025-02-25 10:00:00.000 UTC,570.0
IQS,9a934542220c43038682b511,104813,True,8793,,,,3,,
IQS,96181bbd70904b6f91fbf6b4,104814,True,4459,,,,2,,
IQS,e0531416e9f9405b97eb5f04,104815,True,0,2023-09-16 10:00:00.000 UTC,2023-09-16 10:00:00.000 UTC,2023-09-16 10:00:00.000 UTC,0,2023-09-16 10:00:00.000 UTC,1098.0
IQS,4b0304c0d0634918bc2bbe27,104816,True,86,,,2025-08-19 10:00:00.000 UTC,3,2025-08-19 10:00:00.000 UTC,395.0
IQS,db79d69d131643468831aee5,104817,True,0,2024-03-08 10:00:00.000 UTC,2024-03-08 10:00:00.000 UTC,2024-03-08 10:00:00.000 UTC,0,2024-03-08 10:00:00.000 UTC,924.0
IQS,f47d415189384e43803a682e,104818,True,2473,,,,1,,
IQS,a842ed776ea547b0a174ee90,104819,True,0,2023-09-21 10:00:00.000 UTC,2023-09-21 10:00:00.000 UTC,2023-09-21 10:00:00.000 UTC,0,2023-09-21 10:00:00.000 UTC,1093.0
IQS,947c7fd305564dd8a8e96705,104820,True,2913,,,,2,,
IQS,b39af6fe22c845cb85514ecb,104821,True,1720,2021-12-15 10:00:00.000 UTC,2021-12-15 10:00:00.000 UTC,2021-12-15 10:00:00.000 UTC,4,2021-12-15 10:00:00.000 UTC,1738.0
IQS,056992d0264a4087ad5dcfff,104822,True,0,,,,0,,
IQS,519c22fb2ebe4780a9a4e2ef,104823,True,0,2024-12-02 10:00:00.000 UTC,2024-12-02 10:00:00.000 UTC,,0,2024-12-02 10:00:00.000 UTC,655.0
IQS,fc480ef42cb844f99e0877d7,104824,True,741,,,,1,,
IQS,f16f6c1d8ed947ef80e7ec32,104825,True,1839,,,,1,,
IQS,618430c8019a45478a45d99e,104826,True,0,,,2026-01-10 10:00:00.000 UTC,0,2026-01-10 10:00:00.000 UTC,251.0
IQS,60a13138481f493fb0db1b24,104827,True,0,,,2022-09-26 10:00:00.000 UTC,0,2022-09-26 10:00:00.000 UTC,1453.0
IQS,08d526a5af304fcab1e3307f,104828,True,0,2022-04-11 10:00:00.000 UTC,2022-04-11 10:00:00.000 UTC,2022-04-11 10:00:00.000 UTC,0,2022-04-11 10:00:00.000 UTC,1621.0
IQS,855fdebf394b4cd7b0ce88e2,104829,True,0,2023-01-27 10:00:00.000 UTC,2023-01-27 10:00:00.000 UTC,2023-01-27 10:00:00.000 UTC,0,2023-01-27 10:00:00.000 UTC,1330.0
IQS,2c25eee895b442b4aecc0244,104830,True,0,2024-04-10 10:00:00.000 UTC,2024-04-10 10:00:00.000 UTC,,0,2024-04-10 10:00:00.000 UTC,891.0
IQS,9ab21b93a8404a2ab4103d6a,104831,True,1838,2025-04-03 10:00:00.000 UTC,2025-04-03 10:00:00.000 UTC,2025-04-03 10:00:00.000 UTC,1,2025-04-03 10:00:00.000 UTC,533.0
IQS,a963c10ac4cf4bfe89e3ccf8,104832,True,368,2025-04-29 10:00:00.000 UTC,2025-04-29 10:00:00.000 UTC,2025-04-29 10:00:00.000 UTC,1,2025-04-29 10:00:00.000 UTC,507.0
IQS,e77b53cc95484e0bb37510a8,104833,True,7949,2025-08-21 10:00:00.000 UTC,2025-08-21 10:00:00.000 UTC,,4,2025-08-21 10:00:00.000 UTC,393.0
IQS,169fe3ff546743a3bf31ff9c,104834,True,2337,2024-10-04 10:00:00.000 UTC,2024-10-04 10:00:00.000 UTC,2024-10-04 10:00:00.000 UTC,2,2024-10-04 10:00:00.000 UTC,714.0
IQS,57a9d20378b641b69c206200,104835,True,1413,,,2022-06-13 10:00:00.000 UTC,2,2022-06-13 10:00:00.000 UTC,1558.0
IQS,d578d92bd9c04c328adf457b,104836,True,471,,,,1,,
IQS,1d43eba5b3724b69a2078e67,104837,True,228,2026-06-27 10:00:00.000 UTC,2026-06-27 10:00:00.000 UTC,2026-06-27 10:00:00.000 UTC,4,2026-06-27 10:00:00.000 UTC,83.0
IQS,8b107db1adf1475c918d6abb,104838,True,4233,2026-03-06 10:00:00.000 UTC,2026-03-06 10:00:00.000 UTC,,3,2026-03-06 10:00:00.000 UTC,196.0
IQS,5fec3f3207064bc3b7fe029a,104839,True,538,2021-12-24 10:00:00.000 UTC,2021-12-24 10:00:00.000 UTC,,2,2021-12-24 10:00:00.000 UTC,1729.0
IQS,ff200e7834df459eb4f1d226,104840,True,791,,,,4,,
IQS,69f2fe2b4ca24d5798fef46a,104841,True,0,,,2023-10-02 10:00:00.000 UTC,0,2023-10-02 10:00:00.000 UTC,1082.0
IQS,d7f2d10c3a44440392ece940,104842,True,124,,,2021-12-31 10:00:00.000 UTC,1,2021-12-31 10:00:00.000 UTC,1722.0
IQS,03fadd254e9c4f75b06c6d8e,104843,True,570,2019-04-04 10:00:00.000 UTC,2019-04-04 10:00:00.000 UTC,,1,2019-04-04 10:00:00.000 UTC,2724.0
IQS,3078535de3af4b809ddcf016,104844,True,9318,,,,1,,
IQS,7f004f173d0e43ea9a8d2e1e,104845,True,243,2022-05-10 10:00:00.000 UTC,2022-05-10 10:00:00.000 UTC,2022-05-10 10:00:00.000 UTC,2,2022-05-10 10:00:00.000 UTC,1592.0
IQS,a9500c47736947c2ac94d2be,104846,True,1307,,,2024-06-21 10:00:00.000 UTC,3,2024-06-21 10:00:00.000 UTC,819.0
IQS,3582203b6ffc42c8a7648620,104847,True,0,2024-12-06 10:00:00.000 UTC,2024-12-06 10:00:00.000 UTC,2024-12-06 10:00:00.000 UTC,0,2024-12-06 10:00:00.000 UTC,651.0
IQS,56f39f9676184b03a33fc08e,104848,True,543,,,,3,,
IQS,a335a6eac66c431198d2dd30,104849,True,1053,2022-03-24 10:00:00.000 UTC,2022-03-24 10:00:00.000 UTC,,2,2022-03-24 10:00:00.000 UTC,1639.0
IQS,cdf2b690faa949d59e877706,104850,True,1155,,,,3,,
IQS,314a944227cd42ef8e6a9146,104851,True,329,,,2024-02-23 10:00:00.000 UTC,1,2024-02-23 10:00:00.000 UTC,938.0
IQS,d41603c57b2545ca8029eb89,104852,True,3767,2021-08-18 10:00:00.000 UTC,2021-08-18 10:00:00.000 UTC,,1,2021-08-18 10:00:00.000 UTC,1857.0
IQS,ea1b129460c248aeb3d07daf,104853,True,0,2025-07-07 10:00:00.000 UTC,2025-07-07 10:00:00.000 UTC,,0,2025-07-07 10:00:00.000 UTC,438.0
IQS,dce36442b73a4d6f9c2c5e6c,104854,True,575,2025-10-27 10:00:00.000 UTC,2025-10-27 10:00:00.000 UTC,2025-10-27 10:00:00.000 UTC,1,2025-10-27 10:00:00.000 UTC,326.0
IQS,fb34462e28bc4dc5b626245d,104855,True,0,2026-06-16 10:00:00.000 UTC,2026-06-16 10:00:00.000 UTC,2026-06-16 10:00:00.000 UTC,0,2026-06-16 10:00:00.000 UTC,94.0
IQS,4b09ee98425a4c9fa55893ad,104856,True,212,,,,1,,
IQS,1da8804c8dec456ea6130754,104857,True,0,2021-10-27 10:00:00.000 UTC,2021-10-27 10:00:00.000 UTC,2021-10-27 10:00:00.000 UTC,0,2021-10-27 10:00:00.000 UTC,1787.0
IQS,8fcfa3d852a14fcf918b353d,104858,True,1702,,,,2,,
IQS,432a6fdc77ca48e98a9dc7c3,104859,True,759,,,,2,,
IQS,7d448909b18c4795b88e036c,104860,True,448,2021-03-21 10:00:00.000 UTC,2021-03-21 10:00:00.000 UTC,,2,2021-03-21 10:00:00.000 UTC,2007.0
IQS,b72221128acf41c692762b0b,104861,True,1352,,,,2,,
IQS,f667baeffc8f4b7f954e5d95,104862,True,0,2023-12-24 10:00:00.000 UTC,2023-12-24 10:00:00.000 UTC,,0,2023-12-24 10:00:00.000 UTC,999.0
IQS,8cb1643e43dd47b489f11d54,104863,True,0,,,2024-08-10 10:00:00.000 UTC,0,2024-08-10 10:00:00.000 UTC,769.0
IQS,7661b51ea5e14f26b3be23e3,104864,True,2180,,,,1,,
IQS,aba7fc94b32e400fa757fa8e,104865,True,26435,2026-06-08 10:00:00.000 UTC,2026-06-08 10:00:00.000 UTC,,2,2026-06-08 10:00:00.000 UTC,102.0
IQS,c261afe665fc4f73abf3738f,104866,True,0,2025-01-05 10:00:00.000 UTC,2025-01-05 10:00:00.000 UTC,2025-01-05 10:00:00.000 UTC,0,2025-01-05 10:00:00.000 UTC,621.0
IQS,19de993bf4aa48b4a21bcdb8,104867,True,4050,,,,2,,
IQS,27944bdc723d48efb61c4460,104868,True,14517,2025-06-26 10:00:00.000 UTC,2025-06-26 10:00:00.000 UTC,,3,2025-06-26 10:00:00.000 UTC,449.0
IQS,586db218784b40ce8342dee6,104869,True,210,2023-11-30 10:00:00.000 UTC,2023-11-30 10:00:00.000 UTC,2023-11-30 10:00:00.000 UTC,1,2023-11-30 10:00:00.000 UTC,1023.0
IQS,69b94276a59a4bfe975e16d1,104870,True,221,2020-06-16 10:00:00.000 UTC,2020-06-16 10:00:00.000 UTC,2020-06-16 10:00:00.000 UTC,4,2020-06-16 10:00:00.000 UTC,2285.0
IQS,3ed57200a8484f11bddb4791,104871,True,0,,,2026-07-10 10:00:00.000 UTC,0,2026-07-10 10:00:00.000 UTC,70.0
IQS,677adac5d3034b6ab0aabd78,104872,True,5072,2023-12-06 10:00:00.000 UTC,2023-12-06 10:00:00.000 UTC,2023-12-06 10:00:00.000 UTC,1,2023-12-06 10:00:00.000 UTC,1017.0
IQS,422afef3149c479d9968f455,104873,True,881,2022-06-18 10:00:00.000 UTC,2022-06-18 10:00:00.000 UTC,,3,2022-06-18 10:00:00.000 UTC,1553.0
IQS,c1254faf14c04b919b88d1cf,104874,True,3847,2023-12-27 10:00:00.000 UTC,2023-12-27 10:00:00.000 UTC,2023-12-27 10:00:00.000 UTC,2,2023-12-27 10:00:00.000 UTC,996.0
IQS,f1acce58c4784d0b80d5ffae,104875,True,3170,2026-08-05 10:00:00.000 UTC,2026-08-05 10:00:00.000 UTC,,1,2026-08-05 10:00:00.000 UTC,44.0
IQS,cd1160a4294944d2a06dfc4e,104876,True,99,,,,1,,
IQS,97f175d0e7a845d39b7cd15d,104877,True,12,,,,2,,
IQS,9a1d26807d4441f498012c07,104878,True,0,2024-04-04 10:00:00.000 UTC,2024-04-04 10:00:00.000 UTC,,0,2024-04-04 10:00:00.000 UTC,897.0
IQS,e072312f4c444d1f8ce1546f,104879,True,0,2022-06-16 10:00:00.000 UTC,2022-06-16 10:00:00.000 UTC,,0,2022-06-16 10:00:00.000 UTC,1555.0
IQS,b5bb120d71334fd6ba8ffcd6,104880,True,2385,,,,2,,
IQS,b51f1a1824cf4aab9bfccfea,104881,True,2298,,,2024-01-14 10:00:00.000 UTC,3,2024-01-14 10:00:00.000 UTC,978.0
IQS,dffdc5866e9a40d785503b0f,104882,True,0,,,,0,,
IQS,6e9aa853b3134c24bbccfc8f,104883,True,3086,,,,2,,
IQS,9ceae07e2c014e9a98992e31,104884,True,1882,,,2024-03-16 10:00:00.000 UTC,1,2024-03-16 10:00:00.000 UTC,916.0
IQS,39267dc47f0749899ae302a6,104885,True,804,2025-05-23 10:00:00.000 UTC,2025-05-23 10:00:00.000 UTC,2025-05-23 10:00:00.000 UTC,2,2025-05-23 10:00:00.000 UTC,483.0
IQS,4888246ab11344baab75aa25,104886,True,430,,,,1,,
IQS,dea3a46b03b347d69d40c801,104887,True,2870,,,2023-01-22 10:00:00.000 UTC,1,2023-01-22 10:00:00.000 UTC,1335.0
IQS,97d54d00316d489696d14dc0,104888,True,0,,,,0,,
IQS,a9547718823a4f21a8b85ba3,104889,True,340,2025-10-12 10:00:00.000 UTC,2025-10-12 10:00:00.000 UTC,,2,2025-10-12 10:00:00.000 UTC,341.0
IQS,900b78b658f24ecab6d9a031,104890,True,0,,,,0,,
IQS,9b00cbea65f94d6c8c508b3f,104891,True,569,2021-03-22 10:00:00.000 UTC,2021-03-22 10:00:00.000 UTC,2021-03-22 10:00:00.000 UTC,2,2021-03-22 10:00:00.000 UTC,2006.0
IQS,13847814f982411a8f8af792,104892,True,206,2023-10-01 10:00:00.000 UTC,2023-10-01 10:00:00.000 UTC,2023-10-01 10:00:00.000 UTC,1,2023-10-01 10:00:00.000 UTC,1083.0
IQS,8babd957080740f78892c469,104893,True,132,,,,2,,
IQS,a51f204e91ce4649aab26b67,104894,True,4140,,,,2,,
IQS,cf3518737e5548b4b6edfaf4,104895,True,740,2026-06-28 10:00:00.000 UTC,2026-06-28 10:00:00.000 UTC,2026-06-28 10:00:00.000 UTC,1,2026-06-28 10:00:00.000 UTC,82.0
IQS,c6e69b895a8a4b91899cf0ed,104896,True,5252,2024-11-08 10:00:00.000 UTC,2024-11-08 10:00:00.000 UTC,2024-11-08 10:00:00.000 UTC,1,2024-11-08 10:00:00.000 UTC,679.0
IQS,2caa4ec773ce4f9593ef3a2e,104897,True,955,,,,1,,
IQS,92d42043bf5e496cb4562c2b,104898,True,116,,,,2,,
IQS,53c08f7ed1fd430a8b8f310a,104899,True,1847,2023-01-11 10:00:00.000 UTC,2023-01-11 10:00:00.000 UTC,2023-01-11 10:00:00.000 UTC,1,2023-01-11 10:00:00.000 UTC,1346.0
IQS,3219ec34de6b45a8a3fd35b1,104900,True,1771,2026-09-15 10:00:00.000 UTC,2026-09-15 10:00:00.000 UTC,2026-09-15 10:00:00.000 UTC,1,2026-09-15 10:00:00.000 UTC,3.0
IQS,98c600b326d846c1af689683,104901,True,1777,,,,1,,
IQS,1eaba005dbc94d6db64d269c,104902,True,81,,,,1,,
IQS,18030282158048c69bb56d31,104903,True,2147,,,,1,,
IQS,b64566350bbd4460bb67cc8c,104904,True,0,2026-05-17 10:00:00.000 UTC,2026-05-17 10:00:00.000 UTC,2026-05-17 10:00:00.000 UTC,0,2026-05-17 10:00:00.000 UTC,124.0
IQS,35b3cb602e504dcea41e16b2,104905,True,0,2018-12-29 10:00:00.000 UTC,2018-12-29 10:00:00.000 UTC,2018-12-29 10:00:00.000 UTC,0,2018-12-29 10:00:00.000 UTC,2820.0
IQS,ebe58767f45f45c2819001ec,104906,True,126,,,,1,,
IQS,19ecb279a64442eba2705513,104907,True,565,,,,1,,
IQS,556616db90bd495397fa9b76,104908,True,430,,,,1,,
IQS,9a91177308224fadb220167b,104909,True,984,,,,2,,
IQS,0b576b2aaba64ed4bd7c2cd1,104910,True,0,,,2024-10-19 10:00:00.000 UTC,0,2024-10-19 10:00:00.000 UTC,699.0
IQS,4726b3b5df264043bd997579,104911,True,2598,,,2025-02-22 10:00:00.000 UTC,1,2025-02-22 10:00:00.000 UTC,573.0
IQS,edd54af2f17743d8926abd26,104912,True,270,2024-12-11 10:00:00.000 UTC,2024-12-11 10:00:00.000 UTC,2024-12-11 10:00:00.000 UTC,1,2024-12-11 10:00:00.000 UTC,646.0
IQS,e9c6d9009ece484bb278ea29,104913,True,0,,,,0,,
IQS,a013a01149aa4646b24b0fc1,104914,True,139,2023-06-01 10:00:00.000 UTC,2023-06-01 10:00:00.000 UTC,,3,2023-06-01 10:00:00.000 UTC,1205.0
IQS,e6d424f7d5ee4a4693c67924,104915,True,1109,2026-09-14 10:00:00.000 UTC,2026-09-14 10:00:00.000 UTC,2026-09-14 10:00:00.000 UTC,1,2026-09-14 10:00:00.000 UTC,4.0
IQS,ab85f5da2397495bb8e83838,104916,True,1012,,,,3,,
IQS,c617c0f5b5134754a8bbc329,104917,True,83,,,,1,,
IQS,942c661a9fb443dc853c9924,104918,True,0,,,,0,,
IQS,1cbbb65272d94793a91fe81a,104919,True,0,2022-12-16 10:00:00.000 UTC,2022-12-16 10:00:00.000 UTC,,0,2022-12-16 10:00:00.000 UTC,1372.0
IQS,92b712fcc2824717bcc4f168,104920,True,0,2026-08-24 10:00:00.000 UTC,2026-08-24 10:00:00.000 UTC,2026-08-24 10:00:00.000 UTC,0,2026-08-24 10:00:00.000 UTC,25.0
IQS,720b09e97b5c4b008067a6bd,104921,True,0,2026-05-25 10:00:00.000 UTC,2026-05-25 10:00:00.000 UTC,,0,2026-05-25 10:00:00.000 UTC,116.0
IQS,cd55236c7b8845ffb0aa1ea0,104922,True,0,,,,0,,
IQS,943a1a469d2b4b19abb3cb6f,104923,True,6227,2018-11-07 10:00:00.000 UTC,2018-11-07 10:00:00.000 UTC,2018-11-07 10:00:00.000 UTC,2,2018-11-07 10:00:00.000 UTC,2872.0
IQS,2de856d34c5a4630b50a6d2b,104924,True,0,2025-11-07 10:00:00.000 UTC,2025-11-07 10:00:00.000 UTC,,0,2025-11-07 10:00:00.000 UTC,315.0
IQS,f7e8d539bc9f49a3af942079,104925,True,750,2024-12-15 10:00:00.000 UTC,2024-12-15 10:00:00.000 UTC,2024-12-15 10:00:00.000 UTC,1,2024-12-15 10:00:00.000 UTC,642.0
IQS,07954c1f2b794b3e86211d24,104926,True,0,,,2024-10-21 10:00:00.000 UTC,0,2024-10-21 10:00:00.000 UTC,697.0
IQS,a92fbe2f1ccc4d9e84a7d470,104927,True,565,2022-07-24 10:00:00.000 UTC,2022-07-24 10:00:00.000 UTC,2022-07-24 10:00:00.000 UTC,2,2022-07-24 10:00:00.000 UTC,1517.0
IQS,c8a5b2ea7ef840f9abdf7223,104928,True,326,,,,1,,
IQS,5362edddc420475495496382,104929,True,1834,2026-08-04 10:00:00.000 UTC,2026-08-04 10:00:00.000 UTC,2026-08-04 10:00:00.000 UTC,1,2026-08-04 10:00:00.000 UTC,45.0
IQS,97096ab30b5a481581785701,104930,True,1054,2021-07-13 10:00:00.000 UTC,2021-07-13 10:00:00.000 UTC,,1,2021-07-13 10:00:00.000 UTC,1893.0
IQS,20ddfe4c157f4c49a9abd405,104931,True,0,2023-09-07 10:00:00.000 UTC,2023-09-07 10:00:00.000 UTC,2023-09-07 10:00:00.000 UTC,0,2023-09-07 10:00:00.000 UTC,1107.0
IQS,f405cf4c9b06400a8872aeea,104932,True,0,2025-03-14 10:00:00.000 UTC,2025-03-14 10:00:00.000 UTC,2025-03-14 10:00:00.000 UTC,0,2025-03-14 10:00:00.000 UTC,553.0
IQS,8c02233c80794732bd15efeb,104933,True,2982,,,2023-12-12 10:00:00.000 UTC,1,2023-12-12 10:00:00.000 UTC,1011.0
IQS,a971001feb184e988ce0253b,104934,True,1956,2025-08-08 10:00:00.000 UTC,2025-08-08 10:00:00.000 UTC,2025-08-08 10:00:00.000 UTC,2,2025-08-08 10:00:00.000 UTC,406.0
IQS,c03c958b7e714189b76e73a5,104935,True,567,,,2021-07-22 10:00:00.000 UTC,3,2021-07-22 10:00:00.000 UTC,1884.0
IQS,ae68853632ad478c9a6477ec,104936,True,0,,,2022-10-15 10:00:00.000 UTC,0,2022-10-15 10:00:00.000 UTC,1434.0
IQS,83e476b83ca4408c863d4635,104937,True,1051,2026-07-04 10:00:00.000 UTC,2026-07-04 10:00:00.000 UTC,,2,2026-07-04 10:00:00.000 UTC,76.0
IQS,bc203dab7ba94535a7561e70,104938,True,288,,,,2,,
IQS,58ebf962e0404c718ec51ecf,104939,True,0,,,2023-02-18 10:00:00.000 UTC,0,2023-02-18 10:00:00.000 UTC,1308.0
IQS,ccadec675a8f4d3b99cdf0cb,104940,True,3064,2026-08-01 10:00:00.000 UTC,2026-08-01 10:00:00.000 UTC,,3,2026-08-01 10:00:00.000 UTC,48.0
IQS,74a815b3f623472eb7e63364,104941,True,0,,,2021-08-08 10:00:00.000 UTC,0,2021-08-08 10:00:00.000 UTC,1867.0
IQS,ce00e283e43549d4bdbf91f5,104942,True,2595,,,2021-03-14 10:00:00.000 UTC,3,2021-03-14 10:00:00.000 UTC,2014.0
IQS,a09a264d96a24bb9a6ad4ffd,104943,True,162,,,,2,,
IQS,cd13afdc3db94c07b770202a,104944,True,0,2024-04-20 10:00:00.000 UTC,2024-04-20 10:00:00.000 UTC,,0,2024-04-20 10:00:00.000 UTC,881.0
IQS,5083d9033eee4869b3fbf3b2,104945,True,1909,,,,2,,
IQS,e4657e5e693f45d9939c5723,104946,True,417,2025-07-01 10:00:00.000 UTC,2025-07-01 10:00:00.000 UTC,2025-07-01 10:00:00.000 UTC,5,2025-07-01 10:00:00.000 UTC,444.0
IQS,2f9672985ce6429bbe8bb9d4,104947,True,8051,,,,3,,
IQS,5c767d55a7ee475aa04d04be,104948,True,741,,,2026-08-04 10:00:00.000 UTC,1,2026-08-04 10:00:00.000 UTC,45.0
IQS,88a6f7e81a8648cf9cba936d,104949,True,7122,2024-03-01 10:00:00.000 UTC,2024-03-01 10:00:00.000 UTC,2024-03-01 10:00:00.000 UTC,3,2024-03-01 10:00:00.000 UTC,931.0
IQS,b86cc6c8f5574928af4e7bd2,104950,True,1648,2023-08-06 10:00:00.000 UTC,2023-08-06 10:00:00.000 UTC,,1,2023-08-06 10:00:00.000 UTC,1139.0
IQS,f3ebab1642c548c39913a2bd,104951,True,0,2020-07-16 10:00:00.000 UTC,2020-07-16 10:00:00.000 UTC,,0,2020-07-16 10:00:00.000 UTC,2255.0
IQS,5714ccd8f6d9417b8595ebcc,104952,True,547,2023-04-21 10:00:00.000 UTC,2023-04-21 10:00:00.000 UTC,,2,2023-04-21 10:00:00.000 UTC,1246.0
IQS,6b839d5eaddc410eadad2153,104953,True,4091,2021-06-01 10:00:00.000 UTC,2021-06-01 10:00:00.000 UTC,,1,2021-06-01 10:00:00.000 UTC,1935.0
IQS,f5efd1e1f2a64f20a9824fd0,104954,True,6768,2023-04-03 10:00:00.000 UTC,2023-04-03 10:00:00.000 UTC,2023-04-03 10:00:00.000 UTC,2,2023-04-03 10:00:00.000 UTC,1264.0
IQS,4936956c5be440529b734fcb,104955,True,13514,,,2025-03-27 10:00:00.000 UTC,2,2025-03-27 10:00:00.000 UTC,540.0
IQS,1b8c172fcd714375b8d3fd6c,104956,True,1075,2021-10-07 10:00:00.000 UTC,2021-10-07 10:00:00.000 UTC,,1,2021-10-07 10:00:00.000 UTC,1807.0
IQS,540c1a3e5e1d49df8685ab98,104957,True,1350,2022-07-04 10:00:00.000 UTC,2022-07-04 10:00:00.000 UTC,,1,2022-07-04 10:00:00.000 UTC,1537.0
IQS,287642825b8e45c6974a09f5,104958,True,382,,,,4,,
IQS,b36ef6bb601c4b4f91fb23a2,104959,True,1763,2024-11-07 10:00:00.000 UTC,2024-11-07 10:00:00.000 UTC,2024-11-07 10:00:00.000 UTC,2,2024-11-07 10:00:00.000 UTC,680.0
IQS,cd41042e1544483595b512a0,104960,True,0,2026-08-06 10:00:00.000 UTC,2026-08-06 10:00:00.000 UTC,2026-08-06 10:00:00.000 UTC,0,2026-08-06 10:00:00.000 UTC,43.0
IQS,e3c52c00bb854e9389a3cac7,104961,True,256,2021-06-22 10:00:00.000 UTC,2021-06-22 10:00:00.000 UTC,2021-06-22 10:00:00.000 UTC,2,2021-06-22 10:00:00.000 UTC,1914.0
IQS,4365634ceae94fa797ce640d,104962,True,459,2026-08-09 10:00:00.000 UTC,2026-08-09 10:00:00.000 UTC,2026-08-09 10:00:00.000 UTC,4,2026-08-09 10:00:00.000 UTC,40.0
IQS,1d84c6a8209845c5b65d5d37,104963,True,0,,,2020-05-05 10:00:00.000 UTC,0,2020-05-05 10:00:00.000 UTC,2327.0
IQS,453a6d34ad904c1bb7864340,104964,True,196,2022-06-19 10:00:00.000 UTC,2022-06-19 10:00:00.000 UTC,,1,2022-06-19 10:00:00.000 UTC,1552.0
IQS,10fa62d1f94f4d5291007af8,104965,True,0,2023-12-01 10:00:00.000 UTC,2023-12-01 10:00:00.000 UTC,2023-12-01 10:00:00.000 UTC,0,2023-12-01 10:00:00.000 UTC,1022.0
IQS,3ec245a0498e46cab70d1aa6,104966,True,10310,,,,3,,
IQS,d0564487068d4b5ebd6f7f3d,104967,True,430,,,,2,,
IQS,bc3ce372273e47a498bacd36,104968,True,2189,2024-04-06 10:00:00.000 UTC,2024-04-06 10:00:00.000 UTC,2024-04-06 10:00:00.000 UTC,2,2024-04-06 10:00:00.000 UTC,895.0
IQS,52983d136233443c8583085d,104969,True,3161,,,,1,,
IQS,1642fe50db684b8ea65833c1,104970,True,920,,,,2,,
IQS,7b613d72d08a4f609b6fedf8,104971,True,180,2022-03-21 10:00:00.000 UTC,2022-03-21 10:00:00.000 UTC,,1,2022-03-21 10:00:00.000 UTC,1642.0
IQS,c8029372e5e444b5a7856ad1,104972,True,2779,2024-05-12 10:00:00.000 UTC,2024-05-12 10:00:00.000 UTC,,2,2024-05-12 10:00:00.000 UTC,859.0
IQS,ce2cc5a74ca34d7bb885a670,104973,True,6658,,,2026-06-07 10:00:00.000 UTC,1,2026-06-07 10:00:00.000 UTC,103.0
IQS,cdb0ecd44bab4e5f8ca46dc6,104974,True,479,,,,1,,
IQS,8fa836566ba04ad5be209a83,104975,True,2682,,,,5,,
IQS,fe39d1ef370a4b448849afdc,104976,True,712,,,,1,,
IQS,57a099ab36af47d2bada1063,104977,True,9504,,,,1,,
IQS,d270cc1164a04850baf49c32,104978,True,4213,2025-07-02 10:00:00.000 UTC,2025-07-02 10:00:00.000 UTC,2025-07-02 10:00:00.000 UTC,1,2025-07-02 10:00:00.000 UTC,443.0
IQS,98233a28e3af48e682b462ff,104979,True,685,2026-06-10 10:00:00.000 UTC,2026-06-10 10:00:00.000 UTC,,2,2026-06-10 10:00:00.000 UTC,100.0
IQS,afd4609a6d5b4734af31dfac,104980,True,1080,2025-04-16 10:00:00.000 UTC,2025-04-16 10:00:00.000 UTC,,2,2025-04-16 10:00:00.000 UTC,520.0
IQS,089fdeb051e844188e05d237,104981,True,4543,2025-01-08 10:00:00.000 UTC,2025-01-08 10:00:00.000 UTC,,1,2025-01-08 10:00:00.000 UTC,618.0
IQS,f00ddcef78184ab49d3c9fce,104982,True,74,,,,5,,
IQS,41ee99bbd0ea441db8f1a1b2,104983,True,1753,,,,1,,
IQS,f0fea5c54a8d4600b4967fe0,104984,True,274,,,2017-03-13 10:00:00.000 UTC,2,2017-03-13 10:00:00.000 UTC,3476.0
IQS,c37c15182b29465d91bd99fb,104985,True,0,2022-09-09 10:00:00.000 UTC,2022-09-09 10:00:00.000 UTC,,0,2022-09-09 10:00:00.000 UTC,1470.0
IQS,0fe882346ab245619d0ed907,104986,True,13382,,,,3,,
IQS,7e2990c5d06648479d7ec171,104987,True,5370,2024-06-22 10:00:00.000 UTC,2024-06-22 10:00:00.000 UTC,2024-06-22 10:00:00.000 UTC,2,2024-06-22 10:00:00.000 UTC,818.0
IQS,2b87da46926a413aadb3d435,104988,True,0,,,,0,,
IQS,2ea9fa838da04bb395a89b37,104989,True,1029,2022-08-11 10:00:00.000 UTC,2022-08-11 10:00:00.000 UTC,,2,2022-08-11 10:00:00.000 UTC,1499.0
IQS,8ea2ed69f88a4b94b465f243,104990,True,0,,,2020-05-13 10:00:00.000 UTC,0,2020-05-13 10:00:00.000 UTC,2319.0
IQS,af75aaa386b943bc87fb3978,104991,True,347,2023-08-11 10:00:00.000 UTC,2023-08-11 10:00:00.000 UTC,,2,2023-08-11 10:00:00.000 UTC,1134.0
IQS,2878ef0bf71a436fac774675,104992,True,1539,,,2024-01-01 10:00:00.000 UTC,1,2024-01-01 10:00:00.000 UTC,991.0
IQS,ad29ab5431c64fa49dc67daf,104993,True,1026,,,,2,,
IQS,6de17895c5ab477d91baec54,104994,True,172,,,,3,,
IQS,fd12798a255444eb95c30f25,104995,True,1621,,,,2,,
IQS,3fd1e70a5f3d439a89a4d885,104996,True,0,2023-01-31 10:00:00.000 UTC,2023-01-31 10:00:00.000 UTC,,0,2023-01-31 10:00:00.000 UTC,1326.0
IQS,91c46995a0e74a31af51d118,104997,True,619,,,,1,,
IQS,74e1b05a64f54d389cfe4763,104998,True,1243,,,2024-08-25 10:00:00.000 UTC,2,2024-08-25 10:00:00.000 UTC,754.0
IQS,f4cfd0e12cc14f059d56af27,104999,True,543,,,,3,,
IQS,e4a1aea25022401ba30950cc,105000,True,290,,,,1,,
IQS,535ec16a55a34dad9ab65c31,105001,True,1439,,,,1,,
IQS,c8f3d952d52c4377a74407c5,105002,True,5260,2022-06-26 10:00:00.000 UTC,2022-06-26 10:00:00.000 UTC,,3,2022-06-26 10:00:00.000 UTC,1545.0
IQS,4d25010c872d4cbd9dd20f97,105003,True,0,2025-04-15 10:00:00.000 UTC,2025-04-15 10:00:00.000 UTC,,0,2025-04-15 10:00:00.000 UTC,521.0
IQS,1de5803515534c1f802e7050,105004,True,1762,,,2021-12-11 10:00:00.000 UTC,3,2021-12-11 10:00:00.000 UTC,1742.0
IQS,71df925286a645cab1b6f6bd,105005,True,2301,2021-05-02 10:00:00.000 UTC,2021-05-02 10:00:00.000 UTC,2021-05-02 10:00:00.000 UTC,2,2021-05-02 10:00:00.000 UTC,1965.0
IQS,9eeb6d1439b94782bddc2071,105006,True,11475,2023-11-13 10:00:00.000 UTC,2023-11-13 10:00:00.000 UTC,2023-11-13 10:00:00.000 UTC,2,2023-11-13 10:00:00.000 UTC,1040.0
IQS,55afe6f1c2ca47c1b6cc6a84,105007,True,1315,,,2024-11-05 10:00:00.000 UTC,1,2024-11-05 10:00:00.000 UTC,682.0
IQS,582b3fc3212f42119a883b8d,105008,True,127,,,2026-06-06 10:00:00.000 UTC,2,2026-06-06 10:00:00.000 UTC,104.0
IQS,dba8fc554ba3415b9516281c,105009,True,6835,,,2024-12-27 10:00:00.000 UTC,2,2024-12-27 10:00:00.000 UTC,630.0
IQS,ae120b83448f45a49411d9d2,105010,True,264,,,,1,,
IQS,0ca3524045854c2ea4689652,105011,True,3111,,,2021-12-29 10:00:00.000 UTC,2,2021-12-29 10:00:00.000 UTC,1724.0
IQS,e7f8a72508d64413b053314f,105012,True,0,2024-05-25 10:00:00.000 UTC,2024-05-25 10:00:00.000 UTC,2024-05-25 10:00:00.000 UTC,0,2024-05-25 10:00:00.000 UTC,846.0
IQS,d6b5cd5b37d047cc9adcaa42,105013,True,1559,2025-12-14 10:00:00.000 UTC,2025-12-14 10:00:00.000 UTC,,3,2025-12-14 10:00:00.000 UTC,278.0
IQS,571e1eee78c5486f8d5c1bc7,105014,True,4126,,,,1,,
IQS,77bc969fd05b499fbb5ee4c1,105015,True,196,2023-07-25 10:00:00.000 UTC,2023-07-25 10:00:00.000 UTC,,1,2023-07-25 10:00:00.000 UTC,1151.0
IQS,6f57a22274bc4eb38ffa5323,105016,True,489,,,2024-09-28 10:00:00.000 UTC,2,2024-09-28 10:00:00.000 UTC,720.0
IQS,d9655d50ab4147c79c6deb52,105017,True,4321,,,,1,,
IQS,80e08b5f3a2c478f839f62d5,105018,True,2981,2024-04-28 10:00:00.000 UTC,2024-04-28 10:00:00.000 UTC,,1,2024-04-28 10:00:00.000 UTC,873.0
IQS,4624e795b23b446b92c50827,105019,True,0,,,2025-01-09 10:00:00.000 UTC,0,2025-01-09 10:00:00.000 UTC,617.0
IQS,818cdd05673247658b2ae1fa,105020,True,0,2022-10-16 10:00:00.000 UTC,2022-10-16 10:00:00.000 UTC,,0,2022-10-16 10:00:00.000 UTC,1433.0
IQS,14298a8e2bbe4be49d113991,105021,True,0,2020-05-13 10:00:00.000 UTC,2020-05-13 10:00:00.000 UTC,,0,2020-05-13 10:00:00.000 UTC,2319.0
IQS,a4dfaf699c4d4d7999781944,105022,True,0,2024-01-18 10:00:00.000 UTC,2024-01-18 10:00:00.000 UTC,2024-01-18 10:00:00.000 UTC,0,2024-01-18 10:00:00.000 UTC,974.0
IQS,8fbdb4421cc0468aa092e1f0,105023,True,12600,2022-01-02 10:00:00.000 UTC,2022-01-02 10:00:00.000 UTC,2022-01-02 10:00:00.000 UTC,2,2022-01-02 10:00:00.000 UTC,1720.0
IQS,8a3741f55f2f4765b1a9039d,105024,True,2539,,,2026-06-01 10:00:00.000 UTC,3,2026-06-01 10:00:00.000 UTC,109.0
IQS,37a70021c36c4c0ea111bc6b,105025,True,695,2021-03-07 10:00:00.000 UTC,2021-03-07 10:00:00.000 UTC,,2,2021-03-07 10:00:00.000 UTC,2021.0
IQS,1dad18695b034c969450336d,105026,True,341,,,,3,,
IQS,0756ee21cfd7474b8d6b94c8,105027,True,799,,,,1,,
IQS,c83b4863f7064735aec6a640,105028,True,460,2025-09-14 10:00:00.000 UTC,2025-09-14 10:00:00.000 UTC,2025-09-14 10:00:00.000 UTC,4,2025-09-14 10:00:00.000 UTC,369.0
IQS,9b19848ace7445c08cb2d51b,105029,True,0,2023-07-22 10:00:00.000 UTC,2023-07-22 10:00:00.000 UTC,2023-07-22 10:00:00.000 UTC,0,2023-07-22 10:00:00.000 UTC,1154.0
IQS,99605514452b46c69c77fdfa,105030,True,1024,,,,3,,
IQS,7f1008276a77436c953896b3,105031,True,31071,,,2020-12-23 10:00:00.000 UTC,2,2020-12-23 10:00:00.000 UTC,2095.0
IQS,034f050c46ca44e899b1609b,105032,True,5917,,,,3,,
IQS,96b5d67042ae4636975ef588,105033,True,928,2026-06-17 10:00:00.000 UTC,2026-06-17 10:00:00.000 UTC,2026-06-17 10:00:00.000 UTC,4,2026-06-17 10:00:00.000 UTC,93.0
IQS,6ef17bb61c8b4e5b802cc4ec,105034,True,249,2020-02-28 10:00:00.000 UTC,2020-02-28 10:00:00.000 UTC,2020-02-28 10:00:00.000 UTC,3,2020-02-28 10:00:00.000 UTC,2394.0
IQS,d4796b1c47de49b498eb7fbe,105035,True,945,2024-11-04 10:00:00.000 UTC,2024-11-04 10:00:00.000 UTC,2024-11-04 10:00:00.000 UTC,1,2024-11-04 10:00:00.000 UTC,683.0
IQS,90f45a56116b43f99c81ece4,105036,True,236,2026-09-06 10:00:00.000 UTC,2026-09-06 10:00:00.000 UTC,2026-09-06 10:00:00.000 UTC,3,2026-09-06 10:00:00.000 UTC,12.0
IQS,a144f72eb4f94b5585ef36ed,105037,True,0,2024-05-01 10:00:00.000 UTC,2024-05-01 10:00:00.000 UTC,,0,2024-05-01 10:00:00.000 UTC,870.0
IQS,af712a1496c14082b98156a1,105038,True,1083,,,,2,,
IQS,3de93faeb50a45a48c87e460,105039,True,0,2021-06-12 10:00:00.000 UTC,2021-06-12 10:00:00.000 UTC,,0,2021-06-12 10:00:00.000 UTC,1924.0
IQS,d7f7bd630ee148859c7d322a,105040,True,0,2020-10-19 10:00:00.000 UTC,2020-10-19 10:00:00.000 UTC,2020-10-19 10:00:00.000 UTC,0,2020-10-19 10:00:00.000 UTC,2160.0
IQS,abfa9db06a8e423398126ac2,105041,True,565,2024-12-09 10:00:00.000 UTC,2024-12-09 10:00:00.000 UTC,2024-12-09 10:00:00.000 UTC,2,2024-12-09 10:00:00.000 UTC,648.0
IQS,46d81238149e4f8188c8027c,105042,True,702,,,2020-07-29 10:00:00.000 UTC,1,2020-07-29 10:00:00.000 UTC,2242.0
IQS,913b9fc8276a4921990fb897,105043,True,972,,,2026-07-24 10:00:00.000 UTC,2,2026-07-24 10:00:00.000 UTC,56.0
IQS,accaf15088714fb2a9fd2c61,105044,True,5827,,,,3,,
IQS,bd33af2c7fe14a27aabf8689,105045,True,0,,,,0,,
IQS,8cc1e9c306264a5d9c87d690,105046,True,0,2025-08-03 10:00:00.000 UTC,2025-08-03 10:00:00.000 UTC,2025-08-03 10:00:00.000 UTC,0,2025-08-03 10:00:00.000 UTC,411.0
IQS,e9747cbf07034d2181665b67,105047,True,0,,,,0,,
IQS,8953f30256d74732b99ef3e6,105048,True,1079,2023-03-02 10:00:00.000 UTC,2023-03-02 10:00:00.000 UTC,2023-03-02 10:00:00.000 UTC,2,2023-03-02 10:00:00.000 UTC,1296.0
IQS,01e6c8c433e14522a02c5dbb,105049,True,2113,2024-01-06 10:00:00.000 UTC,2024-01-06 10:00:00.000 UTC,,4,2024-01-06 10:00:00.000 UTC,986.0
IQS,e758d29e5aa64cf1b63bfd72,105050,True,1909,,,,1,,
IQS,0e379ee9730b457ebc740611,105051,True,0,,,,0,,
IQS,0e31716066954a1baa614391,105052,True,0,2026-09-11 10:00:00.000 UTC,2026-09-11 10:00:00.000 UTC,,0,2026-09-11 10:00:00.000 UTC,7.0
IQS,b0c34f9fe52f4997831cd00a,105053,True,263,2023-05-08 10:00:00.000 UTC,2023-05-08 10:00:00.000 UTC,,1,2023-05-08 10:00:00.000 UTC,1229.0
IQS,752a2ef009264244adab953c,105054,True,627,2021-01-27 10:00:00.000 UTC,2021-01-27 10:00:00.000 UTC,2021-01-27 10:00:00.000 UTC,2,2021-01-27 10:00:00.000 UTC,2060.0
IQS,acc5b7da6c564ae48f7e6fdd,105055,True,390,2019-04-07 10:00:00.000 UTC,2019-04-07 10:00:00.000 UTC,2019-04-07 10:00:00.000 UTC,1,2019-04-07 10:00:00.000 UTC,2721.0
IQS,9ca8254dc2684cd8a917bd10,105056,True,593,,,2024-02-03 10:00:00.000 UTC,3,2024-02-03 10:00:00.000 UTC,958.0
IQS,9c26d83c24ae48dca35274ae,105057,True,8486,2025-01-31 10:00:00.000 UTC,2025-01-31 10:00:00.000 UTC,2025-01-31 10:00:00.000 UTC,4,2025-01-31 10:00:00.000 UTC,595.0
IQS,6619f2d02d4043208ea25da4,105058,True,752,,,2024-05-08 10:00:00.000 UTC,2,2024-05-08 10:00:00.000 UTC,863.0
IQS,e89783604d804d06b7fd6b08,105059,True,0,,,,0,,
IQS,ec8f8e37a8054984beb3ef43,105060,True,4654,2023-02-21 10:00:00.000 UTC,2023-02-21 10:00:00.000 UTC,2023-02-21 10:00:00.000 UTC,2,2023-02-21 10:00:00.000 UTC,1305.0
IQS,22beeb511d1b4d6885b8f9a0,105061,True,2517,,,2025-07-10 10:00:00.000 UTC,3,2025-07-10 10:00:00.000 UTC,435.0
IQS,9cb80d9e4ff6400fad4e6fea,105062,True,1197,2020-10-19 10:00:00.000 UTC,2020-10-19 10:00:00.000 UTC,,1,2020-10-19 10:00:00.000 UTC,2160.0
IQS,d787f8b4d711406a9d9f94e9,105063,True,492,2020-04-12 10:00:00.000 UTC,2020-04-12 10:00:00.000 UTC,2020-04-12 10:00:00.000 UTC,1,2020-04-12 10:00:00.000 UTC,2350.0
IQS,b433f14f685c453a8b6f892f,105064,True,1310,,,2026-07-16 10:00:00.000 UTC,1,2026-07-16 10:00:00.000 UTC,64.0
IQS,00bbc4a87ef241b3b799bb7d,105065,True,349,2024-06-16 10:00:00.000 UTC,2024-06-16 10:00:00.000 UTC,2024-06-16 10:00:00.000 UTC,2,2024-06-16 10:00:00.000 UTC,824.0
IQS,f72c1d281545497bb5d8bf24,105066,True,114,,,,1,,
IQS,59d3f9f00eb44e8a88a325b2,105067,True,720,,,,2,,
IQS,68614f620a404cd4aea10d7b,105068,True,0,,,,0,,
IQS,b6be10596f2c465b874ab3ea,105069,True,1581,2022-09-14 10:00:00.000 UTC,2022-09-14 10:00:00.000 UTC,,1,2022-09-14 10:00:00.000 UTC,1465.0
IQS,4c3527d959474f3f80dc3e50,105070,True,2696,2026-06-22 10:00:00.000 UTC,2026-06-22 10:00:00.000 UTC,2026-06-22 10:00:00.000 UTC,3,2026-06-22 10:00:00.000 UTC,88.0
IQS,120b42f839814c2483a2a034,105071,True,18733,,,,3,,
IQS,f04df3090b584949acf79bd7,105072,True,765,2024-06-05 10:00:00.000 UTC,2024-06-05 10:00:00.000 UTC,,2,2024-06-05 10:00:00.000 UTC,835.0
IQS,5914595fbc4f418c9fb45751,105073,True,7141,2025-08-14 10:00:00.000 UTC,2025-08-14 10:00:00.000 UTC,2025-08-14 10:00:00.000 UTC,2,2025-08-14 10:00:00.000 UTC,400.0
IQS,8062b604f728484f961517f6,105074,True,230,2026-09-12 10:00:00.000 UTC,2026-09-12 10:00:00.000 UTC,,2,2026-09-12 10:00:00.000 UTC,6.0
IQS,ae329ca8bb0f446496a3fe6a,105075,True,449,2024-04-10 10:00:00.000 UTC,2024-04-10 10:00:00.000 UTC,2024-04-10 10:00:00.000 UTC,2,2024-04-10 10:00:00.000 UTC,891.0
IQS,c3a93849a6bf47e19d45f16d,105076,True,536,,,,2,,
IQS,52a93c8343c641788013c5c2,105077,True,315,2023-01-31 10:00:00.000 UTC,2023-01-31 10:00:00.000 UTC,2023-01-31 10:00:00.000 UTC,2,2023-01-31 10:00:00.000 UTC,1326.0
IQS,39092329104c42fcbed9e3c2,105078,True,0,,,2024-09-07 10:00:00.000 UTC,0,2024-09-07 10:00:00.000 UTC,741.0
IQS,37c9305ad7da45649deac936,105079,True,1357,,,2024-01-05 10:00:00.000 UTC,1,2024-01-05 10:00:00.000 UTC,987.0
IQS,3bf9161da182458c9db569a3,105080,True,341,2025-03-27 10:00:00.000 UTC,2025-03-27 10:00:00.000 UTC,2025-03-27 10:00:00.000 UTC,3,2025-03-27 10:00:00.000 UTC,540.0
IQS,a0f96110d91f4040a8630dca,105081,True,136,,,2026-07-24 10:00:00.000 UTC,3,2026-07-24 10:00:00.000 UTC,56.0
IQS,06f57aa9d0194bfc99248abf,105082,True,1270,2026-09-01 10:00:00.000 UTC,2026-09-01 10:00:00.000 UTC,2026-09-01 10:00:00.000 UTC,3,2026-09-01 10:00:00.000 UTC,17.0
IQS,15c3123db301491a99f1010a,105083,True,0,2026-09-02 10:00:00.000 UTC,2026-09-02 10:00:00.000 UTC,2026-09-02 10:00:00.000 UTC,0,2026-09-02 10:00:00.000 UTC,16.0
IQS,1e90b711f8274c27bbf09132,105084,True,1646,,,2026-01-28 10:00:00.000 UTC,3,2026-01-28 10:00:00.000 UTC,233.0
IQS,8a918f0ddedb4ce4bf264938,105085,True,0,,,,0,,
IQS,35c50baf61b54d34b717cf4a,105086,True,0,2021-08-07 10:00:00.000 UTC,2021-08-07 10:00:00.000 UTC,2021-08-07 10:00:00.000 UTC,0,2021-08-07 10:00:00.000 UTC,1868.0
IQS,9a7d0a9df2be40aea64c9f6d,105087,True,1107,,,,1,,
IQS,2c0bd829da08489981a06210,105088,True,1113,2026-06-18 10:00:00.000 UTC,2026-06-18 10:00:00.000 UTC,2026-06-18 10:00:00.000 UTC,2,2026-06-18 10:00:00.000 UTC,92.0
IQS,fb2fcab4b62b4fec8be1b2a0,105089,True,405,2023-03-12 10:00:00.000 UTC,2023-03-12 10:00:00.000 UTC,,2,2023-03-12 10:00:00.000 UTC,1286.0
IQS,51937a5660414c489b36c49c,105090,True,475,,,,4,,
IQS,09378d70228948e0922c7975,105091,True,71,,,2025-03-04 10:00:00.000 UTC,1,2025-03-04 10:00:00.000 UTC,563.0
IQS,8947c98cd6144709802d88f5,105092,True,8459,2021-10-21 10:00:00.000 UTC,2021-10-21 10:00:00.000 UTC,,1,2021-10-21 10:00:00.000 UTC,1793.0
IQS,22102b40ad3046aca6ed16b5,105093,True,1899,,,,3,,
IQS,206073e52ed94e538a454e00,105094,True,160,,,,2,,
IQS,758085aa584848fe95bfecea,105095,True,0,2020-10-16 10:00:00.000 UTC,2020-10-16 10:00:00.000 UTC,,0,2020-10-16 10:00:00.000 UTC,2163.0
IQS,189349a26373442794265ff2,105096,True,0,,,2022-02-23 10:00:00.000 UTC,0,2022-02-23 10:00:00.000 UTC,1668.0
IQS,4526e86dc89847b0bb632980,105097,True,0,2023-07-21 10:00:00.000 UTC,2023-07-21 10:00:00.000 UTC,2023-07-21 10:00:00.000 UTC,0,2023-07-21 10:00:00.000 UTC,1155.0
IQS,cab986e2f0424e2eb460e8c4,105098,True,5683,,,2025-12-05 10:00:00.000 UTC,1,2025-12-05 10:00:00.000 UTC,287.0
IQS,3cf442c1e1f44646b5c9943b,105099,True,0,,,2021-08-31 10:00:00.000 UTC,0,2021-08-31 10:00:00.000 UTC,1844.0
IQS,4af446ea421347e491312516,105100,True,576,2023-12-28 10:00:00.000 UTC,2023-12-28 10:00:00.000 UTC,2023-12-28 10:00:00.000 UTC,2,2023-12-28 10:00:00.000 UTC,995.0
IQS,91da4f9022d74de7a519a36b,105101,True,2501,2023-05-12 10:00:00.000 UTC,2023-05-12 10:00:00.000 UTC,2023-05-12 10:00:00.000 UTC,3,2023-05-12 10:00:00.000 UTC,1225.0
IQS,59f3db5975fa4619a0bc22fb,105102,True,1299,,,,2,,
IQS,7a592f4462484f108b33b41b,105103,True,658,2023-01-07 10:00:00.000 UTC,2023-01-07 10:00:00.000 UTC,,1,2023-01-07 10:00:00.000 UTC,1350.0
IQS,ab519ee5626e48c39de51849,105104,True,6214,2026-06-21 10:00:00.000 UTC,2026-06-21 10:00:00.000 UTC,2026-06-21 10:00:00.000 UTC,1,2026-06-21 10:00:00.000 UTC,89.0
IQS,f60bb1df4fab482e96c9e8a5,105105,True,0,2026-09-14 10:00:00.000 UTC,2026-09-14 10:00:00.000 UTC,2026-09-14 10:00:00.000 UTC,0,2026-09-14 10:00:00.000 UTC,4.0
IQS,e79f012830f0469b8a2a50e8,105106,True,0,2017-04-05 10:00:00.000 UTC,2017-04-05 10:00:00.000 UTC,2017-04-05 10:00:00.000 UTC,0,2017-04-05 10:00:00.000 UTC,3453.0
IQS,f13d5b4e18424caba37ccf29,105107,True,884,2024-04-08 10:00:00.000 UTC,2024-04-08 10:00:00.000 UTC,,2,2024-04-08 10:00:00.000 UTC,893.0
IQS,344d2ba13bad45cbac3ae902,105108,True,617,,,2025-11-12 10:00:00.000 UTC,1,2025-11-12 10:00:00.000 UTC,310.0
IQS,431119cc8a34461b95510871,105109,True,1769,2024-06-19 10:00:00.000 UTC,2024-06-19 10:00:00.000 UTC,,2,2024-06-19 10:00:00.000 UTC,821.0
IQS,b5318dae04e54f728695d8cf,105110,True,641,2024-12-05 10:00:00.000 UTC,2024-12-05 10:00:00.000 UTC,,2,2024-12-05 10:00:00.000 UTC,652.0
IQS,c034d2bdcafc4ae3ad4c730a,105111,True,0,,,,0,,
IQS,30ce097d63204b15817db77d,105112,True,14951,2026-07-10 10:00:00.000 UTC,2026-07-10 10:00:00.000 UTC,,1,2026-07-10 10:00:00.000 UTC,70.0
IQS,29b97f309f0f49ff99706e41,105113,True,1582,2023-01-13 10:00:00.000 UTC,2023-01-13 10:00:00.000 UTC,2023-01-13 10:00:00.000 UTC,3,2023-01-13 10:00:00.000 UTC,1344.0
IQS,f9af1362b4ad40ca80f6659e,105114,True,0,2024-03-29 10:00:00.000 UTC,2024-03-29 10:00:00.000 UTC,,0,2024-03-29 10:00:00.000 UTC,903.0
IQS,055473e122b54babbd5f7f53,105115,True,735,,,2024-09-07 10:00:00.000 UTC,1,2024-09-07 10:00:00.000 UTC,741.0
IQS,7c6adff4d91445e18b0de3da,105116,True,2047,,,,3,,
IQS,14bfcb9fafc044129457a2d1,105117,True,13127,2022-05-17 10:00:00.000 UTC,2022-05-17 10:00:00.000 UTC,2022-05-17 10:00:00.000 UTC,1,2022-05-17 10:00:00.000 UTC,1585.0
IQS,10a2fc71f6e8498e98f9a45c,105118,True,676,,,,1,,
IQS,f9d1a0f3492d4eab80d35773,105119,True,7751,2020-09-28 10:00:00.000 UTC,2020-09-28 10:00:00.000 UTC,,3,2020-09-28 10:00:00.000 UTC,2181.0
IQS,92fb47316a24408cb6b22ad4,105120,True,287,2024-12-23 10:00:00.000 UTC,2024-12-23 10:00:00.000 UTC,,1,2024-12-23 10:00:00.000 UTC,634.0
IQS,d55dca1e6edf406fba32aa3b,105121,True,9485,,,,2,,
IQS,d0dc1dd860f7434ea8cba599,105122,True,243,,,2020-07-09 10:00:00.000 UTC,3,2020-07-09 10:00:00.000 UTC,2262.0
IQS,9beb18a9981344c69bb94203,105123,True,3362,2018-05-16 10:00:00.000 UTC,2018-05-16 10:00:00.000 UTC,2018-05-16 10:00:00.000 UTC,2,2018-05-16 10:00:00.000 UTC,3047.0
IQS,38e556187f4841438471d779,105124,True,731,2021-06-07 10:00:00.000 UTC,2021-06-07 10:00:00.000 UTC,2021-06-07 10:00:00.000 UTC,1,2021-06-07 10:00:00.000 UTC,1929.0
IQS,a78a4337558049f6971a2f95,105125,True,0,,,,0,,
IQS,ee7e7ffa393e457e9d839c87,105126,True,1618,2022-05-18 10:00:00.000 UTC,2022-05-18 10:00:00.000 UTC,2022-05-18 10:00:00.000 UTC,3,2022-05-18 10:00:00.000 UTC,1584.0
IQS,590a05cfe20b4d6fa08bae9f,105127,True,1920,2026-05-23 10:00:00.000 UTC,2026-05-23 10:00:00.000 UTC,,2,2026-05-23 10:00:00.000 UTC,118.0
IQS,5882309e255241aba09ba192,105128,True,0,2024-02-06 10:00:00.000 UTC,2024-02-06 10:00:00.000 UTC,2024-02-06 10:00:00.000 UTC,0,2024-02-06 10:00:00.000 UTC,955.0
IQS,b798f7ce0a8d481a8da8cbb2,105129,True,2035,2025-02-08 10:00:00.000 UTC,2025-02-08 10:00:00.000 UTC,2025-02-08 10:00:00.000 UTC,2,2025-02-08 10:00:00.000 UTC,587.0
IQS,1d5ead4900904acb9121f414,105130,True,1921,,,,1,,
IQS,60367b3e128a42359695a2ab,105131,True,736,,,,3,,
IQS,871e184e725941ab9b87225c,105132,True,0,2025-04-05 10:00:00.000 UTC,2025-04-05 10:00:00.000 UTC,,0,2025-04-05 10:00:00.000 UTC,531.0
IQS,3870e05775674d73abfb22db,105133,True,3440,2025-01-29 10:00:00.000 UTC,2025-01-29 10:00:00.000 UTC,,3,2025-01-29 10:00:00.000 UTC,597.0
IQS,7e6dcb6c24ea42048b379e97,105134,True,0,2023-02-08 10:00:00.000 UTC,2023-02-08 10:00:00.000 UTC,2023-02-08 10:00:00.000 UTC,0,2023-02-08 10:00:00.000 UTC,1318.0
IQS,cfa5c117377f445488a26273,105135,True,4000,2025-04-14 10:00:00.000 UTC,2025-04-14 10:00:00.000 UTC,2025-04-14 10:00:00.000 UTC,3,2025-04-14 10:00:00.000 UTC,522.0
IQS,567bda14a0e244c58c200403,105136,True,3777,,,,2,,
IQS,d098352c294e4243942b3436,105137,True,628,,,,2,,
IQS,c720fe071b834f829d4e259a,105138,True,0,2023-01-22 10:00:00.000 UTC,2023-01-22 10:00:00.000 UTC,2023-01-22 10:00:00.000 UTC,0,2023-01-22 10:00:00.000 UTC,1335.0
IQS,508643e7d1a842f18e8cf775,105139,True,2115,2017-12-12 10:00:00.000 UTC,2017-12-12 10:00:00.000 UTC,,1,2017-12-12 10:00:00.000 UTC,3202.0
IQS,57d397f8e254461bb2b4bfef,105140,True,0,,,,0,,
IQS,db4b8bb80a514def8895e34a,105141,True,0,2026-06-11 10:00:00.000 UTC,2026-06-11 10:00:00.000 UTC,,0,2026-06-11 10:00:00.000 UTC,99.0
IQS,af48951cf31d473ba4756b9f,105142,True,154,,,,2,,
IQS,7b9d5de4a27c43d3bcbcd824,105143,True,287,2025-04-15 10:00:00.000 UTC,2025-04-15 10:00:00.000 UTC,2025-04-15 10:00:00.000 UTC,3,2025-04-15 10:00:00.000 UTC,521.0
IQS,a853a5b0d56649afbf82bff6,105144,True,783,,,,1,,
IQS,9d531ea3dbe6420daaf27f95,105145,True,1431,2025-04-20 10:00:00.000 UTC,2025-04-20 10:00:00.000 UTC,2025-04-20 10:00:00.000 UTC,2,2025-04-20 10:00:00.000 UTC,516.0
IQS,9fae5dc9ca674d3e824c4929,105146,True,0,,,,0,,
IQS,a45f10b4b4f74faf84b5f59d,105147,True,0,,,,0,,
IQS,0ba59eb29ac3483b8f769084,105148,True,7396,,,,1,,
IQS,04798312bebe4f1994da8bb2,105149,True,427,,,2023-05-17 10:00:00.000 UTC,3,2023-05-17 10:00:00.000 UTC,1220.0
IQS,3aa2dac7f1a34ccf83fe55ea,105150,True,2480,,,,2,,
IQS,90aa0c4bb4cc4625a1ddc3f0,105151,True,1297,,,,2,,
IQS,fed71366c4e643349d154d29,105152,True,222,,,,2,,
IQS,d8d3596612944bff90e3236d,105153,True,0,,,2026-07-27 10:00:00.000 UTC,0,2026-07-27 10:00:00.000 UTC,53.0
IQS,53fe72825acb450d9614cf45,105154,True,0,,,,0,,
IQS,f2c860f937ce4d5980b16087,105155,True,0,,,2023-01-07 10:00:00.000 UTC,0,2023-01-07 10:00:00.000 UTC,1350.0
IQS,a4dc1b45db7640e1836c57c6,105156,True,508,,,,4,,
IQS,39ea5240ede04940936ceea4,105157,True,0,2024-09-11 10:00:00.000 UTC,2024-09-11 10:00:00.000 UTC,,0,2024-09-11 10:00:00.000 UTC,737.0
IQS,55db059b4d95480fb373f100,105158,True,1158,,,,1,,
IQS,f8b976435afa43d5805fba24,105159,True,0,2024-05-18 10:00:00.000 UTC,2024-05-18 10:00:00.000 UTC,2024-05-18 10:00:00.000 UTC,0,2024-05-18 10:00:00.000 UTC,853.0
IQS,4129382ba6164c2ba61bf26a,105160,True,916,2022-06-21 10:00:00.000 UTC,2022-06-21 10:00:00.000 UTC,2022-06-21 10:00:00.000 UTC,2,2022-06-21 10:00:00.000 UTC,1550.0
IQS,0a1fb10728bd45ddbf2bab91,105161,True,15657,,,2018-09-20 10:00:00.000 UTC,2,2018-09-20 10:00:00.000 UTC,2920.0
IQS,afd83502712c4092ba7e8f54,105162,True,1444,,,,1,,
IQS,c1c36189f8dd4be08e288176,105163,True,9164,2023-11-21 10:00:00.000 UTC,2023-11-21 10:00:00.000 UTC,2023-11-21 10:00:00.000 UTC,5,2023-11-21 10:00:00.000 UTC,1032.0
IQS,3c48b252254a4db08c5ec17d,105164,True,0,,,2016-04-24 10:00:00.000 UTC,0,2016-04-24 10:00:00.000 UTC,3799.0
IQS,2089778e4de64238adebffe1,105165,True,1811,2025-05-06 10:00:00.000 UTC,2025-05-06 10:00:00.000 UTC,2025-05-06 10:00:00.000 UTC,1,2025-05-06 10:00:00.000 UTC,500.0
IQS,011557a17a0448539101febc,105166,True,277,,,,1,,
IQS,639bb1d26ff14d82869d2887,105167,True,0,,,,0,,
IQS,960a1c35d74b46d99f386f01,105168,True,0,,,,0,,
IQS,2b3009ce044a4d838381909b,105169,True,2122,2021-05-03 10:00:00.000 UTC,2021-05-03 10:00:00.000 UTC,,1,2021-05-03 10:00:00.000 UTC,1964.0
IQS,ccb477d701e743bc8c91b670,105170,True,2962,2021-06-13 10:00:00.000 UTC,2021-06-13 10:00:00.000 UTC,2021-06-13 10:00:00.000 UTC,4,2021-06-13 10:00:00.000 UTC,1923.0
IQS,3185f71e217f4ee7ba74e35f,105171,True,749,2026-06-18 10:00:00.000 UTC,2026-06-18 10:00:00.000 UTC,,1,2026-06-18 10:00:00.000 UTC,92.0
IQS,7c6a04c581b842e2b82bd025,105172,True,584,,,2025-02-17 10:00:00.000 UTC,1,2025-02-17 10:00:00.000 UTC,578.0
IQS,1d583a4576ad42558fc70ba1,105173,True,0,2022-12-10 10:00:00.000 UTC,2022-12-10 10:00:00.000 UTC,2022-12-10 10:00:00.000 UTC,0,2022-12-10 10:00:00.000 UTC,1378.0
IQS,ae21d842c4854db5b3e705d9,105174,True,1191,,,,2,,
IQS,2533ddeda53543df8bb4bb36,105175,True,1333,,,,3,,
IQS,fd9862d1afac4222b455f536,105176,True,1901,,,2024-09-17 10:00:00.000 UTC,1,2024-09-17 10:00:00.000 UTC,731.0
IQS,9820816e8a6b48dab642226f,105177,True,466,,,2021-02-17 10:00:00.000 UTC,3,2021-02-17 10:00:00.000 UTC,2039.0
IQS,108d7ef9f57a49c09b95fc89,105178,True,400,,,,2,,
IQS,b3e6bd93bdc94513948fd00d,105179,True,5195,,,2024-03-28 10:00:00.000 UTC,3,2024-03-28 10:00:00.000 UTC,904.0
IQS,9f81b50f4c6540aeacf277a3,105180,True,96,2025-03-31 10:00:00.000 UTC,2025-03-31 10:00:00.000 UTC,,4,2025-03-31 10:00:00.000 UTC,536.0
IQ512,02c149178dab43b18f85520e,105181,True,30315,,,2022-10-01 10:00:00.000 UTC,5,2022-10-01 10:00:00.000 UTC,1448.0
IQ512,d20155923884411e85875aa8,105182,True,105275,,,,7,,
IQ512,409e920799214afda8858852,105183,True,46686,2025-12-25 10:00:00.000 UTC,2025-12-25 10:00:00.000 UTC,2025-12-25 10:00:00.000 UTC,7,2025-12-25 10:00:00.000 UTC,267.0
IQ512,8226cd9249c14f7e8d44b449,105184,True,27781,2026-04-04 10:00:00.000 UTC,2026-04-04 10:00:00.000 UTC,2026-04-04 10:00:00.000 UTC,5,2026-04-04 10:00:00.000 UTC,167.0
IQ512,52070d7c908441c19c81e2c7,105185,True,19324,2018-04-16 10:00:00.000 UTC,2018-04-16 10:00:00.000 UTC,,6,2018-04-16 10:00:00.000 UTC,3077.0
IQ512,b737d77513944641945c1412,105186,True,0,,,2022-10-01 10:00:00.000 UTC,0,2022-10-01 10:00:00.000 UTC,1448.0
IQ512,8dbd1b8e7c074f439acf6516,105187,True,4041,2023-02-05 10:00:00.000 UTC,2023-02-05 10:00:00.000 UTC,,6,2023-02-05 10:00:00.000 UTC,1321.0
IQ512,87408846b8d1444389fa334f,105188,True,99230,2026-06-17 10:00:00.000 UTC,2026-06-17 10:00:00.000 UTC,2026-06-17 10:00:00.000 UTC,4,2026-06-17 10:00:00.000 UTC,93.0
IQ512,ca96bb883dfd41ac89ca221d,105189,True,700,,,,6,,
IQ512,7c78be731e404e6688c4fca7,105190,True,31372,,,2022-10-01 10:00:00.000 UTC,6,2022-10-01 10:00:00.000 UTC,1448.0
IQ512,740273bb6f8a4637bd6c9631,105191,True,5906,,,,11,,
IQ512,b5a8776ef2c54783903ac8f9,105192,True,33963,2024-04-23 10:00:00.000 UTC,2024-04-23 10:00:00.000 UTC,,10,2024-04-23 10:00:00.000 UTC,878.0
IQ512,63611ab7ed0a4909925eb8ea,105193,True,0,2023-07-08 10:00:00.000 UTC,2023-07-08 10:00:00.000 UTC,2023-07-08 10:00:00.000 UTC,0,2023-07-08 10:00:00.000 UTC,1168.0
IQ512,28941b160dfb4b44b8304cb3,105194,True,172676,2025-03-03 10:00:00.000 UTC,2025-03-03 10:00:00.000 UTC,,5,2025-03-03 10:00:00.000 UTC,564.0
IQ512,2aa2ec1b31df42e2aff144c3,105195,True,25515,,,2022-10-01 10:00:00.000 UTC,8,2022-10-01 10:00:00.000 UTC,1448.0
IQ512,05d38b9f0cf04d64bd69423d,105196,True,10994,2022-01-03 10:00:00.000 UTC,2022-01-03 10:00:00.000 UTC,,7,2022-01-03 10:00:00.000 UTC,1719.0
IQ512,eaf87d27bcba40a3894b4cfe,105197,True,0,2023-11-30 10:00:00.000 UTC,2023-11-30 10:00:00.000 UTC,2023-11-30 10:00:00.000 UTC,0,2023-11-30 10:00:00.000 UTC,1023.0
IQ512,317cad1675a4463991b7333b,105198,True,0,,,2022-10-01 10:00:00.000 UTC,0,2022-10-01 10:00:00.000 UTC,1448.0
IQ512,f72e9ce329294b1f9608a401,105199,True,47066,2024-10-21 10:00:00.000 UTC,2024-10-21 10:00:00.000 UTC,,5,2024-10-21 10:00:00.000 UTC,697.0
IQ512,409c1ce3db5d4031ab8cede4,105200,True,19952,2024-10-16 10:00:00.000 UTC,2024-10-16 10:00:00.000 UTC,,8,2024-10-16 10:00:00.000 UTC,702.0
IQ512,f082659315974db9a0f025ff,105201,True,26883,,,2022-10-01 10:00:00.000 UTC,6,2022-10-01 10:00:00.000 UTC,1448.0
IQ512,a70a29c511f8494a86fd6308,105202,True,0,2025-09-09 10:00:00.000 UTC,2025-09-09 10:00:00.000 UTC,,0,2025-09-09 10:00:00.000 UTC,374.0
IQ512,a2002e85d3dc4ffd9abfb804,105203,True,0,2022-11-01 10:00:00.000 UTC,2022-11-01 10:00:00.000 UTC,,0,2022-11-01 10:00:00.000 UTC,1417.0
IQ512,bd29713bae784cc88d6c2381,105204,True,0,,,,0,,
IQ512,79f90b3590f94ab8862a51e8,105205,True,7127,2024-04-04 10:00:00.000 UTC,2024-04-04 10:00:00.000 UTC,,7,2024-04-04 10:00:00.000 UTC,897.0
IQ512,daa9bb3e080f4843bcd5e3b9,105206,True,3358,2024-08-27 10:00:00.000 UTC,2024-08-27 10:00:00.000 UTC,,4,2024-08-27 10:00:00.000 UTC,752.0
IQ512,1d1e918c0ce7403db8ad50e6,105207,True,8946,,,2022-10-01 10:00:00.000 UTC,8,2022-10-01 10:00:00.000 UTC,1448.0
IQ512,667cdf13f4544e49a127203b,105208,True,14409,,,2022-10-01 10:00:00.000 UTC,10,2022-10-01 10:00:00.000 UTC,1448.0
IQ512,789a966057d94fcd9b74b134,105209,True,0,2021-11-05 10:00:00.000 UTC,2021-11-05 10:00:00.000 UTC,2021-11-05 10:00:00.000 UTC,0,2021-11-05 10:00:00.000 UTC,1778.0
IQ512,fa1c1fd9d6224fc886871f2b,105210,True,13663,,,,7,,
IQ512,0c3f423a2f6c47ca941b6860,105211,True,0,,,,0,,
IQ512,116a93cc79584811af092901,105212,True,0,,,2022-10-01 10:00:00.000 UTC,0,2022-10-01 10:00:00.000 UTC,1448.0
IQ512,2ca1013a0fea4a1d8335308b,105213,True,161504,,,,9,,
IQ512,14fbf55857cd46808fc013c3,105214,True,11273,,,,3,,
IQ512,8c65783833dd4180924459e0,105215,True,46260,,,2022-10-01 10:00:00.000 UTC,12,2022-10-01 10:00:00.000 UTC,1448.0
IQ512,afe18387cae94f10ac7ac99b,105216,True,0,,,2022-10-01 10:00:00.000 UTC,0,2022-10-01 10:00:00.000 UTC,1448.0
IQ512,76b53703936446a9960a160d,105217,True,0,,,2022-10-01 10:00:00.000 UTC,0,2022-10-01 10:00:00.000 UTC,1448.0
IQ512,1a9f285a4c07453c824940b4,105218,True,0,,,2022-10-01 10:00:00.000 UTC,0,2022-10-01 10:00:00.000 UTC,1448.0
IQ512,be430629430f473593b6ce21,105219,True,0,2023-05-22 10:00:00.000 UTC,2023-05-22 10:00:00.000 UTC,,0,2023-05-22 10:00:00.000 UTC,1215.0
IQ512,30da5377a4434ea1ae7823d1,105220,True,17836,,,,5,,
IQ512,415994463ca44d63a6bb05b8,105221,True,0,,,,0,,
IQ512,c0658296ef1c49628c88e909,105222,True,19240,,,2022-10-01 10:00:00.000 UTC,8,2022-10-01 10:00:00.000 UTC,1448.0
IQ512,ea2b216a5f034a29b40d010c,105223,True,5516,2026-06-22 10:00:00.000 UTC,2026-06-22 10:00:00.000 UTC,2026-06-22 10:00:00.000 UTC,9,2026-06-22 10:00:00.000 UTC,88.0
IQ512,c4b8ef9bfe784a5fa84ef649,105224,True,10772,2024-10-23 10:00:00.000 UTC,2024-10-23 10:00:00.000 UTC,2024-10-23 10:00:00.000 UTC,4,2024-10-23 10:00:00.000 UTC,695.0
IQ512,658a9241e7654203bf21d06e,105225,True,99724,,,,8,,
IQ512,019ca391c8e14525a6a93511,105226,True,0,,,2022-10-01 10:00:00.000 UTC,0,2022-10-01 10:00:00.000 UTC,1448.0
IQ512,b75ef5c228a24d329f8a6f28,105227,True,6373,2025-09-16 10:00:00.000 UTC,2025-09-16 10:00:00.000 UTC,2025-09-16 10:00:00.000 UTC,9,2025-09-16 10:00:00.000 UTC,367.0
IQ512,bb0efadaeed747038ebffaa2,105228,True,0,,,2022-10-01 10:00:00.000 UTC,0,2022-10-01 10:00:00.000 UTC,1448.0
IQ512,10322a41c7d34bbb91a599c0,105229,True,0,2023-07-31 10:00:00.000 UTC,2023-07-31 10:00:00.000 UTC,2023-07-31 10:00:00.000 UTC,0,2023-07-31 10:00:00.000 UTC,1145.0
IQ512,0cf1603d43aa40e2a510b2d6,105230,True,6232,,,2022-10-01 10:00:00.000 UTC,7,2022-10-01 10:00:00.000 UTC,1448.0
IQ512,ca508f646c80418e83dd0237,105231,True,6735,2025-08-28 10:00:00.000 UTC,2025-08-28 10:00:00.000 UTC,,5,2025-08-28 10:00:00.000 UTC,386.0
IQ512,c81ff1c9e16841139debe621,105232,True,29212,,,2022-10-01 10:00:00.000 UTC,10,2022-10-01 10:00:00.000 UTC,1448.0
IQ512,97b40092d9fa4b98947b7efa,105233,True,34803,,,2022-10-01 10:00:00.000 UTC,6,2022-10-01 10:00:00.000 UTC,1448.0
IQ512,e787a33bd6ea4f8d94c0de47,105234,True,25495,2024-03-02 10:00:00.000 UTC,2024-03-02 10:00:00.000 UTC,,3,2024-03-02 10:00:00.000 UTC,930.0
IQ512,0dbbc457357f412ebd5f899c,105235,True,19115,,,2022-10-01 10:00:00.000 UTC,4,2022-10-01 10:00:00.000 UTC,1448.0
IQ512,3737a9ad4bbc41cdb6393199,105236,True,13798,,,2022-10-01 10:00:00.000 UTC,7,2022-10-01 10:00:00.000 UTC,1448.0
IQ512,e4375dafb40b4109b294d0bd,105237,True,0,,,2022-10-01 10:00:00.000 UTC,0,2022-10-01 10:00:00.000 UTC,1448.0
IQ512,16bcc02c7b1a43f6840ff783,105238,True,0,,,2022-10-01 10:00:00.000 UTC,0,2022-10-01 10:00:00.000 UTC,1448.0
IQ512,98020567346040b982c95840,105239,True,0,,,,0,,
IQ512,c6416ee31cee41d9abfddc87,105240,True,2123,,,,5,,
IQ512,056edcdb83c4439f94698f09,105241,True,7225,,,,9,,
IQ512,523d47509c534aaea699114f,105242,True,20910,,,2022-10-01 10:00:00.000 UTC,6,2022-10-01 10:00:00.000 UTC,1448.0
IQ512,12733ae4d9de48f9b9b5b82a,105243,True,2913,,,2022-10-01 10:00:00.000 UTC,8,2022-10-01 10:00:00.000 UTC,1448.0
IQ512,5385b7f6848147308ba6f326,105244,True,12140,,,2022-10-01 10:00:00.000 UTC,9,2022-10-01 10:00:00.000 UTC,1448.0
IQ512,ca2518767d6a4ea1a5309873,105245,True,3325,,,2022-10-01 10:00:00.000 UTC,9,2022-10-01 10:00:00.000 UTC,1448.0
IQ512,915c01a76bc4415ea1a96f50,105246,True,0,2026-09-13 10:00:00.000 UTC,2026-09-13 10:00:00.000 UTC,2026-09-13 10:00:00.000 UTC,0,2026-09-13 10:00:00.000 UTC,5.0
IQ512,e4655a4bf0354abc82264339,105247,True,14491,,,2022-10-01 10:00:00.000 UTC,6,2022-10-01 10:00:00.000 UTC,1448.0
IQ512,e9a2bc567b8d4d419a4e616a,105248,True,2499,2022-04-28 10:00:00.000 UTC,2022-04-28 10:00:00.000 UTC,,7,2022-04-28 10:00:00.000 UTC,1604.0
IQ512,d564ad3de31b48a2af9b2778,105249,True,12235,,,,6,,
IQ512,04cf5d039aeb4bfe9c8e08be,105250,True,113846,,,,8,,
IQ512,a1752d97d16944db859ca475,105251,True,18705,2026-09-12 10:00:00.000 UTC,2026-09-12 10:00:00.000 UTC,2026-09-12 10:00:00.000 UTC,5,2026-09-12 10:00:00.000 UTC,6.0
IQ512,46c080064884449082e9ae65,105252,True,7823,2023-12-13 10:00:00.000 UTC,2023-12-13 10:00:00.000 UTC,2023-12-13 10:00:00.000 UTC,6,2023-12-13 10:00:00.000 UTC,1010.0
IQ512,57a37e8951674287a8bd8081,105253,True,0,,,,0,,
IQ512,f49d42df9e20459d95b6c638,105254,True,10529,,,2022-10-01 10:00:00.000 UTC,8,2022-10-01 10:00:00.000 UTC,1448.0
IQ512,8ebc2801b5604c218a4ab3fb,105255,True,16646,,,2022-10-01 10:00:00.000 UTC,8,2022-10-01 10:00:00.000 UTC,1448.0
IQ512,985e42e53e014fb5ac85f940,105256,True,15301,,,2022-10-01 10:00:00.000 UTC,4,2022-10-01 10:00:00.000 UTC,1448.0
IQ512,18624d9759004cc99f364f95,105257,True,16026,,,,8,,
IQ512,1061852f511d4d70a654d447,105258,True,0,2016-12-18 10:00:00.000 UTC,2016-12-18 10:00:00.000 UTC,,0,2016-12-18 10:00:00.000 UTC,3561.0
IQ512,53eb07b5870a4ec2863ddb43,105259,True,15939,,,2022-10-01 10:00:00.000 UTC,5,2022-10-01 10:00:00.000 UTC,1448.0
IQ512,b40f6703aeb44096b2737c8f,105260,True,28942,2025-02-16 10:00:00.000 UTC,2025-02-16 10:00:00.000 UTC,,8,2025-02-16 10:00:00.000 UTC,579.0
IQ512,09864cb526304beba5470168,105261,True,0,,,,0,,
IQ512,5e4332106f4a47f9b4f26d29,105262,True,80160,2023-11-13 10:00:00.000 UTC,2023-11-13 10:00:00.000 UTC,,6,2023-11-13 10:00:00.000 UTC,1040.0
IQ512,00e8870b82394d739320d02f,105263,True,21229,2026-09-08 10:00:00.000 UTC,2026-09-08 10:00:00.000 UTC,,2,2026-09-08 10:00:00.000 UTC,10.0
IQ512,27de2f13a2254f1f91d5f06b,105264,True,0,,,2022-10-01 10:00:00.000 UTC,0,2022-10-01 10:00:00.000 UTC,1448.0
IQ512,cc5ec518471243968b44d76b,105265,True,13823,,,2022-10-01 10:00:00.000 UTC,6,2022-10-01 10:00:00.000 UTC,1448.0
IQ512,eaaf933775e74d558f7457e0,105266,True,0,2023-07-20 10:00:00.000 UTC,2023-07-20 10:00:00.000 UTC,2023-07-20 10:00:00.000 UTC,0,2023-07-20 10:00:00.000 UTC,1156.0
IQ512,2d3e44226a1543f09400b7bf,105267,True,0,2025-06-02 10:00:00.000 UTC,2025-06-02 10:00:00.000 UTC,2025-06-02 10:00:00.000 UTC,0,2025-06-02 10:00:00.000 UTC,473.0
IQ512,4529903e9b314b87b611ba8a,105268,True,54727,2023-10-22 10:00:00.000 UTC,2023-10-22 10:00:00.000 UTC,2023-10-22 10:00:00.000 UTC,5,2023-10-22 10:00:00.000 UTC,1062.0
IQ512,9306d41a6f4e4252b2c3074f,105269,True,0,,,2022-10-01 10:00:00.000 UTC,0,2022-10-01 10:00:00.000 UTC,1448.0
IQ512,a5a8230bd2014d8298760152,105270,True,0,2026-05-22 10:00:00.000 UTC,2026-05-22 10:00:00.000 UTC,,0,2026-05-22 10:00:00.000 UTC,119.0
IQ512,a499816553f0493b932b624d,105271,True,51852,,,,3,,
IQ512,61cd8af4c3e245febebed4e5,105272,True,4156,,,2022-10-01 10:00:00.000 UTC,8,2022-10-01 10:00:00.000 UTC,1448.0
IQ512,048a6a45d2254440a7f8bcb6,105273,True,0,,,2022-10-01 10:00:00.000 UTC,0,2022-10-01 10:00:00.000 UTC,1448.0
IQ512,6ab5327c92dd4863b6ab8275,105274,True,23409,2020-02-29 10:00:00.000 UTC,2020-02-29 10:00:00.000 UTC,2020-02-29 10:00:00.000 UTC,7,2020-02-29 10:00:00.000 UTC,2393.0
IQ512,69869420e24c464d80dfb1f1,105275,True,2840,,,,8,,
IQ512,9ae5108a734a44a3b3b0a45c,105276,True,0,,,2022-10-01 10:00:00.000 UTC,0,2022-10-01 10:00:00.000 UTC,1448.0
IQ512,9a561cd9ed0642049a2888fc,105277,True,8575,,,,4,,
IQ512,91535062c203437a9c839a45,105278,True,14752,2021-09-16 10:00:00.000 UTC,2021-09-16 10:00:00.000 UTC,,7,2021-09-16 10:00:00.000 UTC,1828.0
IQ512,39bd6754e063440a84e7e9d0,105279,True,6680,2023-06-06 10:00:00.000 UTC,2023-06-06 10:00:00.000 UTC,,6,2023-06-06 10:00:00.000 UTC,1200.0
IQ512,b3fbd494ec9e480b97e312ec,105280,True,15954,2021-04-18 10:00:00.000 UTC,2021-04-18 10:00:00.000 UTC,2021-04-18 10:00:00.000 UTC,8,2021-04-18 10:00:00.000 UTC,1979.0
IQ512,ebfeac2bf81d46ffa1acc1df,105281,True,0,,,2022-10-01 10:00:00.000 UTC,0,2022-10-01 10:00:00.000 UTC,1448.0
IQ512,16963ecc19514a569b574e66,105282,True,16156,2023-07-15 10:00:00.000 UTC,2023-07-15 10:00:00.000 UTC,,5,2023-07-15 10:00:00.000 UTC,1161.0
IQ512,74b9644a6001467d9530e829,105283,True,7637,,,2022-10-01 10:00:00.000 UTC,5,2022-10-01 10:00:00.000 UTC,1448.0
IQ512,5924b1f429e843558451264e,105284,True,11794,2026-06-24 10:00:00.000 UTC,2026-06-24 10:00:00.000 UTC,2026-06-24 10:00:00.000 UTC,5,2026-06-24 10:00:00.000 UTC,86.0
IQ512,b2caf7354bff4eab8f6b4e2f,105285,True,16318,,,2022-10-01 10:00:00.000 UTC,5,2022-10-01 10:00:00.000 UTC,1448.0
IQ512,fab4b866c7b84ba5a715f2a1,105286,True,15045,,,2022-10-01 10:00:00.000 UTC,9,2022-10-01 10:00:00.000 UTC,1448.0
IQ512,bb97def0b02f4427a00195f9,105287,True,40379,2026-08-16 10:00:00.000 UTC,2026-08-16 10:00:00.000 UTC,2026-08-16 10:00:00.000 UTC,10,2026-08-16 10:00:00.000 UTC,33.0
IQ512,b140c9baa55e481cb97c165e,105288,True,30350,,,,8,,
IQ512,d3fe58ef906f423b9c61a65e,105289,True,2838,,,2022-10-01 10:00:00.000 UTC,13,2022-10-01 10:00:00.000 UTC,1448.0
IQ512,cc66f90664dd4afcbabe87d2,105290,True,7403,2024-02-19 10:00:00.000 UTC,2024-02-19 10:00:00.000 UTC,2024-02-19 10:00:00.000 UTC,9,2024-02-19 10:00:00.000 UTC,942.0
IQ512,7b88eae260654464869a1582,105291,True,0,2025-03-18 10:00:00.000 UTC,2025-03-18 10:00:00.000 UTC,,0,2025-03-18 10:00:00.000 UTC,549.0
IQ512,72335bdd56fe43e8b51efc30,105292,True,0,2023-10-14 10:00:00.000 UTC,2023-10-14 10:00:00.000 UTC,2023-10-14 10:00:00.000 UTC,0,2023-10-14 10:00:00.000 UTC,1070.0
IQ512,19f183595d58476c8078ec17,105293,True,14850,2023-03-12 10:00:00.000 UTC,2023-03-12 10:00:00.000 UTC,2023-03-12 10:00:00.000 UTC,3,2023-03-12 10:00:00.000 UTC,1286.0
IQ512,0dd7db72057a4e239a9db895,105294,True,18226,,,2022-10-01 10:00:00.000 UTC,12,2022-10-01 10:00:00.000 UTC,1448.0
IQ512,57593167db0842d697f8d79f,105295,True,0,,,2022-10-01 10:00:00.000 UTC,0,2022-10-01 10:00:00.000 UTC,1448.0
IQ512,6635193b9de94f5cb30b6342,105296,True,12852,2023-09-06 10:00:00.000 UTC,2023-09-06 10:00:00.000 UTC,,7,2023-09-06 10:00:00.000 UTC,1108.0
IQ512,1b90cd3262b14408bd139115,105297,True,14447,2021-10-03 10:00:00.000 UTC,2021-10-03 10:00:00.000 UTC,,5,2021-10-03 10:00:00.000 UTC,1811.0
IQ512,b7689f9636d544ffa0dd719c,105298,True,0,2025-05-02 10:00:00.000 UTC,2025-05-02 10:00:00.000 UTC,2025-05-02 10:00:00.000 UTC,0,2025-05-02 10:00:00.000 UTC,504.0
IQ512,77048e22c70c4334a9e4be71,105299,True,43602,2023-06-02 10:00:00.000 UTC,2023-06-02 10:00:00.000 UTC,,7,2023-06-02 10:00:00.000 UTC,1204.0
IQ512,0190c7be89ab454fa26d0681,105300,True,14861,,,,6,,
IQ512,accb6322787d4f4aa7284f37,105301,True,60599,2017-11-18 10:00:00.000 UTC,2017-11-18 10:00:00.000 UTC,,6,2017-11-18 10:00:00.000 UTC,3226.0
IQ512,9331c443142940bd80492f71,105302,True,2601,,,2022-10-01 10:00:00.000 UTC,3,2022-10-01 10:00:00.000 UTC,1448.0
IQ512,9d75fc29e5864ce98f59de4a,105303,True,31308,,,,9,,
IQ512,f8454e8e12044d649df927e8,105304,True,0,2019-11-24 10:00:00.000 UTC,2019-11-24 10:00:00.000 UTC,,0,2019-11-24 10:00:00.000 UTC,2490.0
IQ512,a99399993fe7461f99f51028,105305,True,55557,,,2022-10-01 10:00:00.000 UTC,9,2022-10-01 10:00:00.000 UTC,1448.0
IQ512,51054bc35cf34983a8602e77,105306,True,0,2023-11-15 10:00:00.000 UTC,2023-11-15 10:00:00.000 UTC,2023-11-15 10:00:00.000 UTC,0,2023-11-15 10:00:00.000 UTC,1038.0
IQ512,f61141bbc75c4eefa49f454e,105307,True,0,,,,0,,
IQ512,10779687102844adb5b33c17,105308,True,121603,2025-11-23 10:00:00.000 UTC,2025-11-23 10:00:00.000 UTC,2025-11-23 10:00:00.000 UTC,6,2025-11-23 10:00:00.000 UTC,299.0
IQ512,ff1d4b25fd634bb5987c6c7c,105309,True,2008,2022-09-29 10:00:00.000 UTC,2022-09-29 10:00:00.000 UTC,2022-09-29 10:00:00.000 UTC,6,2022-09-29 10:00:00.000 UTC,1450.0
IQ512,3ec6f270082f479f8df724aa,105310,True,0,2025-07-04 10:00:00.000 UTC,2025-07-04 10:00:00.000 UTC,,0,2025-07-04 10:00:00.000 UTC,441.0
IQ512,0a5929a715e645d380af8525,105311,True,4165,2024-05-26 10:00:00.000 UTC,2024-05-26 10:00:00.000 UTC,2024-05-26 10:00:00.000 UTC,8,2024-05-26 10:00:00.000 UTC,845.0
IQ512,68059c30a12b42cba1649cfa,105312,True,0,,,2022-10-01 10:00:00.000 UTC,0,2022-10-01 10:00:00.000 UTC,1448.0
IQ512,672eb382c9fb4d33af06c219,105313,True,24494,,,2022-10-01 10:00:00.000 UTC,5,2022-10-01 10:00:00.000 UTC,1448.0
IQ512,77074d4cde444804a4b165be,105314,True,0,2021-08-04 10:00:00.000 UTC,2021-08-04 10:00:00.000 UTC,2021-08-04 10:00:00.000 UTC,0,2021-08-04 10:00:00.000 UTC,1871.0
IQ512,4bdc4f3031be4f2a88f7fdae,105315,True,0,,,2022-10-01 10:00:00.000 UTC,0,2022-10-01 10:00:00.000 UTC,1448.0
IQ512,23de04ffd5b54f87917b6082,105316,True,2909,,,2022-10-01 10:00:00.000 UTC,6,2022-10-01 10:00:00.000 UTC,1448.0
IQ512,4d647e31e1fd450cbb0e9e33,105317,True,32282,,,2022-10-01 10:00:00.000 UTC,7,2022-10-01 10:00:00.000 UTC,1448.0
IQ512,a8b827d7c1c345a29590caf7,105318,True,0,,,2022-10-01 10:00:00.000 UTC,0,2022-10-01 10:00:00.000 UTC,1448.0
IQ512,fde0d11bbab04b19bf3f769a,105319,True,0,,,,0,,
IQ512,100a404f17da46218111c086,105320,True,0,2021-07-25 10:00:00.000 UTC,2021-07-25 10:00:00.000 UTC,2021-07-25 10:00:00.000 UTC,0,2021-07-25 10:00:00.000 UTC,1881.0
IQ512,b1255fcca29b4feb9f66ad4e,105321,True,80929,,,2022-10-01 10:00:00.000 UTC,4,2022-10-01 10:00:00.000 UTC,1448.0
IQ512,efaf342d39094b338e9b69ea,105322,True,4697,2024-06-02 10:00:00.000 UTC,2024-06-02 10:00:00.000 UTC,,7,2024-06-02 10:00:00.000 UTC,838.0
IQ512,d970babf17db42949d372711,105323,True,5815,,,2022-10-01 10:00:00.000 UTC,2,2022-10-01 10:00:00.000 UTC,1448.0
IQ512,7323bea35a7b4fb89121533a,105324,True,0,,,2022-10-01 10:00:00.000 UTC,0,2022-10-01 10:00:00.000 UTC,1448.0
IQ512,83e3044380154564b89b9203,105325,True,16859,,,2022-10-01 10:00:00.000 UTC,4,2022-10-01 10:00:00.000 UTC,1448.0
IQ512,226ab906583c44cf903022d1,105326,True,46857,2019-06-22 10:00:00.000 UTC,2019-06-22 10:00:00.000 UTC,2019-06-22 10:00:00.000 UTC,9,2019-06-22 10:00:00.000 UTC,2645.0
IQ512,9284bc01cbf74e6e83b32755,105327,True,623,2024-11-16 10:00:00.000 UTC,2024-11-16 10:00:00.000 UTC,2024-11-16 10:00:00.000 UTC,4,2024-11-16 10:00:00.000 UTC,671.0
IQ512,2f51da8f89db420faeb2beb8,105328,True,3587,,,,7,,
IQ512,0bff623bcf5c47a29ed81aaa,105329,True,9366,2021-04-13 10:00:00.000 UTC,2021-04-13 10:00:00.000 UTC,2021-04-13 10:00:00.000 UTC,8,2021-04-13 10:00:00.000 UTC,1984.0
IQ512,cf94d87509c749489df993d8,105330,True,48858,,,2022-10-01 10:00:00.000 UTC,11,2022-10-01 10:00:00.000 UTC,1448.0
IQ512,8a4fab570ee244668f796f31,105331,True,6470,,,2022-10-01 10:00:00.000 UTC,5,2022-10-01 10:00:00.000 UTC,1448.0
IQ512,4e2772b3c5c34ab0a8aa3b28,105332,True,15542,,,,7,,
IQ512,932d6b6343594a7caf5cc538,105333,True,14577,,,2022-10-01 10:00:00.000 UTC,5,2022-10-01 10:00:00.000 UTC,1448.0
IQ512,22353f5219fb44549a69e125,105334,True,39210,,,2022-10-01 10:00:00.000 UTC,6,2022-10-01 10:00:00.000 UTC,1448.0
IQ512,878fe7906dbd4aa7a53de962,105335,True,119787,2021-11-06 10:00:00.000 UTC,2021-11-06 10:00:00.000 UTC,,5,2021-11-06 10:00:00.000 UTC,1777.0
IQ512,11753b5dce05444cacd41c3a,105336,True,0,,,,0,,
IQ512,3b48d8846e334c36bc373d0c,105337,True,48287,2021-08-19 10:00:00.000 UTC,2021-08-19 10:00:00.000 UTC,2021-08-19 10:00:00.000 UTC,6,2021-08-19 10:00:00.000 UTC,1856.0
IQ512,39c0bd3e6ca148b08ac8d17a,105338,True,21935,2022-07-11 10:00:00.000 UTC,2022-07-11 10:00:00.000 UTC,2022-07-11 10:00:00.000 UTC,5,2022-07-11 10:00:00.000 UTC,1530.0
IQ512,ad782a2c837b447f8d17bf13,105339,True,32169,2025-08-03 10:00:00.000 UTC,2025-08-03 10:00:00.000 UTC,2025-08-03 10:00:00.000 UTC,7,2025-08-03 10:00:00.000 UTC,411.0
IQ512,9e0f4f4dea694cd3bc13fb6a,105340,True,0,,,,0,,
IQ512,7c9dc38176534f2789129ad0,105341,True,4694,2023-07-05 10:00:00.000 UTC,2023-07-05 10:00:00.000 UTC,2023-07-05 10:00:00.000 UTC,3,2023-07-05 10:00:00.000 UTC,1171.0
IQ512,cecabdfd5a4c41b797ecc269,105342,True,96115,,,,7,,
IQ512,aab7ebc80c134d8998f5414f,105343,True,29883,,,,7,,
IQ512,cd3c62e122094cf7980f5a2c,105344,True,32608,,,,5,,
IQ512,62446d6d19dd4ab8bc2e277f,105345,True,5038,2025-03-18 10:00:00.000 UTC,2025-03-18 10:00:00.000 UTC,2025-03-18 10:00:00.000 UTC,6,2025-03-18 10:00:00.000 UTC,549.0
IQ512,2c587aaa354f4c60baecf071,105346,True,57818,2023-04-22 10:00:00.000 UTC,2023-04-22 10:00:00.000 UTC,2023-04-22 10:00:00.000 UTC,6,2023-04-22 10:00:00.000 UTC,1245.0
IQ512,e011aeec7fcd442bb4b7890e,105347,True,18019,2021-12-29 10:00:00.000 UTC,2021-12-29 10:00:00.000 UTC,2021-12-29 10:00:00.000 UTC,6,2021-12-29 10:00:00.000 UTC,1724.0
IQ512,149e0e0a2e1747fdac1861ac,105348,True,19323,,,,6,,
IQ512,fb75da999a4541fbb560d80c,105349,True,0,2025-05-10 10:00:00.000 UTC,2025-05-10 10:00:00.000 UTC,2025-05-10 10:00:00.000 UTC,0,2025-05-10 10:00:00.000 UTC,496.0
IQ512,78bce0d675ec40bdba5ed449,105350,True,7429,,,,7,,
IQ512,3ea9261b601c4157ba343a94,105351,True,0,,,,0,,
IQ512,2c5128f884c94d33abeba8fb,105352,True,10315,2021-09-15 10:00:00.000 UTC,2021-09-15 10:00:00.000 UTC,2021-09-15 10:00:00.000 UTC,3,2021-09-15 10:00:00.000 UTC,1829.0
IQ512,71555451160147fea88120fb,105353,True,7024,2026-08-22 10:00:00.000 UTC,2026-08-22 10:00:00.000 UTC,2026-08-22 10:00:00.000 UTC,9,2026-08-22 10:00:00.000 UTC,27.0
IQ512,2b8d508e2b9b454b998483be,105354,True,0,,,2022-10-01 10:00:00.000 UTC,0,2022-10-01 10:00:00.000 UTC,1448.0
IQ512,40ab3eef356740b3bc68a471,105355,True,4541,,,2022-10-01 10:00:00.000 UTC,3,2022-10-01 10:00:00.000 UTC,1448.0
IQ512,a139ad8bb62944db909c8a9d,105356,True,4025,,,2022-10-01 10:00:00.000 UTC,2,2022-10-01 10:00:00.000 UTC,1448.0
IQ512,0fa455afdddb43f79ea334d3,105357,True,0,,,,0,,
IQ512,7039f0d846de4df3a4087385,105358,True,36344,2019-07-06 10:00:00.000 UTC,2019-07-06 10:00:00.000 UTC,2019-07-06 10:00:00.000 UTC,4,2019-07-06 10:00:00.000 UTC,2631.0
IQ512,abe2e67de4984ac6bd38421f,105359,True,109832,2023-05-30 10:00:00.000 UTC,2023-05-30 10:00:00.000 UTC,,6,2023-05-30 10:00:00.000 UTC,1207.0
IQ512,7d2866ab1bec4dbebc4c60b3,105360,True,10072,,,2022-10-01 10:00:00.000 UTC,4,2022-10-01 10:00:00.000 UTC,1448.0
IQ512,ead28e25c79f4763920a5313,105361,True,10577,,,,6,,
IQ512,29e4c3f6d6874d1abf5a233a,105362,True,44275,,,2022-10-01 10:00:00.000 UTC,10,2022-10-01 10:00:00.000 UTC,1448.0
IQ512,17f1610324af49f59bd89882,105363,True,1093,,,2022-10-01 10:00:00.000 UTC,3,2022-10-01 10:00:00.000 UTC,1448.0
IQ512,ef002c19359043fcb1111022,105364,True,14404,,,,12,,
IQ512,dc9add5ed8c04437af365e25,105365,True,0,2026-05-26 10:00:00.000 UTC,2026-05-26 10:00:00.000 UTC,2026-05-26 10:00:00.000 UTC,0,2026-05-26 10:00:00.000 UTC,115.0
IQ512,0fadfe3c6ab5414fba887b0a,105366,True,7201,,,2022-10-01 10:00:00.000 UTC,8,2022-10-01 10:00:00.000 UTC,1448.0
IQ512,4804d793882e420ba3b02325,105367,True,9276,2025-08-13 10:00:00.000 UTC,2025-08-13 10:00:00.000 UTC,,10,2025-08-13 10:00:00.000 UTC,401.0
IQ512,af3f1b807df249cb9f0c8a25,105368,True,9386,,,2022-10-01 10:00:00.000 UTC,6,2022-10-01 10:00:00.000 UTC,1448.0
IQ512,4c95c3752ca8491f8e9b000e,105369,True,8956,,,,4,,
IQ512,79324cb4aa6b4259839a8deb,105370,True,5917,2023-05-14 10:00:00.000 UTC,2023-05-14 10:00:00.000 UTC,,7,2023-05-14 10:00:00.000 UTC,1223.0
IQ512,10ba8a19a9624bcea9ca8f9a,105371,True,25674,,,2022-10-01 10:00:00.000 UTC,3,2022-10-01 10:00:00.000 UTC,1448.0
IQ512,de6563148ddd406597ed22bc,105372,True,0,,,2022-10-01 10:00:00.000 UTC,0,2022-10-01 10:00:00.000 UTC,1448.0
IQ512,c4a9bea4965f42a1b9c9a741,105373,True,0,,,,0,,
IQ512,b1b11a4354aa471a85aaeb1e,105374,True,109655,,,2022-10-01 10:00:00.000 UTC,8,2022-10-01 10:00:00.000 UTC,1448.0
IQ512,ae4206df5a364ef19306b2b6,105375,True,0,2024-07-04 10:00:00.000 UTC,2024-07-04 10:00:00.000 UTC,,0,2024-07-04 10:00:00.000 UTC,806.0
IQ512,bbb434c1953b4601bb88fb5b,105376,True,30432,2022-12-24 10:00:00.000 UTC,2022-12-24 10:00:00.000 UTC,2022-12-24 10:00:00.000 UTC,6,2022-12-24 10:00:00.000 UTC,1364.0
IQ512,df0b298c025b4840b8162122,105377,True,17470,,,2022-10-01 10:00:00.000 UTC,4,2022-10-01 10:00:00.000 UTC,1448.0
IQ512,265a1767f3f449a586ffc754,105378,True,0,,,2022-10-01 10:00:00.000 UTC,0,2022-10-01 10:00:00.000 UTC,1448.0
IQ512,7422640b1367411fb666f249,105379,True,18330,,,2022-10-01 10:00:00.000 UTC,3,2022-10-01 10:00:00.000 UTC,1448.0
IQ512,e4107e5415964189ac5dd008,105380,True,0,,,2022-10-01 10:00:00.000 UTC,0,2022-10-01 10:00:00.000 UTC,1448.0
IQ512,9fa42e7bc98e41c093ba04b4,105381,True,1817,,,2022-10-01 10:00:00.000 UTC,9,2022-10-01 10:00:00.000 UTC,1448.0
IQ512,6fa8c8f76c604db6ba5a05cb,105382,True,5805,,,2022-10-01 10:00:00.000 UTC,5,2022-10-01 10:00:00.000 UTC,1448.0
IQ512,c4e9544e41564501a106f29e,105383,True,415,2020-11-16 10:00:00.000 UTC,2020-11-16 10:00:00.000 UTC,,11,2020-11-16 10:00:00.000 UTC,2132.0
IQ512,8785cd7398094ff2a7a475ca,105384,True,55695,,,,7,,
IQ512,c94ca48f23744b1d9b7ca355,105385,True,6201,,,2022-10-01 10:00:00.000 UTC,12,2022-10-01 10:00:00.000 UTC,1448.0
IQ512,0dfad5ed7353466680d96d8d,105386,True,0,2023-02-16 10:00:00.000 UTC,2023-02-16 10:00:00.000 UTC,2023-02-16 10:00:00.000 UTC,0,2023-02-16 10:00:00.000 UTC,1310.0
IQ512,f43415bb5f284a04a93c3541,105387,True,0,2025-04-04 10:00:00.000 UTC,2025-04-04 10:00:00.000 UTC,,0,2025-04-04 10:00:00.000 UTC,532.0
IQ512,a5a4765354c74c4c8484b2cb,105388,True,3312,2022-10-08 10:00:00.000 UTC,2022-10-08 10:00:00.000 UTC,2022-10-08 10:00:00.000 UTC,8,2022-10-08 10:00:00.000 UTC,1441.0
IQ512,cf1b0dd049e74f23912a0d61,105389,True,35993,,,2022-10-01 10:00:00.000 UTC,5,2022-10-01 10:00:00.000 UTC,1448.0
IQ512,94fa75a19b164ff0bdd9e4ea,105390,True,13194,2016-10-17 10:00:00.000 UTC,2016-10-17 10:00:00.000 UTC,2016-10-17 10:00:00.000 UTC,10,2016-10-17 10:00:00.000 UTC,3623.0
IQ512,c52d9ee9ecb04f5b8b7c98ec,105391,True,0,,,2022-10-01 10:00:00.000 UTC,0,2022-10-01 10:00:00.000 UTC,1448.0
IQ512,f725dce3c25048de940ae720,105392,True,83316,2026-07-05 10:00:00.000 UTC,2026-07-05 10:00:00.000 UTC,,9,2026-07-05 10:00:00.000 UTC,75.0
IQ512,2ffc3a699fde49ff8aaaad8f,105393,True,46994,,,,5,,
IQ512,0ad4e0ae144244f4836aea4c,105394,True,24727,,,2022-10-01 10:00:00.000 UTC,3,2022-10-01 10:00:00.000 UTC,1448.0
IQ512,2d38f58bc6994ecfbef0ee09,105395,True,0,,,2022-10-01 10:00:00.000 UTC,0,2022-10-01 10:00:00.000 UTC,1448.0
IQ512,43c1aa2e422544a7aaf18bdd,105396,True,5981,,,2022-10-01 10:00:00.000 UTC,4,2022-10-01 10:00:00.000 UTC,1448.0
IQ512,a6d437b138cb41628a37688a,105397,True,11712,2024-08-24 10:00:00.000 UTC,2024-08-24 10:00:00.000 UTC,,4,2024-08-24 10:00:00.000 UTC,755.0
IQ512,b8b47e3a2e0b4246878c90e5,105398,True,62500,2025-01-07 10:00:00.000 UTC,2025-01-07 10:00:00.000 UTC,,6,2025-01-07 10:00:00.000 UTC,619.0
IQ512,86be0e6020d148338978a4cc,105399,True,26078,,,2022-10-01 10:00:00.000 UTC,3,2022-10-01 10:00:00.000 UTC,1448.0
IQ512,181300ccf367495897b83f75,105400,True,0,,,,0,,
IQ512,66aa2540d60344f5acba174e,105401,True,0,,,,0,,
IQ512,1a5e5b71b1ae4ec89c2cbbd1,105402,True,0,,,,0,,
IQ512,7c97c1011d2c47459f4fdafd,105403,True,13934,2024-05-24 10:00:00.000 UTC,2024-05-24 10:00:00.000 UTC,2024-05-24 10:00:00.000 UTC,5,2024-05-24 10:00:00.000 UTC,847.0
IQ512,ebb888b1f4054bb4b462d7e0,105404,True,12830,,,2022-10-01 10:00:00.000 UTC,9,2022-10-01 10:00:00.000 UTC,1448.0
IQ512,4334c2428b5949578c3ddcc8,105405,True,127233,2025-09-23 10:00:00.000 UTC,2025-09-23 10:00:00.000 UTC,2025-09-23 10:00:00.000 UTC,7,2025-09-23 10:00:00.000 UTC,360.0
IQ512,d785be91f8eb4df6bfaed1aa,105406,True,0,,,,0,,
IQ512,86f86ffcae1b43a3aad6f5ff,105407,True,5848,,,2022-10-01 10:00:00.000 UTC,10,2022-10-01 10:00:00.000 UTC,1448.0
IQ512,5f672ae6d5114233aa935797,105408,True,1005,,,,7,,
IQ512,e6cbcfe4a8794e0e8c2bf733,105409,True,10853,,,2022-10-01 10:00:00.000 UTC,5,2022-10-01 10:00:00.000 UTC,1448.0
IQ512,956081ea695941f48afa6996,105410,True,2055,2024-12-30 10:00:00.000 UTC,2024-12-30 10:00:00.000 UTC,2024-12-30 10:00:00.000 UTC,8,2024-12-30 10:00:00.000 UTC,627.0
IQ512,7934a8e8372f427f9193cb18,105411,True,25200,,,2022-10-01 10:00:00.000 UTC,9,2022-10-01 10:00:00.000 UTC,1448.0
IQ512,9304fb0da0fc4b26af6cc39e,105412,True,194439,,,2022-10-01 10:00:00.000 UTC,6,2022-10-01 10:00:00.000 UTC,1448.0
IQ512,afb11e2a8fd64c6eb4a7347a,105413,True,0,,,,0,,
IQ512,c8944303954243ce88e9c084,105414,True,0,,,2022-10-01 10:00:00.000 UTC,0,2022-10-01 10:00:00.000 UTC,1448.0
IQ512,5a542ca70c004cff8d9be289,105415,True,0,,,2022-10-01 10:00:00.000 UTC,0,2022-10-01 10:00:00.000 UTC,1448.0
IQ512,2bbd0b736bd44fc69248b9e9,105416,True,12604,2022-01-30 10:00:00.000 UTC,2022-01-30 10:00:00.000 UTC,,4,2022-01-30 10:00:00.000 UTC,1692.0
IQ512,0b4439d9ddc9445eb23faf75,105417,True,54767,,,2022-10-01 10:00:00.000 UTC,6,2022-10-01 10:00:00.000 UTC,1448.0
IQ512,2dd6555b04ad403598e51fb1,105418,True,0,,,,0,,
IQ512,98a45bf5c0a1409a8e9c00e7,105419,True,0,,,2022-10-01 10:00:00.000 UTC,0,2022-10-01 10:00:00.000 UTC,1448.0
IQ512,14058cd728c641c8a6f26ab5,105420,True,10928,2025-05-11 10:00:00.000 UTC,2025-05-11 10:00:00.000 UTC,2025-05-11 10:00:00.000 UTC,3,2025-05-11 10:00:00.000 UTC,495.0
IQ512,8148d7ea7d3b4f1b9ade5df4,105421,True,0,,,2022-10-01 10:00:00.000 UTC,0,2022-10-01 10:00:00.000 UTC,1448.0
IQ512,23f8fd5edc464b3abd9ed5a9,105422,True,0,,,2022-10-01 10:00:00.000 UTC,0,2022-10-01 10:00:00.000 UTC,1448.0
IQ512,36c7f32763064f9bafdc3fb7,105423,True,54515,2026-09-10 10:00:00.000 UTC,2026-09-10 10:00:00.000 UTC,,6,2026-09-10 10:00:00.000 UTC,8.0
IQ512,05dc33dd3468413dac2b8fe9,105424,True,10119,2024-03-09 10:00:00.000 UTC,2024-03-09 10:00:00.000 UTC,,10,2024-03-09 10:00:00.000 UTC,923.0
IQ512,dd7d5df7942948d5beb11771,105425,True,22145,,,,7,,
IQ512,475a21182220425692a2670b,105426,True,55044,,,2022-10-01 10:00:00.000 UTC,8,2022-10-01 10:00:00.000 UTC,1448.0
IQ512,deaa5cd206be451baee5138f,105427,True,15877,,,2022-10-01 10:00:00.000 UTC,8,2022-10-01 10:00:00.000 UTC,1448.0
IQ512,84bc8a546e684c5687c661a9,105428,True,24079,2019-11-13 10:00:00.000 UTC,2019-11-13 10:00:00.000 UTC,,10,2019-11-13 10:00:00.000 UTC,2501.0
IQ512,1ccfbb61b6fa4ebbafb739d9,105429,True,222066,2021-12-17 10:00:00.000 UTC,2021-12-17 10:00:00.000 UTC,2021-12-17 10:00:00.000 UTC,4,2021-12-17 10:00:00.000 UTC,1736.0
IQ512,9eff69a9b37941ddbbc85221,105430,True,12191,,,2022-10-01 10:00:00.000 UTC,8,2022-10-01 10:00:00.000 UTC,1448.0
IQ512,81d8095ac7184e0f886a15af,105431,True,5734,,,2022-10-01 10:00:00.000 UTC,4,2022-10-01 10:00:00.000 UTC,1448.0
IQ512,83531f3cea0e4e49aaada933,105432,True,17557,2023-02-09 10:00:00.000 UTC,2023-02-09 10:00:00.000 UTC,,12,2023-02-09 10:00:00.000 UTC,1317.0
IQ512,6a982fb4f20842a4b55cd0b3,105433,True,3001,2023-09-07 10:00:00.000 UTC,2023-09-07 10:00:00.000 UTC,2023-09-07 10:00:00.000 UTC,8,2023-09-07 10:00:00.000 UTC,1107.0
IQ512,5dc91e42fe9f428dae8f71a1,105434,True,0,,,2022-10-01 10:00:00.000 UTC,0,2022-10-01 10:00:00.000 UTC,1448.0
IQ512,ee98f32a8ce84fd89b22d34e,105435,True,30399,,,2022-10-01 10:00:00.000 UTC,5,2022-10-01 10:00:00.000 UTC,1448.0
IQ512,9fd2418c5050489ba4e5c8f1,105436,True,14105,2026-09-13 10:00:00.000 UTC,2026-09-13 10:00:00.000 UTC,2026-09-13 10:00:00.000 UTC,7,2026-09-13 10:00:00.000 UTC,5.0
IQ512,2cf47bfe9cbe421387f017b0,105437,True,3591,,,,5,,
IQ512,dcbafb2f0d93482fb9a489d7,105438,True,0,2019-11-04 10:00:00.000 UTC,2019-11-04 10:00:00.000 UTC,2019-11-04 10:00:00.000 UTC,0,2019-11-04 10:00:00.000 UTC,2510.0
IQ512,ab85e0ab513d49afa52c78c9,105439,True,0,2021-08-03 10:00:00.000 UTC,2021-08-03 10:00:00.000 UTC,,0,2021-08-03 10:00:00.000 UTC,1872.0
IQ512,ee4deaa2fa3d4862ba9d842c,105440,True,52678,2019-11-25 10:00:00.000 UTC,2019-11-25 10:00:00.000 UTC,2019-11-25 10:00:00.000 UTC,5,2019-11-25 10:00:00.000 UTC,2489.0
IQ512,8d0eb23ba8034db2a653adeb,105441,True,2792,,,2022-10-01 10:00:00.000 UTC,2,2022-10-01 10:00:00.000 UTC,1448.0
IQ512,93be58af9f7e4d578badaa94,105442,True,5331,,,,3,,
IQ512,da8f4eb7991e451faef98e65,105443,True,127672,,,2022-10-01 10:00:00.000 UTC,4,2022-10-01 10:00:00.000 UTC,1448.0
IQ512,fdbbde9f14274a8a9948cc87,105444,True,18903,,,2022-10-01 10:00:00.000 UTC,8,2022-10-01 10:00:00.000 UTC,1448.0
IQ512,e8e22017f21d493d841461d1,105445,True,166694,,,2022-10-01 10:00:00.000 UTC,6,2022-10-01 10:00:00.000 UTC,1448.0
IQ512,bd436373e4a44e6a9e719dd9,105446,True,1759,2022-06-18 10:00:00.000 UTC,2022-06-18 10:00:00.000 UTC,,12,2022-06-18 10:00:00.000 UTC,1553.0
IQ512,2ecaddb8e3f74886bb1f7da7,105447,True,15568,,,2022-10-01 10:00:00.000 UTC,4,2022-10-01 10:00:00.000 UTC,1448.0
IQ512,cda3874536714598a7278442,105448,True,28070,,,2022-10-01 10:00:00.000 UTC,9,2022-10-01 10:00:00.000 UTC,1448.0
IQ512,13dbf1462b0341dca63d01ab,105449,True,55537,,,,8,,
IQ512,a38e5c6a8de344dcb13006e2,105450,True,54409,2023-12-19 10:00:00.000 UTC,2023-12-19 10:00:00.000 UTC,,8,2023-12-19 10:00:00.000 UTC,1004.0
IQ512,9bf8820c6be149eb8e7eafcd,105451,True,17925,2023-10-26 10:00:00.000 UTC,2023-10-26 10:00:00.000 UTC,2023-10-26 10:00:00.000 UTC,8,2023-10-26 10:00:00.000 UTC,1058.0
IQ512,69331a900e66494f9794f8da,105452,True,0,,,,0,,
IQ512,c3cd54892e8547f7beecdac0,105453,True,15441,2026-09-06 10:00:00.000 UTC,2026-09-06 10:00:00.000 UTC,,3,2026-09-06 10:00:00.000 UTC,12.0
IQ512,5801920e315f4226bd9a3ac6,105454,True,11262,,,2022-10-01 10:00:00.000 UTC,8,2022-10-01 10:00:00.000 UTC,1448.0
IQ512,1df7064f364c4f69a3e07067,105455,True,18819,2026-04-05 10:00:00.000 UTC,2026-04-05 10:00:00.000 UTC,2026-04-05 10:00:00.000 UTC,6,2026-04-05 10:00:00.000 UTC,166.0
IQ512,7626b6d687ba4961acf35576,105456,True,7587,2026-06-11 10:00:00.000 UTC,2026-06-11 10:00:00.000 UTC,,6,2026-06-11 10:00:00.000 UTC,99.0
IQ512,8dbae75e8f3f4fdc89e8a934,105457,True,18149,,,2022-10-01 10:00:00.000 UTC,7,2022-10-01 10:00:00.000 UTC,1448.0
IQ512,d5b46ee4fe114b659378e375,105458,True,3714,,,2022-10-01 10:00:00.000 UTC,7,2022-10-01 10:00:00.000 UTC,1448.0
IQ512,4bb110e24fe2492eb911d1e0,105459,True,54377,,,,10,,
IQ512,97ff07f1ea4b4ccfbe5b7701,105460,True,11512,,,,10,,
IQ512,4baaa9dfa31f4a1fb4ce7d9b,105461,True,4962,,,2022-10-01 10:00:00.000 UTC,7,2022-10-01 10:00:00.000 UTC,1448.0
IQ512,905056f189d94a7fb14718f6,105462,True,0,2023-05-24 10:00:00.000 UTC,2023-05-24 10:00:00.000 UTC,2023-05-24 10:00:00.000 UTC,0,2023-05-24 10:00:00.000 UTC,1213.0
IQ512,85f0eac0dd064d718d98d289,105463,True,17345,2023-01-08 10:00:00.000 UTC,2023-01-08 10:00:00.000 UTC,2023-01-08 10:00:00.000 UTC,12,2023-01-08 10:00:00.000 UTC,1349.0
IQ512,dbf30d1d82f44993a8117167,105464,True,23875,2024-09-11 10:00:00.000 UTC,2024-09-11 10:00:00.000 UTC,2024-09-11 10:00:00.000 UTC,4,2024-09-11 10:00:00.000 UTC,737.0
IQ512,5178575c252d488398975cfd,105465,True,52887,2024-04-10 10:00:00.000 UTC,2024-04-10 10:00:00.000 UTC,2024-04-10 10:00:00.000 UTC,10,2024-04-10 10:00:00.000 UTC,891.0
IQ512,f89cbc7c7d1a4ca699ada917,105466,True,47461,,,2022-10-01 10:00:00.000 UTC,7,2022-10-01 10:00:00.000 UTC,1448.0
IQ512,0702cee8556d4652a9ea1838,105467,True,8646,,,2022-10-01 10:00:00.000 UTC,12,2022-10-01 10:00:00.000 UTC,1448.0
IQ512,641379f656ab46d4b90b851e,105468,True,5674,,,2022-10-01 10:00:00.000 UTC,6,2022-10-01 10:00:00.000 UTC,1448.0
IQ512,c73395599d4445a6a2a4bfef,105469,True,46561,,,,10,,
IQ512,bc168b28c5224f708e58d5d4,105470,True,45419,2024-12-22 10:00:00.000 UTC,2024-12-22 10:00:00.000 UTC,2024-12-22 10:00:00.000 UTC,8,2024-12-22 10:00:00.000 UTC,635.0
IQ512,f9da23eabcd84ae9a6c31d19,105471,True,0,,,,0,,
IQ512,ee166d3223d3495aaf6fec9b,105472,True,24413,,,2022-10-01 10:00:00.000 UTC,4,2022-10-01 10:00:00.000 UTC,1448.0
IQ512,fc880eecff9a4aadbac9ad97,105473,True,17822,,,2022-10-01 10:00:00.000 UTC,6,2022-10-01 10:00:00.000 UTC,1448.0
IQ512,6cb5e89b5bbe47cd90de5f38,105474,True,0,2025-07-02 10:00:00.000 UTC,2025-07-02 10:00:00.000 UTC,2025-07-02 10:00:00.000 UTC,0,2025-07-02 10:00:00.000 UTC,443.0
IQ512,2e998958ab85462fa8f10fd8,105475,True,12293,,,2022-10-01 10:00:00.000 UTC,8,2022-10-01 10:00:00.000 UTC,1448.0
IQ512,417fa9aef26f46c283aaff91,105476,True,51915,,,2022-10-01 10:00:00.000 UTC,6,2022-10-01 10:00:00.000 UTC,1448.0
IQ512,0881fde025da41e59bc35163,105477,True,8741,2024-06-30 10:00:00.000 UTC,2024-06-30 10:00:00.000 UTC,2024-06-30 10:00:00.000 UTC,7,2024-06-30 10:00:00.000 UTC,810.0
IQ512,7c5261ea744241b18d6195c1,105478,True,0,2023-10-23 10:00:00.000 UTC,2023-10-23 10:00:00.000 UTC,2023-10-23 10:00:00.000 UTC,0,2023-10-23 10:00:00.000 UTC,1061.0
IQ512,1cf334471470420f98e44da4,105479,True,20289,,,2022-10-01 10:00:00.000 UTC,8,2022-10-01 10:00:00.000 UTC,1448.0
IQ512,0a362d417cf54e7dab6cdd00,105480,True,152975,,,2022-10-01 10:00:00.000 UTC,7,2022-10-01 10:00:00.000 UTC,1448.0
IQ512,c9a4ca3e17ea4679a34a655f,105481,True,7531,,,2022-10-01 10:00:00.000 UTC,3,2022-10-01 10:00:00.000 UTC,1448.0
IQ512,a02d2f382a8d4e438b9b415d,105482,True,102903,,,,6,,
IQ512,3d30af616925479bbb94965a,105483,True,29418,,,2022-10-01 10:00:00.000 UTC,9,2022-10-01 10:00:00.000 UTC,1448.0
IQ512,3428be60ae7742178dc6c7b5,105484,True,4913,2023-01-26 10:00:00.000 UTC,2023-01-26 10:00:00.000 UTC,,4,2023-01-26 10:00:00.000 UTC,1331.0
IQ512,6ddeea143c7840409481471f,105485,True,23432,2022-06-14 10:00:00.000 UTC,2022-06-14 10:00:00.000 UTC,,3,2022-06-14 10:00:00.000 UTC,1557.0
IQ512,0584bd68b35245949e4d9e03,105486,True,0,,,2022-10-01 10:00:00.000 UTC,0,2022-10-01 10:00:00.000 UTC,1448.0
IQ512,03e0948083cf496c8409b830,105487,True,81398,,,2022-10-01 10:00:00.000 UTC,10,2022-10-01 10:00:00.000 UTC,1448.0
IQ512,df1221bdf1d5490c947d6b72,105488,True,0,2025-02-27 10:00:00.000 UTC,2025-02-27 10:00:00.000 UTC,,0,2025-02-27 10:00:00.000 UTC,568.0
IQ512,6e773ac41aea4fe5b98eba0c,105489,True,20555,,,2022-10-01 10:00:00.000 UTC,6,2022-10-01 10:00:00.000 UTC,1448.0
IQ512,8705b545ae8e424aa55121c8,105490,True,33014,,,,3,,
IQ512,a0782928bfea4b25a50344b8,105491,True,2868,,,2022-10-01 10:00:00.000 UTC,10,2022-10-01 10:00:00.000 UTC,1448.0
IQ512,c8f0b975ecdd4e1e88941736,105492,True,11675,,,2022-10-01 10:00:00.000 UTC,4,2022-10-01 10:00:00.000 UTC,1448.0
IQ512,9b7175652216402a805a3fdd,105493,True,7820,2022-03-06 10:00:00.000 UTC,2022-03-06 10:00:00.000 UTC,2022-03-06 10:00:00.000 UTC,3,2022-03-06 10:00:00.000 UTC,1657.0
IQ512,e4698e0e3ca3471e9e5c1193,105494,True,0,,,,0,,
IQ512,43d57b839ff140d7a40571b4,105495,True,9357,,,,5,,
IQ512,510a06db002b43b8abcc6fb8,105496,True,198880,,,2022-10-01 10:00:00.000 UTC,5,2022-10-01 10:00:00.000 UTC,1448.0
IQ512,6356b8e091924075b99d6a5e,105497,True,3301,2024-09-09 10:00:00.000 UTC,2024-09-09 10:00:00.000 UTC,,9,2024-09-09 10:00:00.000 UTC,739.0
IQ512,480cb530aa2d48c5acbe06c6,105498,True,1061,,,,9,,
IQ512,d25d3bc0a66b46f7978782f5,105499,True,0,,,2022-10-01 10:00:00.000 UTC,0,2022-10-01 10:00:00.000 UTC,1448.0
IQ512,a85d7eb37d5f45e6b8362914,105500,True,0,,,2022-10-01 10:00:00.000 UTC,0,2022-10-01 10:00:00.000 UTC,1448.0
IQ512,ba0bbd75d240472894f3e0f5,105501,True,4177,2026-07-30 10:00:00.000 UTC,2026-07-30 10:00:00.000 UTC,2026-07-30 10:00:00.000 UTC,7,2026-07-30 10:00:00.000 UTC,50.0
IQ512,246ecfff06dd4c809a037219,105502,True,0,,,2022-10-01 10:00:00.000 UTC,0,2022-10-01 10:00:00.000 UTC,1448.0
IQ512,f8bd01058ec24f7687709926,105503,True,8695,,,2022-10-01 10:00:00.000 UTC,4,2022-10-01 10:00:00.000 UTC,1448.0
IQ512,87a63a6576034f30a2ca2aa0,105504,True,20044,,,2022-10-01 10:00:00.000 UTC,4,2022-10-01 10:00:00.000 UTC,1448.0
