Anio,Trimestre,Programa,Rol,Grado,region_norm,usuarios_activos,horas_totales,registros
2021,Q1,IQP,Admin,No especificado,Sin ubicación,1,0.0,1
2021,Q1,IQP,Docente,No especificado,Sin ubicación,1,0.0,1
2021,Q1,IQP,Estudiante,No especificado,Sin ubicación,1,1.0,19
2021,Q1,IQP,Sin rol,No especificado,Sin ubicación,2,0.0,2
2021,Q2,IQP,Admin,No especificado,Sin ubicación,1,0.1,2
2021,Q2,IQP,Estudiante,No especificado,Sin ubicación,9,3.5,66
2021,Q2,IQP,Sin rol,No especificado,Sin ubicación,1,0.9,14
2021,Q3,IQP,Admin,No especificado,Sin ubicación,1,0.0,2
2021,Q3,IQP,Estudiante,1er grado,Sin ubicación,1,0.6,9
2021,Q3,IQP,Estudiante,6to grado,Sin ubicación,4,1.1,28
2021,Q3,IQP,Estudiante,No especificado,Sin ubicación,14,4.0,77
2021,Q3,IQP,Sin rol,No especificado,Sin ubicación,1,1.8,27
2021,Q4,IQP,Admin,No especificado,Sin ubicación,1,0.2,8
2021,Q4,IQP,Docente,6to grado,BARAHONA,3,0.1,3
2021,Q4,IQP,Docente,6to grado,MAO,4,0.1,7
2021,Q4,IQP,Docente,6to grado,SANTO DOMINGO,6,0.5,17
2021,Q4,IQP,Docente,6to grado,Sin ubicación,10,0.3,10
2021,Q4,IQP,Docente,No especificado,NAGUA,1,0.1,1
2021,Q4,IQP,Docente,No especificado,Sin ubicación,1,0.0,1
2021,Q4,IQP,Estudiante,1er grado,HIGUEY,1,0.1,2
2021,Q4,IQP,Estudiante,1er grado,SANTO DOMINGO,5,0.7,14
2021,Q4,IQP,Estudiante,1er grado,Sin ubicación,3,0.6,16
2021,Q4,IQP,Estudiante,2do grado,LA VEGA,1,0.1,3
2021,Q4,IQP,Estudiante,2do grado,SANTO DOMINGO,1,0.2,5
2021,Q4,IQP,Estudiante,3er grado,SAN FRANCISCO DE MACORIS,1,0.0,1
2021,Q4,IQP,Estudiante,3er grado,SANTO DOMINGO,2,0.0,2
2021,Q4,IQP,Estudiante,3er grado,Sin ubicación,1,0.0,2
2021,Q4,IQP,Estudiante,4to grado,PUERTO PLATA,1,0.1,4
2021,Q4,IQP,Estudiante,4to grado,SANTO DOMINGO,5,0.4,8
2021,Q4,IQP,Estudiante,4to grado,Sin ubicación,1,0.1,1
2021,Q4,IQP,Estudiante,5to grado,BAHORUCO,1,0.6,11
2021,Q4,IQP,Estudiante,5to grado,LA VEGA,1,0.0,1
2021,Q4,IQP,Estudiante,5to grado,SANTO DOMINGO,4,0.1,6
2021,Q4,IQP,Estudiante,6to grado,SANTO DOMINGO,4,1.1,17
2021,Q4,IQP,Estudiante,6to grado,Sin ubicación,6,3.5,84
2021,Q4,IQP,Estudiante,No especificado,Sin ubicación,10,0.3,12
2021,Q4,IQP,Parent,No especificado,Sin ubicación,12,0.8,24
2021,Q4,IQP,Sin rol,No especificado,Sin ubicación,1,2.5,45
2022,Q1,IQP,Admin,No especificado,Sin ubicación,1,0.0,3
2022,Q1,IQP,Docente,6to grado,COTUI,1,0.1,1
2022,Q1,IQP,Docente,6to grado,HIGUEY,2,15.3,4
2022,Q1,IQP,Docente,6to grado,MAO,2,11.8,2
2022,Q1,IQP,Docente,6to grado,NAGUA,2,0.0,2
2022,Q1,IQP,Docente,6to grado,PUERTO PLATA,1,0.0,1
2022,Q1,IQP,Docente,6to grado,SAN CRISTOBAL,2,7.3,3
2022,Q1,IQP,Docente,6to grado,SAN JUAN DE LA MAGUANA,1,1.6,2
2022,Q1,IQP,Docente,6to grado,SANTIAGO,6,80.6,14
2022,Q1,IQP,Docente,6to grado,SANTO DOMINGO,7,4.6,18
2022,Q1,IQP,Docente,6to grado,Sin ubicación,17,97.0,31
2022,Q1,IQP,Estudiante,1er grado,BAHORUCO,1,0.6,1
2022,Q1,IQP,Estudiante,1er grado,SANTO DOMINGO,6,77.2,45
2022,Q1,IQP,Estudiante,1er grado,Sin ubicación,4,5.7,13
2022,Q1,IQP,Estudiante,2do grado,LA VEGA,1,0.3,4
2022,Q1,IQP,Estudiante,2do grado,SANTO DOMINGO,3,11.4,3
2022,Q1,IQP,Estudiante,2do grado,Sin ubicación,2,105.8,14
2022,Q1,IQP,Estudiante,3er grado,BAHORUCO,1,1.2,1
2022,Q1,IQP,Estudiante,3er grado,SAN CRISTOBAL,1,5.2,4
2022,Q1,IQP,Estudiante,3er grado,SANTIAGO,2,9.6,2
2022,Q1,IQP,Estudiante,3er grado,SANTO DOMINGO,5,5.1,6
2022,Q1,IQP,Estudiante,3er grado,Sin ubicación,5,3.2,6
2022,Q1,IQP,Estudiante,4to grado,PUERTO PLATA,1,1.6,6
2022,Q1,IQP,Estudiante,4to grado,SANTO DOMINGO,5,24.0,18
2022,Q1,IQP,Estudiante,4to grado,Sin ubicación,2,2.0,4
2022,Q1,IQP,Estudiante,5to grado,BAHORUCO,1,2.1,8
2022,Q1,IQP,Estudiante,5to grado,BARAHONA,1,11.7,4
2022,Q1,IQP,Estudiante,5to grado,SANTO DOMINGO,6,2.4,9
2022,Q1,IQP,Estudiante,5to grado,Sin ubicación,1,2.6,1
2022,Q1,IQP,Estudiante,6to grado,BAHORUCO,1,102.6,10
2022,Q1,IQP,Estudiante,6to grado,HIGUEY,2,5.8,2
2022,Q1,IQP,Estudiante,6to grado,LA VEGA,9,25.8,13
2022,Q1,IQP,Estudiante,6to grado,MONTE CRISTI,2,0.5,2
2022,Q1,IQP,Estudiante,6to grado,SAN JUAN DE LA MAGUANA,1,4.2,2
2022,Q1,IQP,Estudiante,6to grado,SANTIAGO,14,208.9,39
2022,Q1,IQP,Estudiante,6to grado,SANTO DOMINGO,19,31.3,26
2022,Q1,IQP,Estudiante,6to grado,Sin ubicación,21,282.8,74
2022,Q1,IQP,Estudiante,No especificado,Sin ubicación,1,0.1,1
2022,Q1,IQP,Parent,No especificado,Sin ubicación,6,7.7,16
2022,Q1,IQP,Sin rol,No especificado,Sin ubicación,2,252.3,48
2022,Q2,IQP,Admin,No especificado,Sin ubicación,1,0.1,5
2022,Q2,IQP,Docente,6to grado,AZUA,2,0.4,2
2022,Q2,IQP,Docente,6to grado,BAHORUCO,1,10.2,3
2022,Q2,IQP,Docente,6to grado,BARAHONA,3,149.5,24
2022,Q2,IQP,Docente,6to grado,COTUI,6,27.3,11
2022,Q2,IQP,Docente,6to grado,HIGUEY,2,16.4,5
2022,Q2,IQP,Docente,6to grado,LA VEGA,9,64.1,14
2022,Q2,IQP,Docente,6to grado,MAO,7,103.7,28
2022,Q2,IQP,Docente,6to grado,MONTE CRISTI,4,28.8,10
2022,Q2,IQP,Docente,6to grado,NAGUA,1,5.6,2
2022,Q2,IQP,Docente,6to grado,PUERTO PLATA,3,11.0,7
2022,Q2,IQP,Docente,6to grado,SAN CRISTOBAL,2,23.3,6
2022,Q2,IQP,Docente,6to grado,SAN FRANCISCO DE MACORIS,2,10.8,2
2022,Q2,IQP,Docente,6to grado,SAN JUAN DE LA MAGUANA,1,16.7,5
2022,Q2,IQP,Docente,6to grado,SAN PEDRO DE MACORIS,3,1.3,3
2022,Q2,IQP,Docente,6to grado,SANTIAGO,16,172.3,30
2022,Q2,IQP,Docente,6to grado,SANTO DOMINGO,46,265.1,87
2022,Q2,IQP,Docente,6to grado,Sin ubicación,106,888.3,209
2022,Q2,IQP,Estudiante,1er grado,BARAHONA,1,14.9,8
2022,Q2,IQP,Estudiante,1er grado,COTUI,2,15.5,9
2022,Q2,IQP,Estudiante,1er grado,SAN FRANCISCO DE MACORIS,1,0.0,1
2022,Q2,IQP,Estudiante,1er grado,SANTIAGO,1,0.1,1
2022,Q2,IQP,Estudiante,1er grado,SANTO DOMINGO,7,70.5,26
2022,Q2,IQP,Estudiante,1er grado,Sin ubicación,10,10.4,14
2022,Q2,IQP,Estudiante,2do grado,AZUA,1,24.3,9
2022,Q2,IQP,Estudiante,2do grado,COTUI,2,4.4,3
2022,Q2,IQP,Estudiante,2do grado,NAGUA,3,15.7,4
2022,Q2,IQP,Estudiante,2do grado,SAN PEDRO DE MACORIS,1,0.5,1
2022,Q2,IQP,Estudiante,2do grado,SANTIAGO,1,0.4,1
2022,Q2,IQP,Estudiante,2do grado,SANTO DOMINGO,5,13.3,7
2022,Q2,IQP,Estudiante,2do grado,Sin ubicación,3,51.6,16
2022,Q2,IQP,Estudiante,3er grado,BAHORUCO,1,8.5,2
2022,Q2,IQP,Estudiante,3er grado,COTUI,4,43.3,16
2022,Q2,IQP,Estudiante,3er grado,LA VEGA,6,30.5,16
2022,Q2,IQP,Estudiante,3er grado,MAO,9,50.5,12
2022,Q2,IQP,Estudiante,3er grado,NAGUA,3,0.7,3
2022,Q2,IQP,Estudiante,3er grado,PUERTO PLATA,1,9.1,1
2022,Q2,IQP,Estudiante,3er grado,SANTIAGO,17,89.9,29
2022,Q2,IQP,Estudiante,3er grado,SANTO DOMINGO,70,826.2,261
2022,Q2,IQP,Estudiante,3er grado,Sin ubicación,61,732.3,221
2022,Q2,IQP,Estudiante,4to grado,SANTO DOMINGO,7,45.8,38
2022,Q2,IQP,Estudiante,4to grado,Sin ubicación,6,141.8,36
2022,Q2,IQP,Estudiante,5to grado,AZUA,1,37.0,9
2022,Q2,IQP,Estudiante,5to grado,BARAHONA,1,13.5,9
2022,Q2,IQP,Estudiante,5to grado,LA VEGA,1,7.4,1
2022,Q2,IQP,Estudiante,5to grado,NAGUA,2,1.2,2
2022,Q2,IQP,Estudiante,5to grado,SAN FRANCISCO DE MACORIS,1,1.9,1
2022,Q2,IQP,Estudiante,5to grado,SANTO DOMINGO,3,12.4,5
2022,Q2,IQP,Estudiante,5to grado,Sin ubicación,4,10.1,7
2022,Q2,IQP,Estudiante,6to grado,AZUA,1,0.3,1
2022,Q2,IQP,Estudiante,6to grado,BAHORUCO,11,14.1,18
2022,Q2,IQP,Estudiante,6to grado,COTUI,2,4.0,3
2022,Q2,IQP,Estudiante,6to grado,HIGUEY,15,44.8,21
2022,Q2,IQP,Estudiante,6to grado,LA VEGA,10,53.1,19
2022,Q2,IQP,Estudiante,6to grado,MAO,6,7.5,6
2022,Q2,IQP,Estudiante,6to grado,NAGUA,7,149.5,43
2022,Q2,IQP,Estudiante,6to grado,PUERTO PLATA,1,4.7,1
2022,Q2,IQP,Estudiante,6to grado,SAN CRISTOBAL,2,2.2,2
2022,Q2,IQP,Estudiante,6to grado,SAN FRANCISCO DE MACORIS,1,2.3,4
2022,Q2,IQP,Estudiante,6to grado,SANTIAGO,28,212.1,75
2022,Q2,IQP,Estudiante,6to grado,SANTO DOMINGO,150,749.3,275
2022,Q2,IQP,Estudiante,6to grado,Sin ubicación,176,1330.0,453
2022,Q2,IQP,Parent,No especificado,Sin ubicación,5,13.2,9
2022,Q2,IQP,Sin rol,No especificado,Sin ubicación,2,634.6,58
2022,Q3,IQ512,Admin,No especificado,Sin ubicación,1,0.2,1
2022,Q3,IQP,Admin,No especificado,Sin ubicación,1,4.5,12
2022,Q3,IQP,Docente,6to grado,BARAHONA,3,88.7,17
2022,Q3,IQP,Docente,6to grado,COTUI,1,0.5,1
2022,Q3,IQP,Docente,6to grado,HIGUEY,1,1.5,1
2022,Q3,IQP,Docente,6to grado,LA VEGA,3,1.7,3
2022,Q3,IQP,Docente,6to grado,MAO,17,50.5,32
2022,Q3,IQP,Docente,6to grado,MONTE CRISTI,1,0.4,2
2022,Q3,IQP,Docente,6to grado,NAGUA,1,1.8,1
2022,Q3,IQP,Docente,6to grado,PUERTO PLATA,1,0.2,1
2022,Q3,IQP,Docente,6to grado,SAN CRISTOBAL,2,0.8,2
2022,Q3,IQP,Docente,6to grado,SAN PEDRO DE MACORIS,2,3.4,2
2022,Q3,IQP,Docente,6to grado,SANTO DOMINGO,11,19.4,14
2022,Q3,IQP,Docente,6to grado,Sin ubicación,13,30.5,22
2022,Q3,IQP,Estudiante,1er grado,BARAHONA,1,21.4,5
2022,Q3,IQP,Estudiante,1er grado,HIGUEY,1,12.6,3
2022,Q3,IQP,Estudiante,1er grado,NAGUA,1,0.3,1
2022,Q3,IQP,Estudiante,1er grado,SAN CRISTOBAL,1,0.0,1
2022,Q3,IQP,Estudiante,1er grado,SAN JUAN DE LA MAGUANA,2,8.0,3
2022,Q3,IQP,Estudiante,1er grado,SANTO DOMINGO,6,30.9,20
2022,Q3,IQP,Estudiante,1er grado,Sin ubicación,7,16.0,11
2022,Q3,IQP,Estudiante,2do grado,AZUA,1,27.1,13
2022,Q3,IQP,Estudiante,2do grado,SAN JUAN DE LA MAGUANA,1,1.6,1
2022,Q3,IQP,Estudiante,2do grado,SANTO DOMINGO,2,2.6,5
2022,Q3,IQP,Estudiante,2do grado,Sin ubicación,4,25.7,9
2022,Q3,IQP,Estudiante,3er grado,SAN CRISTOBAL,1,1.4,1
2022,Q3,IQP,Estudiante,3er grado,SANTIAGO,1,0.4,1
2022,Q3,IQP,Estudiante,3er grado,SANTO DOMINGO,12,15.0,19
2022,Q3,IQP,Estudiante,3er grado,Sin ubicación,10,87.0,31
2022,Q3,IQP,Estudiante,4to grado,MAO,1,1.8,1
2022,Q3,IQP,Estudiante,4to grado,SANTO DOMINGO,5,28.8,8
2022,Q3,IQP,Estudiante,4to grado,Sin ubicación,8,113.0,29
2022,Q3,IQP,Estudiante,5to grado,AZUA,1,31.5,11
2022,Q3,IQP,Estudiante,5to grado,BARAHONA,1,7.7,9
2022,Q3,IQP,Estudiante,5to grado,LA VEGA,2,19.0,9
2022,Q3,IQP,Estudiante,5to grado,SANTIAGO,1,0.5,1
2022,Q3,IQP,Estudiante,5to grado,SANTO DOMINGO,3,5.6,4
2022,Q3,IQP,Estudiante,5to grado,Sin ubicación,8,33.4,14
2022,Q3,IQP,Estudiante,6to grado,AZUA,2,2.0,2
2022,Q3,IQP,Estudiante,6to grado,BAHORUCO,2,0.6,2
2022,Q3,IQP,Estudiante,6to grado,BARAHONA,1,7.3,2
2022,Q3,IQP,Estudiante,6to grado,HIGUEY,3,2.8,3
2022,Q3,IQP,Estudiante,6to grado,LA VEGA,1,0.5,2
2022,Q3,IQP,Estudiante,6to grado,MAO,1,9.7,14
2022,Q3,IQP,Estudiante,6to grado,MONTE PLATA,2,3.3,2
2022,Q3,IQP,Estudiante,6to grado,NAGUA,2,3.5,4
2022,Q3,IQP,Estudiante,6to grado,PUERTO PLATA,1,0.0,1
2022,Q3,IQP,Estudiante,6to grado,SAN CRISTOBAL,1,0.3,3
2022,Q3,IQP,Estudiante,6to grado,SAN FRANCISCO DE MACORIS,1,0.0,1
2022,Q3,IQP,Estudiante,6to grado,SAN JUAN DE LA MAGUANA,1,9.5,2
2022,Q3,IQP,Estudiante,6to grado,SAN PEDRO DE MACORIS,3,9.2,4
2022,Q3,IQP,Estudiante,6to grado,SANTIAGO,3,28.2,12
2022,Q3,IQP,Estudiante,6to grado,SANTO DOMINGO,27,85.5,47
2022,Q3,IQP,Estudiante,6to grado,Sin ubicación,48,183.2,74
2022,Q3,IQP,Parent,No especificado,Sin ubicación,2,2.0,4
2022,Q3,IQP,Sin rol,No especificado,Sin ubicación,1,456.2,50
2022,Q3,IQS,Admin,No especificado,Sin ubicación,1,2.4,8
2022,Q3,IQS,Docente,1er grado,Sin ubicación,1,0.4,1
2022,Q3,IQS,Docente,3er grado,Sin ubicación,1,0.5,1
2022,Q3,IQS,Docente,4to grado,AZUA,1,0.4,1
2022,Q3,IQS,Docente,6to grado,AZUA,2,4.4,3
2022,Q3,IQS,Docente,6to grado,SAN FRANCISCO DE MACORIS,1,0.6,1
2022,Q3,IQS,Docente,6to grado,SANTO DOMINGO,5,23.6,8
2022,Q3,IQS,Editor,No especificado,SANTIAGO,1,782.4,33
2022,Q3,IQS,Estudiante,1er grado,SANTIAGO,1,0.1,1
2022,Q3,IQS,Estudiante,1er grado,SANTO DOMINGO,6,25.9,10
2022,Q3,IQS,Estudiante,1er grado,Sin ubicación,6,3.7,7
2022,Q3,IQS,Estudiante,2do grado,SANTO DOMINGO,4,8.9,7
2022,Q3,IQS,Estudiante,2do grado,Sin ubicación,3,3.1,3
2022,Q3,IQS,Estudiante,3er grado,LA VEGA,1,5.4,2
2022,Q3,IQS,Estudiante,3er grado,SAN PEDRO DE MACORIS,1,2.0,2
2022,Q3,IQS,Estudiante,3er grado,SANTIAGO,12,24.3,14
2022,Q3,IQS,Estudiante,3er grado,SANTO DOMINGO,3,18.6,7
2022,Q3,IQS,Estudiante,3er grado,Sin ubicación,2,10.8,3
2022,Q3,IQS,Estudiante,4to grado,SANTIAGO,6,20.0,13
2022,Q3,IQS,Estudiante,4to grado,SANTO DOMINGO,6,71.8,14
2022,Q3,IQS,Estudiante,4to grado,Sin ubicación,3,5.8,5
2022,Q3,IQS,Estudiante,5to grado,AZUA,1,2.7,1
2022,Q3,IQS,Estudiante,5to grado,BAHORUCO,1,2.8,2
2022,Q3,IQS,Estudiante,5to grado,MONTE PLATA,1,6.2,3
2022,Q3,IQS,Estudiante,5to grado,SANTIAGO,9,40.5,12
2022,Q3,IQS,Estudiante,5to grado,SANTO DOMINGO,3,31.0,10
2022,Q3,IQS,Estudiante,5to grado,Sin ubicación,6,45.2,14
2022,Q3,IQS,Estudiante,6to grado,AZUA,2,4.2,4
2022,Q3,IQS,Estudiante,6to grado,LA VEGA,2,18.3,7
2022,Q3,IQS,Estudiante,6to grado,NAGUA,1,0.2,1
2022,Q3,IQS,Estudiante,6to grado,PUERTO PLATA,2,6.4,2
2022,Q3,IQS,Estudiante,6to grado,SAN FRANCISCO DE MACORIS,1,2.6,1
2022,Q3,IQS,Estudiante,6to grado,SAN JUAN DE LA MAGUANA,1,0.5,1
2022,Q3,IQS,Estudiante,6to grado,SAN PEDRO DE MACORIS,1,0.1,1
2022,Q3,IQS,Estudiante,6to grado,SANTIAGO,13,28.4,17
2022,Q3,IQS,Estudiante,6to grado,SANTO DOMINGO,25,89.1,43
2022,Q3,IQS,Estudiante,6to grado,Sin ubicación,11,30.6,17
2022,Q3,IQS,Estudiante,No especificado,Sin ubicación,3,2.2,4
2022,Q3,IQS,Invitado,2do grado,Sin ubicación,1,6.1,1
2022,Q3,IQS,Invitado,6to grado,Sin ubicación,8,49.4,11
2022,Q4,IQ512,Admin,No especificado,Sin ubicación,3,18.7,8
2022,Q4,IQ512,Editor,No especificado,Sin ubicación,1,651.7,38
2022,Q4,IQ512,Estudiante,No especificado,AZUA,304,1136.2,320
2022,Q4,IQ512,Estudiante,No especificado,BAHORUCO,24,132.5,29
2022,Q4,IQ512,Estudiante,No especificado,BARAHONA,198,271.5,209
2022,Q4,IQ512,Estudiante,No especificado,COTUI,47,454.3,58
2022,Q4,IQ512,Estudiante,No especificado,HIGUEY,232,1109.4,239
2022,Q4,IQ512,Estudiante,No especificado,LA VEGA,508,2113.0,535
2022,Q4,IQ512,Estudiante,No especificado,MAO,56,275.9,58
2022,Q4,IQ512,Estudiante,No especificado,MONTE CRISTI,59,322.0,68
2022,Q4,IQ512,Estudiante,No especificado,MONTE PLATA,21,30.5,24
2022,Q4,IQ512,Estudiante,No especificado,NAGUA,58,154.6,62
2022,Q4,IQ512,Estudiante,No especificado,PUERTO PLATA,188,565.5,197
2022,Q4,IQ512,Estudiante,No especificado,SAN CRISTOBAL,257,591.4,282
2022,Q4,IQ512,Estudiante,No especificado,SAN FRANCISCO DE MACORIS,160,307.4,173
2022,Q4,IQ512,Estudiante,No especificado,SAN JUAN DE LA MAGUANA,111,247.1,118
2022,Q4,IQ512,Estudiante,No especificado,SAN PEDRO DE MACORIS,364,1361.2,379
2022,Q4,IQ512,Estudiante,No especificado,SANTIAGO,489,1338.6,501
2022,Q4,IQ512,Estudiante,No especificado,SANTO DOMINGO,3172,13255.2,3315
2022,Q4,IQ512,Estudiante,No especificado,Sin ubicación,13183,40758.8,13240
2022,Q4,IQ512,Sin rol,No especificado,Sin ubicación,1,0.8,1
2022,Q4,IQP,Admin,No especificado,Sin ubicación,1,109.8,20
2022,Q4,IQP,Docente,3er grado,BARAHONA,1,26.4,1
2022,Q4,IQP,Docente,3er grado,MAO,1,1.2,1
2022,Q4,IQP,Docente,3er grado,SAN PEDRO DE MACORIS,1,3.5,1
2022,Q4,IQP,Docente,3er grado,Sin ubicación,4,30.1,6
2022,Q4,IQP,Docente,4to grado,BARAHONA,1,29.4,8
2022,Q4,IQP,Docente,4to grado,LA VEGA,1,1.0,1
2022,Q4,IQP,Docente,4to grado,SAN PEDRO DE MACORIS,1,24.6,4
2022,Q4,IQP,Docente,4to grado,SANTIAGO,1,18.3,1
2022,Q4,IQP,Docente,4to grado,SANTO DOMINGO,5,22.9,5
2022,Q4,IQP,Docente,4to grado,Sin ubicación,12,42.0,17
2022,Q4,IQP,Docente,6to grado,AZUA,1,5.4,2
2022,Q4,IQP,Docente,6to grado,BARAHONA,1,61.1,17
2022,Q4,IQP,Docente,6to grado,HIGUEY,1,9.3,2
2022,Q4,IQP,Docente,6to grado,LA VEGA,1,0.8,1
2022,Q4,IQP,Docente,6to grado,MAO,5,88.8,18
2022,Q4,IQP,Docente,6to grado,MONTE CRISTI,1,0.3,1
2022,Q4,IQP,Docente,6to grado,NAGUA,2,30.4,5
2022,Q4,IQP,Docente,6to grado,PUERTO PLATA,1,10.5,2
2022,Q4,IQP,Docente,6to grado,SAN CRISTOBAL,2,9.1,3
2022,Q4,IQP,Docente,6to grado,SAN FRANCISCO DE MACORIS,2,18.3,2
2022,Q4,IQP,Docente,6to grado,SANTO DOMINGO,8,3.2,10
2022,Q4,IQP,Docente,6to grado,Sin ubicación,11,44.1,16
2022,Q4,IQP,Estudiante,1er grado,BARAHONA,2,47.6,18
2022,Q4,IQP,Estudiante,1er grado,SANTO DOMINGO,6,150.9,34
2022,Q4,IQP,Estudiante,1er grado,Sin ubicación,17,79.7,47
2022,Q4,IQP,Estudiante,2do grado,AZUA,1,2.0,5
2022,Q4,IQP,Estudiante,2do grado,PUERTO PLATA,1,1.6,2
2022,Q4,IQP,Estudiante,2do grado,SAN JUAN DE LA MAGUANA,1,1.1,3
2022,Q4,IQP,Estudiante,2do grado,Sin ubicación,9,49.9,32
2022,Q4,IQP,Estudiante,3er grado,MAO,1,0.2,1
2022,Q4,IQP,Estudiante,3er grado,SANTO DOMINGO,5,11.6,10
2022,Q4,IQP,Estudiante,3er grado,Sin ubicación,12,94.5,33
2022,Q4,IQP,Estudiante,4to grado,SANTO DOMINGO,5,29.1,23
2022,Q4,IQP,Estudiante,4to grado,Sin ubicación,7,61.6,19
2022,Q4,IQP,Estudiante,5to grado,AZUA,1,21.7,7
2022,Q4,IQP,Estudiante,5to grado,BARAHONA,1,15.4,12
2022,Q4,IQP,Estudiante,5to grado,MAO,1,1.5,1
2022,Q4,IQP,Estudiante,5to grado,SANTO DOMINGO,4,20.1,9
2022,Q4,IQP,Estudiante,5to grado,Sin ubicación,6,39.6,14
2022,Q4,IQP,Estudiante,6to grado,BARAHONA,2,15.9,4
2022,Q4,IQP,Estudiante,6to grado,HIGUEY,2,0.7,2
2022,Q4,IQP,Estudiante,6to grado,MAO,1,5.3,3
2022,Q4,IQP,Estudiante,6to grado,NAGUA,3,60.9,20
2022,Q4,IQP,Estudiante,6to grado,SANTIAGO,1,2.7,2
2022,Q4,IQP,Estudiante,6to grado,SANTO DOMINGO,7,31.2,15
2022,Q4,IQP,Estudiante,6to grado,Sin ubicación,18,109.6,36
2022,Q4,IQP,Parent,1er grado,Sin ubicación,1,0.6,1
2022,Q4,IQP,Parent,No especificado,Sin ubicación,4,12.2,5
2022,Q4,IQP,Sin rol,No especificado,Sin ubicación,1,1010.0,55
2022,Q4,IQS,Admin,No especificado,Sin ubicación,1,74.8,15
2022,Q4,IQS,Docente,1er grado,AZUA,2,1.2,3
2022,Q4,IQS,Docente,1er grado,BAHORUCO,1,0.7,1
2022,Q4,IQS,Docente,1er grado,HIGUEY,1,0.3,1
2022,Q4,IQS,Docente,1er grado,MONTE CRISTI,1,0.9,1
2022,Q4,IQS,Docente,1er grado,NAGUA,1,7.3,2
2022,Q4,IQS,Docente,1er grado,PUERTO PLATA,1,0.1,1
2022,Q4,IQS,Docente,1er grado,SAN FRANCISCO DE MACORIS,1,7.3,2
2022,Q4,IQS,Docente,1er grado,SAN PEDRO DE MACORIS,2,11.6,2
2022,Q4,IQS,Docente,1er grado,SANTIAGO,5,26.9,8
2022,Q4,IQS,Docente,1er grado,SANTO DOMINGO,12,26.2,19
2022,Q4,IQS,Docente,1er grado,Sin ubicación,16,103.5,33
2022,Q4,IQS,Docente,4to grado,AZUA,1,33.5,6
2022,Q4,IQS,Docente,6to grado,BAHORUCO,1,7.5,2
2022,Q4,IQS,Docente,6to grado,COTUI,2,11.8,4
2022,Q4,IQS,Docente,6to grado,LA VEGA,1,0.3,1
2022,Q4,IQS,Docente,6to grado,MONTE CRISTI,2,0.8,2
2022,Q4,IQS,Docente,6to grado,MONTE PLATA,2,0.5,2
2022,Q4,IQS,Docente,6to grado,NAGUA,2,49.6,10
2022,Q4,IQS,Docente,6to grado,PUERTO PLATA,1,1.0,1
2022,Q4,IQS,Docente,6to grado,SAN FRANCISCO DE MACORIS,2,16.7,4
2022,Q4,IQS,Docente,6to grado,SAN JUAN DE LA MAGUANA,1,14.5,1
2022,Q4,IQS,Docente,6to grado,SAN PEDRO DE MACORIS,4,25.5,6
2022,Q4,IQS,Docente,6to grado,SANTIAGO,1,7.9,2
2022,Q4,IQS,Docente,6to grado,SANTO DOMINGO,31,529.6,87
2022,Q4,IQS,Docente,6to grado,Sin ubicación,10,154.4,32
2022,Q4,IQS,Editor,No especificado,SANTIAGO,1,588.0,37
2022,Q4,IQS,Estudiante,1er grado,NAGUA,4,145.1,28
2022,Q4,IQS,Estudiante,1er grado,SANTO DOMINGO,10,127.0,35
2022,Q4,IQS,Estudiante,1er grado,Sin ubicación,15,153.8,36
2022,Q4,IQS,Estudiante,2do grado,BARAHONA,1,0.4,1
2022,Q4,IQS,Estudiante,2do grado,NAGUA,4,110.1,18
2022,Q4,IQS,Estudiante,2do grado,SAN FRANCISCO DE MACORIS,2,0.4,4
2022,Q4,IQS,Estudiante,2do grado,SANTO DOMINGO,18,128.5,44
2022,Q4,IQS,Estudiante,2do grado,Sin ubicación,10,127.3,20
2022,Q4,IQS,Estudiante,3er grado,BARAHONA,1,4.6,2
2022,Q4,IQS,Estudiante,3er grado,LA VEGA,2,3.2,3
2022,Q4,IQS,Estudiante,3er grado,MONTE PLATA,1,5.5,2
2022,Q4,IQS,Estudiante,3er grado,NAGUA,4,213.9,31
2022,Q4,IQS,Estudiante,3er grado,SAN PEDRO DE MACORIS,1,12.4,3
2022,Q4,IQS,Estudiante,3er grado,SANTIAGO,3,2.0,3
2022,Q4,IQS,Estudiante,3er grado,SANTO DOMINGO,19,49.2,31
2022,Q4,IQS,Estudiante,3er grado,Sin ubicación,14,139.5,30
2022,Q4,IQS,Estudiante,4to grado,BARAHONA,1,2.3,1
2022,Q4,IQS,Estudiante,4to grado,HIGUEY,1,6.6,1
2022,Q4,IQS,Estudiante,4to grado,LA VEGA,2,11.4,2
2022,Q4,IQS,Estudiante,4to grado,MAO,2,5.5,3
2022,Q4,IQS,Estudiante,4to grado,NAGUA,2,126.2,18
2022,Q4,IQS,Estudiante,4to grado,SAN CRISTOBAL,1,1.8,1
2022,Q4,IQS,Estudiante,4to grado,SANTIAGO,11,20.8,15
2022,Q4,IQS,Estudiante,4to grado,SANTO DOMINGO,50,456.3,89
2022,Q4,IQS,Estudiante,4to grado,Sin ubicación,22,74.7,35
2022,Q4,IQS,Estudiante,5to grado,BARAHONA,1,1.3,1
2022,Q4,IQS,Estudiante,5to grado,HIGUEY,1,0.4,1
2022,Q4,IQS,Estudiante,5to grado,LA VEGA,3,20.5,3
2022,Q4,IQS,Estudiante,5to grado,SANTIAGO,14,117.8,36
2022,Q4,IQS,Estudiante,5to grado,SANTO DOMINGO,50,336.7,70
2022,Q4,IQS,Estudiante,5to grado,Sin ubicación,21,148.1,34
2022,Q4,IQS,Estudiante,6to grado,AZUA,8,14.7,15
2022,Q4,IQS,Estudiante,6to grado,BAHORUCO,4,4.7,4
2022,Q4,IQS,Estudiante,6to grado,BARAHONA,6,45.4,9
2022,Q4,IQS,Estudiante,6to grado,COTUI,1,0.3,1
2022,Q4,IQS,Estudiante,6to grado,HIGUEY,13,30.4,15
2022,Q4,IQS,Estudiante,6to grado,LA VEGA,30,136.9,45
2022,Q4,IQS,Estudiante,6to grado,MONTE CRISTI,1,4.6,3
2022,Q4,IQS,Estudiante,6to grado,MONTE PLATA,3,11.3,3
2022,Q4,IQS,Estudiante,6to grado,NAGUA,7,194.0,24
2022,Q4,IQS,Estudiante,6to grado,PUERTO PLATA,7,54.3,8
2022,Q4,IQS,Estudiante,6to grado,SAN CRISTOBAL,16,36.7,22
2022,Q4,IQS,Estudiante,6to grado,SAN FRANCISCO DE MACORIS,14,55.4,14
2022,Q4,IQS,Estudiante,6to grado,SAN JUAN DE LA MAGUANA,6,16.6,9
2022,Q4,IQS,Estudiante,6to grado,SAN PEDRO DE MACORIS,10,57.5,13
2022,Q4,IQS,Estudiante,6to grado,SANTIAGO,65,847.0,195
2022,Q4,IQS,Estudiante,6to grado,SANTO DOMINGO,184,871.9,312
2022,Q4,IQS,Estudiante,6to grado,Sin ubicación,50,242.2,83
2022,Q4,IQS,Estudiante,No especificado,Sin ubicación,2,0.3,2
2022,Q4,IQS,Invitado,1er grado,Sin ubicación,1,4.6,2
2022,Q4,IQS,Invitado,2do grado,Sin ubicación,1,5.8,1
2022,Q4,IQS,Invitado,6to grado,SANTO DOMINGO,3,4.1,4
2022,Q4,IQS,Invitado,6to grado,Sin ubicación,41,304.0,69
2023,Q1,IQ512,Admin,No especificado,Sin ubicación,4,174.9,16
2023,Q1,IQ512,Editor,No especificado,Sin ubicación,1,573.8,46
2023,Q1,IQ512,Estudiante,No especificado,AZUA,54,9926.8,953
2023,Q1,IQ512,Estudiante,No especificado,BAHORUCO,23,4816.4,544
2023,Q1,IQ512,Estudiante,No especificado,BARAHONA,55,9191.4,959
2023,Q1,IQ512,Estudiante,No especificado,COTUI,46,9939.5,891
2023,Q1,IQ512,Estudiante,No especificado,HIGUEY,23,2957.6,294
2023,Q1,IQ512,Estudiante,No especificado,LA VEGA,70,13019.1,1267
2023,Q1,IQ512,Estudiante,No especificado,MAO,15,3419.2,368
2023,Q1,IQ512,Estudiante,No especificado,MONTE CRISTI,19,4384.1,431
2023,Q1,IQ512,Estudiante,No especificado,MONTE PLATA,20,2295.4,208
2023,Q1,IQ512,Estudiante,No especificado,NAGUA,20,6007.9,526
2023,Q1,IQ512,Estudiante,No especificado,PUERTO PLATA,17,4379.0,446
2023,Q1,IQ512,Estudiante,No especificado,SAN CRISTOBAL,60,11746.1,1201
2023,Q1,IQ512,Estudiante,No especificado,SAN FRANCISCO DE MACORIS,30,6225.9,656
2023,Q1,IQ512,Estudiante,No especificado,SAN JUAN DE LA MAGUANA,28,4957.3,476
2023,Q1,IQ512,Estudiante,No especificado,SAN PEDRO DE MACORIS,31,6316.9,603
2023,Q1,IQ512,Estudiante,No especificado,SANTIAGO,49,8231.6,818
2023,Q1,IQ512,Estudiante,No especificado,SANTO DOMINGO,254,47390.3,4324
2023,Q1,IQ512,Estudiante,No especificado,Sin ubicación,2589,458769.6,44633
2023,Q1,IQ512,Sin rol,No especificado,Sin ubicación,1,4.4,1
2023,Q1,IQP,Admin,No especificado,Sin ubicación,2,2.0,5
2023,Q1,IQP,Docente,1er grado,Sin ubicación,2,370.7,30
2023,Q1,IQP,Docente,3er grado,BARAHONA,2,2.0,2
2023,Q1,IQP,Docente,3er grado,MAO,1,1.1,2
2023,Q1,IQP,Docente,3er grado,SAN CRISTOBAL,1,0.5,2
2023,Q1,IQP,Docente,3er grado,SANTIAGO,2,36.4,3
2023,Q1,IQP,Docente,3er grado,SANTO DOMINGO,1,0.3,1
2023,Q1,IQP,Docente,3er grado,Sin ubicación,11,34.0,12
2023,Q1,IQP,Docente,4to grado,AZUA,2,2.6,3
2023,Q1,IQP,Docente,4to grado,BAHORUCO,1,2.4,1
2023,Q1,IQP,Docente,4to grado,BARAHONA,2,2.0,4
2023,Q1,IQP,Docente,4to grado,LA VEGA,1,0.4,1
2023,Q1,IQP,Docente,4to grado,MAO,2,1.9,2
2023,Q1,IQP,Docente,4to grado,MONTE CRISTI,1,3.0,1
2023,Q1,IQP,Docente,4to grado,MONTE PLATA,1,5.8,1
2023,Q1,IQP,Docente,4to grado,NAGUA,1,0.3,1
2023,Q1,IQP,Docente,4to grado,PUERTO PLATA,3,11.6,4
2023,Q1,IQP,Docente,4to grado,SAN CRISTOBAL,1,2.4,1
2023,Q1,IQP,Docente,4to grado,SAN FRANCISCO DE MACORIS,5,3.8,5
2023,Q1,IQP,Docente,4to grado,SAN PEDRO DE MACORIS,2,9.9,3
2023,Q1,IQP,Docente,4to grado,SANTO DOMINGO,26,98.0,38
2023,Q1,IQP,Docente,4to grado,Sin ubicación,38,93.2,43
2023,Q1,IQP,Docente,6to grado,AZUA,1,0.4,1
2023,Q1,IQP,Docente,6to grado,BAHORUCO,2,2.2,2
2023,Q1,IQP,Docente,6to grado,BARAHONA,1,22.1,9
2023,Q1,IQP,Docente,6to grado,COTUI,1,13.3,5
2023,Q1,IQP,Docente,6to grado,HIGUEY,1,0.1,1
2023,Q1,IQP,Docente,6to grado,LA VEGA,4,59.3,7
2023,Q1,IQP,Docente,6to grado,MAO,6,83.5,17
2023,Q1,IQP,Docente,6to grado,MONTE CRISTI,2,3.3,3
2023,Q1,IQP,Docente,6to grado,PUERTO PLATA,5,22.3,9
2023,Q1,IQP,Docente,6to grado,SAN CRISTOBAL,3,9.6,4
2023,Q1,IQP,Docente,6to grado,SAN FRANCISCO DE MACORIS,1,1.0,1
2023,Q1,IQP,Docente,6to grado,SANTIAGO,9,43.9,11
2023,Q1,IQP,Docente,6to grado,SANTO DOMINGO,35,103.0,50
2023,Q1,IQP,Docente,6to grado,Sin ubicación,24,65.3,31
2023,Q1,IQP,Docente,No especificado,MAO,4,19.5,9
2023,Q1,IQP,Docente,No especificado,NAGUA,2,2.6,2
2023,Q1,IQP,Docente,No especificado,SAN CRISTOBAL,1,6.4,2
2023,Q1,IQP,Docente,No especificado,SAN JUAN DE LA MAGUANA,1,0.9,1
2023,Q1,IQP,Docente,No especificado,SANTIAGO,4,3.2,6
2023,Q1,IQP,Docente,No especificado,SANTO DOMINGO,10,29.4,12
2023,Q1,IQP,Docente,No especificado,Sin ubicación,23,84.0,29
2023,Q1,IQP,Estudiante,1er grado,BARAHONA,1,0.0,1
2023,Q1,IQP,Estudiante,1er grado,LA VEGA,1,0.5,1
2023,Q1,IQP,Estudiante,1er grado,SAN CRISTOBAL,1,0.2,1
2023,Q1,IQP,Estudiante,1er grado,SAN JUAN DE LA MAGUANA,1,0.2,1
2023,Q1,IQP,Estudiante,1er grado,SANTO DOMINGO,8,43.4,20
2023,Q1,IQP,Estudiante,1er grado,Sin ubicación,14,198.5,53
2023,Q1,IQP,Estudiante,2do grado,AZUA,1,0.0,1
2023,Q1,IQP,Estudiante,2do grado,NAGUA,4,9.3,6
2023,Q1,IQP,Estudiante,2do grado,PUERTO PLATA,1,1.9,2
2023,Q1,IQP,Estudiante,2do grado,SANTO DOMINGO,1,0.3,1
2023,Q1,IQP,Estudiante,2do grado,Sin ubicación,6,30.3,11
2023,Q1,IQP,Estudiante,3er grado,MONTE PLATA,1,5.9,2
2023,Q1,IQP,Estudiante,3er grado,NAGUA,10,56.3,28
2023,Q1,IQP,Estudiante,3er grado,PUERTO PLATA,1,0.7,1
2023,Q1,IQP,Estudiante,3er grado,SAN CRISTOBAL,1,3.3,2
2023,Q1,IQP,Estudiante,3er grado,SANTIAGO,16,121.0,45
2023,Q1,IQP,Estudiante,3er grado,SANTO DOMINGO,19,34.6,22
2023,Q1,IQP,Estudiante,3er grado,Sin ubicación,17,51.7,27
2023,Q1,IQP,Estudiante,4to grado,AZUA,1,2.6,1
2023,Q1,IQP,Estudiante,4to grado,BARAHONA,1,0.2,1
2023,Q1,IQP,Estudiante,4to grado,HIGUEY,3,31.4,3
2023,Q1,IQP,Estudiante,4to grado,MAO,1,3.3,3
2023,Q1,IQP,Estudiante,4to grado,SANTIAGO,2,10.9,2
2023,Q1,IQP,Estudiante,4to grado,SANTO DOMINGO,18,71.6,23
2023,Q1,IQP,Estudiante,4to grado,Sin ubicación,25,120.3,37
2023,Q1,IQP,Estudiante,5to grado,AZUA,2,18.2,5
2023,Q1,IQP,Estudiante,5to grado,BARAHONA,1,27.6,3
2023,Q1,IQP,Estudiante,5to grado,SANTO DOMINGO,9,28.1,10
2023,Q1,IQP,Estudiante,5to grado,Sin ubicación,6,24.1,8
2023,Q1,IQP,Estudiante,6to grado,AZUA,2,0.3,2
2023,Q1,IQP,Estudiante,6to grado,BAHORUCO,3,2.8,3
2023,Q1,IQP,Estudiante,6to grado,BARAHONA,1,0.3,1
2023,Q1,IQP,Estudiante,6to grado,COTUI,1,6.3,1
2023,Q1,IQP,Estudiante,6to grado,HIGUEY,5,5.1,6
2023,Q1,IQP,Estudiante,6to grado,LA VEGA,7,8.7,8
2023,Q1,IQP,Estudiante,6to grado,MAO,2,2.9,2
2023,Q1,IQP,Estudiante,6to grado,PUERTO PLATA,34,74.8,67
2023,Q1,IQP,Estudiante,6to grado,SAN CRISTOBAL,3,3.8,3
2023,Q1,IQP,Estudiante,6to grado,SAN JUAN DE LA MAGUANA,1,6.2,2
2023,Q1,IQP,Estudiante,6to grado,SAN PEDRO DE MACORIS,2,1.9,3
2023,Q1,IQP,Estudiante,6to grado,SANTIAGO,10,19.0,13
2023,Q1,IQP,Estudiante,6to grado,SANTO DOMINGO,87,111.7,97
2023,Q1,IQP,Estudiante,6to grado,Sin ubicación,147,279.5,177
2023,Q1,IQP,Estudiante,No especificado,BAHORUCO,1,2.3,1
2023,Q1,IQP,Estudiante,No especificado,HIGUEY,1,3.4,1
2023,Q1,IQP,Estudiante,No especificado,LA VEGA,1,0.6,1
2023,Q1,IQP,Estudiante,No especificado,PUERTO PLATA,1,4.3,1
2023,Q1,IQP,Estudiante,No especificado,SAN CRISTOBAL,1,4.8,1
2023,Q1,IQP,Estudiante,No especificado,SANTIAGO,1,0.6,1
2023,Q1,IQP,Estudiante,No especificado,SANTO DOMINGO,3,1.1,3
2023,Q1,IQP,Estudiante,No especificado,Sin ubicación,3,1.8,3
2023,Q1,IQP,Parent,No especificado,Sin ubicación,3,9.1,4
2023,Q1,IQP,Sin rol,No especificado,Sin ubicación,1,1241.4,57
2023,Q1,IQS,Admin,No especificado,Sin ubicación,1,7.5,4
2023,Q1,IQS,Docente,1er grado,AZUA,3,2.1,4
2023,Q1,IQS,Docente,1er grado,BAHORUCO,2,6.5,3
2023,Q1,IQS,Docente,1er grado,BARAHONA,1,1.6,1
2023,Q1,IQS,Docente,1er grado,COTUI,1,0.5,1
2023,Q1,IQS,Docente,1er grado,HIGUEY,2,15.1,3
2023,Q1,IQS,Docente,1er grado,LA VEGA,7,138.5,14
2023,Q1,IQS,Docente,1er grado,MONTE CRISTI,13,54.4,22
2023,Q1,IQS,Docente,1er grado,MONTE PLATA,4,17.6,4
2023,Q1,IQS,Docente,1er grado,NAGUA,2,2.3,2
2023,Q1,IQS,Docente,1er grado,PUERTO PLATA,10,55.1,14
2023,Q1,IQS,Docente,1er grado,SAN CRISTOBAL,1,15.9,2
2023,Q1,IQS,Docente,1er grado,SAN FRANCISCO DE MACORIS,5,17.0,9
2023,Q1,IQS,Docente,1er grado,SAN JUAN DE LA MAGUANA,1,1.1,2
2023,Q1,IQS,Docente,1er grado,SAN PEDRO DE MACORIS,6,20.6,6
2023,Q1,IQS,Docente,1er grado,SANTIAGO,23,129.2,43
2023,Q1,IQS,Docente,1er grado,SANTO DOMINGO,130,232.0,162
2023,Q1,IQS,Docente,1er grado,Sin ubicación,48,189.3,79
2023,Q1,IQS,Docente,2do grado,SANTO DOMINGO,1,4.9,1
2023,Q1,IQS,Docente,4to grado,AZUA,7,32.7,14
2023,Q1,IQS,Docente,4to grado,BAHORUCO,4,10.1,4
2023,Q1,IQS,Docente,4to grado,BARAHONA,9,30.0,9
2023,Q1,IQS,Docente,4to grado,COTUI,9,17.1,10
2023,Q1,IQS,Docente,4to grado,HIGUEY,10,15.1,11
2023,Q1,IQS,Docente,4to grado,LA VEGA,17,66.5,26
2023,Q1,IQS,Docente,4to grado,MAO,4,7.4,6
2023,Q1,IQS,Docente,4to grado,MONTE CRISTI,15,58.1,28
2023,Q1,IQS,Docente,4to grado,MONTE PLATA,10,9.3,10
2023,Q1,IQS,Docente,4to grado,NAGUA,4,41.1,7
2023,Q1,IQS,Docente,4to grado,PUERTO PLATA,20,48.2,25
2023,Q1,IQS,Docente,4to grado,SAN CRISTOBAL,9,27.5,9
2023,Q1,IQS,Docente,4to grado,SAN FRANCISCO DE MACORIS,8,43.9,10
2023,Q1,IQS,Docente,4to grado,SAN JUAN DE LA MAGUANA,4,11.1,8
2023,Q1,IQS,Docente,4to grado,SAN PEDRO DE MACORIS,12,22.6,15
2023,Q1,IQS,Docente,4to grado,SANTIAGO,6,10.8,7
2023,Q1,IQS,Docente,4to grado,SANTO DOMINGO,81,189.7,94
2023,Q1,IQS,Docente,4to grado,Sin ubicación,49,123.7,60
2023,Q1,IQS,Docente,6to grado,AZUA,1,43.6,13
2023,Q1,IQS,Docente,6to grado,BARAHONA,1,1.1,1
2023,Q1,IQS,Docente,6to grado,COTUI,6,24.4,10
2023,Q1,IQS,Docente,6to grado,LA VEGA,6,19.8,10
2023,Q1,IQS,Docente,6to grado,MAO,1,6.7,1
2023,Q1,IQS,Docente,6to grado,MONTE CRISTI,3,47.1,7
2023,Q1,IQS,Docente,6to grado,MONTE PLATA,4,43.4,7
2023,Q1,IQS,Docente,6to grado,NAGUA,1,0.8,2
2023,Q1,IQS,Docente,6to grado,PUERTO PLATA,2,8.3,2
2023,Q1,IQS,Docente,6to grado,SAN CRISTOBAL,2,34.2,5
2023,Q1,IQS,Docente,6to grado,SAN FRANCISCO DE MACORIS,3,18.3,6
2023,Q1,IQS,Docente,6to grado,SAN JUAN DE LA MAGUANA,2,2.1,2
2023,Q1,IQS,Docente,6to grado,SANTIAGO,18,136.1,44
2023,Q1,IQS,Docente,6to grado,SANTO DOMINGO,34,240.2,68
2023,Q1,IQS,Docente,6to grado,Sin ubicación,14,45.4,23
2023,Q1,IQS,Docente,No especificado,BARAHONA,1,1.4,2
2023,Q1,IQS,Docente,No especificado,HIGUEY,1,4.5,2
2023,Q1,IQS,Docente,No especificado,LA VEGA,3,6.9,3
2023,Q1,IQS,Docente,No especificado,MONTE CRISTI,1,2.7,1
2023,Q1,IQS,Docente,No especificado,MONTE PLATA,1,3.0,1
2023,Q1,IQS,Docente,No especificado,NAGUA,1,3.5,1
2023,Q1,IQS,Docente,No especificado,SAN CRISTOBAL,2,9.2,4
2023,Q1,IQS,Docente,No especificado,SAN FRANCISCO DE MACORIS,3,1.1,3
2023,Q1,IQS,Docente,No especificado,SAN PEDRO DE MACORIS,3,1.3,3
2023,Q1,IQS,Docente,No especificado,SANTIAGO,8,12.0,11
2023,Q1,IQS,Docente,No especificado,SANTO DOMINGO,14,57.1,16
2023,Q1,IQS,Docente,No especificado,Sin ubicación,14,166.3,39
2023,Q1,IQS,Editor,No especificado,SANTIAGO,1,397.0,23
2023,Q1,IQS,Estudiante,1er grado,BAHORUCO,1,1.5,1
2023,Q1,IQS,Estudiante,1er grado,BARAHONA,2,3.7,2
2023,Q1,IQS,Estudiante,1er grado,HIGUEY,1,1.3,1
2023,Q1,IQS,Estudiante,1er grado,NAGUA,1,7.4,1
2023,Q1,IQS,Estudiante,1er grado,SAN CRISTOBAL,10,18.5,16
2023,Q1,IQS,Estudiante,1er grado,SAN PEDRO DE MACORIS,2,0.5,2
2023,Q1,IQS,Estudiante,1er grado,SANTIAGO,2,6.7,5
2023,Q1,IQS,Estudiante,1er grado,SANTO DOMINGO,38,47.3,42
2023,Q1,IQS,Estudiante,1er grado,Sin ubicación,24,35.3,32
2023,Q1,IQS,Estudiante,2do grado,BARAHONA,3,0.2,3
2023,Q1,IQS,Estudiante,2do grado,HIGUEY,6,10.6,7
2023,Q1,IQS,Estudiante,2do grado,LA VEGA,2,3.7,2
2023,Q1,IQS,Estudiante,2do grado,MAO,1,1.7,1
2023,Q1,IQS,Estudiante,2do grado,MONTE PLATA,1,10.6,1
2023,Q1,IQS,Estudiante,2do grado,SAN CRISTOBAL,3,4.7,5
2023,Q1,IQS,Estudiante,2do grado,SAN FRANCISCO DE MACORIS,1,0.2,1
2023,Q1,IQS,Estudiante,2do grado,SAN JUAN DE LA MAGUANA,2,9.7,6
2023,Q1,IQS,Estudiante,2do grado,SAN PEDRO DE MACORIS,3,2.3,3
2023,Q1,IQS,Estudiante,2do grado,SANTIAGO,3,5.6,6
2023,Q1,IQS,Estudiante,2do grado,SANTO DOMINGO,82,172.3,95
2023,Q1,IQS,Estudiante,2do grado,Sin ubicación,17,33.7,23
2023,Q1,IQS,Estudiante,3er grado,BARAHONA,1,0.5,1
2023,Q1,IQS,Estudiante,3er grado,COTUI,1,1.1,1
2023,Q1,IQS,Estudiante,3er grado,LA VEGA,1,0.1,1
2023,Q1,IQS,Estudiante,3er grado,MONTE CRISTI,2,5.3,4
2023,Q1,IQS,Estudiante,3er grado,MONTE PLATA,3,0.9,3
2023,Q1,IQS,Estudiante,3er grado,SAN CRISTOBAL,8,14.8,11
2023,Q1,IQS,Estudiante,3er grado,SAN FRANCISCO DE MACORIS,1,2.2,1
2023,Q1,IQS,Estudiante,3er grado,SAN PEDRO DE MACORIS,5,10.4,5
2023,Q1,IQS,Estudiante,3er grado,SANTIAGO,2,2.2,2
2023,Q1,IQS,Estudiante,3er grado,SANTO DOMINGO,88,176.8,95
2023,Q1,IQS,Estudiante,3er grado,Sin ubicación,28,108.6,43
2023,Q1,IQS,Estudiante,4to grado,AZUA,3,100.2,14
2023,Q1,IQS,Estudiante,4to grado,BAHORUCO,3,5.4,3
2023,Q1,IQS,Estudiante,4to grado,BARAHONA,3,5.1,4
2023,Q1,IQS,Estudiante,4to grado,COTUI,3,1.9,3
2023,Q1,IQS,Estudiante,4to grado,HIGUEY,12,69.9,18
2023,Q1,IQS,Estudiante,4to grado,LA VEGA,15,37.3,20
2023,Q1,IQS,Estudiante,4to grado,MAO,1,0.4,1
2023,Q1,IQS,Estudiante,4to grado,MONTE CRISTI,2,13.3,4
2023,Q1,IQS,Estudiante,4to grado,MONTE PLATA,7,12.9,7
2023,Q1,IQS,Estudiante,4to grado,PUERTO PLATA,2,2.2,2
2023,Q1,IQS,Estudiante,4to grado,SAN CRISTOBAL,14,23.5,17
2023,Q1,IQS,Estudiante,4to grado,SAN FRANCISCO DE MACORIS,7,32.4,18
2023,Q1,IQS,Estudiante,4to grado,SAN JUAN DE LA MAGUANA,2,11.0,5
2023,Q1,IQS,Estudiante,4to grado,SAN PEDRO DE MACORIS,6,37.9,12
2023,Q1,IQS,Estudiante,4to grado,SANTIAGO,47,195.8,71
2023,Q1,IQS,Estudiante,4to grado,SANTO DOMINGO,254,737.9,324
2023,Q1,IQS,Estudiante,4to grado,Sin ubicación,46,225.7,73
2023,Q1,IQS,Estudiante,5to grado,AZUA,8,100.6,20
2023,Q1,IQS,Estudiante,5to grado,BARAHONA,1,6.4,2
2023,Q1,IQS,Estudiante,5to grado,COTUI,1,13.4,1
2023,Q1,IQS,Estudiante,5to grado,HIGUEY,13,47.0,25
2023,Q1,IQS,Estudiante,5to grado,LA VEGA,6,17.0,9
2023,Q1,IQS,Estudiante,5to grado,MONTE CRISTI,2,5.7,4
2023,Q1,IQS,Estudiante,5to grado,MONTE PLATA,3,1.2,3
2023,Q1,IQS,Estudiante,5to grado,SAN CRISTOBAL,8,30.2,11
2023,Q1,IQS,Estudiante,5to grado,SAN JUAN DE LA MAGUANA,1,6.1,2
2023,Q1,IQS,Estudiante,5to grado,SAN PEDRO DE MACORIS,1,0.2,1
2023,Q1,IQS,Estudiante,5to grado,SANTIAGO,10,45.5,18
2023,Q1,IQS,Estudiante,5to grado,SANTO DOMINGO,84,137.6,102
2023,Q1,IQS,Estudiante,5to grado,Sin ubicación,23,31.5,25
2023,Q1,IQS,Estudiante,6to grado,AZUA,42,106.6,58
2023,Q1,IQS,Estudiante,6to grado,BAHORUCO,22,70.4,28
2023,Q1,IQS,Estudiante,6to grado,BARAHONA,44,115.1,60
2023,Q1,IQS,Estudiante,6to grado,COTUI,59,165.0,75
2023,Q1,IQS,Estudiante,6to grado,HIGUEY,44,203.5,75
2023,Q1,IQS,Estudiante,6to grado,LA VEGA,285,758.8,397
2023,Q1,IQS,Estudiante,6to grado,MAO,78,170.5,117
2023,Q1,IQS,Estudiante,6to grado,MONTE CRISTI,107,621.5,198
2023,Q1,IQS,Estudiante,6to grado,MONTE PLATA,29,70.7,34
2023,Q1,IQS,Estudiante,6to grado,NAGUA,20,40.0,24
2023,Q1,IQS,Estudiante,6to grado,PUERTO PLATA,69,187.0,73
2023,Q1,IQS,Estudiante,6to grado,SAN CRISTOBAL,66,271.6,82
2023,Q1,IQS,Estudiante,6to grado,SAN FRANCISCO DE MACORIS,79,231.7,109
2023,Q1,IQS,Estudiante,6to grado,SAN JUAN DE LA MAGUANA,63,350.1,130
2023,Q1,IQS,Estudiante,6to grado,SAN PEDRO DE MACORIS,82,270.6,125
2023,Q1,IQS,Estudiante,6to grado,SANTIAGO,548,2472.2,1003
2023,Q1,IQS,Estudiante,6to grado,SANTO DOMINGO,1318,5060.8,1893
2023,Q1,IQS,Estudiante,6to grado,Sin ubicación,704,2467.3,1079
2023,Q1,IQS,Estudiante,No especificado,AZUA,4,9.3,8
2023,Q1,IQS,Estudiante,No especificado,BAHORUCO,4,1.4,4
2023,Q1,IQS,Estudiante,No especificado,HIGUEY,6,19.5,12
2023,Q1,IQS,Estudiante,No especificado,LA VEGA,13,19.1,13
2023,Q1,IQS,Estudiante,No especificado,MONTE CRISTI,4,4.3,4
2023,Q1,IQS,Estudiante,No especificado,MONTE PLATA,3,2.1,3
2023,Q1,IQS,Estudiante,No especificado,PUERTO PLATA,1,0.2,1
2023,Q1,IQS,Estudiante,No especificado,SAN CRISTOBAL,2,5.9,4
2023,Q1,IQS,Estudiante,No especificado,SAN FRANCISCO DE MACORIS,9,7.1,10
2023,Q1,IQS,Estudiante,No especificado,SAN JUAN DE LA MAGUANA,1,0.3,1
2023,Q1,IQS,Estudiante,No especificado,SAN PEDRO DE MACORIS,1,1.6,1
2023,Q1,IQS,Estudiante,No especificado,SANTIAGO,10,9.9,13
2023,Q1,IQS,Estudiante,No especificado,SANTO DOMINGO,95,145.9,107
2023,Q1,IQS,Estudiante,No especificado,Sin ubicación,25,28.3,29
2023,Q1,IQS,Invitado,6to grado,HIGUEY,1,3.7,1
2023,Q1,IQS,Invitado,6to grado,SAN CRISTOBAL,1,5.3,2
2023,Q1,IQS,Invitado,6to grado,SANTO DOMINGO,4,8.1,4
2023,Q1,IQS,Invitado,6to grado,Sin ubicación,88,434.1,149
2023,Q1,IQS,Invitado,No especificado,Sin ubicación,2,2.0,2
2023,Q2,IQ512,Admin,No especificado,Sin ubicación,2,63.1,12
2023,Q2,IQ512,Editor,No especificado,Sin ubicación,1,491.6,36
2023,Q2,IQ512,Estudiante,No especificado,AZUA,51,5296.8,656
2023,Q2,IQ512,Estudiante,No especificado,BAHORUCO,24,3016.5,400
2023,Q2,IQ512,Estudiante,No especificado,BARAHONA,48,7809.2,958
2023,Q2,IQ512,Estudiante,No especificado,COTUI,41,6390.1,733
2023,Q2,IQ512,Estudiante,No especificado,HIGUEY,22,2774.6,257
2023,Q2,IQ512,Estudiante,No especificado,LA VEGA,75,7342.0,944
2023,Q2,IQ512,Estudiante,No especificado,MAO,15,1868.8,238
2023,Q2,IQ512,Estudiante,No especificado,MONTE CRISTI,20,1911.7,273
2023,Q2,IQ512,Estudiante,No especificado,MONTE PLATA,19,3190.2,343
2023,Q2,IQ512,Estudiante,No especificado,NAGUA,23,3284.3,381
2023,Q2,IQ512,Estudiante,No especificado,PUERTO PLATA,18,2943.4,324
2023,Q2,IQ512,Estudiante,No especificado,SAN CRISTOBAL,65,8219.7,980
2023,Q2,IQ512,Estudiante,No especificado,SAN FRANCISCO DE MACORIS,27,3525.1,414
2023,Q2,IQ512,Estudiante,No especificado,SAN JUAN DE LA MAGUANA,27,3005.3,332
2023,Q2,IQ512,Estudiante,No especificado,SAN PEDRO DE MACORIS,30,3160.8,428
2023,Q2,IQ512,Estudiante,No especificado,SANTIAGO,53,5036.7,633
2023,Q2,IQ512,Estudiante,No especificado,SANTO DOMINGO,282,31037.4,3596
2023,Q2,IQ512,Estudiante,No especificado,Sin ubicación,2687,305229.0,36463
2023,Q2,IQP,Admin,No especificado,Sin ubicación,1,44.1,10
2023,Q2,IQP,Docente,1er grado,Sin ubicación,2,454.6,59
2023,Q2,IQP,Docente,3er grado,AZUA,1,6.8,1
2023,Q2,IQP,Docente,3er grado,Sin ubicación,3,3.4,3
2023,Q2,IQP,Docente,4to grado,AZUA,19,28.5,25
2023,Q2,IQP,Docente,4to grado,BAHORUCO,5,22.4,7
2023,Q2,IQP,Docente,4to grado,BARAHONA,12,89.2,21
2023,Q2,IQP,Docente,4to grado,COTUI,15,64.2,24
2023,Q2,IQP,Docente,4to grado,HIGUEY,20,205.8,43
2023,Q2,IQP,Docente,4to grado,LA VEGA,36,201.8,69
2023,Q2,IQP,Docente,4to grado,MAO,9,9.8,12
2023,Q2,IQP,Docente,4to grado,MONTE CRISTI,34,253.0,62
2023,Q2,IQP,Docente,4to grado,MONTE PLATA,15,25.3,19
2023,Q2,IQP,Docente,4to grado,NAGUA,9,33.3,14
2023,Q2,IQP,Docente,4to grado,PUERTO PLATA,20,87.9,46
2023,Q2,IQP,Docente,4to grado,SAN CRISTOBAL,19,65.0,32
2023,Q2,IQP,Docente,4to grado,SAN FRANCISCO DE MACORIS,20,114.4,32
2023,Q2,IQP,Docente,4to grado,SAN JUAN DE LA MAGUANA,10,27.0,12
2023,Q2,IQP,Docente,4to grado,SAN PEDRO DE MACORIS,32,134.1,52
2023,Q2,IQP,Docente,4to grado,SANTIAGO,68,351.1,110
2023,Q2,IQP,Docente,4to grado,SANTO DOMINGO,208,1108.1,335
2023,Q2,IQP,Docente,4to grado,Sin ubicación,451,1690.9,665
2023,Q2,IQP,Docente,6to grado,BAHORUCO,1,15.2,1
2023,Q2,IQP,Docente,6to grado,BARAHONA,1,1.0,1
2023,Q2,IQP,Docente,6to grado,LA VEGA,4,8.8,5
2023,Q2,IQP,Docente,6to grado,MAO,3,43.3,10
2023,Q2,IQP,Docente,6to grado,MONTE CRISTI,3,11.8,5
2023,Q2,IQP,Docente,6to grado,NAGUA,2,2.5,2
2023,Q2,IQP,Docente,6to grado,PUERTO PLATA,1,1.8,3
2023,Q2,IQP,Docente,6to grado,SAN CRISTOBAL,2,1.0,2
2023,Q2,IQP,Docente,6to grado,SAN FRANCISCO DE MACORIS,1,1.1,1
2023,Q2,IQP,Docente,6to grado,SAN JUAN DE LA MAGUANA,2,2.6,4
2023,Q2,IQP,Docente,6to grado,SANTIAGO,1,5.7,1
2023,Q2,IQP,Docente,6to grado,SANTO DOMINGO,19,47.2,25
2023,Q2,IQP,Docente,6to grado,Sin ubicación,41,160.9,55
2023,Q2,IQP,Docente,No especificado,COTUI,2,1.3,2
2023,Q2,IQP,Docente,No especificado,LA VEGA,4,6.9,4
2023,Q2,IQP,Docente,No especificado,MAO,1,5.9,2
2023,Q2,IQP,Docente,No especificado,NAGUA,1,1.2,1
2023,Q2,IQP,Docente,No especificado,SAN CRISTOBAL,1,0.3,1
2023,Q2,IQP,Docente,No especificado,SAN PEDRO DE MACORIS,3,0.5,3
2023,Q2,IQP,Docente,No especificado,SANTIAGO,1,1.4,3
2023,Q2,IQP,Docente,No especificado,SANTO DOMINGO,8,7.2,8
2023,Q2,IQP,Docente,No especificado,Sin ubicación,20,196.5,36
2023,Q2,IQP,Estudiante,1er grado,BARAHONA,1,0.1,2
2023,Q2,IQP,Estudiante,1er grado,COTUI,1,1.3,1
2023,Q2,IQP,Estudiante,1er grado,HIGUEY,1,1.1,1
2023,Q2,IQP,Estudiante,1er grado,SAN CRISTOBAL,1,0.8,1
2023,Q2,IQP,Estudiante,1er grado,SAN PEDRO DE MACORIS,2,2.3,2
2023,Q2,IQP,Estudiante,1er grado,SANTIAGO,2,30.3,7
2023,Q2,IQP,Estudiante,1er grado,SANTO DOMINGO,14,25.4,16
2023,Q2,IQP,Estudiante,1er grado,Sin ubicación,16,137.9,49
2023,Q2,IQP,Estudiante,2do grado,AZUA,1,0.0,1
2023,Q2,IQP,Estudiante,2do grado,MONTE CRISTI,1,5.1,1
2023,Q2,IQP,Estudiante,2do grado,MONTE PLATA,1,0.1,1
2023,Q2,IQP,Estudiante,2do grado,NAGUA,1,1.0,2
2023,Q2,IQP,Estudiante,2do grado,PUERTO PLATA,1,20.0,7
2023,Q2,IQP,Estudiante,2do grado,SAN FRANCISCO DE MACORIS,1,0.1,1
2023,Q2,IQP,Estudiante,2do grado,SAN PEDRO DE MACORIS,1,11.2,3
2023,Q2,IQP,Estudiante,2do grado,SANTIAGO,1,0.3,1
2023,Q2,IQP,Estudiante,2do grado,SANTO DOMINGO,15,33.8,22
2023,Q2,IQP,Estudiante,2do grado,Sin ubicación,13,16.2,15
2023,Q2,IQP,Estudiante,3er grado,AZUA,5,15.5,7
2023,Q2,IQP,Estudiante,3er grado,BARAHONA,35,326.9,140
2023,Q2,IQP,Estudiante,3er grado,COTUI,1,4.0,2
2023,Q2,IQP,Estudiante,3er grado,HIGUEY,48,492.2,143
2023,Q2,IQP,Estudiante,3er grado,LA VEGA,7,85.0,23
2023,Q2,IQP,Estudiante,3er grado,MAO,7,9.0,9
2023,Q2,IQP,Estudiante,3er grado,MONTE CRISTI,6,77.3,14
2023,Q2,IQP,Estudiante,3er grado,MONTE PLATA,1,0.6,1
2023,Q2,IQP,Estudiante,3er grado,NAGUA,4,23.8,8
2023,Q2,IQP,Estudiante,3er grado,PUERTO PLATA,82,609.7,277
2023,Q2,IQP,Estudiante,3er grado,SAN CRISTOBAL,2,17.8,3
2023,Q2,IQP,Estudiante,3er grado,SAN FRANCISCO DE MACORIS,2,6.3,3
2023,Q2,IQP,Estudiante,3er grado,SANTIAGO,116,1274.8,360
2023,Q2,IQP,Estudiante,3er grado,SANTO DOMINGO,171,1613.1,450
2023,Q2,IQP,Estudiante,3er grado,Sin ubicación,212,1756.3,584
2023,Q2,IQP,Estudiante,4to grado,AZUA,2,1.7,3
2023,Q2,IQP,Estudiante,4to grado,BAHORUCO,1,0.4,1
2023,Q2,IQP,Estudiante,4to grado,HIGUEY,6,16.6,7
2023,Q2,IQP,Estudiante,4to grado,LA VEGA,3,9.7,4
2023,Q2,IQP,Estudiante,4to grado,MAO,2,0.2,2
2023,Q2,IQP,Estudiante,4to grado,MONTE PLATA,2,1.8,2
2023,Q2,IQP,Estudiante,4to grado,PUERTO PLATA,6,24.1,11
2023,Q2,IQP,Estudiante,4to grado,SAN CRISTOBAL,2,6.0,2
2023,Q2,IQP,Estudiante,4to grado,SAN JUAN DE LA MAGUANA,1,0.8,1
2023,Q2,IQP,Estudiante,4to grado,SAN PEDRO DE MACORIS,5,12.8,6
2023,Q2,IQP,Estudiante,4to grado,SANTIAGO,7,26.6,10
2023,Q2,IQP,Estudiante,4to grado,SANTO DOMINGO,56,134.4,69
2023,Q2,IQP,Estudiante,4to grado,Sin ubicación,83,183.4,100
2023,Q2,IQP,Estudiante,5to grado,BARAHONA,1,0.9,2
2023,Q2,IQP,Estudiante,5to grado,HIGUEY,17,103.3,41
2023,Q2,IQP,Estudiante,5to grado,MAO,2,0.6,2
2023,Q2,IQP,Estudiante,5to grado,MONTE CRISTI,1,0.4,1
2023,Q2,IQP,Estudiante,5to grado,PUERTO PLATA,3,2.2,4
2023,Q2,IQP,Estudiante,5to grado,SAN FRANCISCO DE MACORIS,1,1.2,1
2023,Q2,IQP,Estudiante,5to grado,SAN PEDRO DE MACORIS,1,0.1,1
2023,Q2,IQP,Estudiante,5to grado,SANTIAGO,2,2.9,4
2023,Q2,IQP,Estudiante,5to grado,SANTO DOMINGO,18,166.1,40
2023,Q2,IQP,Estudiante,5to grado,Sin ubicación,18,16.9,20
2023,Q2,IQP,Estudiante,6to grado,AZUA,12,26.2,15
2023,Q2,IQP,Estudiante,6to grado,BAHORUCO,15,9.1,17
2023,Q2,IQP,Estudiante,6to grado,BARAHONA,7,8.3,8
2023,Q2,IQP,Estudiante,6to grado,COTUI,25,46.2,26
2023,Q2,IQP,Estudiante,6to grado,HIGUEY,58,571.4,213
2023,Q2,IQP,Estudiante,6to grado,LA VEGA,34,66.4,49
2023,Q2,IQP,Estudiante,6to grado,MAO,13,14.4,16
2023,Q2,IQP,Estudiante,6to grado,MONTE CRISTI,5,22.9,6
2023,Q2,IQP,Estudiante,6to grado,MONTE PLATA,11,9.1,11
2023,Q2,IQP,Estudiante,6to grado,NAGUA,6,9.5,7
2023,Q2,IQP,Estudiante,6to grado,PUERTO PLATA,106,440.2,214
2023,Q2,IQP,Estudiante,6to grado,SAN CRISTOBAL,27,82.0,33
2023,Q2,IQP,Estudiante,6to grado,SAN FRANCISCO DE MACORIS,15,35.2,18
2023,Q2,IQP,Estudiante,6to grado,SAN JUAN DE LA MAGUANA,8,46.4,13
2023,Q2,IQP,Estudiante,6to grado,SAN PEDRO DE MACORIS,49,53.9,54
2023,Q2,IQP,Estudiante,6to grado,SANTIAGO,58,201.4,89
2023,Q2,IQP,Estudiante,6to grado,SANTO DOMINGO,767,1532.3,1024
2023,Q2,IQP,Estudiante,6to grado,Sin ubicación,1180,2173.3,1411
2023,Q2,IQP,Estudiante,No especificado,AZUA,1,1.0,1
2023,Q2,IQP,Estudiante,No especificado,BAHORUCO,1,0.6,1
2023,Q2,IQP,Estudiante,No especificado,HIGUEY,1,0.2,1
2023,Q2,IQP,Estudiante,No especificado,LA VEGA,2,21.3,2
2023,Q2,IQP,Estudiante,No especificado,MAO,1,0.6,1
2023,Q2,IQP,Estudiante,No especificado,PUERTO PLATA,1,0.5,1
2023,Q2,IQP,Estudiante,No especificado,SAN CRISTOBAL,1,0.2,1
2023,Q2,IQP,Estudiante,No especificado,SAN FRANCISCO DE MACORIS,1,2.0,1
2023,Q2,IQP,Estudiante,No especificado,SAN PEDRO DE MACORIS,1,0.4,1
2023,Q2,IQP,Estudiante,No especificado,SANTIAGO,1,0.4,1
2023,Q2,IQP,Estudiante,No especificado,SANTO DOMINGO,27,27.4,27
2023,Q2,IQP,Estudiante,No especificado,Sin ubicación,66,87.9,68
2023,Q2,IQP,Parent,No especificado,Sin ubicación,6,5.8,12
2023,Q2,IQP,Sin rol,No especificado,Sin ubicación,1,905.2,47
2023,Q2,IQS,Admin,No especificado,Sin ubicación,1,63.2,14
2023,Q2,IQS,Docente,1er grado,AZUA,11,23.2,15
2023,Q2,IQS,Docente,1er grado,BAHORUCO,2,32.4,4
2023,Q2,IQS,Docente,1er grado,BARAHONA,2,0.9,2
2023,Q2,IQS,Docente,1er grado,COTUI,7,20.1,11
2023,Q2,IQS,Docente,1er grado,HIGUEY,13,185.5,55
2023,Q2,IQS,Docente,1er grado,LA VEGA,19,601.2,72
2023,Q2,IQS,Docente,1er grado,MAO,6,86.2,17
2023,Q2,IQS,Docente,1er grado,MONTE CRISTI,12,184.5,53
2023,Q2,IQS,Docente,1er grado,MONTE PLATA,6,52.5,11
2023,Q2,IQS,Docente,1er grado,NAGUA,2,5.1,3
2023,Q2,IQS,Docente,1er grado,PUERTO PLATA,9,104.1,27
2023,Q2,IQS,Docente,1er grado,SAN CRISTOBAL,6,91.2,22
2023,Q2,IQS,Docente,1er grado,SAN FRANCISCO DE MACORIS,20,221.6,67
2023,Q2,IQS,Docente,1er grado,SAN JUAN DE LA MAGUANA,5,21.6,10
2023,Q2,IQS,Docente,1er grado,SAN PEDRO DE MACORIS,10,113.6,22
2023,Q2,IQS,Docente,1er grado,SANTIAGO,31,175.7,58
2023,Q2,IQS,Docente,1er grado,SANTO DOMINGO,81,751.4,182
2023,Q2,IQS,Docente,1er grado,Sin ubicación,155,1337.2,361
2023,Q2,IQS,Docente,2do grado,SANTO DOMINGO,1,28.2,2
2023,Q2,IQS,Docente,4to grado,AZUA,97,814.2,248
2023,Q2,IQS,Docente,4to grado,BAHORUCO,25,62.1,32
2023,Q2,IQS,Docente,4to grado,BARAHONA,29,255.0,67
2023,Q2,IQS,Docente,4to grado,COTUI,113,917.4,298
2023,Q2,IQS,Docente,4to grado,HIGUEY,75,617.8,168
2023,Q2,IQS,Docente,4to grado,LA VEGA,148,1052.7,325
2023,Q2,IQS,Docente,4to grado,MAO,61,513.6,166
2023,Q2,IQS,Docente,4to grado,MONTE CRISTI,57,587.2,148
2023,Q2,IQS,Docente,4to grado,MONTE PLATA,74,786.0,214
2023,Q2,IQS,Docente,4to grado,NAGUA,46,438.5,109
2023,Q2,IQS,Docente,4to grado,PUERTO PLATA,125,1245.2,328
2023,Q2,IQS,Docente,4to grado,SAN CRISTOBAL,94,436.1,198
2023,Q2,IQS,Docente,4to grado,SAN FRANCISCO DE MACORIS,106,906.3,249
2023,Q2,IQS,Docente,4to grado,SAN JUAN DE LA MAGUANA,48,208.0,82
2023,Q2,IQS,Docente,4to grado,SAN PEDRO DE MACORIS,198,1589.8,474
2023,Q2,IQS,Docente,4to grado,SANTIAGO,203,1661.8,469
2023,Q2,IQS,Docente,4to grado,SANTO DOMINGO,729,4960.3,1550
2023,Q2,IQS,Docente,4to grado,Sin ubicación,545,3926.0,1185
2023,Q2,IQS,Docente,6to grado,AZUA,9,42.6,18
2023,Q2,IQS,Docente,6to grado,BAHORUCO,3,16.7,4
2023,Q2,IQS,Docente,6to grado,BARAHONA,5,15.8,6
2023,Q2,IQS,Docente,6to grado,COTUI,12,76.4,33
2023,Q2,IQS,Docente,6to grado,HIGUEY,11,58.3,26
2023,Q2,IQS,Docente,6to grado,LA VEGA,14,114.9,46
2023,Q2,IQS,Docente,6to grado,MAO,2,8.2,2
2023,Q2,IQS,Docente,6to grado,MONTE CRISTI,5,100.8,13
2023,Q2,IQS,Docente,6to grado,MONTE PLATA,8,47.4,13
2023,Q2,IQS,Docente,6to grado,NAGUA,5,26.6,10
2023,Q2,IQS,Docente,6to grado,PUERTO PLATA,20,117.9,35
2023,Q2,IQS,Docente,6to grado,SAN CRISTOBAL,12,42.3,18
2023,Q2,IQS,Docente,6to grado,SAN FRANCISCO DE MACORIS,9,93.1,23
2023,Q2,IQS,Docente,6to grado,SAN JUAN DE LA MAGUANA,4,4.6,4
2023,Q2,IQS,Docente,6to grado,SAN PEDRO DE MACORIS,11,24.1,14
2023,Q2,IQS,Docente,6to grado,SANTIAGO,38,306.7,74
2023,Q2,IQS,Docente,6to grado,SANTO DOMINGO,107,575.1,169
2023,Q2,IQS,Docente,6to grado,Sin ubicación,117,454.0,176
2023,Q2,IQS,Docente,No especificado,AZUA,1,1.0,1
2023,Q2,IQS,Docente,No especificado,COTUI,2,10.9,3
2023,Q2,IQS,Docente,No especificado,HIGUEY,2,45.2,12
2023,Q2,IQS,Docente,No especificado,LA VEGA,1,2.8,1
2023,Q2,IQS,Docente,No especificado,MAO,1,0.8,1
2023,Q2,IQS,Docente,No especificado,MONTE CRISTI,1,31.1,3
2023,Q2,IQS,Docente,No especificado,MONTE PLATA,1,0.2,1
2023,Q2,IQS,Docente,No especificado,NAGUA,2,1.9,2
2023,Q2,IQS,Docente,No especificado,PUERTO PLATA,3,23.9,3
2023,Q2,IQS,Docente,No especificado,SAN CRISTOBAL,1,0.8,1
2023,Q2,IQS,Docente,No especificado,SAN FRANCISCO DE MACORIS,6,67.3,16
2023,Q2,IQS,Docente,No especificado,SAN JUAN DE LA MAGUANA,2,5.8,2
2023,Q2,IQS,Docente,No especificado,SAN PEDRO DE MACORIS,8,35.0,18
2023,Q2,IQS,Docente,No especificado,SANTIAGO,8,38.2,12
2023,Q2,IQS,Docente,No especificado,SANTO DOMINGO,21,32.0,26
2023,Q2,IQS,Docente,No especificado,Sin ubicación,15,61.8,35
2023,Q2,IQS,Editor,No especificado,SANTIAGO,1,655.3,35
2023,Q2,IQS,Estudiante,1er grado,AZUA,2,2.0,3
2023,Q2,IQS,Estudiante,1er grado,BAHORUCO,3,0.7,3
2023,Q2,IQS,Estudiante,1er grado,BARAHONA,4,8.8,4
2023,Q2,IQS,Estudiante,1er grado,COTUI,3,12.7,16
2023,Q2,IQS,Estudiante,1er grado,HIGUEY,9,16.2,20
2023,Q2,IQS,Estudiante,1er grado,LA VEGA,9,24.7,16
2023,Q2,IQS,Estudiante,1er grado,MAO,2,4.9,2
2023,Q2,IQS,Estudiante,1er grado,MONTE PLATA,5,12.5,7
2023,Q2,IQS,Estudiante,1er grado,NAGUA,2,0.7,3
2023,Q2,IQS,Estudiante,1er grado,PUERTO PLATA,9,5.1,22
2023,Q2,IQS,Estudiante,1er grado,SAN CRISTOBAL,12,10.6,27
2023,Q2,IQS,Estudiante,1er grado,SAN FRANCISCO DE MACORIS,4,9.8,6
2023,Q2,IQS,Estudiante,1er grado,SAN JUAN DE LA MAGUANA,3,3.0,4
2023,Q2,IQS,Estudiante,1er grado,SAN PEDRO DE MACORIS,8,5.3,12
2023,Q2,IQS,Estudiante,1er grado,SANTIAGO,31,60.0,72
2023,Q2,IQS,Estudiante,1er grado,SANTO DOMINGO,92,260.5,191
2023,Q2,IQS,Estudiante,1er grado,Sin ubicación,86,205.2,189
2023,Q2,IQS,Estudiante,2do grado,AZUA,9,32.6,22
2023,Q2,IQS,Estudiante,2do grado,BAHORUCO,6,12.1,7
2023,Q2,IQS,Estudiante,2do grado,BARAHONA,2,12.2,6
2023,Q2,IQS,Estudiante,2do grado,COTUI,3,19.5,9
2023,Q2,IQS,Estudiante,2do grado,HIGUEY,4,6.2,7
2023,Q2,IQS,Estudiante,2do grado,LA VEGA,9,11.7,12
2023,Q2,IQS,Estudiante,2do grado,MAO,2,4.0,4
2023,Q2,IQS,Estudiante,2do grado,MONTE CRISTI,9,27.4,14
2023,Q2,IQS,Estudiante,2do grado,MONTE PLATA,10,24.8,15
2023,Q2,IQS,Estudiante,2do grado,NAGUA,6,14.8,8
2023,Q2,IQS,Estudiante,2do grado,PUERTO PLATA,5,7.1,7
2023,Q2,IQS,Estudiante,2do grado,SAN CRISTOBAL,15,34.6,25
2023,Q2,IQS,Estudiante,2do grado,SAN FRANCISCO DE MACORIS,3,6.2,5
2023,Q2,IQS,Estudiante,2do grado,SAN JUAN DE LA MAGUANA,4,11.6,7
2023,Q2,IQS,Estudiante,2do grado,SAN PEDRO DE MACORIS,17,16.5,24
2023,Q2,IQS,Estudiante,2do grado,SANTIAGO,28,47.3,46
2023,Q2,IQS,Estudiante,2do grado,SANTO DOMINGO,127,510.3,219
2023,Q2,IQS,Estudiante,2do grado,Sin ubicación,88,286.3,137
2023,Q2,IQS,Estudiante,3er grado,AZUA,10,12.2,12
2023,Q2,IQS,Estudiante,3er grado,BARAHONA,3,8.4,4
2023,Q2,IQS,Estudiante,3er grado,HIGUEY,2,1.2,2
2023,Q2,IQS,Estudiante,3er grado,LA VEGA,4,8.2,5
2023,Q2,IQS,Estudiante,3er grado,MAO,3,8.0,4
2023,Q2,IQS,Estudiante,3er grado,MONTE CRISTI,3,9.4,6
2023,Q2,IQS,Estudiante,3er grado,MONTE PLATA,18,56.7,26
2023,Q2,IQS,Estudiante,3er grado,PUERTO PLATA,4,9.3,6
2023,Q2,IQS,Estudiante,3er grado,SAN CRISTOBAL,8,34.7,12
2023,Q2,IQS,Estudiante,3er grado,SAN JUAN DE LA MAGUANA,2,0.1,2
2023,Q2,IQS,Estudiante,3er grado,SAN PEDRO DE MACORIS,12,46.0,18
2023,Q2,IQS,Estudiante,3er grado,SANTIAGO,94,282.8,149
2023,Q2,IQS,Estudiante,3er grado,SANTO DOMINGO,97,501.7,150
2023,Q2,IQS,Estudiante,3er grado,Sin ubicación,118,490.9,193
2023,Q2,IQS,Estudiante,4to grado,AZUA,44,266.2,90
2023,Q2,IQS,Estudiante,4to grado,BAHORUCO,15,62.1,41
2023,Q2,IQS,Estudiante,4to grado,BARAHONA,26,104.8,50
2023,Q2,IQS,Estudiante,4to grado,COTUI,41,328.3,102
2023,Q2,IQS,Estudiante,4to grado,HIGUEY,52,429.5,138
2023,Q2,IQS,Estudiante,4to grado,LA VEGA,60,540.1,132
2023,Q2,IQS,Estudiante,4to grado,MAO,11,115.0,25
2023,Q2,IQS,Estudiante,4to grado,MONTE CRISTI,25,348.5,70
2023,Q2,IQS,Estudiante,4to grado,MONTE PLATA,13,82.8,36
2023,Q2,IQS,Estudiante,4to grado,NAGUA,27,152.8,52
2023,Q2,IQS,Estudiante,4to grado,PUERTO PLATA,32,246.2,93
2023,Q2,IQS,Estudiante,4to grado,SAN CRISTOBAL,47,525.0,116
2023,Q2,IQS,Estudiante,4to grado,SAN FRANCISCO DE MACORIS,65,578.0,174
2023,Q2,IQS,Estudiante,4to grado,SAN JUAN DE LA MAGUANA,13,53.0,19
2023,Q2,IQS,Estudiante,4to grado,SAN PEDRO DE MACORIS,61,692.9,152
2023,Q2,IQS,Estudiante,4to grado,SANTIAGO,151,1728.4,431
2023,Q2,IQS,Estudiante,4to grado,SANTO DOMINGO,605,6234.5,1532
2023,Q2,IQS,Estudiante,4to grado,Sin ubicación,452,3599.3,979
2023,Q2,IQS,Estudiante,5to grado,AZUA,10,10.0,11
2023,Q2,IQS,Estudiante,5to grado,BAHORUCO,2,17.4,3
2023,Q2,IQS,Estudiante,5to grado,BARAHONA,2,17.0,4
2023,Q2,IQS,Estudiante,5to grado,COTUI,10,25.9,17
2023,Q2,IQS,Estudiante,5to grado,HIGUEY,14,83.8,40
2023,Q2,IQS,Estudiante,5to grado,LA VEGA,17,157.9,33
2023,Q2,IQS,Estudiante,5to grado,MAO,5,52.3,10
2023,Q2,IQS,Estudiante,5to grado,MONTE CRISTI,6,75.0,13
2023,Q2,IQS,Estudiante,5to grado,MONTE PLATA,24,46.5,27
2023,Q2,IQS,Estudiante,5to grado,NAGUA,1,1.4,1
2023,Q2,IQS,Estudiante,5to grado,PUERTO PLATA,12,41.0,19
2023,Q2,IQS,Estudiante,5to grado,SAN CRISTOBAL,11,43.3,23
2023,Q2,IQS,Estudiante,5to grado,SAN FRANCISCO DE MACORIS,9,14.4,21
2023,Q2,IQS,Estudiante,5to grado,SAN JUAN DE LA MAGUANA,4,10.1,9
2023,Q2,IQS,Estudiante,5to grado,SAN PEDRO DE MACORIS,27,84.0,55
2023,Q2,IQS,Estudiante,5to grado,SANTIAGO,55,788.6,150
2023,Q2,IQS,Estudiante,5to grado,SANTO DOMINGO,264,1611.0,542
2023,Q2,IQS,Estudiante,5to grado,Sin ubicación,138,737.2,276
2023,Q2,IQS,Estudiante,6to grado,AZUA,844,7021.0,2496
2023,Q2,IQS,Estudiante,6to grado,BAHORUCO,233,890.3,464
2023,Q2,IQS,Estudiante,6to grado,BARAHONA,437,2672.0,1033
2023,Q2,IQS,Estudiante,6to grado,COTUI,1135,8839.8,3170
2023,Q2,IQS,Estudiante,6to grado,HIGUEY,1134,8263.7,3010
2023,Q2,IQS,Estudiante,6to grado,LA VEGA,1868,17620.2,5221
2023,Q2,IQS,Estudiante,6to grado,MAO,527,3961.4,1317
2023,Q2,IQS,Estudiante,6to grado,MONTE CRISTI,591,4408.7,1431
2023,Q2,IQS,Estudiante,6to grado,MONTE PLATA,637,3518.5,1408
2023,Q2,IQS,Estudiante,6to grado,NAGUA,465,2616.3,1046
2023,Q2,IQS,Estudiante,6to grado,PUERTO PLATA,1045,8351.0,2931
2023,Q2,IQS,Estudiante,6to grado,SAN CRISTOBAL,1498,12810.8,4110
2023,Q2,IQS,Estudiante,6to grado,SAN FRANCISCO DE MACORIS,1264,8710.1,3222
2023,Q2,IQS,Estudiante,6to grado,SAN JUAN DE LA MAGUANA,341,2354.8,845
2023,Q2,IQS,Estudiante,6to grado,SAN PEDRO DE MACORIS,1866,14843.3,4742
2023,Q2,IQS,Estudiante,6to grado,SANTIAGO,3199,29633.4,8964
2023,Q2,IQS,Estudiante,6to grado,SANTO DOMINGO,12475,113986.9,32816
2023,Q2,IQS,Estudiante,6to grado,Sin ubicación,10475,87432.4,26970
2023,Q2,IQS,Estudiante,No especificado,AZUA,24,49.7,33
2023,Q2,IQS,Estudiante,No especificado,BAHORUCO,4,3.4,4
2023,Q2,IQS,Estudiante,No especificado,BARAHONA,3,2.1,5
2023,Q2,IQS,Estudiante,No especificado,COTUI,28,23.0,35
2023,Q2,IQS,Estudiante,No especificado,HIGUEY,26,61.2,36
2023,Q2,IQS,Estudiante,No especificado,LA VEGA,41,67.1,59
2023,Q2,IQS,Estudiante,No especificado,MAO,11,15.3,18
2023,Q2,IQS,Estudiante,No especificado,MONTE CRISTI,7,6.7,7
2023,Q2,IQS,Estudiante,No especificado,MONTE PLATA,17,24.2,18
2023,Q2,IQS,Estudiante,No especificado,NAGUA,12,24.2,14
2023,Q2,IQS,Estudiante,No especificado,PUERTO PLATA,23,41.3,32
2023,Q2,IQS,Estudiante,No especificado,SAN CRISTOBAL,16,18.9,16
2023,Q2,IQS,Estudiante,No especificado,SAN FRANCISCO DE MACORIS,26,37.2,33
2023,Q2,IQS,Estudiante,No especificado,SAN JUAN DE LA MAGUANA,5,5.0,6
2023,Q2,IQS,Estudiante,No especificado,SAN PEDRO DE MACORIS,35,37.8,49
2023,Q2,IQS,Estudiante,No especificado,SANTIAGO,75,211.2,111
2023,Q2,IQS,Estudiante,No especificado,SANTO DOMINGO,205,415.0,315
2023,Q2,IQS,Estudiante,No especificado,Sin ubicación,162,433.4,252
2023,Q2,IQS,Invitado,6to grado,BARAHONA,1,4.5,1
2023,Q2,IQS,Invitado,6to grado,HIGUEY,4,8.7,6
2023,Q2,IQS,Invitado,6to grado,LA VEGA,1,0.5,2
2023,Q2,IQS,Invitado,6to grado,MONTE PLATA,1,1.4,1
2023,Q2,IQS,Invitado,6to grado,SAN CRISTOBAL,3,51.2,13
2023,Q2,IQS,Invitado,6to grado,SAN PEDRO DE MACORIS,1,0.6,1
2023,Q2,IQS,Invitado,6to grado,SANTIAGO,4,6.2,4
2023,Q2,IQS,Invitado,6to grado,SANTO DOMINGO,12,135.8,27
2023,Q2,IQS,Invitado,6to grado,Sin ubicación,1643,10923.7,3246
2023,Q2,IQS,Invitado,No especificado,SANTO DOMINGO,1,0.5,1
2023,Q2,IQS,Invitado,No especificado,Sin ubicación,29,158.8,33
2023,Q3,IQ512,Admin,No especificado,Sin ubicación,2,130.1,25
2023,Q3,IQ512,Docente,No especificado,Sin ubicación,1,0.7,1
2023,Q3,IQ512,Editor,No especificado,Sin ubicación,1,140.5,26
2023,Q3,IQ512,Estudiante,No especificado,AZUA,45,3821.8,522
2023,Q3,IQ512,Estudiante,No especificado,BAHORUCO,24,1166.8,199
2023,Q3,IQ512,Estudiante,No especificado,BARAHONA,46,1933.0,365
2023,Q3,IQ512,Estudiante,No especificado,COTUI,33,1407.6,250
2023,Q3,IQ512,Estudiante,No especificado,HIGUEY,18,647.1,83
2023,Q3,IQ512,Estudiante,No especificado,LA VEGA,77,4208.4,605
2023,Q3,IQ512,Estudiante,No especificado,MAO,13,1393.2,192
2023,Q3,IQ512,Estudiante,No especificado,MONTE CRISTI,21,820.5,166
2023,Q3,IQ512,Estudiante,No especificado,MONTE PLATA,19,784.6,111
2023,Q3,IQ512,Estudiante,No especificado,NAGUA,20,1504.6,207
2023,Q3,IQ512,Estudiante,No especificado,PUERTO PLATA,21,773.0,128
2023,Q3,IQ512,Estudiante,No especificado,SAN CRISTOBAL,65,4224.4,553
2023,Q3,IQ512,Estudiante,No especificado,SAN FRANCISCO DE MACORIS,25,1783.5,287
2023,Q3,IQ512,Estudiante,No especificado,SAN JUAN DE LA MAGUANA,34,1183.3,183
2023,Q3,IQ512,Estudiante,No especificado,SAN PEDRO DE MACORIS,25,1002.7,177
2023,Q3,IQ512,Estudiante,No especificado,SANTIAGO,54,2655.7,362
2023,Q3,IQ512,Estudiante,No especificado,SANTO DOMINGO,280,16934.8,2402
2023,Q3,IQ512,Estudiante,No especificado,Sin ubicación,2675,174676.0,23631
2023,Q3,IQP,Admin,No especificado,Sin ubicación,1,18.9,10
2023,Q3,IQP,Docente,1er grado,Sin ubicación,2,1165.6,85
2023,Q3,IQP,Docente,3er grado,Sin ubicación,2,12.6,2
2023,Q3,IQP,Docente,4to grado,LA VEGA,6,16.3,6
2023,Q3,IQP,Docente,4to grado,MONTE CRISTI,1,20.2,3
2023,Q3,IQP,Docente,4to grado,PUERTO PLATA,1,10.6,2
2023,Q3,IQP,Docente,4to grado,SAN CRISTOBAL,1,5.5,1
2023,Q3,IQP,Docente,4to grado,SAN JUAN DE LA MAGUANA,1,3.1,1
2023,Q3,IQP,Docente,4to grado,SAN PEDRO DE MACORIS,1,2.2,2
2023,Q3,IQP,Docente,4to grado,SANTIAGO,5,26.7,8
2023,Q3,IQP,Docente,4to grado,SANTO DOMINGO,9,178.9,35
2023,Q3,IQP,Docente,4to grado,Sin ubicación,20,110.1,36
2023,Q3,IQP,Docente,6to grado,AZUA,2,4.0,3
2023,Q3,IQP,Docente,6to grado,BAHORUCO,2,2.8,3
2023,Q3,IQP,Docente,6to grado,BARAHONA,6,7.1,7
2023,Q3,IQP,Docente,6to grado,COTUI,1,38.5,4
2023,Q3,IQP,Docente,6to grado,HIGUEY,2,2.1,2
2023,Q3,IQP,Docente,6to grado,LA VEGA,11,26.5,11
2023,Q3,IQP,Docente,6to grado,MAO,4,31.4,4
2023,Q3,IQP,Docente,6to grado,MONTE CRISTI,3,2.2,3
2023,Q3,IQP,Docente,6to grado,MONTE PLATA,11,97.9,17
2023,Q3,IQP,Docente,6to grado,NAGUA,3,46.6,13
2023,Q3,IQP,Docente,6to grado,PUERTO PLATA,12,76.3,20
2023,Q3,IQP,Docente,6to grado,SAN CRISTOBAL,22,91.3,34
2023,Q3,IQP,Docente,6to grado,SAN FRANCISCO DE MACORIS,3,2.6,3
2023,Q3,IQP,Docente,6to grado,SAN JUAN DE LA MAGUANA,2,4.7,3
2023,Q3,IQP,Docente,6to grado,SAN PEDRO DE MACORIS,13,37.8,14
2023,Q3,IQP,Docente,6to grado,SANTIAGO,14,27.0,18
2023,Q3,IQP,Docente,6to grado,SANTO DOMINGO,67,213.9,86
2023,Q3,IQP,Docente,6to grado,Sin ubicación,112,345.6,148
2023,Q3,IQP,Docente,No especificado,SANTIAGO,1,0.6,1
2023,Q3,IQP,Docente,No especificado,SANTO DOMINGO,3,5.3,3
2023,Q3,IQP,Docente,No especificado,Sin ubicación,7,28.3,12
2023,Q3,IQP,Estudiante,1er grado,AZUA,1,0.6,1
2023,Q3,IQP,Estudiante,1er grado,NAGUA,1,1.6,1
2023,Q3,IQP,Estudiante,1er grado,SANTIAGO,1,4.0,1
2023,Q3,IQP,Estudiante,1er grado,SANTO DOMINGO,17,43.8,25
2023,Q3,IQP,Estudiante,1er grado,Sin ubicación,15,103.2,37
2023,Q3,IQP,Estudiante,2do grado,AZUA,1,0.7,2
2023,Q3,IQP,Estudiante,2do grado,BAHORUCO,1,13.8,1
2023,Q3,IQP,Estudiante,2do grado,HIGUEY,1,0.1,1
2023,Q3,IQP,Estudiante,2do grado,MONTE CRISTI,1,2.9,2
2023,Q3,IQP,Estudiante,2do grado,SAN PEDRO DE MACORIS,1,0.5,1
2023,Q3,IQP,Estudiante,2do grado,SANTO DOMINGO,6,9.6,7
2023,Q3,IQP,Estudiante,2do grado,Sin ubicación,27,102.7,56
2023,Q3,IQP,Estudiante,3er grado,AZUA,1,16.3,1
2023,Q3,IQP,Estudiante,3er grado,BARAHONA,2,2.6,2
2023,Q3,IQP,Estudiante,3er grado,HIGUEY,2,10.0,4
2023,Q3,IQP,Estudiante,3er grado,MONTE CRISTI,1,1.6,2
2023,Q3,IQP,Estudiante,3er grado,SAN CRISTOBAL,2,5.8,2
2023,Q3,IQP,Estudiante,3er grado,SAN JUAN DE LA MAGUANA,1,1.1,1
2023,Q3,IQP,Estudiante,3er grado,SANTO DOMINGO,8,21.0,11
2023,Q3,IQP,Estudiante,3er grado,Sin ubicación,18,27.0,21
2023,Q3,IQP,Estudiante,4to grado,SANTO DOMINGO,14,27.2,16
2023,Q3,IQP,Estudiante,4to grado,Sin ubicación,19,104.4,35
2023,Q3,IQP,Estudiante,5to grado,AZUA,1,18.8,2
2023,Q3,IQP,Estudiante,5to grado,COTUI,8,7.1,11
2023,Q3,IQP,Estudiante,5to grado,MONTE CRISTI,1,0.4,1
2023,Q3,IQP,Estudiante,5to grado,PUERTO PLATA,9,31.2,10
2023,Q3,IQP,Estudiante,5to grado,SAN CRISTOBAL,187,137.7,192
2023,Q3,IQP,Estudiante,5to grado,SAN PEDRO DE MACORIS,9,4.4,9
2023,Q3,IQP,Estudiante,5to grado,SANTIAGO,1,0.4,1
2023,Q3,IQP,Estudiante,5to grado,SANTO DOMINGO,104,256.9,144
2023,Q3,IQP,Estudiante,5to grado,Sin ubicación,154,144.6,161
2023,Q3,IQP,Estudiante,6to grado,AZUA,2,0.5,2
2023,Q3,IQP,Estudiante,6to grado,BAHORUCO,2,0.6,2
2023,Q3,IQP,Estudiante,6to grado,BARAHONA,1,0.2,1
2023,Q3,IQP,Estudiante,6to grado,COTUI,2,6.1,2
2023,Q3,IQP,Estudiante,6to grado,HIGUEY,1,0.1,1
2023,Q3,IQP,Estudiante,6to grado,LA VEGA,1,1.4,3
2023,Q3,IQP,Estudiante,6to grado,NAGUA,1,2.8,2
2023,Q3,IQP,Estudiante,6to grado,PUERTO PLATA,1,33.4,1
2023,Q3,IQP,Estudiante,6to grado,SAN CRISTOBAL,2,2.4,2
2023,Q3,IQP,Estudiante,6to grado,SAN FRANCISCO DE MACORIS,1,1.2,1
2023,Q3,IQP,Estudiante,6to grado,SAN JUAN DE LA MAGUANA,2,0.9,2
2023,Q3,IQP,Estudiante,6to grado,SAN PEDRO DE MACORIS,1,0.3,1
2023,Q3,IQP,Estudiante,6to grado,SANTO DOMINGO,66,156.1,97
2023,Q3,IQP,Estudiante,6to grado,Sin ubicación,69,238.1,108
2023,Q3,IQP,Parent,No especificado,Sin ubicación,6,13.8,10
2023,Q3,IQP,Sin rol,No especificado,Sin ubicación,1,842.7,60
2023,Q3,IQS,Admin,No especificado,Sin ubicación,1,66.0,12
2023,Q3,IQS,Docente,1er grado,AZUA,1,0.9,2
2023,Q3,IQS,Docente,1er grado,COTUI,1,0.4,1
2023,Q3,IQS,Docente,1er grado,HIGUEY,1,1.3,2
2023,Q3,IQS,Docente,1er grado,LA VEGA,6,26.5,10
2023,Q3,IQS,Docente,1er grado,MONTE CRISTI,3,12.0,6
2023,Q3,IQS,Docente,1er grado,MONTE PLATA,5,42.0,10
2023,Q3,IQS,Docente,1er grado,NAGUA,1,0.6,2
2023,Q3,IQS,Docente,1er grado,PUERTO PLATA,2,1.4,2
2023,Q3,IQS,Docente,1er grado,SAN CRISTOBAL,2,18.4,4
2023,Q3,IQS,Docente,1er grado,SAN FRANCISCO DE MACORIS,5,7.2,5
2023,Q3,IQS,Docente,1er grado,SAN JUAN DE LA MAGUANA,1,0.5,2
2023,Q3,IQS,Docente,1er grado,SAN PEDRO DE MACORIS,1,2.1,2
2023,Q3,IQS,Docente,1er grado,SANTIAGO,8,19.9,13
2023,Q3,IQS,Docente,1er grado,SANTO DOMINGO,11,73.7,24
2023,Q3,IQS,Docente,1er grado,Sin ubicación,19,86.6,28
2023,Q3,IQS,Docente,4to grado,AZUA,3,56.3,13
2023,Q3,IQS,Docente,4to grado,BAHORUCO,2,6.3,2
2023,Q3,IQS,Docente,4to grado,BARAHONA,1,7.3,3
2023,Q3,IQS,Docente,4to grado,COTUI,2,1.9,3
2023,Q3,IQS,Docente,4to grado,HIGUEY,6,10.4,8
2023,Q3,IQS,Docente,4to grado,LA VEGA,10,14.3,15
2023,Q3,IQS,Docente,4to grado,MAO,4,25.4,11
2023,Q3,IQS,Docente,4to grado,MONTE CRISTI,1,0.7,1
2023,Q3,IQS,Docente,4to grado,MONTE PLATA,8,17.3,13
2023,Q3,IQS,Docente,4to grado,NAGUA,4,13.2,9
2023,Q3,IQS,Docente,4to grado,PUERTO PLATA,6,11.2,10
2023,Q3,IQS,Docente,4to grado,SAN CRISTOBAL,4,7.4,8
2023,Q3,IQS,Docente,4to grado,SAN FRANCISCO DE MACORIS,7,35.1,11
2023,Q3,IQS,Docente,4to grado,SAN JUAN DE LA MAGUANA,1,4.5,1
2023,Q3,IQS,Docente,4to grado,SAN PEDRO DE MACORIS,8,57.8,19
2023,Q3,IQS,Docente,4to grado,SANTIAGO,9,44.8,20
2023,Q3,IQS,Docente,4to grado,SANTO DOMINGO,35,102.2,56
2023,Q3,IQS,Docente,4to grado,Sin ubicación,26,67.3,42
2023,Q3,IQS,Docente,6to grado,AZUA,4,5.7,4
2023,Q3,IQS,Docente,6to grado,BARAHONA,2,0.8,3
2023,Q3,IQS,Docente,6to grado,COTUI,19,105.3,38
2023,Q3,IQS,Docente,6to grado,HIGUEY,3,18.2,5
2023,Q3,IQS,Docente,6to grado,LA VEGA,18,74.5,25
2023,Q3,IQS,Docente,6to grado,MAO,4,12.2,5
2023,Q3,IQS,Docente,6to grado,MONTE CRISTI,7,24.9,10
2023,Q3,IQS,Docente,6to grado,MONTE PLATA,12,36.0,15
2023,Q3,IQS,Docente,6to grado,NAGUA,2,8.2,3
2023,Q3,IQS,Docente,6to grado,PUERTO PLATA,11,38.0,17
2023,Q3,IQS,Docente,6to grado,SAN CRISTOBAL,22,108.6,29
2023,Q3,IQS,Docente,6to grado,SAN FRANCISCO DE MACORIS,14,26.9,25
2023,Q3,IQS,Docente,6to grado,SAN JUAN DE LA MAGUANA,7,98.9,17
2023,Q3,IQS,Docente,6to grado,SAN PEDRO DE MACORIS,51,232.8,84
2023,Q3,IQS,Docente,6to grado,SANTIAGO,46,157.7,56
2023,Q3,IQS,Docente,6to grado,SANTO DOMINGO,99,442.7,173
2023,Q3,IQS,Docente,6to grado,Sin ubicación,127,495.4,198
2023,Q3,IQS,Docente,No especificado,BARAHONA,1,1.9,1
2023,Q3,IQS,Docente,No especificado,MAO,1,0.3,1
2023,Q3,IQS,Docente,No especificado,MONTE PLATA,3,1.1,3
2023,Q3,IQS,Docente,No especificado,SAN CRISTOBAL,1,2.6,1
2023,Q3,IQS,Docente,No especificado,SAN FRANCISCO DE MACORIS,1,0.4,1
2023,Q3,IQS,Docente,No especificado,SANTO DOMINGO,5,8.3,14
2023,Q3,IQS,Docente,No especificado,Sin ubicación,2,1.8,6
2023,Q3,IQS,Editor,No especificado,SANTIAGO,1,464.3,46
2023,Q3,IQS,Estudiante,1er grado,AZUA,3,1.7,6
2023,Q3,IQS,Estudiante,1er grado,BAHORUCO,1,0.5,2
2023,Q3,IQS,Estudiante,1er grado,BARAHONA,6,3.4,11
2023,Q3,IQS,Estudiante,1er grado,HIGUEY,2,1.6,9
2023,Q3,IQS,Estudiante,1er grado,LA VEGA,1,0.7,2
2023,Q3,IQS,Estudiante,1er grado,MAO,2,5.2,4
2023,Q3,IQS,Estudiante,1er grado,MONTE PLATA,2,41.5,28
2023,Q3,IQS,Estudiante,1er grado,NAGUA,3,2.6,5
2023,Q3,IQS,Estudiante,1er grado,PUERTO PLATA,6,2.9,9
2023,Q3,IQS,Estudiante,1er grado,SAN CRISTOBAL,5,3.4,7
2023,Q3,IQS,Estudiante,1er grado,SAN FRANCISCO DE MACORIS,8,28.3,19
2023,Q3,IQS,Estudiante,1er grado,SAN PEDRO DE MACORIS,5,2.2,10
2023,Q3,IQS,Estudiante,1er grado,SANTIAGO,12,11.6,36
2023,Q3,IQS,Estudiante,1er grado,SANTO DOMINGO,139,728.7,272
2023,Q3,IQS,Estudiante,1er grado,Sin ubicación,61,105.2,154
2023,Q3,IQS,Estudiante,2do grado,AZUA,3,2.3,5
2023,Q3,IQS,Estudiante,2do grado,COTUI,117,381.9,166
2023,Q3,IQS,Estudiante,2do grado,HIGUEY,2,0.7,4
2023,Q3,IQS,Estudiante,2do grado,LA VEGA,3,7.5,3
2023,Q3,IQS,Estudiante,2do grado,MAO,2,60.5,12
2023,Q3,IQS,Estudiante,2do grado,MONTE PLATA,1,12.3,1
2023,Q3,IQS,Estudiante,2do grado,NAGUA,1,2.8,1
2023,Q3,IQS,Estudiante,2do grado,PUERTO PLATA,4,3.0,7
2023,Q3,IQS,Estudiante,2do grado,SAN CRISTOBAL,37,26.5,39
2023,Q3,IQS,Estudiante,2do grado,SAN FRANCISCO DE MACORIS,12,16.4,12
2023,Q3,IQS,Estudiante,2do grado,SAN JUAN DE LA MAGUANA,2,10.0,5
2023,Q3,IQS,Estudiante,2do grado,SAN PEDRO DE MACORIS,194,211.0,232
2023,Q3,IQS,Estudiante,2do grado,SANTIAGO,33,45.9,36
2023,Q3,IQS,Estudiante,2do grado,SANTO DOMINGO,270,709.1,455
2023,Q3,IQS,Estudiante,2do grado,Sin ubicación,214,483.5,362
2023,Q3,IQS,Estudiante,3er grado,AZUA,1,2.1,1
2023,Q3,IQS,Estudiante,3er grado,BARAHONA,1,0.2,2
2023,Q3,IQS,Estudiante,3er grado,COTUI,1,5.2,1
2023,Q3,IQS,Estudiante,3er grado,HIGUEY,1,0.1,1
2023,Q3,IQS,Estudiante,3er grado,LA VEGA,2,0.5,3
2023,Q3,IQS,Estudiante,3er grado,MAO,1,2.1,2
2023,Q3,IQS,Estudiante,3er grado,MONTE CRISTI,2,7.7,3
2023,Q3,IQS,Estudiante,3er grado,MONTE PLATA,1,0.7,1
2023,Q3,IQS,Estudiante,3er grado,NAGUA,1,1.8,1
2023,Q3,IQS,Estudiante,3er grado,SAN CRISTOBAL,2,0.3,2
2023,Q3,IQS,Estudiante,3er grado,SAN JUAN DE LA MAGUANA,1,1.2,2
2023,Q3,IQS,Estudiante,3er grado,SAN PEDRO DE MACORIS,1,0.0,1
2023,Q3,IQS,Estudiante,3er grado,SANTIAGO,6,5.2,6
2023,Q3,IQS,Estudiante,3er grado,SANTO DOMINGO,13,147.6,41
2023,Q3,IQS,Estudiante,3er grado,Sin ubicación,14,34.1,22
2023,Q3,IQS,Estudiante,4to grado,AZUA,2,9.1,4
2023,Q3,IQS,Estudiante,4to grado,BAHORUCO,1,0.5,1
2023,Q3,IQS,Estudiante,4to grado,BARAHONA,6,12.7,10
2023,Q3,IQS,Estudiante,4to grado,COTUI,1,0.3,2
2023,Q3,IQS,Estudiante,4to grado,HIGUEY,7,21.3,14
2023,Q3,IQS,Estudiante,4to grado,LA VEGA,7,6.4,11
2023,Q3,IQS,Estudiante,4to grado,MAO,1,0.5,1
2023,Q3,IQS,Estudiante,4to grado,MONTE CRISTI,3,1.7,5
2023,Q3,IQS,Estudiante,4to grado,MONTE PLATA,1,3.7,2
2023,Q3,IQS,Estudiante,4to grado,NAGUA,1,8.5,2
2023,Q3,IQS,Estudiante,4to grado,PUERTO PLATA,2,1.0,2
2023,Q3,IQS,Estudiante,4to grado,SAN CRISTOBAL,7,3.1,12
2023,Q3,IQS,Estudiante,4to grado,SAN FRANCISCO DE MACORIS,2,25.7,9
2023,Q3,IQS,Estudiante,4to grado,SAN JUAN DE LA MAGUANA,1,0.5,1
2023,Q3,IQS,Estudiante,4to grado,SAN PEDRO DE MACORIS,6,45.2,18
2023,Q3,IQS,Estudiante,4to grado,SANTIAGO,23,43.2,38
2023,Q3,IQS,Estudiante,4to grado,SANTO DOMINGO,97,383.2,213
2023,Q3,IQS,Estudiante,4to grado,Sin ubicación,102,556.3,170
2023,Q3,IQS,Estudiante,5to grado,AZUA,4,9.6,4
2023,Q3,IQS,Estudiante,5to grado,BARAHONA,1,0.2,1
2023,Q3,IQS,Estudiante,5to grado,COTUI,1,4.6,2
2023,Q3,IQS,Estudiante,5to grado,HIGUEY,2,0.9,3
2023,Q3,IQS,Estudiante,5to grado,LA VEGA,4,2.8,7
2023,Q3,IQS,Estudiante,5to grado,MAO,1,13.3,5
2023,Q3,IQS,Estudiante,5to grado,MONTE PLATA,1,0.3,2
2023,Q3,IQS,Estudiante,5to grado,NAGUA,3,2.5,5
2023,Q3,IQS,Estudiante,5to grado,SAN CRISTOBAL,15,17.8,22
2023,Q3,IQS,Estudiante,5to grado,SAN FRANCISCO DE MACORIS,2,1.8,3
2023,Q3,IQS,Estudiante,5to grado,SAN JUAN DE LA MAGUANA,1,0.1,2
2023,Q3,IQS,Estudiante,5to grado,SAN PEDRO DE MACORIS,8,4.7,9
2023,Q3,IQS,Estudiante,5to grado,SANTIAGO,6,7.3,8
2023,Q3,IQS,Estudiante,5to grado,SANTO DOMINGO,64,318.2,158
2023,Q3,IQS,Estudiante,5to grado,Sin ubicación,93,481.7,129
2023,Q3,IQS,Estudiante,6to grado,AZUA,126,383.8,317
2023,Q3,IQS,Estudiante,6to grado,BAHORUCO,7,7.5,12
2023,Q3,IQS,Estudiante,6to grado,BARAHONA,28,34.3,59
2023,Q3,IQS,Estudiante,6to grado,COTUI,86,421.1,176
2023,Q3,IQS,Estudiante,6to grado,HIGUEY,79,218.5,177
2023,Q3,IQS,Estudiante,6to grado,LA VEGA,152,335.7,271
2023,Q3,IQS,Estudiante,6to grado,MAO,25,225.1,64
2023,Q3,IQS,Estudiante,6to grado,MONTE CRISTI,22,89.5,42
2023,Q3,IQS,Estudiante,6to grado,MONTE PLATA,32,94.1,67
2023,Q3,IQS,Estudiante,6to grado,NAGUA,30,63.3,62
2023,Q3,IQS,Estudiante,6to grado,PUERTO PLATA,50,99.8,88
2023,Q3,IQS,Estudiante,6to grado,SAN CRISTOBAL,101,307.9,218
2023,Q3,IQS,Estudiante,6to grado,SAN FRANCISCO DE MACORIS,75,185.6,166
2023,Q3,IQS,Estudiante,6to grado,SAN JUAN DE LA MAGUANA,36,78.4,81
2023,Q3,IQS,Estudiante,6to grado,SAN PEDRO DE MACORIS,250,2812.6,806
2023,Q3,IQS,Estudiante,6to grado,SANTIAGO,283,920.1,633
2023,Q3,IQS,Estudiante,6to grado,SANTO DOMINGO,999,4339.8,2157
2023,Q3,IQS,Estudiante,6to grado,Sin ubicación,716,3212.8,1599
2023,Q3,IQS,Estudiante,No especificado,BARAHONA,2,3.2,4
2023,Q3,IQS,Estudiante,No especificado,COTUI,1,3.2,2
2023,Q3,IQS,Estudiante,No especificado,HIGUEY,2,2.0,8
2023,Q3,IQS,Estudiante,No especificado,LA VEGA,4,4.6,12
2023,Q3,IQS,Estudiante,No especificado,MAO,4,8.6,14
2023,Q3,IQS,Estudiante,No especificado,PUERTO PLATA,1,0.1,2
2023,Q3,IQS,Estudiante,No especificado,SAN CRISTOBAL,1,1.2,1
2023,Q3,IQS,Estudiante,No especificado,SAN FRANCISCO DE MACORIS,5,15.7,18
2023,Q3,IQS,Estudiante,No especificado,SAN JUAN DE LA MAGUANA,1,0.0,1
2023,Q3,IQS,Estudiante,No especificado,SAN PEDRO DE MACORIS,4,8.2,8
2023,Q3,IQS,Estudiante,No especificado,SANTIAGO,11,9.5,16
2023,Q3,IQS,Estudiante,No especificado,SANTO DOMINGO,39,57.6,81
2023,Q3,IQS,Estudiante,No especificado,Sin ubicación,23,38.7,69
2023,Q3,IQS,Invitado,6to grado,COTUI,1,2.4,2
2023,Q3,IQS,Invitado,6to grado,SANTIAGO,2,4.4,2
2023,Q3,IQS,Invitado,6to grado,SANTO DOMINGO,3,13.4,5
2023,Q3,IQS,Invitado,6to grado,Sin ubicación,316,1806.4,692
2023,Q3,IQS,Invitado,No especificado,SANTO DOMINGO,1,0.7,1
2023,Q3,IQS,Invitado,No especificado,Sin ubicación,12,27.3,23
2023,Q4,IQ512,Admin,No especificado,Sin ubicación,2,14.2,7
2023,Q4,IQ512,Aliado de la Alianza,No especificado,Sin ubicación,1,5.8,2
2023,Q4,IQ512,Docente,No especificado,Sin ubicación,2,16.0,2
2023,Q4,IQ512,Editor,No especificado,Sin ubicación,1,3.5,4
2023,Q4,IQ512,Estudiante,No especificado,AZUA,11,13.8,20
2023,Q4,IQ512,Estudiante,No especificado,BAHORUCO,7,35.1,13
2023,Q4,IQ512,Estudiante,No especificado,BARAHONA,9,28.2,38
2023,Q4,IQ512,Estudiante,No especificado,COTUI,9,32.7,20
2023,Q4,IQ512,Estudiante,No especificado,HIGUEY,7,20.8,17
2023,Q4,IQ512,Estudiante,No especificado,LA VEGA,18,36.8,32
2023,Q4,IQ512,Estudiante,No especificado,MAO,10,35.8,33
2023,Q4,IQ512,Estudiante,No especificado,MONTE CRISTI,6,8.6,16
2023,Q4,IQ512,Estudiante,No especificado,MONTE PLATA,3,1.6,3
2023,Q4,IQ512,Estudiante,No especificado,NAGUA,3,4.6,9
2023,Q4,IQ512,Estudiante,No especificado,PUERTO PLATA,7,7.3,11
2023,Q4,IQ512,Estudiante,No especificado,SAN CRISTOBAL,15,48.7,31
2023,Q4,IQ512,Estudiante,No especificado,SAN FRANCISCO DE MACORIS,10,25.8,32
2023,Q4,IQ512,Estudiante,No especificado,SAN JUAN DE LA MAGUANA,5,23.4,9
2023,Q4,IQ512,Estudiante,No especificado,SAN PEDRO DE MACORIS,9,60.4,13
2023,Q4,IQ512,Estudiante,No especificado,SANTIAGO,11,8.9,22
2023,Q4,IQ512,Estudiante,No especificado,SANTO DOMINGO,67,512.5,174
2023,Q4,IQ512,Estudiante,No especificado,Sin ubicación,444,1728.5,873
2023,Q4,IQP,Admin,No especificado,Sin ubicación,1,14.8,12
2023,Q4,IQP,Docente,1er grado,Sin ubicación,2,253.8,56
2023,Q4,IQP,Docente,2do grado,BAHORUCO,1,11.6,2
2023,Q4,IQP,Docente,2do grado,COTUI,4,94.3,20
2023,Q4,IQP,Docente,2do grado,HIGUEY,2,8.7,2
2023,Q4,IQP,Docente,2do grado,LA VEGA,8,111.4,17
2023,Q4,IQP,Docente,2do grado,NAGUA,1,49.3,4
2023,Q4,IQP,Docente,2do grado,PUERTO PLATA,1,11.0,2
2023,Q4,IQP,Docente,2do grado,SAN CRISTOBAL,3,43.2,8
2023,Q4,IQP,Docente,2do grado,SAN FRANCISCO DE MACORIS,1,9.3,2
2023,Q4,IQP,Docente,2do grado,SAN PEDRO DE MACORIS,2,38.9,5
2023,Q4,IQP,Docente,2do grado,SANTIAGO,10,396.1,66
2023,Q4,IQP,Docente,2do grado,SANTO DOMINGO,5,10.2,7
2023,Q4,IQP,Docente,2do grado,Sin ubicación,3,39.0,10
2023,Q4,IQP,Docente,3er grado,BARAHONA,1,0.2,1
2023,Q4,IQP,Docente,3er grado,SANTIAGO,2,42.4,8
2023,Q4,IQP,Docente,3er grado,Sin ubicación,1,0.5,1
2023,Q4,IQP,Docente,4to grado,AZUA,1,96.2,8
2023,Q4,IQP,Docente,4to grado,BARAHONA,1,0.0,1
2023,Q4,IQP,Docente,4to grado,COTUI,2,7.9,2
2023,Q4,IQP,Docente,4to grado,HIGUEY,1,18.9,12
2023,Q4,IQP,Docente,4to grado,LA VEGA,12,74.8,24
2023,Q4,IQP,Docente,4to grado,MAO,1,0.7,1
2023,Q4,IQP,Docente,4to grado,MONTE CRISTI,7,36.9,13
2023,Q4,IQP,Docente,4to grado,NAGUA,1,0.4,1
2023,Q4,IQP,Docente,4to grado,PUERTO PLATA,2,30.3,7
2023,Q4,IQP,Docente,4to grado,SAN CRISTOBAL,6,28.3,13
2023,Q4,IQP,Docente,4to grado,SAN FRANCISCO DE MACORIS,4,82.0,10
2023,Q4,IQP,Docente,4to grado,SAN JUAN DE LA MAGUANA,1,3.6,3
2023,Q4,IQP,Docente,4to grado,SAN PEDRO DE MACORIS,6,39.5,14
2023,Q4,IQP,Docente,4to grado,SANTIAGO,10,290.4,35
2023,Q4,IQP,Docente,4to grado,SANTO DOMINGO,32,419.2,114
2023,Q4,IQP,Docente,4to grado,Sin ubicación,45,309.3,97
2023,Q4,IQP,Docente,5to grado,AZUA,60,804.8,187
2023,Q4,IQP,Docente,5to grado,BAHORUCO,48,246.4,96
2023,Q4,IQP,Docente,5to grado,BARAHONA,9,20.8,11
2023,Q4,IQP,Docente,5to grado,COTUI,82,940.7,215
2023,Q4,IQP,Docente,5to grado,HIGUEY,233,2684.3,828
2023,Q4,IQP,Docente,5to grado,LA VEGA,91,906.8,186
2023,Q4,IQP,Docente,5to grado,MAO,27,86.7,50
2023,Q4,IQP,Docente,5to grado,MONTE CRISTI,39,216.8,74
2023,Q4,IQP,Docente,5to grado,MONTE PLATA,12,19.9,15
2023,Q4,IQP,Docente,5to grado,NAGUA,40,555.5,134
2023,Q4,IQP,Docente,5to grado,PUERTO PLATA,50,686.2,186
2023,Q4,IQP,Docente,5to grado,SAN CRISTOBAL,192,1760.8,417
2023,Q4,IQP,Docente,5to grado,SAN FRANCISCO DE MACORIS,67,585.7,184
2023,Q4,IQP,Docente,5to grado,SAN JUAN DE LA MAGUANA,58,168.3,105
2023,Q4,IQP,Docente,5to grado,SAN PEDRO DE MACORIS,342,4476.8,1065
2023,Q4,IQP,Docente,5to grado,SANTIAGO,353,4700.9,1081
2023,Q4,IQP,Docente,5to grado,SANTO DOMINGO,976,9455.3,2608
2023,Q4,IQP,Docente,5to grado,Sin ubicación,514,2766.4,953
2023,Q4,IQP,Docente,6to grado,AZUA,5,19.0,6
2023,Q4,IQP,Docente,6to grado,BARAHONA,1,0.6,1
2023,Q4,IQP,Docente,6to grado,COTUI,38,741.9,125
2023,Q4,IQP,Docente,6to grado,HIGUEY,26,622.3,126
2023,Q4,IQP,Docente,6to grado,LA VEGA,91,1136.4,252
2023,Q4,IQP,Docente,6to grado,MAO,15,292.3,72
2023,Q4,IQP,Docente,6to grado,MONTE CRISTI,5,25.6,9
2023,Q4,IQP,Docente,6to grado,MONTE PLATA,19,158.3,45
2023,Q4,IQP,Docente,6to grado,NAGUA,29,588.4,97
2023,Q4,IQP,Docente,6to grado,PUERTO PLATA,32,426.5,112
2023,Q4,IQP,Docente,6to grado,SAN CRISTOBAL,132,2280.0,527
2023,Q4,IQP,Docente,6to grado,SAN FRANCISCO DE MACORIS,88,931.4,258
2023,Q4,IQP,Docente,6to grado,SAN JUAN DE LA MAGUANA,5,15.5,10
2023,Q4,IQP,Docente,6to grado,SAN PEDRO DE MACORIS,42,907.1,154
2023,Q4,IQP,Docente,6to grado,SANTIAGO,73,1553.0,338
2023,Q4,IQP,Docente,6to grado,SANTO DOMINGO,243,2408.0,651
2023,Q4,IQP,Docente,6to grado,Sin ubicación,259,1694.1,527
2023,Q4,IQP,Docente,No especificado,AZUA,1,0.2,1
2023,Q4,IQP,Docente,No especificado,COTUI,2,31.6,5
2023,Q4,IQP,Docente,No especificado,HIGUEY,1,7.8,2
2023,Q4,IQP,Docente,No especificado,LA VEGA,7,80.6,20
2023,Q4,IQP,Docente,No especificado,MAO,1,3.0,1
2023,Q4,IQP,Docente,No especificado,PUERTO PLATA,1,45.9,6
2023,Q4,IQP,Docente,No especificado,SAN CRISTOBAL,7,66.5,16
2023,Q4,IQP,Docente,No especificado,SAN FRANCISCO DE MACORIS,3,7.1,8
2023,Q4,IQP,Docente,No especificado,SAN PEDRO DE MACORIS,4,26.3,7
2023,Q4,IQP,Docente,No especificado,SANTIAGO,7,51.4,14
2023,Q4,IQP,Docente,No especificado,SANTO DOMINGO,23,156.8,58
2023,Q4,IQP,Docente,No especificado,Sin ubicación,11,73.0,19
2023,Q4,IQP,Estudiante,1er grado,AZUA,1,1.4,1
2023,Q4,IQP,Estudiante,1er grado,BAHORUCO,1,0.8,1
2023,Q4,IQP,Estudiante,1er grado,COTUI,3,3.5,3
2023,Q4,IQP,Estudiante,1er grado,HIGUEY,2,5.9,2
2023,Q4,IQP,Estudiante,1er grado,LA VEGA,1,0.2,1
2023,Q4,IQP,Estudiante,1er grado,MAO,1,0.3,1
2023,Q4,IQP,Estudiante,1er grado,MONTE CRISTI,1,1.9,2
2023,Q4,IQP,Estudiante,1er grado,SAN CRISTOBAL,5,2.1,5
2023,Q4,IQP,Estudiante,1er grado,SAN FRANCISCO DE MACORIS,1,0.8,1
2023,Q4,IQP,Estudiante,1er grado,SAN PEDRO DE MACORIS,3,3.5,3
2023,Q4,IQP,Estudiante,1er grado,SANTIAGO,7,4.5,7
2023,Q4,IQP,Estudiante,1er grado,SANTO DOMINGO,36,194.9,69
2023,Q4,IQP,Estudiante,1er grado,Sin ubicación,23,84.9,48
2023,Q4,IQP,Estudiante,2do grado,AZUA,20,22.9,22
2023,Q4,IQP,Estudiante,2do grado,BAHORUCO,9,9.7,10
2023,Q4,IQP,Estudiante,2do grado,BARAHONA,25,24.7,30
2023,Q4,IQP,Estudiante,2do grado,COTUI,22,36.8,24
2023,Q4,IQP,Estudiante,2do grado,HIGUEY,42,87.7,49
2023,Q4,IQP,Estudiante,2do grado,LA VEGA,58,238.5,86
2023,Q4,IQP,Estudiante,2do grado,MAO,4,14.5,5
2023,Q4,IQP,Estudiante,2do grado,MONTE CRISTI,30,84.6,37
2023,Q4,IQP,Estudiante,2do grado,MONTE PLATA,22,55.5,25
2023,Q4,IQP,Estudiante,2do grado,NAGUA,13,20.7,15
2023,Q4,IQP,Estudiante,2do grado,PUERTO PLATA,7,20.1,7
2023,Q4,IQP,Estudiante,2do grado,SAN CRISTOBAL,127,307.3,179
2023,Q4,IQP,Estudiante,2do grado,SAN FRANCISCO DE MACORIS,26,66.0,30
2023,Q4,IQP,Estudiante,2do grado,SAN JUAN DE LA MAGUANA,26,44.4,26
2023,Q4,IQP,Estudiante,2do grado,SAN PEDRO DE MACORIS,191,456.5,215
2023,Q4,IQP,Estudiante,2do grado,SANTIAGO,144,179.6,176
2023,Q4,IQP,Estudiante,2do grado,SANTO DOMINGO,844,1667.2,936
2023,Q4,IQP,Estudiante,2do grado,Sin ubicación,690,1341.4,807
2023,Q4,IQP,Estudiante,3er grado,AZUA,1,6.8,5
2023,Q4,IQP,Estudiante,3er grado,COTUI,1,0.3,1
2023,Q4,IQP,Estudiante,3er grado,HIGUEY,6,27.0,11
2023,Q4,IQP,Estudiante,3er grado,LA VEGA,2,3.4,2
2023,Q4,IQP,Estudiante,3er grado,MONTE CRISTI,2,5.8,2
2023,Q4,IQP,Estudiante,3er grado,PUERTO PLATA,1,0.2,1
2023,Q4,IQP,Estudiante,3er grado,SAN CRISTOBAL,3,22.7,4
2023,Q4,IQP,Estudiante,3er grado,SAN FRANCISCO DE MACORIS,5,25.9,14
2023,Q4,IQP,Estudiante,3er grado,SAN PEDRO DE MACORIS,5,19.8,8
2023,Q4,IQP,Estudiante,3er grado,SANTIAGO,3,2.5,3
2023,Q4,IQP,Estudiante,3er grado,SANTO DOMINGO,51,190.8,69
2023,Q4,IQP,Estudiante,3er grado,Sin ubicación,35,100.4,58
2023,Q4,IQP,Estudiante,4to grado,AZUA,5,48.1,13
2023,Q4,IQP,Estudiante,4to grado,COTUI,5,10.4,5
2023,Q4,IQP,Estudiante,4to grado,HIGUEY,31,54.5,37
2023,Q4,IQP,Estudiante,4to grado,LA VEGA,3,4.0,3
2023,Q4,IQP,Estudiante,4to grado,MAO,2,3.3,6
2023,Q4,IQP,Estudiante,4to grado,MONTE CRISTI,1,1.4,1
2023,Q4,IQP,Estudiante,4to grado,NAGUA,1,3.7,2
2023,Q4,IQP,Estudiante,4to grado,PUERTO PLATA,1,0.7,1
2023,Q4,IQP,Estudiante,4to grado,SAN CRISTOBAL,4,23.2,13
2023,Q4,IQP,Estudiante,4to grado,SAN FRANCISCO DE MACORIS,5,11.4,10
2023,Q4,IQP,Estudiante,4to grado,SAN PEDRO DE MACORIS,8,12.1,13
2023,Q4,IQP,Estudiante,4to grado,SANTIAGO,62,176.1,95
2023,Q4,IQP,Estudiante,4to grado,SANTO DOMINGO,74,283.9,108
2023,Q4,IQP,Estudiante,4to grado,Sin ubicación,26,46.3,47
2023,Q4,IQP,Estudiante,5to grado,AZUA,466,2794.2,771
2023,Q4,IQP,Estudiante,5to grado,BAHORUCO,202,788.5,370
2023,Q4,IQP,Estudiante,5to grado,BARAHONA,8,21.1,17
2023,Q4,IQP,Estudiante,5to grado,COTUI,802,5435.8,1455
2023,Q4,IQP,Estudiante,5to grado,HIGUEY,4206,20431.2,7543
2023,Q4,IQP,Estudiante,5to grado,LA VEGA,1204,8453.9,2289
2023,Q4,IQP,Estudiante,5to grado,MAO,185,739.1,308
2023,Q4,IQP,Estudiante,5to grado,MONTE CRISTI,294,1678.8,488
2023,Q4,IQP,Estudiante,5to grado,MONTE PLATA,57,163.5,66
2023,Q4,IQP,Estudiante,5to grado,NAGUA,530,4137.5,1006
2023,Q4,IQP,Estudiante,5to grado,PUERTO PLATA,699,6257.2,1500
2023,Q4,IQP,Estudiante,5to grado,SAN CRISTOBAL,4051,26961.5,7844
2023,Q4,IQP,Estudiante,5to grado,SAN FRANCISCO DE MACORIS,1072,8670.3,2235
2023,Q4,IQP,Estudiante,5to grado,SAN JUAN DE LA MAGUANA,317,1950.8,550
2023,Q4,IQP,Estudiante,5to grado,SAN PEDRO DE MACORIS,5891,35816.0,11555
2023,Q4,IQP,Estudiante,5to grado,SANTIAGO,6108,36584.6,11962
2023,Q4,IQP,Estudiante,5to grado,SANTO DOMINGO,13826,75969.9,25831
2023,Q4,IQP,Estudiante,5to grado,Sin ubicación,3408,18427.1,6243
2023,Q4,IQP,Estudiante,6to grado,AZUA,97,217.8,192
2023,Q4,IQP,Estudiante,6to grado,BAHORUCO,3,1.3,3
2023,Q4,IQP,Estudiante,6to grado,BARAHONA,1,1.0,1
2023,Q4,IQP,Estudiante,6to grado,COTUI,6,21.9,10
2023,Q4,IQP,Estudiante,6to grado,HIGUEY,21,59.9,34
2023,Q4,IQP,Estudiante,6to grado,LA VEGA,2,17.2,3
2023,Q4,IQP,Estudiante,6to grado,MAO,9,22.3,15
2023,Q4,IQP,Estudiante,6to grado,MONTE CRISTI,2,9.2,3
2023,Q4,IQP,Estudiante,6to grado,NAGUA,3,7.2,5
2023,Q4,IQP,Estudiante,6to grado,PUERTO PLATA,6,25.2,11
2023,Q4,IQP,Estudiante,6to grado,SAN CRISTOBAL,10,12.2,10
2023,Q4,IQP,Estudiante,6to grado,SAN FRANCISCO DE MACORIS,5,3.7,5
2023,Q4,IQP,Estudiante,6to grado,SAN PEDRO DE MACORIS,81,222.3,122
2023,Q4,IQP,Estudiante,6to grado,SANTIAGO,425,1344.2,637
2023,Q4,IQP,Estudiante,6to grado,SANTO DOMINGO,144,310.4,200
2023,Q4,IQP,Estudiante,6to grado,Sin ubicación,93,182.7,119
2023,Q4,IQP,Estudiante,No especificado,Sin ubicación,2,18.7,7
2023,Q4,IQP,Parent,No especificado,PUERTO PLATA,1,0.5,1
2023,Q4,IQP,Parent,No especificado,Sin ubicación,37,58.0,49
2023,Q4,IQP,Sin rol,No especificado,Sin ubicación,1,224.7,38
2023,Q4,IQS,Admin,No especificado,Sin ubicación,1,32.6,11
2023,Q4,IQS,Docente,1er grado,AZUA,6,24.7,19
2023,Q4,IQS,Docente,1er grado,BAHORUCO,4,24.5,7
2023,Q4,IQS,Docente,1er grado,BARAHONA,1,0.5,4
2023,Q4,IQS,Docente,1er grado,COTUI,2,13.3,4
2023,Q4,IQS,Docente,1er grado,HIGUEY,3,43.7,6
2023,Q4,IQS,Docente,1er grado,LA VEGA,7,46.5,19
2023,Q4,IQS,Docente,1er grado,MAO,3,5.5,6
2023,Q4,IQS,Docente,1er grado,MONTE CRISTI,3,11.7,5
2023,Q4,IQS,Docente,1er grado,NAGUA,1,0.7,1
2023,Q4,IQS,Docente,1er grado,PUERTO PLATA,5,65.3,21
2023,Q4,IQS,Docente,1er grado,SAN CRISTOBAL,5,167.8,30
2023,Q4,IQS,Docente,1er grado,SAN FRANCISCO DE MACORIS,8,29.6,16
2023,Q4,IQS,Docente,1er grado,SAN JUAN DE LA MAGUANA,1,0.9,1
2023,Q4,IQS,Docente,1er grado,SAN PEDRO DE MACORIS,5,32.3,12
2023,Q4,IQS,Docente,1er grado,SANTIAGO,13,225.9,54
2023,Q4,IQS,Docente,1er grado,SANTO DOMINGO,39,463.2,123
2023,Q4,IQS,Docente,1er grado,Sin ubicación,43,191.7,76
2023,Q4,IQS,Docente,4to grado,AZUA,69,451.1,178
2023,Q4,IQS,Docente,4to grado,BAHORUCO,37,226.3,90
2023,Q4,IQS,Docente,4to grado,BARAHONA,17,78.6,27
2023,Q4,IQS,Docente,4to grado,COTUI,80,617.2,179
2023,Q4,IQS,Docente,4to grado,HIGUEY,120,1688.6,393
2023,Q4,IQS,Docente,4to grado,LA VEGA,144,1945.6,406
2023,Q4,IQS,Docente,4to grado,MAO,21,141.0,45
2023,Q4,IQS,Docente,4to grado,MONTE CRISTI,58,625.3,180
2023,Q4,IQS,Docente,4to grado,MONTE PLATA,20,64.2,27
2023,Q4,IQS,Docente,4to grado,NAGUA,55,412.8,141
2023,Q4,IQS,Docente,4to grado,PUERTO PLATA,67,680.7,204
2023,Q4,IQS,Docente,4to grado,SAN CRISTOBAL,201,1825.8,525
2023,Q4,IQS,Docente,4to grado,SAN FRANCISCO DE MACORIS,80,605.2,183
2023,Q4,IQS,Docente,4to grado,SAN JUAN DE LA MAGUANA,39,174.0,82
2023,Q4,IQS,Docente,4to grado,SAN PEDRO DE MACORIS,337,3802.6,1023
2023,Q4,IQS,Docente,4to grado,SANTIAGO,367,2544.1,950
2023,Q4,IQS,Docente,4to grado,SANTO DOMINGO,1036,9220.9,2881
2023,Q4,IQS,Docente,4to grado,Sin ubicación,634,3462.6,1407
2023,Q4,IQS,Docente,5to grado,LA VEGA,1,1.9,2
2023,Q4,IQS,Docente,5to grado,NAGUA,1,2.3,1
2023,Q4,IQS,Docente,5to grado,PUERTO PLATA,1,7.3,6
2023,Q4,IQS,Docente,5to grado,SAN FRANCISCO DE MACORIS,1,6.8,1
2023,Q4,IQS,Docente,5to grado,SAN PEDRO DE MACORIS,1,0.1,3
2023,Q4,IQS,Docente,6to grado,AZUA,3,8.0,6
2023,Q4,IQS,Docente,6to grado,COTUI,47,411.3,131
2023,Q4,IQS,Docente,6to grado,HIGUEY,7,67.3,21
2023,Q4,IQS,Docente,6to grado,LA VEGA,39,718.7,162
2023,Q4,IQS,Docente,6to grado,MAO,2,31.5,6
2023,Q4,IQS,Docente,6to grado,MONTE CRISTI,2,6.4,3
2023,Q4,IQS,Docente,6to grado,MONTE PLATA,23,141.4,36
2023,Q4,IQS,Docente,6to grado,NAGUA,4,124.1,18
2023,Q4,IQS,Docente,6to grado,PUERTO PLATA,28,405.0,80
2023,Q4,IQS,Docente,6to grado,SAN CRISTOBAL,84,1437.5,322
2023,Q4,IQS,Docente,6to grado,SAN FRANCISCO DE MACORIS,26,281.8,70
2023,Q4,IQS,Docente,6to grado,SAN JUAN DE LA MAGUANA,2,10.0,6
2023,Q4,IQS,Docente,6to grado,SAN PEDRO DE MACORIS,63,946.3,242
2023,Q4,IQS,Docente,6to grado,SANTIAGO,60,1042.2,227
2023,Q4,IQS,Docente,6to grado,SANTO DOMINGO,141,1787.3,464
2023,Q4,IQS,Docente,6to grado,Sin ubicación,194,1807.4,571
2023,Q4,IQS,Docente,No especificado,AZUA,1,0.6,1
2023,Q4,IQS,Docente,No especificado,HIGUEY,1,1.8,1
2023,Q4,IQS,Docente,No especificado,LA VEGA,3,94.2,11
2023,Q4,IQS,Docente,No especificado,MONTE CRISTI,1,0.4,1
2023,Q4,IQS,Docente,No especificado,NAGUA,3,16.7,8
2023,Q4,IQS,Docente,No especificado,SAN CRISTOBAL,1,1.1,1
2023,Q4,IQS,Docente,No especificado,SAN FRANCISCO DE MACORIS,1,0.4,1
2023,Q4,IQS,Docente,No especificado,SAN PEDRO DE MACORIS,8,171.7,33
2023,Q4,IQS,Docente,No especificado,SANTIAGO,4,21.0,7
2023,Q4,IQS,Docente,No especificado,SANTO DOMINGO,13,171.3,47
2023,Q4,IQS,Docente,No especificado,Sin ubicación,13,59.7,25
2023,Q4,IQS,Editor,No especificado,SANTIAGO,1,184.7,26
2023,Q4,IQS,Estudiante,1er grado,AZUA,14,34.1,22
2023,Q4,IQS,Estudiante,1er grado,BAHORUCO,2,1.9,3
2023,Q4,IQS,Estudiante,1er grado,BARAHONA,4,1.5,4
2023,Q4,IQS,Estudiante,1er grado,COTUI,11,5.6,19
2023,Q4,IQS,Estudiante,1er grado,HIGUEY,20,27.9,35
2023,Q4,IQS,Estudiante,1er grado,LA VEGA,22,52.8,42
2023,Q4,IQS,Estudiante,1er grado,MAO,2,0.7,4
2023,Q4,IQS,Estudiante,1er grado,MONTE CRISTI,14,69.2,53
2023,Q4,IQS,Estudiante,1er grado,MONTE PLATA,1,3.2,9
2023,Q4,IQS,Estudiante,1er grado,NAGUA,26,34.4,78
2023,Q4,IQS,Estudiante,1er grado,PUERTO PLATA,17,33.3,42
2023,Q4,IQS,Estudiante,1er grado,SAN CRISTOBAL,85,301.1,170
2023,Q4,IQS,Estudiante,1er grado,SAN FRANCISCO DE MACORIS,9,8.3,19
2023,Q4,IQS,Estudiante,1er grado,SAN JUAN DE LA MAGUANA,2,7.6,2
2023,Q4,IQS,Estudiante,1er grado,SAN PEDRO DE MACORIS,43,95.3,93
2023,Q4,IQS,Estudiante,1er grado,SANTIAGO,58,266.0,131
2023,Q4,IQS,Estudiante,1er grado,SANTO DOMINGO,288,695.2,838
2023,Q4,IQS,Estudiante,1er grado,Sin ubicación,193,286.8,420
2023,Q4,IQS,Estudiante,2do grado,AZUA,584,3246.9,1215
2023,Q4,IQS,Estudiante,2do grado,BAHORUCO,377,2379.5,533
2023,Q4,IQS,Estudiante,2do grado,BARAHONA,46,142.6,67
2023,Q4,IQS,Estudiante,2do grado,COTUI,1064,8623.9,2365
2023,Q4,IQS,Estudiante,2do grado,HIGUEY,2108,10216.3,4550
2023,Q4,IQS,Estudiante,2do grado,LA VEGA,2249,18376.8,5107
2023,Q4,IQS,Estudiante,2do grado,MAO,124,475.6,222
2023,Q4,IQS,Estudiante,2do grado,MONTE CRISTI,873,6284.3,2212
2023,Q4,IQS,Estudiante,2do grado,MONTE PLATA,286,2029.0,481
2023,Q4,IQS,Estudiante,2do grado,NAGUA,483,1611.2,1072
2023,Q4,IQS,Estudiante,2do grado,PUERTO PLATA,788,7069.0,1844
2023,Q4,IQS,Estudiante,2do grado,SAN CRISTOBAL,4407,32549.1,9986
2023,Q4,IQS,Estudiante,2do grado,SAN FRANCISCO DE MACORIS,626,4634.6,1651
2023,Q4,IQS,Estudiante,2do grado,SAN JUAN DE LA MAGUANA,438,1992.5,753
2023,Q4,IQS,Estudiante,2do grado,SAN PEDRO DE MACORIS,4847,37028.0,11472
2023,Q4,IQS,Estudiante,2do grado,SANTIAGO,6927,30865.3,14140
2023,Q4,IQS,Estudiante,2do grado,SANTO DOMINGO,20172,120779.2,45408
2023,Q4,IQS,Estudiante,2do grado,Sin ubicación,8865,52260.7,19097
2023,Q4,IQS,Estudiante,3er grado,AZUA,9,16.4,30
2023,Q4,IQS,Estudiante,3er grado,COTUI,4,6.8,6
2023,Q4,IQS,Estudiante,3er grado,HIGUEY,38,178.1,44
2023,Q4,IQS,Estudiante,3er grado,LA VEGA,9,16.2,12
2023,Q4,IQS,Estudiante,3er grado,MAO,1,0.3,3
2023,Q4,IQS,Estudiante,3er grado,MONTE PLATA,5,16.5,6
2023,Q4,IQS,Estudiante,3er grado,NAGUA,11,6.3,17
2023,Q4,IQS,Estudiante,3er grado,PUERTO PLATA,5,13.3,8
2023,Q4,IQS,Estudiante,3er grado,SAN CRISTOBAL,20,55.8,34
2023,Q4,IQS,Estudiante,3er grado,SAN FRANCISCO DE MACORIS,3,2.8,3
2023,Q4,IQS,Estudiante,3er grado,SAN PEDRO DE MACORIS,8,24.3,12
2023,Q4,IQS,Estudiante,3er grado,SANTIAGO,16,34.4,23
2023,Q4,IQS,Estudiante,3er grado,SANTO DOMINGO,129,449.7,268
2023,Q4,IQS,Estudiante,3er grado,Sin ubicación,63,86.9,103
2023,Q4,IQS,Estudiante,4to grado,AZUA,13,17.2,24
2023,Q4,IQS,Estudiante,4to grado,BAHORUCO,1,0.2,2
2023,Q4,IQS,Estudiante,4to grado,COTUI,4,5.9,6
2023,Q4,IQS,Estudiante,4to grado,HIGUEY,3,5.6,4
2023,Q4,IQS,Estudiante,4to grado,LA VEGA,4,2.2,4
2023,Q4,IQS,Estudiante,4to grado,MONTE CRISTI,1,0.5,2
2023,Q4,IQS,Estudiante,4to grado,MONTE PLATA,1,0.1,1
2023,Q4,IQS,Estudiante,4to grado,NAGUA,2,0.9,6
2023,Q4,IQS,Estudiante,4to grado,PUERTO PLATA,1,0.4,1
2023,Q4,IQS,Estudiante,4to grado,SAN CRISTOBAL,2,10.5,4
2023,Q4,IQS,Estudiante,4to grado,SAN FRANCISCO DE MACORIS,2,1.4,2
2023,Q4,IQS,Estudiante,4to grado,SAN JUAN DE LA MAGUANA,1,2.2,2
2023,Q4,IQS,Estudiante,4to grado,SAN PEDRO DE MACORIS,12,69.8,32
2023,Q4,IQS,Estudiante,4to grado,SANTIAGO,23,41.0,31
2023,Q4,IQS,Estudiante,4to grado,SANTO DOMINGO,76,221.6,119
2023,Q4,IQS,Estudiante,4to grado,Sin ubicación,40,131.5,71
2023,Q4,IQS,Estudiante,5to grado,AZUA,12,32.0,16
2023,Q4,IQS,Estudiante,5to grado,BAHORUCO,1,1.2,4
2023,Q4,IQS,Estudiante,5to grado,BARAHONA,1,1.7,1
2023,Q4,IQS,Estudiante,5to grado,COTUI,2,5.1,5
2023,Q4,IQS,Estudiante,5to grado,HIGUEY,30,42.7,55
2023,Q4,IQS,Estudiante,5to grado,LA VEGA,15,44.4,22
2023,Q4,IQS,Estudiante,5to grado,MAO,4,7.5,9
2023,Q4,IQS,Estudiante,5to grado,MONTE CRISTI,3,1.5,4
2023,Q4,IQS,Estudiante,5to grado,MONTE PLATA,7,20.8,18
2023,Q4,IQS,Estudiante,5to grado,NAGUA,12,17.5,18
2023,Q4,IQS,Estudiante,5to grado,PUERTO PLATA,11,22.0,21
2023,Q4,IQS,Estudiante,5to grado,SAN CRISTOBAL,310,2624.4,893
2023,Q4,IQS,Estudiante,5to grado,SAN FRANCISCO DE MACORIS,5,1.5,6
2023,Q4,IQS,Estudiante,5to grado,SAN PEDRO DE MACORIS,43,124.6,65
2023,Q4,IQS,Estudiante,5to grado,SANTIAGO,76,117.0,116
2023,Q4,IQS,Estudiante,5to grado,SANTO DOMINGO,245,498.0,395
2023,Q4,IQS,Estudiante,5to grado,Sin ubicación,248,581.6,454
2023,Q4,IQS,Estudiante,6to grado,AZUA,154,425.3,325
2023,Q4,IQS,Estudiante,6to grado,BAHORUCO,2,4.5,17
2023,Q4,IQS,Estudiante,6to grado,BARAHONA,8,5.5,20
2023,Q4,IQS,Estudiante,6to grado,COTUI,37,39.3,72
2023,Q4,IQS,Estudiante,6to grado,HIGUEY,47,42.9,91
2023,Q4,IQS,Estudiante,6to grado,LA VEGA,66,241.3,134
2023,Q4,IQS,Estudiante,6to grado,MAO,4,1.5,5
2023,Q4,IQS,Estudiante,6to grado,MONTE CRISTI,12,41.6,19
2023,Q4,IQS,Estudiante,6to grado,MONTE PLATA,8,7.3,10
2023,Q4,IQS,Estudiante,6to grado,NAGUA,53,40.3,134
2023,Q4,IQS,Estudiante,6to grado,PUERTO PLATA,12,152.9,32
2023,Q4,IQS,Estudiante,6to grado,SAN CRISTOBAL,75,80.6,99
2023,Q4,IQS,Estudiante,6to grado,SAN FRANCISCO DE MACORIS,43,63.6,81
2023,Q4,IQS,Estudiante,6to grado,SAN JUAN DE LA MAGUANA,6,4.1,8
2023,Q4,IQS,Estudiante,6to grado,SAN PEDRO DE MACORIS,110,1086.5,407
2023,Q4,IQS,Estudiante,6to grado,SANTIAGO,241,406.1,453
2023,Q4,IQS,Estudiante,6to grado,SANTO DOMINGO,731,1281.4,1348
2023,Q4,IQS,Estudiante,6to grado,Sin ubicación,466,872.9,957
2023,Q4,IQS,Estudiante,No especificado,BAHORUCO,3,7.0,4
2023,Q4,IQS,Estudiante,No especificado,COTUI,9,19.8,12
2023,Q4,IQS,Estudiante,No especificado,HIGUEY,17,75.1,51
2023,Q4,IQS,Estudiante,No especificado,LA VEGA,31,173.9,44
2023,Q4,IQS,Estudiante,No especificado,MONTE CRISTI,2,16.0,4
2023,Q4,IQS,Estudiante,No especificado,MONTE PLATA,1,7.7,1
2023,Q4,IQS,Estudiante,No especificado,PUERTO PLATA,11,116.0,39
2023,Q4,IQS,Estudiante,No especificado,SAN CRISTOBAL,34,257.2,97
2023,Q4,IQS,Estudiante,No especificado,SAN FRANCISCO DE MACORIS,9,124.2,32
2023,Q4,IQS,Estudiante,No especificado,SAN JUAN DE LA MAGUANA,1,1.6,3
2023,Q4,IQS,Estudiante,No especificado,SAN PEDRO DE MACORIS,21,174.8,45
2023,Q4,IQS,Estudiante,No especificado,SANTIAGO,38,238.0,102
2023,Q4,IQS,Estudiante,No especificado,SANTO DOMINGO,118,752.3,248
2023,Q4,IQS,Estudiante,No especificado,Sin ubicación,59,519.4,149
2023,Q4,IQS,Invitado,4to grado,SAN CRISTOBAL,2,9.8,4
2023,Q4,IQS,Invitado,4to grado,SANTIAGO,1,3.5,2
2023,Q4,IQS,Invitado,4to grado,Sin ubicación,74,468.6,168
2023,Q4,IQS,Invitado,6to grado,HIGUEY,2,9.7,4
2023,Q4,IQS,Invitado,6to grado,LA VEGA,3,5.6,5
2023,Q4,IQS,Invitado,6to grado,MONTE CRISTI,2,2.1,3
2023,Q4,IQS,Invitado,6to grado,SAN CRISTOBAL,2,1.4,2
2023,Q4,IQS,Invitado,6to grado,SAN PEDRO DE MACORIS,1,18.3,4
2023,Q4,IQS,Invitado,6to grado,SANTIAGO,5,6.4,7
2023,Q4,IQS,Invitado,6to grado,SANTO DOMINGO,14,59.8,29
2023,Q4,IQS,Invitado,6to grado,Sin ubicación,665,1991.0,968
2023,Q4,IQS,Invitado,No especificado,Sin ubicación,3,5.9,4
2024,Q1,IQ512,Admin,No especificado,Sin ubicación,2,0.8,5
2024,Q1,IQ512,Editor,No especificado,Sin ubicación,1,6.0,6
2024,Q1,IQ512,Estudiante,No especificado,AZUA,14,22.5,37
2024,Q1,IQ512,Estudiante,No especificado,BAHORUCO,3,10.9,21
2024,Q1,IQ512,Estudiante,No especificado,BARAHONA,15,12.5,35
2024,Q1,IQ512,Estudiante,No especificado,COTUI,11,12.7,23
2024,Q1,IQ512,Estudiante,No especificado,HIGUEY,6,4.2,9
2024,Q1,IQ512,Estudiante,No especificado,LA VEGA,19,11.7,25
2024,Q1,IQ512,Estudiante,No especificado,MAO,7,6.5,16
2024,Q1,IQ512,Estudiante,No especificado,MONTE CRISTI,6,7.4,18
2024,Q1,IQ512,Estudiante,No especificado,MONTE PLATA,2,0.9,3
2024,Q1,IQ512,Estudiante,No especificado,NAGUA,7,8.1,15
2024,Q1,IQ512,Estudiante,No especificado,PUERTO PLATA,8,5.5,11
2024,Q1,IQ512,Estudiante,No especificado,SAN CRISTOBAL,11,5.7,15
2024,Q1,IQ512,Estudiante,No especificado,SAN FRANCISCO DE MACORIS,14,19.7,35
2024,Q1,IQ512,Estudiante,No especificado,SAN JUAN DE LA MAGUANA,8,4.2,9
2024,Q1,IQ512,Estudiante,No especificado,SAN PEDRO DE MACORIS,9,19.8,23
2024,Q1,IQ512,Estudiante,No especificado,SANTIAGO,12,9.3,17
2024,Q1,IQ512,Estudiante,No especificado,SANTO DOMINGO,77,93.8,149
2024,Q1,IQ512,Estudiante,No especificado,Sin ubicación,351,374.3,649
2024,Q1,IQP,Admin,No especificado,Sin ubicación,2,0.6,7
2024,Q1,IQP,Docente,1er grado,Sin ubicación,2,74.5,49
2024,Q1,IQP,Docente,2do grado,COTUI,1,0.9,1
2024,Q1,IQP,Docente,2do grado,LA VEGA,1,0.9,1
2024,Q1,IQP,Docente,2do grado,SAN CRISTOBAL,1,0.6,1
2024,Q1,IQP,Docente,2do grado,SANTIAGO,4,13.8,15
2024,Q1,IQP,Docente,3er grado,MAO,1,1.6,2
2024,Q1,IQP,Docente,4to grado,AZUA,1,1.0,3
2024,Q1,IQP,Docente,4to grado,MONTE CRISTI,2,1.3,3
2024,Q1,IQP,Docente,4to grado,SAN FRANCISCO DE MACORIS,1,0.5,2
2024,Q1,IQP,Docente,4to grado,SAN PEDRO DE MACORIS,1,0.3,1
2024,Q1,IQP,Docente,4to grado,SANTIAGO,4,5.5,9
2024,Q1,IQP,Docente,4to grado,SANTO DOMINGO,9,5.2,11
2024,Q1,IQP,Docente,4to grado,Sin ubicación,11,19.8,33
2024,Q1,IQP,Docente,5to grado,AZUA,9,12.8,18
2024,Q1,IQP,Docente,5to grado,BAHORUCO,1,1.2,2
2024,Q1,IQP,Docente,5to grado,COTUI,10,19.8,27
2024,Q1,IQP,Docente,5to grado,HIGUEY,46,75.2,94
2024,Q1,IQP,Docente,5to grado,LA VEGA,9,7.2,10
2024,Q1,IQP,Docente,5to grado,MAO,7,5.2,14
2024,Q1,IQP,Docente,5to grado,MONTE CRISTI,4,2.1,4
2024,Q1,IQP,Docente,5to grado,MONTE PLATA,2,0.6,2
2024,Q1,IQP,Docente,5to grado,NAGUA,3,10.0,5
2024,Q1,IQP,Docente,5to grado,PUERTO PLATA,7,13.1,17
2024,Q1,IQP,Docente,5to grado,SAN CRISTOBAL,11,9.6,15
2024,Q1,IQP,Docente,5to grado,SAN FRANCISCO DE MACORIS,11,15.8,28
2024,Q1,IQP,Docente,5to grado,SAN JUAN DE LA MAGUANA,3,1.0,3
2024,Q1,IQP,Docente,5to grado,SAN PEDRO DE MACORIS,30,31.2,42
2024,Q1,IQP,Docente,5to grado,SANTIAGO,47,104.8,152
2024,Q1,IQP,Docente,5to grado,SANTO DOMINGO,158,253.3,294
2024,Q1,IQP,Docente,5to grado,Sin ubicación,117,128.0,198
2024,Q1,IQP,Docente,6to grado,BAHORUCO,1,0.2,1
2024,Q1,IQP,Docente,6to grado,COTUI,5,17.3,24
2024,Q1,IQP,Docente,6to grado,HIGUEY,10,32.3,29
2024,Q1,IQP,Docente,6to grado,LA VEGA,4,32.7,37
2024,Q1,IQP,Docente,6to grado,MAO,2,2.8,6
2024,Q1,IQP,Docente,6to grado,MONTE CRISTI,1,1.3,2
2024,Q1,IQP,Docente,6to grado,MONTE PLATA,1,0.6,1
2024,Q1,IQP,Docente,6to grado,NAGUA,4,11.4,7
2024,Q1,IQP,Docente,6to grado,PUERTO PLATA,2,2.4,3
2024,Q1,IQP,Docente,6to grado,SAN CRISTOBAL,35,50.0,69
2024,Q1,IQP,Docente,6to grado,SAN FRANCISCO DE MACORIS,5,8.5,11
2024,Q1,IQP,Docente,6to grado,SAN PEDRO DE MACORIS,2,1.6,2
2024,Q1,IQP,Docente,6to grado,SANTIAGO,18,34.9,47
2024,Q1,IQP,Docente,6to grado,SANTO DOMINGO,18,27.7,41
2024,Q1,IQP,Docente,6to grado,Sin ubicación,29,43.8,64
2024,Q1,IQP,Docente,No especificado,SAN FRANCISCO DE MACORIS,1,0.6,1
2024,Q1,IQP,Docente,No especificado,Sin ubicación,1,1.5,2
2024,Q1,IQP,Estudiante,1er grado,SAN PEDRO DE MACORIS,1,2.2,2
2024,Q1,IQP,Estudiante,1er grado,SANTO DOMINGO,10,32.7,33
2024,Q1,IQP,Estudiante,1er grado,Sin ubicación,19,17.6,31
2024,Q1,IQP,Estudiante,2do grado,AZUA,3,2.1,3
2024,Q1,IQP,Estudiante,2do grado,BAHORUCO,1,0.5,1
2024,Q1,IQP,Estudiante,2do grado,HIGUEY,2,1.1,2
2024,Q1,IQP,Estudiante,2do grado,LA VEGA,3,0.6,3
2024,Q1,IQP,Estudiante,2do grado,MONTE CRISTI,1,0.2,1
2024,Q1,IQP,Estudiante,2do grado,PUERTO PLATA,1,0.2,1
2024,Q1,IQP,Estudiante,2do grado,SAN CRISTOBAL,4,1.8,5
2024,Q1,IQP,Estudiante,2do grado,SAN FRANCISCO DE MACORIS,15,9.7,20
2024,Q1,IQP,Estudiante,2do grado,SAN PEDRO DE MACORIS,1,0.5,1
2024,Q1,IQP,Estudiante,2do grado,SANTIAGO,1,1.2,3
2024,Q1,IQP,Estudiante,2do grado,SANTO DOMINGO,35,19.1,35
2024,Q1,IQP,Estudiante,2do grado,Sin ubicación,44,20.1,51
2024,Q1,IQP,Estudiante,3er grado,HIGUEY,2,2.8,3
2024,Q1,IQP,Estudiante,3er grado,MONTE CRISTI,1,0.3,1
2024,Q1,IQP,Estudiante,3er grado,NAGUA,1,0.5,1
2024,Q1,IQP,Estudiante,3er grado,PUERTO PLATA,1,0.5,1
2024,Q1,IQP,Estudiante,3er grado,SAN CRISTOBAL,1,0.7,1
2024,Q1,IQP,Estudiante,3er grado,SAN FRANCISCO DE MACORIS,1,0.2,1
2024,Q1,IQP,Estudiante,3er grado,SANTIAGO,5,2.8,5
2024,Q1,IQP,Estudiante,3er grado,SANTO DOMINGO,9,9.8,10
2024,Q1,IQP,Estudiante,3er grado,Sin ubicación,19,15.5,32
2024,Q1,IQP,Estudiante,4to grado,AZUA,1,0.6,2
2024,Q1,IQP,Estudiante,4to grado,HIGUEY,2,0.5,2
2024,Q1,IQP,Estudiante,4to grado,MAO,1,1.6,2
2024,Q1,IQP,Estudiante,4to grado,MONTE PLATA,1,0.4,1
2024,Q1,IQP,Estudiante,4to grado,SAN CRISTOBAL,1,0.3,1
2024,Q1,IQP,Estudiante,4to grado,SANTIAGO,1,1.8,2
2024,Q1,IQP,Estudiante,4to grado,SANTO DOMINGO,17,45.4,43
2024,Q1,IQP,Estudiante,4to grado,Sin ubicación,17,7.2,20
2024,Q1,IQP,Estudiante,5to grado,AZUA,28,44.5,39
2024,Q1,IQP,Estudiante,5to grado,BAHORUCO,3,2.9,4
2024,Q1,IQP,Estudiante,5to grado,BARAHONA,3,0.9,3
2024,Q1,IQP,Estudiante,5to grado,COTUI,27,44.0,41
2024,Q1,IQP,Estudiante,5to grado,HIGUEY,350,435.7,544
2024,Q1,IQP,Estudiante,5to grado,LA VEGA,8,6.8,12
2024,Q1,IQP,Estudiante,5to grado,MAO,8,5.6,11
2024,Q1,IQP,Estudiante,5to grado,MONTE CRISTI,3,1.6,3
2024,Q1,IQP,Estudiante,5to grado,NAGUA,68,138.8,90
2024,Q1,IQP,Estudiante,5to grado,PUERTO PLATA,35,42.8,68
2024,Q1,IQP,Estudiante,5to grado,SAN CRISTOBAL,183,204.5,250
2024,Q1,IQP,Estudiante,5to grado,SAN FRANCISCO DE MACORIS,9,8.5,13
2024,Q1,IQP,Estudiante,5to grado,SAN JUAN DE LA MAGUANA,3,1.7,5
2024,Q1,IQP,Estudiante,5to grado,SAN PEDRO DE MACORIS,23,11.7,23
2024,Q1,IQP,Estudiante,5to grado,SANTIAGO,477,750.7,820
2024,Q1,IQP,Estudiante,5to grado,SANTO DOMINGO,973,1512.0,1818
2024,Q1,IQP,Estudiante,5to grado,Sin ubicación,185,271.1,290
2024,Q1,IQP,Estudiante,6to grado,AZUA,3,1.9,5
2024,Q1,IQP,Estudiante,6to grado,BAHORUCO,1,0.1,1
2024,Q1,IQP,Estudiante,6to grado,COTUI,1,2.5,2
2024,Q1,IQP,Estudiante,6to grado,HIGUEY,31,18.0,37
2024,Q1,IQP,Estudiante,6to grado,LA VEGA,1,0.5,1
2024,Q1,IQP,Estudiante,6to grado,MAO,1,0.5,1
2024,Q1,IQP,Estudiante,6to grado,MONTE CRISTI,3,1.1,3
2024,Q1,IQP,Estudiante,6to grado,MONTE PLATA,2,1.5,3
2024,Q1,IQP,Estudiante,6to grado,NAGUA,6,12.7,20
2024,Q1,IQP,Estudiante,6to grado,PUERTO PLATA,2,0.7,2
2024,Q1,IQP,Estudiante,6to grado,SAN CRISTOBAL,4,3.4,5
2024,Q1,IQP,Estudiante,6to grado,SAN FRANCISCO DE MACORIS,2,0.7,2
2024,Q1,IQP,Estudiante,6to grado,SAN JUAN DE LA MAGUANA,2,0.8,2
2024,Q1,IQP,Estudiante,6to grado,SAN PEDRO DE MACORIS,13,3.7,13
2024,Q1,IQP,Estudiante,6to grado,SANTIAGO,379,678.9,1039
2024,Q1,IQP,Estudiante,6to grado,SANTO DOMINGO,249,382.2,448
2024,Q1,IQP,Estudiante,6to grado,Sin ubicación,367,423.6,657
2024,Q1,IQP,Estudiante,No especificado,Sin ubicación,5,1.6,6
2024,Q1,IQP,Parent,6to grado,Sin ubicación,5,2.2,8
2024,Q1,IQP,Parent,No especificado,Sin ubicación,1,0.0,1
2024,Q1,IQP,Sin rol,No especificado,Sin ubicación,1,36.9,39
2024,Q1,IQS,Admin,No especificado,Sin ubicación,1,2.7,11
2024,Q1,IQS,Docente,1er grado,AZUA,3,1.4,3
2024,Q1,IQS,Docente,1er grado,BAHORUCO,2,1.1,2
2024,Q1,IQS,Docente,1er grado,COTUI,1,0.3,3
2024,Q1,IQS,Docente,1er grado,HIGUEY,3,16.2,18
2024,Q1,IQS,Docente,1er grado,LA VEGA,2,1.5,2
2024,Q1,IQS,Docente,1er grado,MAO,2,1.3,5
2024,Q1,IQS,Docente,1er grado,MONTE CRISTI,7,8.8,11
2024,Q1,IQS,Docente,1er grado,PUERTO PLATA,5,13.6,11
2024,Q1,IQS,Docente,1er grado,SAN CRISTOBAL,2,0.5,3
2024,Q1,IQS,Docente,1er grado,SAN FRANCISCO DE MACORIS,3,2.9,5
2024,Q1,IQS,Docente,1er grado,SAN JUAN DE LA MAGUANA,2,2.0,2
2024,Q1,IQS,Docente,1er grado,SANTIAGO,4,31.6,29
2024,Q1,IQS,Docente,1er grado,SANTO DOMINGO,13,15.8,29
2024,Q1,IQS,Docente,1er grado,Sin ubicación,13,33.2,39
2024,Q1,IQS,Docente,2do grado,SANTO DOMINGO,1,5.9,5
2024,Q1,IQS,Docente,4to grado,AZUA,32,40.6,75
2024,Q1,IQS,Docente,4to grado,BAHORUCO,3,3.0,4
2024,Q1,IQS,Docente,4to grado,BARAHONA,1,1.6,3
2024,Q1,IQS,Docente,4to grado,COTUI,25,27.7,41
2024,Q1,IQS,Docente,4to grado,HIGUEY,65,121.3,151
2024,Q1,IQS,Docente,4to grado,LA VEGA,11,19.2,27
2024,Q1,IQS,Docente,4to grado,MAO,8,6.2,10
2024,Q1,IQS,Docente,4to grado,MONTE CRISTI,15,15.4,27
2024,Q1,IQS,Docente,4to grado,MONTE PLATA,7,4.5,9
2024,Q1,IQS,Docente,4to grado,NAGUA,14,13.8,25
2024,Q1,IQS,Docente,4to grado,PUERTO PLATA,23,45.4,56
2024,Q1,IQS,Docente,4to grado,SAN CRISTOBAL,22,32.5,44
2024,Q1,IQS,Docente,4to grado,SAN FRANCISCO DE MACORIS,29,49.9,82
2024,Q1,IQS,Docente,4to grado,SAN JUAN DE LA MAGUANA,13,16.2,31
2024,Q1,IQS,Docente,4to grado,SAN PEDRO DE MACORIS,44,42.7,70
2024,Q1,IQS,Docente,4to grado,SANTIAGO,65,73.6,128
2024,Q1,IQS,Docente,4to grado,SANTO DOMINGO,170,285.0,338
2024,Q1,IQS,Docente,4to grado,Sin ubicación,150,193.4,305
2024,Q1,IQS,Docente,5to grado,SAN PEDRO DE MACORIS,1,0.2,2
2024,Q1,IQS,Docente,6to grado,AZUA,2,4.4,10
2024,Q1,IQS,Docente,6to grado,COTUI,3,1.0,4
2024,Q1,IQS,Docente,6to grado,HIGUEY,3,9.4,9
2024,Q1,IQS,Docente,6to grado,LA VEGA,4,4.6,6
2024,Q1,IQS,Docente,6to grado,MONTE CRISTI,2,5.5,9
2024,Q1,IQS,Docente,6to grado,MONTE PLATA,1,7.1,5
2024,Q1,IQS,Docente,6to grado,NAGUA,3,4.0,6
2024,Q1,IQS,Docente,6to grado,PUERTO PLATA,2,1.3,2
2024,Q1,IQS,Docente,6to grado,SAN CRISTOBAL,14,16.7,24
2024,Q1,IQS,Docente,6to grado,SAN JUAN DE LA MAGUANA,1,0.5,1
2024,Q1,IQS,Docente,6to grado,SAN PEDRO DE MACORIS,5,9.2,14
2024,Q1,IQS,Docente,6to grado,SANTIAGO,16,23.8,27
2024,Q1,IQS,Docente,6to grado,SANTO DOMINGO,17,30.0,30
2024,Q1,IQS,Docente,6to grado,Sin ubicación,20,12.3,29
2024,Q1,IQS,Docente,No especificado,SAN CRISTOBAL,1,0.4,1
2024,Q1,IQS,Docente,No especificado,SANTIAGO,1,0.7,1
2024,Q1,IQS,Docente,No especificado,SANTO DOMINGO,2,4.3,7
2024,Q1,IQS,Docente,No especificado,Sin ubicación,3,1.3,4
2024,Q1,IQS,Editor,No especificado,SANTIAGO,1,142.9,47
2024,Q1,IQS,Estudiante,1er grado,AZUA,2,0.5,4
2024,Q1,IQS,Estudiante,1er grado,BARAHONA,1,0.4,2
2024,Q1,IQS,Estudiante,1er grado,COTUI,5,5.0,20
2024,Q1,IQS,Estudiante,1er grado,HIGUEY,10,3.6,18
2024,Q1,IQS,Estudiante,1er grado,LA VEGA,4,2.8,12
2024,Q1,IQS,Estudiante,1er grado,MAO,1,0.1,2
2024,Q1,IQS,Estudiante,1er grado,MONTE CRISTI,1,0.9,2
2024,Q1,IQS,Estudiante,1er grado,MONTE PLATA,1,0.2,2
2024,Q1,IQS,Estudiante,1er grado,NAGUA,1,0.3,1
2024,Q1,IQS,Estudiante,1er grado,PUERTO PLATA,3,1.9,9
2024,Q1,IQS,Estudiante,1er grado,SAN CRISTOBAL,8,3.6,14
2024,Q1,IQS,Estudiante,1er grado,SAN FRANCISCO DE MACORIS,5,2.4,14
2024,Q1,IQS,Estudiante,1er grado,SAN JUAN DE LA MAGUANA,4,1.7,9
2024,Q1,IQS,Estudiante,1er grado,SAN PEDRO DE MACORIS,7,7.2,23
2024,Q1,IQS,Estudiante,1er grado,SANTIAGO,51,30.0,116
2024,Q1,IQS,Estudiante,1er grado,SANTO DOMINGO,62,49.1,148
2024,Q1,IQS,Estudiante,1er grado,Sin ubicación,64,45.5,139
2024,Q1,IQS,Estudiante,2do grado,AZUA,130,205.4,365
2024,Q1,IQS,Estudiante,2do grado,BAHORUCO,27,33.2,45
2024,Q1,IQS,Estudiante,2do grado,COTUI,88,219.7,233
2024,Q1,IQS,Estudiante,2do grado,HIGUEY,260,322.4,308
2024,Q1,IQS,Estudiante,2do grado,LA VEGA,56,18.5,57
2024,Q1,IQS,Estudiante,2do grado,MAO,12,5.5,14
2024,Q1,IQS,Estudiante,2do grado,MONTE CRISTI,43,19.3,46
2024,Q1,IQS,Estudiante,2do grado,MONTE PLATA,1,0.4,1
2024,Q1,IQS,Estudiante,2do grado,NAGUA,2,0.6,3
2024,Q1,IQS,Estudiante,2do grado,PUERTO PLATA,46,86.3,139
2024,Q1,IQS,Estudiante,2do grado,SAN CRISTOBAL,275,329.7,380
2024,Q1,IQS,Estudiante,2do grado,SAN FRANCISCO DE MACORIS,40,43.1,53
2024,Q1,IQS,Estudiante,2do grado,SAN JUAN DE LA MAGUANA,32,37.2,61
2024,Q1,IQS,Estudiante,2do grado,SAN PEDRO DE MACORIS,49,33.0,80
2024,Q1,IQS,Estudiante,2do grado,SANTIAGO,542,865.1,904
2024,Q1,IQS,Estudiante,2do grado,SANTO DOMINGO,1247,1804.3,2517
2024,Q1,IQS,Estudiante,2do grado,Sin ubicación,436,657.9,797
2024,Q1,IQS,Estudiante,3er grado,AZUA,1,0.4,1
2024,Q1,IQS,Estudiante,3er grado,COTUI,2,1.8,3
2024,Q1,IQS,Estudiante,3er grado,HIGUEY,35,23.2,40
2024,Q1,IQS,Estudiante,3er grado,NAGUA,4,4.0,5
2024,Q1,IQS,Estudiante,3er grado,PUERTO PLATA,3,0.6,5
2024,Q1,IQS,Estudiante,3er grado,SAN CRISTOBAL,1,0.3,1
2024,Q1,IQS,Estudiante,3er grado,SAN FRANCISCO DE MACORIS,2,0.7,2
2024,Q1,IQS,Estudiante,3er grado,SAN JUAN DE LA MAGUANA,1,0.6,2
2024,Q1,IQS,Estudiante,3er grado,SANTIAGO,84,80.8,191
2024,Q1,IQS,Estudiante,3er grado,SANTO DOMINGO,25,29.2,58
2024,Q1,IQS,Estudiante,3er grado,Sin ubicación,84,141.4,186
2024,Q1,IQS,Estudiante,4to grado,AZUA,5,5.4,12
2024,Q1,IQS,Estudiante,4to grado,BAHORUCO,1,1.3,1
2024,Q1,IQS,Estudiante,4to grado,COTUI,3,2.3,4
2024,Q1,IQS,Estudiante,4to grado,HIGUEY,2,3.8,15
2024,Q1,IQS,Estudiante,4to grado,LA VEGA,5,4.5,9
2024,Q1,IQS,Estudiante,4to grado,MAO,1,0.7,1
2024,Q1,IQS,Estudiante,4to grado,MONTE CRISTI,5,4.3,14
2024,Q1,IQS,Estudiante,4to grado,MONTE PLATA,2,6.2,4
2024,Q1,IQS,Estudiante,4to grado,NAGUA,6,2.7,12
2024,Q1,IQS,Estudiante,4to grado,SAN CRISTOBAL,1,0.6,1
2024,Q1,IQS,Estudiante,4to grado,SAN FRANCISCO DE MACORIS,6,3.6,8
2024,Q1,IQS,Estudiante,4to grado,SAN JUAN DE LA MAGUANA,1,0.1,1
2024,Q1,IQS,Estudiante,4to grado,SAN PEDRO DE MACORIS,17,27.7,61
2024,Q1,IQS,Estudiante,4to grado,SANTIAGO,45,69.9,98
2024,Q1,IQS,Estudiante,4to grado,SANTO DOMINGO,26,24.9,43
2024,Q1,IQS,Estudiante,4to grado,Sin ubicación,78,106.8,191
2024,Q1,IQS,Estudiante,5to grado,AZUA,3,1.9,4
2024,Q1,IQS,Estudiante,5to grado,BAHORUCO,2,1.5,3
2024,Q1,IQS,Estudiante,5to grado,BARAHONA,1,0.6,1
2024,Q1,IQS,Estudiante,5to grado,COTUI,1,0.5,1
2024,Q1,IQS,Estudiante,5to grado,HIGUEY,4,5.0,7
2024,Q1,IQS,Estudiante,5to grado,LA VEGA,4,3.1,12
2024,Q1,IQS,Estudiante,5to grado,MAO,1,0.3,1
2024,Q1,IQS,Estudiante,5to grado,NAGUA,4,1.8,7
2024,Q1,IQS,Estudiante,5to grado,PUERTO PLATA,1,0.4,1
2024,Q1,IQS,Estudiante,5to grado,SAN CRISTOBAL,1,0.3,1
2024,Q1,IQS,Estudiante,5to grado,SAN FRANCISCO DE MACORIS,1,0.3,1
2024,Q1,IQS,Estudiante,5to grado,SAN JUAN DE LA MAGUANA,5,8.9,14
2024,Q1,IQS,Estudiante,5to grado,SAN PEDRO DE MACORIS,5,3.9,11
2024,Q1,IQS,Estudiante,5to grado,SANTIAGO,23,21.2,51
2024,Q1,IQS,Estudiante,5to grado,SANTO DOMINGO,53,57.6,113
2024,Q1,IQS,Estudiante,5to grado,Sin ubicación,54,82.5,144
2024,Q1,IQS,Estudiante,6to grado,AZUA,161,238.8,464
2024,Q1,IQS,Estudiante,6to grado,BAHORUCO,15,15.5,31
2024,Q1,IQS,Estudiante,6to grado,BARAHONA,7,6.5,13
2024,Q1,IQS,Estudiante,6to grado,COTUI,122,133.4,382
2024,Q1,IQS,Estudiante,6to grado,HIGUEY,345,491.0,955
2024,Q1,IQS,Estudiante,6to grado,LA VEGA,75,60.0,187
2024,Q1,IQS,Estudiante,6to grado,MAO,3,2.3,4
2024,Q1,IQS,Estudiante,6to grado,MONTE CRISTI,167,231.4,484
2024,Q1,IQS,Estudiante,6to grado,MONTE PLATA,21,53.2,100
2024,Q1,IQS,Estudiante,6to grado,NAGUA,152,199.1,295
2024,Q1,IQS,Estudiante,6to grado,PUERTO PLATA,171,221.9,442
2024,Q1,IQS,Estudiante,6to grado,SAN CRISTOBAL,90,122.5,246
2024,Q1,IQS,Estudiante,6to grado,SAN FRANCISCO DE MACORIS,352,493.3,974
2024,Q1,IQS,Estudiante,6to grado,SAN JUAN DE LA MAGUANA,130,153.8,492
2024,Q1,IQS,Estudiante,6to grado,SAN PEDRO DE MACORIS,216,462.6,643
2024,Q1,IQS,Estudiante,6to grado,SANTIAGO,526,1032.5,2051
2024,Q1,IQS,Estudiante,6to grado,SANTO DOMINGO,1037,1119.2,2064
2024,Q1,IQS,Estudiante,6to grado,Sin ubicación,1105,1225.5,2544
2024,Q1,IQS,Estudiante,No especificado,SAN CRISTOBAL,2,2.4,3
2024,Q1,IQS,Estudiante,No especificado,SANTIAGO,3,1.3,3
2024,Q1,IQS,Estudiante,No especificado,SANTO DOMINGO,8,10.2,19
2024,Q1,IQS,Estudiante,No especificado,Sin ubicación,3,8.6,6
2024,Q1,IQS,Invitado,4to grado,Sin ubicación,2,4.1,6
2024,Q1,IQS,Invitado,6to grado,COTUI,1,0.2,1
2024,Q1,IQS,Invitado,6to grado,MONTE CRISTI,2,2.1,3
2024,Q1,IQS,Invitado,6to grado,SAN CRISTOBAL,1,0.6,1
2024,Q1,IQS,Invitado,6to grado,SAN JUAN DE LA MAGUANA,1,0.4,2
2024,Q1,IQS,Invitado,6to grado,SANTIAGO,3,2.6,6
2024,Q1,IQS,Invitado,6to grado,SANTO DOMINGO,3,3.0,7
2024,Q1,IQS,Invitado,6to grado,Sin ubicación,327,392.8,630
2024,Q2,IQ512,Admin,No especificado,Sin ubicación,2,1.3,3
2024,Q2,IQ512,Coordinador,No especificado,Sin ubicación,1,1.5,3
2024,Q2,IQ512,Editor,No especificado,Sin ubicación,1,61.3,18
2024,Q2,IQ512,Estudiante,No especificado,AZUA,18,32.2,47
2024,Q2,IQ512,Estudiante,No especificado,BAHORUCO,7,5.7,11
2024,Q2,IQ512,Estudiante,No especificado,BARAHONA,21,35.7,70
2024,Q2,IQ512,Estudiante,No especificado,COTUI,12,16.7,26
2024,Q2,IQ512,Estudiante,No especificado,HIGUEY,9,10.9,20
2024,Q2,IQ512,Estudiante,No especificado,LA VEGA,28,27.8,41
2024,Q2,IQ512,Estudiante,No especificado,MAO,10,16.0,30
2024,Q2,IQ512,Estudiante,No especificado,MONTE CRISTI,7,7.0,14
2024,Q2,IQ512,Estudiante,No especificado,MONTE PLATA,8,6.4,12
2024,Q2,IQ512,Estudiante,No especificado,NAGUA,14,15.8,30
2024,Q2,IQ512,Estudiante,No especificado,PUERTO PLATA,5,9.1,18
2024,Q2,IQ512,Estudiante,No especificado,SAN CRISTOBAL,19,24.2,45
2024,Q2,IQ512,Estudiante,No especificado,SAN FRANCISCO DE MACORIS,16,34.7,62
2024,Q2,IQ512,Estudiante,No especificado,SAN JUAN DE LA MAGUANA,15,17.9,29
2024,Q2,IQ512,Estudiante,No especificado,SAN PEDRO DE MACORIS,14,22.5,38
2024,Q2,IQ512,Estudiante,No especificado,SANTIAGO,16,12.5,28
2024,Q2,IQ512,Estudiante,No especificado,SANTO DOMINGO,99,126.3,213
2024,Q2,IQ512,Estudiante,No especificado,Sin ubicación,765,1202.4,1621
2024,Q2,IQP,Admin,No especificado,Sin ubicación,1,0.8,3
2024,Q2,IQP,Coordinador,6to grado,Sin ubicación,1,0.0,2
2024,Q2,IQP,Docente,1er grado,Sin ubicación,2,82.1,64
2024,Q2,IQP,Docente,2do grado,SAN FRANCISCO DE MACORIS,1,0.2,1
2024,Q2,IQP,Docente,2do grado,SAN PEDRO DE MACORIS,1,1.0,1
2024,Q2,IQP,Docente,2do grado,SANTIAGO,4,3.4,7
2024,Q2,IQP,Docente,3er grado,BARAHONA,1,0.1,1
2024,Q2,IQP,Docente,3er grado,Sin ubicación,1,0.1,1
2024,Q2,IQP,Docente,4to grado,AZUA,1,0.6,1
2024,Q2,IQP,Docente,4to grado,COTUI,1,0.0,1
2024,Q2,IQP,Docente,4to grado,HIGUEY,2,9.1,7
2024,Q2,IQP,Docente,4to grado,LA VEGA,2,10.2,5
2024,Q2,IQP,Docente,4to grado,MONTE CRISTI,3,2.3,4
2024,Q2,IQP,Docente,4to grado,PUERTO PLATA,1,0.8,1
2024,Q2,IQP,Docente,4to grado,SAN CRISTOBAL,1,0.0,1
2024,Q2,IQP,Docente,4to grado,SAN FRANCISCO DE MACORIS,3,1.7,4
2024,Q2,IQP,Docente,4to grado,SAN PEDRO DE MACORIS,2,0.7,2
2024,Q2,IQP,Docente,4to grado,SANTIAGO,3,3.3,5
2024,Q2,IQP,Docente,4to grado,SANTO DOMINGO,8,9.2,13
2024,Q2,IQP,Docente,4to grado,Sin ubicación,22,17.3,30
2024,Q2,IQP,Docente,5to grado,AZUA,17,10.1,20
2024,Q2,IQP,Docente,5to grado,BAHORUCO,5,3.1,7
2024,Q2,IQP,Docente,5to grado,BARAHONA,8,4.4,8
2024,Q2,IQP,Docente,5to grado,COTUI,14,25.8,33
2024,Q2,IQP,Docente,5to grado,HIGUEY,76,139.7,164
2024,Q2,IQP,Docente,5to grado,LA VEGA,16,18.3,30
2024,Q2,IQP,Docente,5to grado,MAO,7,7.1,11
2024,Q2,IQP,Docente,5to grado,MONTE CRISTI,15,13.9,19
2024,Q2,IQP,Docente,5to grado,MONTE PLATA,15,16.5,17
2024,Q2,IQP,Docente,5to grado,NAGUA,15,13.2,21
2024,Q2,IQP,Docente,5to grado,PUERTO PLATA,14,22.7,32
2024,Q2,IQP,Docente,5to grado,SAN CRISTOBAL,19,15.2,26
2024,Q2,IQP,Docente,5to grado,SAN FRANCISCO DE MACORIS,29,30.6,45
2024,Q2,IQP,Docente,5to grado,SAN JUAN DE LA MAGUANA,9,4.3,11
2024,Q2,IQP,Docente,5to grado,SAN PEDRO DE MACORIS,31,26.1,40
2024,Q2,IQP,Docente,5to grado,SANTIAGO,63,97.1,118
2024,Q2,IQP,Docente,5to grado,SANTO DOMINGO,155,185.6,254
2024,Q2,IQP,Docente,5to grado,Sin ubicación,256,306.8,417
2024,Q2,IQP,Docente,6to grado,COTUI,4,5.7,6
2024,Q2,IQP,Docente,6to grado,HIGUEY,8,18.4,29
2024,Q2,IQP,Docente,6to grado,LA VEGA,6,13.0,17
2024,Q2,IQP,Docente,6to grado,MAO,4,5.4,8
2024,Q2,IQP,Docente,6to grado,MONTE CRISTI,2,1.7,3
2024,Q2,IQP,Docente,6to grado,MONTE PLATA,4,6.3,11
2024,Q2,IQP,Docente,6to grado,NAGUA,8,11.3,13
2024,Q2,IQP,Docente,6to grado,PUERTO PLATA,2,6.0,8
2024,Q2,IQP,Docente,6to grado,SAN CRISTOBAL,26,46.9,54
2024,Q2,IQP,Docente,6to grado,SAN FRANCISCO DE MACORIS,19,24.8,28
2024,Q2,IQP,Docente,6to grado,SAN PEDRO DE MACORIS,3,2.7,4
2024,Q2,IQP,Docente,6to grado,SANTIAGO,8,26.6,26
2024,Q2,IQP,Docente,6to grado,SANTO DOMINGO,18,22.4,30
2024,Q2,IQP,Docente,6to grado,Sin ubicación,27,21.6,39
2024,Q2,IQP,Docente,No especificado,MONTE PLATA,1,0.8,2
2024,Q2,IQP,Docente,No especificado,SAN CRISTOBAL,1,0.2,1
2024,Q2,IQP,Docente,No especificado,SANTIAGO,1,2.1,1
2024,Q2,IQP,Docente,No especificado,Sin ubicación,2,1.0,2
2024,Q2,IQP,Estudiante,1er grado,AZUA,1,0.6,1
2024,Q2,IQP,Estudiante,1er grado,BAHORUCO,2,1.0,2
2024,Q2,IQP,Estudiante,1er grado,COTUI,3,3.3,4
2024,Q2,IQP,Estudiante,1er grado,SAN JUAN DE LA MAGUANA,3,8.2,9
2024,Q2,IQP,Estudiante,1er grado,SAN PEDRO DE MACORIS,1,0.3,1
2024,Q2,IQP,Estudiante,1er grado,SANTIAGO,2,0.7,2
2024,Q2,IQP,Estudiante,1er grado,SANTO DOMINGO,8,6.0,9
2024,Q2,IQP,Estudiante,1er grado,Sin ubicación,15,17.6,27
2024,Q2,IQP,Estudiante,2do grado,BAHORUCO,1,0.5,1
2024,Q2,IQP,Estudiante,2do grado,COTUI,2,2.8,2
2024,Q2,IQP,Estudiante,2do grado,HIGUEY,1,0.7,1
2024,Q2,IQP,Estudiante,2do grado,LA VEGA,1,1.1,1
2024,Q2,IQP,Estudiante,2do grado,MONTE CRISTI,1,1.3,2
2024,Q2,IQP,Estudiante,2do grado,MONTE PLATA,1,0.2,1
2024,Q2,IQP,Estudiante,2do grado,PUERTO PLATA,1,0.1,1
2024,Q2,IQP,Estudiante,2do grado,SAN CRISTOBAL,7,3.9,9
2024,Q2,IQP,Estudiante,2do grado,SAN FRANCISCO DE MACORIS,13,8.1,17
2024,Q2,IQP,Estudiante,2do grado,SAN JUAN DE LA MAGUANA,1,1.6,1
2024,Q2,IQP,Estudiante,2do grado,SAN PEDRO DE MACORIS,3,1.5,3
2024,Q2,IQP,Estudiante,2do grado,SANTIAGO,4,5.2,7
2024,Q2,IQP,Estudiante,2do grado,SANTO DOMINGO,21,12.3,23
2024,Q2,IQP,Estudiante,2do grado,Sin ubicación,56,45.6,70
2024,Q2,IQP,Estudiante,3er grado,AZUA,3,2.2,4
2024,Q2,IQP,Estudiante,3er grado,BAHORUCO,2,0.8,2
2024,Q2,IQP,Estudiante,3er grado,BARAHONA,1,0.2,1
2024,Q2,IQP,Estudiante,3er grado,HIGUEY,1,0.2,1
2024,Q2,IQP,Estudiante,3er grado,LA VEGA,1,0.2,1
2024,Q2,IQP,Estudiante,3er grado,MONTE CRISTI,1,0.6,1
2024,Q2,IQP,Estudiante,3er grado,MONTE PLATA,1,0.4,1
2024,Q2,IQP,Estudiante,3er grado,SAN CRISTOBAL,3,1.9,3
2024,Q2,IQP,Estudiante,3er grado,SANTIAGO,3,2.0,4
2024,Q2,IQP,Estudiante,3er grado,SANTO DOMINGO,7,3.9,8
2024,Q2,IQP,Estudiante,3er grado,Sin ubicación,15,9.8,24
2024,Q2,IQP,Estudiante,4to grado,AZUA,7,7.3,9
2024,Q2,IQP,Estudiante,4to grado,BAHORUCO,1,0.2,1
2024,Q2,IQP,Estudiante,4to grado,BARAHONA,2,2.6,3
2024,Q2,IQP,Estudiante,4to grado,COTUI,2,1.1,2
2024,Q2,IQP,Estudiante,4to grado,HIGUEY,1,0.1,1
2024,Q2,IQP,Estudiante,4to grado,LA VEGA,3,2.1,4
2024,Q2,IQP,Estudiante,4to grado,MAO,1,0.4,1
2024,Q2,IQP,Estudiante,4to grado,MONTE CRISTI,1,3.4,4
2024,Q2,IQP,Estudiante,4to grado,MONTE PLATA,2,0.7,2
2024,Q2,IQP,Estudiante,4to grado,PUERTO PLATA,3,1.5,4
2024,Q2,IQP,Estudiante,4to grado,SAN CRISTOBAL,1,0.4,1
2024,Q2,IQP,Estudiante,4to grado,SAN FRANCISCO DE MACORIS,2,0.7,2
2024,Q2,IQP,Estudiante,4to grado,SAN JUAN DE LA MAGUANA,2,0.7,2
2024,Q2,IQP,Estudiante,4to grado,SAN PEDRO DE MACORIS,7,3.5,9
2024,Q2,IQP,Estudiante,4to grado,SANTIAGO,4,1.7,5
2024,Q2,IQP,Estudiante,4to grado,SANTO DOMINGO,27,32.7,45
2024,Q2,IQP,Estudiante,4to grado,Sin ubicación,34,18.2,42
2024,Q2,IQP,Estudiante,5to grado,AZUA,1,0.2,1
2024,Q2,IQP,Estudiante,5to grado,BAHORUCO,2,1.3,2
2024,Q2,IQP,Estudiante,5to grado,BARAHONA,7,7.8,8
2024,Q2,IQP,Estudiante,5to grado,COTUI,10,5.4,10
2024,Q2,IQP,Estudiante,5to grado,HIGUEY,536,799.0,812
2024,Q2,IQP,Estudiante,5to grado,LA VEGA,90,107.8,124
2024,Q2,IQP,Estudiante,5to grado,MAO,3,1.8,4
2024,Q2,IQP,Estudiante,5to grado,MONTE CRISTI,1,0.4,1
2024,Q2,IQP,Estudiante,5to grado,MONTE PLATA,37,19.5,37
2024,Q2,IQP,Estudiante,5to grado,NAGUA,53,63.5,66
2024,Q2,IQP,Estudiante,5to grado,PUERTO PLATA,117,149.5,149
2024,Q2,IQP,Estudiante,5to grado,SAN CRISTOBAL,697,1184.6,1141
2024,Q2,IQP,Estudiante,5to grado,SAN FRANCISCO DE MACORIS,278,326.4,370
2024,Q2,IQP,Estudiante,5to grado,SAN JUAN DE LA MAGUANA,5,7.5,8
2024,Q2,IQP,Estudiante,5to grado,SAN PEDRO DE MACORIS,10,10.3,12
2024,Q2,IQP,Estudiante,5to grado,SANTIAGO,125,186.5,192
2024,Q2,IQP,Estudiante,5to grado,SANTO DOMINGO,1061,1482.1,1590
2024,Q2,IQP,Estudiante,5to grado,Sin ubicación,538,516.6,783
2024,Q2,IQP,Estudiante,6to grado,AZUA,45,35.6,53
2024,Q2,IQP,Estudiante,6to grado,BAHORUCO,12,7.6,15
2024,Q2,IQP,Estudiante,6to grado,BARAHONA,23,21.1,33
2024,Q2,IQP,Estudiante,6to grado,COTUI,36,28.7,51
2024,Q2,IQP,Estudiante,6to grado,HIGUEY,212,822.3,846
2024,Q2,IQP,Estudiante,6to grado,LA VEGA,43,27.1,47
2024,Q2,IQP,Estudiante,6to grado,MAO,16,6.2,16
2024,Q2,IQP,Estudiante,6to grado,MONTE CRISTI,17,17.4,23
2024,Q2,IQP,Estudiante,6to grado,MONTE PLATA,12,7.3,14
2024,Q2,IQP,Estudiante,6to grado,NAGUA,12,13.7,18
2024,Q2,IQP,Estudiante,6to grado,PUERTO PLATA,16,7.8,16
2024,Q2,IQP,Estudiante,6to grado,SAN CRISTOBAL,56,29.6,61
2024,Q2,IQP,Estudiante,6to grado,SAN FRANCISCO DE MACORIS,39,19.5,43
2024,Q2,IQP,Estudiante,6to grado,SAN JUAN DE LA MAGUANA,33,18.3,36
2024,Q2,IQP,Estudiante,6to grado,SAN PEDRO DE MACORIS,98,72.3,112
2024,Q2,IQP,Estudiante,6to grado,SANTIAGO,446,587.9,763
2024,Q2,IQP,Estudiante,6to grado,SANTO DOMINGO,694,948.4,1238
2024,Q2,IQP,Estudiante,6to grado,Sin ubicación,1288,1688.1,2296
2024,Q2,IQP,Estudiante,No especificado,Sin ubicación,1,0.2,1
2024,Q2,IQP,Parent,6to grado,Sin ubicación,3,1.4,5
2024,Q2,IQP,Parent,No especificado,Sin ubicación,2,0.7,2
2024,Q2,IQP,Sin rol,No especificado,Sin ubicación,1,22.5,20
2024,Q2,IQS,Admin,6to grado,Sin ubicación,1,1.7,3
2024,Q2,IQS,Admin,No especificado,Sin ubicación,1,1.1,4
2024,Q2,IQS,Docente,1er grado,AZUA,8,15.8,28
2024,Q2,IQS,Docente,1er grado,BAHORUCO,3,5.8,10
2024,Q2,IQS,Docente,1er grado,BARAHONA,1,3.7,4
2024,Q2,IQS,Docente,1er grado,COTUI,4,11.8,23
2024,Q2,IQS,Docente,1er grado,HIGUEY,5,15.9,35
2024,Q2,IQS,Docente,1er grado,LA VEGA,10,17.4,20
2024,Q2,IQS,Docente,1er grado,MAO,4,8.1,11
2024,Q2,IQS,Docente,1er grado,MONTE CRISTI,9,28.0,35
2024,Q2,IQS,Docente,1er grado,MONTE PLATA,1,0.3,2
2024,Q2,IQS,Docente,1er grado,PUERTO PLATA,7,20.5,39
2024,Q2,IQS,Docente,1er grado,SAN CRISTOBAL,4,16.8,24
2024,Q2,IQS,Docente,1er grado,SAN FRANCISCO DE MACORIS,7,19.0,27
2024,Q2,IQS,Docente,1er grado,SAN JUAN DE LA MAGUANA,4,2.7,11
2024,Q2,IQS,Docente,1er grado,SAN PEDRO DE MACORIS,4,3.5,8
2024,Q2,IQS,Docente,1er grado,SANTIAGO,12,37.8,43
2024,Q2,IQS,Docente,1er grado,SANTO DOMINGO,43,80.5,113
2024,Q2,IQS,Docente,1er grado,Sin ubicación,53,81.1,125
2024,Q2,IQS,Docente,2do grado,SANTO DOMINGO,1,3.5,5
2024,Q2,IQS,Docente,4to grado,AZUA,121,285.6,358
2024,Q2,IQS,Docente,4to grado,BAHORUCO,27,50.9,54
2024,Q2,IQS,Docente,4to grado,BARAHONA,57,118.4,160
2024,Q2,IQS,Docente,4to grado,COTUI,141,269.3,345
2024,Q2,IQS,Docente,4to grado,HIGUEY,146,309.6,457
2024,Q2,IQS,Docente,4to grado,LA VEGA,193,391.8,473
2024,Q2,IQS,Docente,4to grado,MAO,65,156.0,188
2024,Q2,IQS,Docente,4to grado,MONTE CRISTI,152,479.4,546
2024,Q2,IQS,Docente,4to grado,MONTE PLATA,104,192.3,254
2024,Q2,IQS,Docente,4to grado,NAGUA,98,248.0,291
2024,Q2,IQS,Docente,4to grado,PUERTO PLATA,119,267.2,352
2024,Q2,IQS,Docente,4to grado,SAN CRISTOBAL,228,518.5,632
2024,Q2,IQS,Docente,4to grado,SAN FRANCISCO DE MACORIS,176,352.4,394
2024,Q2,IQS,Docente,4to grado,SAN JUAN DE LA MAGUANA,98,195.4,306
2024,Q2,IQS,Docente,4to grado,SAN PEDRO DE MACORIS,238,539.7,641
2024,Q2,IQS,Docente,4to grado,SANTIAGO,289,693.4,749
2024,Q2,IQS,Docente,4to grado,SANTO DOMINGO,971,2038.4,2471
2024,Q2,IQS,Docente,4to grado,Sin ubicación,838,1297.2,1917
2024,Q2,IQS,Docente,6to grado,AZUA,5,5.6,9
2024,Q2,IQS,Docente,6to grado,BAHORUCO,2,1.3,4
2024,Q2,IQS,Docente,6to grado,BARAHONA,1,0.6,1
2024,Q2,IQS,Docente,6to grado,COTUI,9,15.1,17
2024,Q2,IQS,Docente,6to grado,HIGUEY,5,23.1,18
2024,Q2,IQS,Docente,6to grado,LA VEGA,9,30.3,34
2024,Q2,IQS,Docente,6to grado,MAO,2,7.4,9
2024,Q2,IQS,Docente,6to grado,MONTE CRISTI,3,9.8,7
2024,Q2,IQS,Docente,6to grado,MONTE PLATA,3,2.3,6
2024,Q2,IQS,Docente,6to grado,NAGUA,3,5.0,9
2024,Q2,IQS,Docente,6to grado,PUERTO PLATA,5,7.7,13
2024,Q2,IQS,Docente,6to grado,SAN CRISTOBAL,14,16.2,25
2024,Q2,IQS,Docente,6to grado,SAN FRANCISCO DE MACORIS,8,22.4,19
2024,Q2,IQS,Docente,6to grado,SAN JUAN DE LA MAGUANA,2,3.6,6
2024,Q2,IQS,Docente,6to grado,SAN PEDRO DE MACORIS,11,20.7,25
2024,Q2,IQS,Docente,6to grado,SANTIAGO,18,26.8,46
2024,Q2,IQS,Docente,6to grado,SANTO DOMINGO,39,85.7,91
2024,Q2,IQS,Docente,6to grado,Sin ubicación,48,52.8,98
2024,Q2,IQS,Docente,No especificado,AZUA,1,0.8,1
2024,Q2,IQS,Docente,No especificado,COTUI,1,5.6,4
2024,Q2,IQS,Docente,No especificado,HIGUEY,1,1.2,2
2024,Q2,IQS,Docente,No especificado,MONTE CRISTI,2,16.8,18
2024,Q2,IQS,Docente,No especificado,NAGUA,1,2.9,1
2024,Q2,IQS,Docente,No especificado,PUERTO PLATA,1,0.6,4
2024,Q2,IQS,Docente,No especificado,SAN CRISTOBAL,1,0.3,1
2024,Q2,IQS,Docente,No especificado,SAN JUAN DE LA MAGUANA,1,1.1,2
2024,Q2,IQS,Docente,No especificado,SAN PEDRO DE MACORIS,3,3.4,6
2024,Q2,IQS,Docente,No especificado,SANTIAGO,5,5.7,7
2024,Q2,IQS,Docente,No especificado,SANTO DOMINGO,5,9.3,10
2024,Q2,IQS,Docente,No especificado,Sin ubicación,14,21.1,41
2024,Q2,IQS,Editor,No especificado,SANTIAGO,1,153.2,52
2024,Q2,IQS,Estudiante,1er grado,AZUA,45,60.3,179
2024,Q2,IQS,Estudiante,1er grado,BAHORUCO,9,5.3,15
2024,Q2,IQS,Estudiante,1er grado,BARAHONA,38,39.0,109
2024,Q2,IQS,Estudiante,1er grado,COTUI,27,32.4,89
2024,Q2,IQS,Estudiante,1er grado,HIGUEY,23,35.8,97
2024,Q2,IQS,Estudiante,1er grado,LA VEGA,40,51.0,123
2024,Q2,IQS,Estudiante,1er grado,MAO,7,4.2,16
2024,Q2,IQS,Estudiante,1er grado,MONTE CRISTI,33,30.6,100
2024,Q2,IQS,Estudiante,1er grado,MONTE PLATA,21,23.3,77
2024,Q2,IQS,Estudiante,1er grado,NAGUA,26,28.9,95
2024,Q2,IQS,Estudiante,1er grado,PUERTO PLATA,36,42.5,139
2024,Q2,IQS,Estudiante,1er grado,SAN CRISTOBAL,109,111.5,367
2024,Q2,IQS,Estudiante,1er grado,SAN FRANCISCO DE MACORIS,27,60.4,121
2024,Q2,IQS,Estudiante,1er grado,SAN JUAN DE LA MAGUANA,19,15.9,70
2024,Q2,IQS,Estudiante,1er grado,SAN PEDRO DE MACORIS,40,56.7,115
2024,Q2,IQS,Estudiante,1er grado,SANTIAGO,115,104.1,325
2024,Q2,IQS,Estudiante,1er grado,SANTO DOMINGO,298,439.3,1144
2024,Q2,IQS,Estudiante,1er grado,Sin ubicación,349,376.6,1081
2024,Q2,IQS,Estudiante,2do grado,AZUA,23,19.0,42
2024,Q2,IQS,Estudiante,2do grado,BAHORUCO,10,9.3,31
2024,Q2,IQS,Estudiante,2do grado,BARAHONA,19,24.9,57
2024,Q2,IQS,Estudiante,2do grado,COTUI,54,96.8,86
2024,Q2,IQS,Estudiante,2do grado,HIGUEY,51,84.0,98
2024,Q2,IQS,Estudiante,2do grado,LA VEGA,313,440.3,516
2024,Q2,IQS,Estudiante,2do grado,MAO,6,12.8,17
2024,Q2,IQS,Estudiante,2do grado,MONTE CRISTI,154,380.0,580
2024,Q2,IQS,Estudiante,2do grado,MONTE PLATA,45,61.9,63
2024,Q2,IQS,Estudiante,2do grado,NAGUA,44,70.6,84
2024,Q2,IQS,Estudiante,2do grado,PUERTO PLATA,118,288.5,261
2024,Q2,IQS,Estudiante,2do grado,SAN CRISTOBAL,1040,1954.5,2361
2024,Q2,IQS,Estudiante,2do grado,SAN FRANCISCO DE MACORIS,536,1034.9,1309
2024,Q2,IQS,Estudiante,2do grado,SAN JUAN DE LA MAGUANA,14,11.0,29
2024,Q2,IQS,Estudiante,2do grado,SAN PEDRO DE MACORIS,81,129.2,192
2024,Q2,IQS,Estudiante,2do grado,SANTIAGO,399,712.7,1012
2024,Q2,IQS,Estudiante,2do grado,SANTO DOMINGO,642,1064.6,1175
2024,Q2,IQS,Estudiante,2do grado,Sin ubicación,1109,1850.3,2310
2024,Q2,IQS,Estudiante,3er grado,AZUA,11,13.7,19
2024,Q2,IQS,Estudiante,3er grado,BAHORUCO,46,32.9,63
2024,Q2,IQS,Estudiante,3er grado,BARAHONA,4,4.9,8
2024,Q2,IQS,Estudiante,3er grado,COTUI,6,11.7,13
2024,Q2,IQS,Estudiante,3er grado,HIGUEY,66,42.6,72
2024,Q2,IQS,Estudiante,3er grado,LA VEGA,12,29.2,40
2024,Q2,IQS,Estudiante,3er grado,MAO,3,0.5,4
2024,Q2,IQS,Estudiante,3er grado,MONTE CRISTI,4,16.0,10
2024,Q2,IQS,Estudiante,3er grado,MONTE PLATA,4,3.6,7
2024,Q2,IQS,Estudiante,3er grado,NAGUA,4,5.3,9
2024,Q2,IQS,Estudiante,3er grado,PUERTO PLATA,14,9.7,31
2024,Q2,IQS,Estudiante,3er grado,SAN CRISTOBAL,9,12.0,16
2024,Q2,IQS,Estudiante,3er grado,SAN FRANCISCO DE MACORIS,14,15.7,24
2024,Q2,IQS,Estudiante,3er grado,SAN JUAN DE LA MAGUANA,3,1.2,4
2024,Q2,IQS,Estudiante,3er grado,SAN PEDRO DE MACORIS,15,12.3,30
2024,Q2,IQS,Estudiante,3er grado,SANTIAGO,92,272.0,361
2024,Q2,IQS,Estudiante,3er grado,SANTO DOMINGO,74,148.7,174
2024,Q2,IQS,Estudiante,3er grado,Sin ubicación,166,225.4,357
2024,Q2,IQS,Estudiante,4to grado,AZUA,99,171.5,225
2024,Q2,IQS,Estudiante,4to grado,BAHORUCO,11,14.6,22
2024,Q2,IQS,Estudiante,4to grado,BARAHONA,12,7.8,18
2024,Q2,IQS,Estudiante,4to grado,COTUI,45,47.6,106
2024,Q2,IQS,Estudiante,4to grado,HIGUEY,62,150.2,241
2024,Q2,IQS,Estudiante,4to grado,LA VEGA,40,76.0,106
2024,Q2,IQS,Estudiante,4to grado,MAO,10,12.9,20
2024,Q2,IQS,Estudiante,4to grado,MONTE CRISTI,11,31.1,41
2024,Q2,IQS,Estudiante,4to grado,MONTE PLATA,14,11.6,40
2024,Q2,IQS,Estudiante,4to grado,NAGUA,55,79.9,109
2024,Q2,IQS,Estudiante,4to grado,PUERTO PLATA,24,26.2,43
2024,Q2,IQS,Estudiante,4to grado,SAN CRISTOBAL,42,51.8,104
2024,Q2,IQS,Estudiante,4to grado,SAN FRANCISCO DE MACORIS,64,51.8,99
2024,Q2,IQS,Estudiante,4to grado,SAN JUAN DE LA MAGUANA,28,37.2,71
2024,Q2,IQS,Estudiante,4to grado,SAN PEDRO DE MACORIS,63,76.5,166
2024,Q2,IQS,Estudiante,4to grado,SANTIAGO,121,245.9,350
2024,Q2,IQS,Estudiante,4to grado,SANTO DOMINGO,375,777.9,1009
2024,Q2,IQS,Estudiante,4to grado,Sin ubicación,309,522.6,906
2024,Q2,IQS,Estudiante,5to grado,AZUA,36,51.6,75
2024,Q2,IQS,Estudiante,5to grado,BAHORUCO,6,7.4,11
2024,Q2,IQS,Estudiante,5to grado,BARAHONA,13,42.3,37
2024,Q2,IQS,Estudiante,5to grado,COTUI,11,12.3,24
2024,Q2,IQS,Estudiante,5to grado,HIGUEY,23,55.8,110
2024,Q2,IQS,Estudiante,5to grado,LA VEGA,19,51.9,63
2024,Q2,IQS,Estudiante,5to grado,MAO,5,18.8,11
2024,Q2,IQS,Estudiante,5to grado,MONTE CRISTI,7,24.8,39
2024,Q2,IQS,Estudiante,5to grado,MONTE PLATA,8,14.9,13
2024,Q2,IQS,Estudiante,5to grado,NAGUA,4,10.1,29
2024,Q2,IQS,Estudiante,5to grado,PUERTO PLATA,13,21.2,30
2024,Q2,IQS,Estudiante,5to grado,SAN CRISTOBAL,17,16.2,22
2024,Q2,IQS,Estudiante,5to grado,SAN FRANCISCO DE MACORIS,9,12.7,20
2024,Q2,IQS,Estudiante,5to grado,SAN JUAN DE LA MAGUANA,14,18.2,58
2024,Q2,IQS,Estudiante,5to grado,SAN PEDRO DE MACORIS,40,43.2,76
2024,Q2,IQS,Estudiante,5to grado,SANTIAGO,33,56.2,73
2024,Q2,IQS,Estudiante,5to grado,SANTO DOMINGO,221,412.3,575
2024,Q2,IQS,Estudiante,5to grado,Sin ubicación,120,247.3,373
2024,Q2,IQS,Estudiante,6to grado,AZUA,1628,3361.5,5471
2024,Q2,IQS,Estudiante,6to grado,BAHORUCO,358,737.8,1236
2024,Q2,IQS,Estudiante,6to grado,BARAHONA,757,1341.1,2478
2024,Q2,IQS,Estudiante,6to grado,COTUI,1498,3082.3,5431
2024,Q2,IQS,Estudiante,6to grado,HIGUEY,1901,5206.8,7573
2024,Q2,IQS,Estudiante,6to grado,LA VEGA,1827,3849.3,5936
2024,Q2,IQS,Estudiante,6to grado,MAO,684,1237.4,2081
2024,Q2,IQS,Estudiante,6to grado,MONTE CRISTI,1049,3533.8,4820
2024,Q2,IQS,Estudiante,6to grado,MONTE PLATA,635,905.6,1857
2024,Q2,IQS,Estudiante,6to grado,NAGUA,946,1849.6,3065
2024,Q2,IQS,Estudiante,6to grado,PUERTO PLATA,1235,2702.3,4688
2024,Q2,IQS,Estudiante,6to grado,SAN CRISTOBAL,2369,5107.5,8298
2024,Q2,IQS,Estudiante,6to grado,SAN FRANCISCO DE MACORIS,1771,3857.9,5649
2024,Q2,IQS,Estudiante,6to grado,SAN JUAN DE LA MAGUANA,867,1750.4,2976
2024,Q2,IQS,Estudiante,6to grado,SAN PEDRO DE MACORIS,2458,6308.4,9122
2024,Q2,IQS,Estudiante,6to grado,SANTIAGO,4141,8923.6,14393
2024,Q2,IQS,Estudiante,6to grado,SANTO DOMINGO,13374,35064.6,46480
2024,Q2,IQS,Estudiante,6to grado,Sin ubicación,10146,20767.0,34490
2024,Q2,IQS,Estudiante,No especificado,COTUI,2,6.1,10
2024,Q2,IQS,Estudiante,No especificado,LA VEGA,2,0.9,2
2024,Q2,IQS,Estudiante,No especificado,MONTE PLATA,1,0.4,1
2024,Q2,IQS,Estudiante,No especificado,SAN CRISTOBAL,10,15.0,27
2024,Q2,IQS,Estudiante,No especificado,SAN FRANCISCO DE MACORIS,2,0.9,2
2024,Q2,IQS,Estudiante,No especificado,SAN JUAN DE LA MAGUANA,2,3.2,4
2024,Q2,IQS,Estudiante,No especificado,SANTIAGO,11,15.1,20
2024,Q2,IQS,Estudiante,No especificado,SANTO DOMINGO,13,26.7,45
2024,Q2,IQS,Estudiante,No especificado,Sin ubicación,8,10.7,13
2024,Q2,IQS,Invitado,4to grado,SAN CRISTOBAL,2,2.5,3
2024,Q2,IQS,Invitado,4to grado,Sin ubicación,4,3.6,8
2024,Q2,IQS,Invitado,6to grado,BARAHONA,8,14.2,28
2024,Q2,IQS,Invitado,6to grado,COTUI,1,3.2,4
2024,Q2,IQS,Invitado,6to grado,HIGUEY,2,5.3,7
2024,Q2,IQS,Invitado,6to grado,LA VEGA,1,3.1,1
2024,Q2,IQS,Invitado,6to grado,MAO,1,1.5,4
2024,Q2,IQS,Invitado,6to grado,MONTE CRISTI,5,29.5,40
2024,Q2,IQS,Invitado,6to grado,MONTE PLATA,1,1.9,3
2024,Q2,IQS,Invitado,6to grado,PUERTO PLATA,2,16.9,15
2024,Q2,IQS,Invitado,6to grado,SAN CRISTOBAL,2,5.3,4
2024,Q2,IQS,Invitado,6to grado,SAN FRANCISCO DE MACORIS,1,1.4,1
2024,Q2,IQS,Invitado,6to grado,SAN JUAN DE LA MAGUANA,2,8.5,9
2024,Q2,IQS,Invitado,6to grado,SAN PEDRO DE MACORIS,1,11.3,7
2024,Q2,IQS,Invitado,6to grado,SANTIAGO,18,57.8,56
2024,Q2,IQS,Invitado,6to grado,SANTO DOMINGO,37,193.1,157
2024,Q2,IQS,Invitado,6to grado,Sin ubicación,2074,3271.6,4419
2024,Q2,IQS,Invitado,No especificado,Sin ubicación,2,0.9,4
2024,Q3,IQ512,Coordinador,No especificado,Sin ubicación,1,20.3,15
2024,Q3,IQ512,Docente,No especificado,Sin ubicación,1,0.6,1
2024,Q3,IQ512,Editor,No especificado,Sin ubicación,1,37.6,23
2024,Q3,IQ512,Estudiante,No especificado,AZUA,35,257.8,252
2024,Q3,IQ512,Estudiante,No especificado,BAHORUCO,18,110.6,102
2024,Q3,IQ512,Estudiante,No especificado,BARAHONA,29,146.2,208
2024,Q3,IQ512,Estudiante,No especificado,COTUI,20,83.5,81
2024,Q3,IQ512,Estudiante,No especificado,HIGUEY,25,157.9,130
2024,Q3,IQ512,Estudiante,No especificado,LA VEGA,52,311.9,299
2024,Q3,IQ512,Estudiante,No especificado,MAO,13,120.1,88
2024,Q3,IQ512,Estudiante,No especificado,MONTE CRISTI,12,36.6,59
2024,Q3,IQ512,Estudiante,No especificado,MONTE PLATA,9,65.9,54
2024,Q3,IQ512,Estudiante,No especificado,NAGUA,18,84.2,89
2024,Q3,IQ512,Estudiante,No especificado,PUERTO PLATA,12,52.0,66
2024,Q3,IQ512,Estudiante,No especificado,SAN CRISTOBAL,35,187.4,189
2024,Q3,IQ512,Estudiante,No especificado,SAN FRANCISCO DE MACORIS,23,110.0,170
2024,Q3,IQ512,Estudiante,No especificado,SAN JUAN DE LA MAGUANA,24,213.2,176
2024,Q3,IQ512,Estudiante,No especificado,SAN PEDRO DE MACORIS,14,51.7,55
2024,Q3,IQ512,Estudiante,No especificado,SANTIAGO,38,159.4,214
2024,Q3,IQ512,Estudiante,No especificado,SANTO DOMINGO,232,1551.1,1526
2024,Q3,IQ512,Estudiante,No especificado,Sin ubicación,1892,12439.4,11044
2024,Q3,IQP,Admin,No especificado,Sin ubicación,1,0.0,2
2024,Q3,IQP,Coordinador,6to grado,Sin ubicación,1,0.0,1
2024,Q3,IQP,Docente,1er grado,Sin ubicación,2,53.2,33
2024,Q3,IQP,Docente,4to grado,HIGUEY,1,0.4,1
2024,Q3,IQP,Docente,4to grado,LA VEGA,2,1.6,3
2024,Q3,IQP,Docente,4to grado,MONTE CRISTI,1,0.2,1
2024,Q3,IQP,Docente,4to grado,SAN PEDRO DE MACORIS,1,9.2,11
2024,Q3,IQP,Docente,4to grado,SANTIAGO,1,4.0,3
2024,Q3,IQP,Docente,4to grado,SANTO DOMINGO,2,0.7,2
2024,Q3,IQP,Docente,4to grado,Sin ubicación,9,11.9,21
2024,Q3,IQP,Docente,5to grado,AZUA,2,0.8,2
2024,Q3,IQP,Docente,5to grado,BARAHONA,1,0.2,1
2024,Q3,IQP,Docente,5to grado,COTUI,3,2.3,3
2024,Q3,IQP,Docente,5to grado,HIGUEY,7,12.5,11
2024,Q3,IQP,Docente,5to grado,LA VEGA,2,2.8,3
2024,Q3,IQP,Docente,5to grado,MAO,4,2.7,5
2024,Q3,IQP,Docente,5to grado,MONTE CRISTI,8,6.3,10
2024,Q3,IQP,Docente,5to grado,MONTE PLATA,1,0.4,1
2024,Q3,IQP,Docente,5to grado,NAGUA,5,5.7,7
2024,Q3,IQP,Docente,5to grado,PUERTO PLATA,3,3.7,6
2024,Q3,IQP,Docente,5to grado,SAN CRISTOBAL,8,12.8,18
2024,Q3,IQP,Docente,5to grado,SAN FRANCISCO DE MACORIS,7,3.6,9
2024,Q3,IQP,Docente,5to grado,SAN JUAN DE LA MAGUANA,1,1.0,1
2024,Q3,IQP,Docente,5to grado,SAN PEDRO DE MACORIS,15,10.9,19
2024,Q3,IQP,Docente,5to grado,SANTIAGO,14,19.7,20
2024,Q3,IQP,Docente,5to grado,SANTO DOMINGO,28,27.9,38
2024,Q3,IQP,Docente,5to grado,Sin ubicación,23,15.4,25
2024,Q3,IQP,Docente,6to grado,COTUI,2,1.0,2
2024,Q3,IQP,Docente,6to grado,HIGUEY,1,0.4,1
2024,Q3,IQP,Docente,6to grado,MONTE CRISTI,1,1.0,2
2024,Q3,IQP,Docente,6to grado,MONTE PLATA,1,8.2,5
2024,Q3,IQP,Docente,6to grado,NAGUA,1,3.7,9
2024,Q3,IQP,Docente,6to grado,PUERTO PLATA,1,0.3,1
2024,Q3,IQP,Docente,6to grado,SAN CRISTOBAL,3,7.0,4
2024,Q3,IQP,Docente,6to grado,SAN JUAN DE LA MAGUANA,1,0.5,1
2024,Q3,IQP,Docente,6to grado,SANTIAGO,2,0.3,2
2024,Q3,IQP,Docente,6to grado,SANTO DOMINGO,4,3.1,6
2024,Q3,IQP,Docente,6to grado,Sin ubicación,5,5.3,7
2024,Q3,IQP,Docente,No especificado,Sin ubicación,2,1.6,2
2024,Q3,IQP,Estudiante,1er grado,SANTIAGO,1,0.2,1
2024,Q3,IQP,Estudiante,1er grado,SANTO DOMINGO,1,0.3,1
2024,Q3,IQP,Estudiante,1er grado,Sin ubicación,6,6.2,10
2024,Q3,IQP,Estudiante,2do grado,SAN FRANCISCO DE MACORIS,2,3.5,5
2024,Q3,IQP,Estudiante,2do grado,Sin ubicación,2,4.8,4
2024,Q3,IQP,Estudiante,3er grado,MONTE CRISTI,1,0.9,1
2024,Q3,IQP,Estudiante,3er grado,SANTO DOMINGO,5,4.1,5
2024,Q3,IQP,Estudiante,3er grado,Sin ubicación,5,4.1,9
2024,Q3,IQP,Estudiante,4to grado,AZUA,2,1.9,3
2024,Q3,IQP,Estudiante,4to grado,BAHORUCO,1,1.1,1
2024,Q3,IQP,Estudiante,4to grado,MONTE CRISTI,1,0.3,1
2024,Q3,IQP,Estudiante,4to grado,SAN CRISTOBAL,1,0.4,1
2024,Q3,IQP,Estudiante,4to grado,SAN PEDRO DE MACORIS,1,0.3,1
2024,Q3,IQP,Estudiante,4to grado,SANTIAGO,1,0.5,1
2024,Q3,IQP,Estudiante,4to grado,SANTO DOMINGO,7,10.5,12
2024,Q3,IQP,Estudiante,4to grado,Sin ubicación,9,3.1,11
2024,Q3,IQP,Estudiante,5to grado,COTUI,1,0.7,1
2024,Q3,IQP,Estudiante,5to grado,HIGUEY,7,3.3,9
2024,Q3,IQP,Estudiante,5to grado,LA VEGA,1,0.3,1
2024,Q3,IQP,Estudiante,5to grado,SAN CRISTOBAL,8,2.3,10
2024,Q3,IQP,Estudiante,5to grado,SAN FRANCISCO DE MACORIS,1,0.4,1
2024,Q3,IQP,Estudiante,5to grado,SAN PEDRO DE MACORIS,8,12.3,16
2024,Q3,IQP,Estudiante,5to grado,SANTIAGO,5,2.4,5
2024,Q3,IQP,Estudiante,5to grado,SANTO DOMINGO,17,7.3,19
2024,Q3,IQP,Estudiante,5to grado,Sin ubicación,7,7.3,20
2024,Q3,IQP,Estudiante,6to grado,AZUA,3,12.9,15
2024,Q3,IQP,Estudiante,6to grado,BAHORUCO,1,1.5,1
2024,Q3,IQP,Estudiante,6to grado,COTUI,3,2.0,3
2024,Q3,IQP,Estudiante,6to grado,HIGUEY,1,0.3,2
2024,Q3,IQP,Estudiante,6to grado,MONTE CRISTI,1,0.3,1
2024,Q3,IQP,Estudiante,6to grado,MONTE PLATA,1,0.9,1
2024,Q3,IQP,Estudiante,6to grado,SAN CRISTOBAL,3,1.5,4
2024,Q3,IQP,Estudiante,6to grado,SAN FRANCISCO DE MACORIS,5,6.1,10
2024,Q3,IQP,Estudiante,6to grado,SAN PEDRO DE MACORIS,7,5.3,9
2024,Q3,IQP,Estudiante,6to grado,SANTIAGO,5,2.1,5
2024,Q3,IQP,Estudiante,6to grado,SANTO DOMINGO,37,36.3,53
2024,Q3,IQP,Estudiante,6to grado,Sin ubicación,28,28.8,42
2024,Q3,IQP,Estudiante,No especificado,Sin ubicación,1,4.6,7
2024,Q3,IQP,Sin rol,No especificado,Sin ubicación,1,23.7,27
2024,Q3,IQS,Admin,6to grado,Sin ubicación,1,2.8,7
2024,Q3,IQS,Admin,No especificado,Sin ubicación,1,0.5,4
2024,Q3,IQS,Docente,1er grado,HIGUEY,3,10.3,12
2024,Q3,IQS,Docente,1er grado,MONTE CRISTI,1,3.4,2
2024,Q3,IQS,Docente,1er grado,PUERTO PLATA,1,1.3,1
2024,Q3,IQS,Docente,1er grado,SANTIAGO,2,2.8,6
2024,Q3,IQS,Docente,1er grado,SANTO DOMINGO,8,6.7,13
2024,Q3,IQS,Docente,1er grado,Sin ubicación,5,9.7,10
2024,Q3,IQS,Docente,4to grado,AZUA,18,13.8,25
2024,Q3,IQS,Docente,4to grado,BAHORUCO,5,10.0,13
2024,Q3,IQS,Docente,4to grado,BARAHONA,5,3.2,8
2024,Q3,IQS,Docente,4to grado,COTUI,13,7.5,15
2024,Q3,IQS,Docente,4to grado,HIGUEY,30,17.0,51
2024,Q3,IQS,Docente,4to grado,LA VEGA,19,12.1,26
2024,Q3,IQS,Docente,4to grado,MAO,3,1.8,4
2024,Q3,IQS,Docente,4to grado,MONTE CRISTI,21,18.5,32
2024,Q3,IQS,Docente,4to grado,MONTE PLATA,8,5.7,9
2024,Q3,IQS,Docente,4to grado,NAGUA,16,22.6,29
2024,Q3,IQS,Docente,4to grado,PUERTO PLATA,17,10.7,19
2024,Q3,IQS,Docente,4to grado,SAN CRISTOBAL,17,16.3,33
2024,Q3,IQS,Docente,4to grado,SAN FRANCISCO DE MACORIS,52,48.2,76
2024,Q3,IQS,Docente,4to grado,SAN JUAN DE LA MAGUANA,11,7.4,13
2024,Q3,IQS,Docente,4to grado,SAN PEDRO DE MACORIS,53,67.9,114
2024,Q3,IQS,Docente,4to grado,SANTIAGO,41,42.2,55
2024,Q3,IQS,Docente,4to grado,SANTO DOMINGO,94,79.0,137
2024,Q3,IQS,Docente,4to grado,Sin ubicación,81,67.6,140
2024,Q3,IQS,Docente,6to grado,BAHORUCO,1,0.4,1
2024,Q3,IQS,Docente,6to grado,HIGUEY,1,1.2,2
2024,Q3,IQS,Docente,6to grado,MONTE CRISTI,1,1.9,2
2024,Q3,IQS,Docente,6to grado,NAGUA,1,0.1,1
2024,Q3,IQS,Docente,6to grado,SAN CRISTOBAL,1,0.3,1
2024,Q3,IQS,Docente,6to grado,SAN PEDRO DE MACORIS,8,6.5,10
2024,Q3,IQS,Docente,6to grado,SANTIAGO,4,6.3,6
2024,Q3,IQS,Docente,6to grado,SANTO DOMINGO,7,4.8,10
2024,Q3,IQS,Docente,6to grado,Sin ubicación,10,7.3,14
2024,Q3,IQS,Docente,No especificado,MONTE CRISTI,1,0.0,1
2024,Q3,IQS,Docente,No especificado,SAN FRANCISCO DE MACORIS,1,0.2,1
2024,Q3,IQS,Docente,No especificado,SAN JUAN DE LA MAGUANA,1,1.0,2
2024,Q3,IQS,Editor,No especificado,SANTIAGO,1,78.1,28
2024,Q3,IQS,Estudiante,1er grado,AZUA,5,1.8,12
2024,Q3,IQS,Estudiante,1er grado,BAHORUCO,1,0.4,1
2024,Q3,IQS,Estudiante,1er grado,BARAHONA,1,0.4,2
2024,Q3,IQS,Estudiante,1er grado,HIGUEY,5,2.6,12
2024,Q3,IQS,Estudiante,1er grado,LA VEGA,2,0.2,3
2024,Q3,IQS,Estudiante,1er grado,MAO,1,0.1,2
2024,Q3,IQS,Estudiante,1er grado,MONTE CRISTI,1,0.1,1
2024,Q3,IQS,Estudiante,1er grado,MONTE PLATA,1,1.2,6
2024,Q3,IQS,Estudiante,1er grado,NAGUA,1,3.4,3
2024,Q3,IQS,Estudiante,1er grado,PUERTO PLATA,3,2.5,10
2024,Q3,IQS,Estudiante,1er grado,SAN CRISTOBAL,4,1.9,6
2024,Q3,IQS,Estudiante,1er grado,SAN FRANCISCO DE MACORIS,3,5.9,11
2024,Q3,IQS,Estudiante,1er grado,SAN JUAN DE LA MAGUANA,3,1.2,8
2024,Q3,IQS,Estudiante,1er grado,SAN PEDRO DE MACORIS,6,6.0,10
2024,Q3,IQS,Estudiante,1er grado,SANTIAGO,8,6.0,18
2024,Q3,IQS,Estudiante,1er grado,SANTO DOMINGO,28,31.1,73
2024,Q3,IQS,Estudiante,1er grado,Sin ubicación,17,14.9,48
2024,Q3,IQS,Estudiante,2do grado,AZUA,2,0.8,2
2024,Q3,IQS,Estudiante,2do grado,BAHORUCO,1,2.2,5
2024,Q3,IQS,Estudiante,2do grado,BARAHONA,1,1.7,1
2024,Q3,IQS,Estudiante,2do grado,COTUI,2,0.7,2
2024,Q3,IQS,Estudiante,2do grado,HIGUEY,6,3.3,13
2024,Q3,IQS,Estudiante,2do grado,LA VEGA,1,0.9,1
2024,Q3,IQS,Estudiante,2do grado,MONTE CRISTI,5,1.5,7
2024,Q3,IQS,Estudiante,2do grado,MONTE PLATA,1,0.5,2
2024,Q3,IQS,Estudiante,2do grado,NAGUA,3,5.4,11
2024,Q3,IQS,Estudiante,2do grado,PUERTO PLATA,2,14.2,5
2024,Q3,IQS,Estudiante,2do grado,SAN CRISTOBAL,2,0.3,2
2024,Q3,IQS,Estudiante,2do grado,SAN FRANCISCO DE MACORIS,5,5.2,9
2024,Q3,IQS,Estudiante,2do grado,SAN JUAN DE LA MAGUANA,3,1.6,4
2024,Q3,IQS,Estudiante,2do grado,SAN PEDRO DE MACORIS,7,8.2,13
2024,Q3,IQS,Estudiante,2do grado,SANTIAGO,4,2.6,6
2024,Q3,IQS,Estudiante,2do grado,SANTO DOMINGO,24,28.8,49
2024,Q3,IQS,Estudiante,2do grado,Sin ubicación,16,7.2,32
2024,Q3,IQS,Estudiante,3er grado,HIGUEY,3,2.0,3
2024,Q3,IQS,Estudiante,3er grado,MAO,1,0.3,2
2024,Q3,IQS,Estudiante,3er grado,MONTE CRISTI,4,2.1,4
2024,Q3,IQS,Estudiante,3er grado,NAGUA,1,0.7,1
2024,Q3,IQS,Estudiante,3er grado,PUERTO PLATA,6,4.2,10
2024,Q3,IQS,Estudiante,3er grado,SAN CRISTOBAL,1,0.4,2
2024,Q3,IQS,Estudiante,3er grado,SAN FRANCISCO DE MACORIS,4,3.6,7
2024,Q3,IQS,Estudiante,3er grado,SAN PEDRO DE MACORIS,5,7.2,10
2024,Q3,IQS,Estudiante,3er grado,SANTIAGO,4,6.4,6
2024,Q3,IQS,Estudiante,3er grado,SANTO DOMINGO,17,21.9,43
2024,Q3,IQS,Estudiante,3er grado,Sin ubicación,13,36.8,35
2024,Q3,IQS,Estudiante,4to grado,AZUA,3,8.2,8
2024,Q3,IQS,Estudiante,4to grado,BAHORUCO,1,0.4,2
2024,Q3,IQS,Estudiante,4to grado,COTUI,2,0.5,3
2024,Q3,IQS,Estudiante,4to grado,HIGUEY,3,7.7,15
2024,Q3,IQS,Estudiante,4to grado,MONTE CRISTI,3,0.8,3
2024,Q3,IQS,Estudiante,4to grado,MONTE PLATA,1,6.5,7
2024,Q3,IQS,Estudiante,4to grado,NAGUA,3,1.7,4
2024,Q3,IQS,Estudiante,4to grado,PUERTO PLATA,4,3.5,7
2024,Q3,IQS,Estudiante,4to grado,SAN CRISTOBAL,3,5.2,6
2024,Q3,IQS,Estudiante,4to grado,SAN FRANCISCO DE MACORIS,5,5.1,7
2024,Q3,IQS,Estudiante,4to grado,SAN JUAN DE LA MAGUANA,2,2.6,5
2024,Q3,IQS,Estudiante,4to grado,SAN PEDRO DE MACORIS,7,12.3,20
2024,Q3,IQS,Estudiante,4to grado,SANTIAGO,14,24.6,29
2024,Q3,IQS,Estudiante,4to grado,SANTO DOMINGO,47,150.8,122
2024,Q3,IQS,Estudiante,4to grado,Sin ubicación,26,89.9,59
2024,Q3,IQS,Estudiante,5to grado,AZUA,3,1.5,4
2024,Q3,IQS,Estudiante,5to grado,BAHORUCO,1,1.4,1
2024,Q3,IQS,Estudiante,5to grado,BARAHONA,2,0.5,2
2024,Q3,IQS,Estudiante,5to grado,COTUI,1,0.4,1
2024,Q3,IQS,Estudiante,5to grado,HIGUEY,3,2.6,4
2024,Q3,IQS,Estudiante,5to grado,LA VEGA,2,0.7,2
2024,Q3,IQS,Estudiante,5to grado,SAN FRANCISCO DE MACORIS,1,0.5,1
2024,Q3,IQS,Estudiante,5to grado,SAN JUAN DE LA MAGUANA,1,0.5,2
2024,Q3,IQS,Estudiante,5to grado,SAN PEDRO DE MACORIS,3,2.4,4
2024,Q3,IQS,Estudiante,5to grado,SANTIAGO,7,9.8,13
2024,Q3,IQS,Estudiante,5to grado,SANTO DOMINGO,39,71.1,111
2024,Q3,IQS,Estudiante,5to grado,Sin ubicación,28,24.3,46
2024,Q3,IQS,Estudiante,6to grado,AZUA,56,43.5,105
2024,Q3,IQS,Estudiante,6to grado,BAHORUCO,13,12.0,32
2024,Q3,IQS,Estudiante,6to grado,BARAHONA,30,28.6,74
2024,Q3,IQS,Estudiante,6to grado,COTUI,52,63.1,157
2024,Q3,IQS,Estudiante,6to grado,HIGUEY,72,91.4,162
2024,Q3,IQS,Estudiante,6to grado,LA VEGA,76,82.4,174
2024,Q3,IQS,Estudiante,6to grado,MAO,33,78.0,97
2024,Q3,IQS,Estudiante,6to grado,MONTE CRISTI,29,16.4,52
2024,Q3,IQS,Estudiante,6to grado,MONTE PLATA,23,22.0,53
2024,Q3,IQS,Estudiante,6to grado,NAGUA,26,25.8,68
2024,Q3,IQS,Estudiante,6to grado,PUERTO PLATA,45,62.2,135
2024,Q3,IQS,Estudiante,6to grado,SAN CRISTOBAL,94,113.1,206
2024,Q3,IQS,Estudiante,6to grado,SAN FRANCISCO DE MACORIS,93,94.4,187
2024,Q3,IQS,Estudiante,6to grado,SAN JUAN DE LA MAGUANA,42,68.4,143
2024,Q3,IQS,Estudiante,6to grado,SAN PEDRO DE MACORIS,113,122.0,250
2024,Q3,IQS,Estudiante,6to grado,SANTIAGO,227,343.3,551
2024,Q3,IQS,Estudiante,6to grado,SANTO DOMINGO,656,1101.9,1667
2024,Q3,IQS,Estudiante,6to grado,Sin ubicación,443,682.2,1082
2024,Q3,IQS,Estudiante,No especificado,COTUI,2,0.8,4
2024,Q3,IQS,Estudiante,No especificado,SAN CRISTOBAL,1,0.5,1
2024,Q3,IQS,Estudiante,No especificado,SANTO DOMINGO,1,0.3,2
2024,Q3,IQS,Invitado,4to grado,Sin ubicación,1,0.4,1
2024,Q3,IQS,Invitado,6to grado,HIGUEY,1,1.7,6
2024,Q3,IQS,Invitado,6to grado,MONTE CRISTI,3,2.4,5
2024,Q3,IQS,Invitado,6to grado,MONTE PLATA,1,4.7,4
2024,Q3,IQS,Invitado,6to grado,SAN JUAN DE LA MAGUANA,1,1.7,2
2024,Q3,IQS,Invitado,6to grado,SANTIAGO,2,2.9,3
2024,Q3,IQS,Invitado,6to grado,SANTO DOMINGO,4,3.2,7
2024,Q3,IQS,Invitado,6to grado,Sin ubicación,326,440.2,605
2024,Q4,IQ512,Admin,No especificado,Sin ubicación,2,1.7,3
2024,Q4,IQ512,Coordinador,No especificado,Sin ubicación,1,67.7,30
2024,Q4,IQ512,Editor,No especificado,Sin ubicación,1,25.3,16
2024,Q4,IQ512,Estudiante,No especificado,AZUA,36,251.5,252
2024,Q4,IQ512,Estudiante,No especificado,BAHORUCO,21,102.6,102
2024,Q4,IQ512,Estudiante,No especificado,BARAHONA,29,211.0,231
2024,Q4,IQ512,Estudiante,No especificado,COTUI,18,250.8,168
2024,Q4,IQ512,Estudiante,No especificado,HIGUEY,19,107.0,82
2024,Q4,IQ512,Estudiante,No especificado,LA VEGA,40,374.2,256
2024,Q4,IQ512,Estudiante,No especificado,MAO,11,59.0,70
2024,Q4,IQ512,Estudiante,No especificado,MONTE CRISTI,13,60.9,64
2024,Q4,IQ512,Estudiante,No especificado,MONTE PLATA,8,27.2,31
2024,Q4,IQ512,Estudiante,No especificado,NAGUA,14,85.1,97
2024,Q4,IQ512,Estudiante,No especificado,PUERTO PLATA,12,128.5,92
2024,Q4,IQ512,Estudiante,No especificado,SAN CRISTOBAL,33,262.6,220
2024,Q4,IQ512,Estudiante,No especificado,SAN FRANCISCO DE MACORIS,21,206.4,189
2024,Q4,IQ512,Estudiante,No especificado,SAN JUAN DE LA MAGUANA,21,220.7,190
2024,Q4,IQ512,Estudiante,No especificado,SAN PEDRO DE MACORIS,14,44.9,55
2024,Q4,IQ512,Estudiante,No especificado,SANTIAGO,34,214.4,190
2024,Q4,IQ512,Estudiante,No especificado,SANTO DOMINGO,228,1818.4,1483
2024,Q4,IQ512,Estudiante,No especificado,Sin ubicación,1783,14416.6,11082
2024,Q4,IQP,Docente,1er grado,Sin ubicación,2,33.3,25
2024,Q4,IQP,Docente,4to grado,AZUA,2,0.6,2
2024,Q4,IQP,Docente,4to grado,LA VEGA,3,3.1,5
2024,Q4,IQP,Docente,4to grado,MAO,1,0.3,1
2024,Q4,IQP,Docente,4to grado,MONTE CRISTI,1,0.8,1
2024,Q4,IQP,Docente,4to grado,PUERTO PLATA,1,0.5,1
2024,Q4,IQP,Docente,4to grado,SAN PEDRO DE MACORIS,1,7.3,5
2024,Q4,IQP,Docente,4to grado,SANTIAGO,1,0.9,1
2024,Q4,IQP,Docente,4to grado,SANTO DOMINGO,1,0.0,1
2024,Q4,IQP,Docente,4to grado,Sin ubicación,5,14.1,20
2024,Q4,IQP,Docente,5to grado,AZUA,3,1.7,3
2024,Q4,IQP,Docente,5to grado,BAHORUCO,1,0.2,1
2024,Q4,IQP,Docente,5to grado,COTUI,2,1.3,2
2024,Q4,IQP,Docente,5to grado,HIGUEY,8,15.5,17
2024,Q4,IQP,Docente,5to grado,LA VEGA,9,10.7,14
2024,Q4,IQP,Docente,5to grado,MAO,5,14.0,15
2024,Q4,IQP,Docente,5to grado,MONTE CRISTI,8,16.2,16
2024,Q4,IQP,Docente,5to grado,NAGUA,4,3.1,7
2024,Q4,IQP,Docente,5to grado,PUERTO PLATA,2,13.0,15
2024,Q4,IQP,Docente,5to grado,SAN CRISTOBAL,4,13.3,17
2024,Q4,IQP,Docente,5to grado,SAN FRANCISCO DE MACORIS,1,1.2,1
2024,Q4,IQP,Docente,5to grado,SAN JUAN DE LA MAGUANA,4,1.4,4
2024,Q4,IQP,Docente,5to grado,SAN PEDRO DE MACORIS,7,5.1,7
2024,Q4,IQP,Docente,5to grado,SANTIAGO,17,37.1,46
2024,Q4,IQP,Docente,5to grado,SANTO DOMINGO,19,30.5,41
2024,Q4,IQP,Docente,5to grado,Sin ubicación,13,15.7,20
2024,Q4,IQP,Docente,6to grado,BARAHONA,1,7.1,4
2024,Q4,IQP,Docente,6to grado,COTUI,3,2.7,3
2024,Q4,IQP,Docente,6to grado,HIGUEY,1,0.0,1
2024,Q4,IQP,Docente,6to grado,MAO,1,1.3,3
2024,Q4,IQP,Docente,6to grado,MONTE CRISTI,1,0.1,1
2024,Q4,IQP,Docente,6to grado,MONTE PLATA,1,6.8,9
2024,Q4,IQP,Docente,6to grado,NAGUA,1,2.1,4
2024,Q4,IQP,Docente,6to grado,SAN FRANCISCO DE MACORIS,1,0.1,1
2024,Q4,IQP,Docente,6to grado,SAN JUAN DE LA MAGUANA,1,0.6,1
2024,Q4,IQP,Docente,6to grado,SAN PEDRO DE MACORIS,2,1.0,2
2024,Q4,IQP,Docente,6to grado,SANTO DOMINGO,5,8.3,12
2024,Q4,IQP,Docente,6to grado,Sin ubicación,7,19.2,24
2024,Q4,IQP,Docente,No especificado,Sin ubicación,1,0.5,1
2024,Q4,IQP,Estudiante,1er grado,HIGUEY,1,0.4,1
2024,Q4,IQP,Estudiante,1er grado,SANTO DOMINGO,2,0.7,2
2024,Q4,IQP,Estudiante,1er grado,Sin ubicación,8,16.0,21
2024,Q4,IQP,Estudiante,2do grado,AZUA,1,2.1,3
2024,Q4,IQP,Estudiante,2do grado,MAO,1,0.4,1
2024,Q4,IQP,Estudiante,2do grado,SAN FRANCISCO DE MACORIS,1,0.3,1
2024,Q4,IQP,Estudiante,2do grado,SAN PEDRO DE MACORIS,1,0.5,1
2024,Q4,IQP,Estudiante,2do grado,SANTIAGO,1,0.8,2
2024,Q4,IQP,Estudiante,2do grado,SANTO DOMINGO,2,0.7,2
2024,Q4,IQP,Estudiante,2do grado,Sin ubicación,4,6.6,7
2024,Q4,IQP,Estudiante,3er grado,MONTE CRISTI,1,2.1,3
2024,Q4,IQP,Estudiante,3er grado,SANTIAGO,1,0.4,1
2024,Q4,IQP,Estudiante,3er grado,Sin ubicación,4,2.3,4
2024,Q4,IQP,Estudiante,4to grado,LA VEGA,1,0.2,1
2024,Q4,IQP,Estudiante,4to grado,SANTIAGO,1,1.6,3
2024,Q4,IQP,Estudiante,4to grado,SANTO DOMINGO,3,1.5,4
2024,Q4,IQP,Estudiante,4to grado,Sin ubicación,3,1.9,5
2024,Q4,IQP,Estudiante,5to grado,AZUA,1,0.1,1
2024,Q4,IQP,Estudiante,5to grado,HIGUEY,1,0.8,1
2024,Q4,IQP,Estudiante,5to grado,LA VEGA,1,0.2,1
2024,Q4,IQP,Estudiante,5to grado,MAO,2,0.7,2
2024,Q4,IQP,Estudiante,5to grado,SAN CRISTOBAL,3,1.9,4
2024,Q4,IQP,Estudiante,5to grado,SAN PEDRO DE MACORIS,3,1.4,3
2024,Q4,IQP,Estudiante,5to grado,SANTIAGO,5,1.8,5
2024,Q4,IQP,Estudiante,5to grado,SANTO DOMINGO,15,33.2,30
2024,Q4,IQP,Estudiante,5to grado,Sin ubicación,3,2.6,5
2024,Q4,IQP,Estudiante,6to grado,AZUA,2,9.6,14
2024,Q4,IQP,Estudiante,6to grado,BAHORUCO,1,0.3,1
2024,Q4,IQP,Estudiante,6to grado,MAO,2,25.4,12
2024,Q4,IQP,Estudiante,6to grado,MONTE CRISTI,2,1.3,5
2024,Q4,IQP,Estudiante,6to grado,PUERTO PLATA,1,0.6,1
2024,Q4,IQP,Estudiante,6to grado,SAN CRISTOBAL,1,0.7,1
2024,Q4,IQP,Estudiante,6to grado,SAN FRANCISCO DE MACORIS,2,0.5,2
2024,Q4,IQP,Estudiante,6to grado,SAN JUAN DE LA MAGUANA,2,1.0,2
2024,Q4,IQP,Estudiante,6to grado,SAN PEDRO DE MACORIS,6,2.1,6
2024,Q4,IQP,Estudiante,6to grado,SANTIAGO,6,5.2,9
2024,Q4,IQP,Estudiante,6to grado,SANTO DOMINGO,12,5.3,12
2024,Q4,IQP,Estudiante,6to grado,Sin ubicación,26,15.2,32
2024,Q4,IQP,Sin rol,No especificado,Sin ubicación,1,25.6,18
2024,Q4,IQS,Admin,6to grado,Sin ubicación,1,1.4,3
2024,Q4,IQS,Docente,1er grado,AZUA,2,3.1,2
2024,Q4,IQS,Docente,1er grado,HIGUEY,3,20.8,19
2024,Q4,IQS,Docente,1er grado,LA VEGA,2,4.0,3
2024,Q4,IQS,Docente,1er grado,MONTE CRISTI,1,0.4,1
2024,Q4,IQS,Docente,1er grado,PUERTO PLATA,2,6.6,10
2024,Q4,IQS,Docente,1er grado,SAN FRANCISCO DE MACORIS,2,3.4,4
2024,Q4,IQS,Docente,1er grado,SAN JUAN DE LA MAGUANA,1,0.1,2
2024,Q4,IQS,Docente,1er grado,SANTIAGO,1,0.6,1
2024,Q4,IQS,Docente,1er grado,SANTO DOMINGO,5,9.3,13
2024,Q4,IQS,Docente,1er grado,Sin ubicación,6,4.6,10
2024,Q4,IQS,Docente,4to grado,AZUA,6,6.3,9
2024,Q4,IQS,Docente,4to grado,BAHORUCO,1,0.9,2
2024,Q4,IQS,Docente,4to grado,BARAHONA,7,3.0,11
2024,Q4,IQS,Docente,4to grado,COTUI,8,5.0,12
2024,Q4,IQS,Docente,4to grado,HIGUEY,14,29.6,34
2024,Q4,IQS,Docente,4to grado,LA VEGA,30,18.7,37
2024,Q4,IQS,Docente,4to grado,MAO,3,2.7,3
2024,Q4,IQS,Docente,4to grado,MONTE CRISTI,16,17.8,28
2024,Q4,IQS,Docente,4to grado,MONTE PLATA,5,2.0,6
2024,Q4,IQS,Docente,4to grado,NAGUA,6,4.2,10
2024,Q4,IQS,Docente,4to grado,PUERTO PLATA,16,13.2,26
2024,Q4,IQS,Docente,4to grado,SAN CRISTOBAL,8,1.8,8
2024,Q4,IQS,Docente,4to grado,SAN FRANCISCO DE MACORIS,10,23.3,38
2024,Q4,IQS,Docente,4to grado,SAN JUAN DE LA MAGUANA,5,2.9,6
2024,Q4,IQS,Docente,4to grado,SAN PEDRO DE MACORIS,21,18.8,34
2024,Q4,IQS,Docente,4to grado,SANTIAGO,16,13.5,23
2024,Q4,IQS,Docente,4to grado,SANTO DOMINGO,65,69.0,97
2024,Q4,IQS,Docente,4to grado,Sin ubicación,40,39.0,75
2024,Q4,IQS,Docente,6to grado,HIGUEY,2,9.0,10
2024,Q4,IQS,Docente,6to grado,MONTE CRISTI,2,3.9,2
2024,Q4,IQS,Docente,6to grado,PUERTO PLATA,3,2.0,9
2024,Q4,IQS,Docente,6to grado,SAN CRISTOBAL,1,0.8,1
2024,Q4,IQS,Docente,6to grado,SAN FRANCISCO DE MACORIS,1,0.2,1
2024,Q4,IQS,Docente,6to grado,SANTIAGO,3,1.8,3
2024,Q4,IQS,Docente,6to grado,SANTO DOMINGO,5,10.1,10
2024,Q4,IQS,Docente,6to grado,Sin ubicación,4,8.5,5
2024,Q4,IQS,Docente,No especificado,SANTIAGO,1,0.1,1
2024,Q4,IQS,Docente,No especificado,Sin ubicación,1,0.5,2
2024,Q4,IQS,Editor,No especificado,SANTIAGO,1,31.1,19
2024,Q4,IQS,Estudiante,1er grado,AZUA,1,0.2,2
2024,Q4,IQS,Estudiante,1er grado,COTUI,1,0.5,2
2024,Q4,IQS,Estudiante,1er grado,HIGUEY,3,1.3,6
2024,Q4,IQS,Estudiante,1er grado,LA VEGA,2,0.4,4
2024,Q4,IQS,Estudiante,1er grado,MONTE CRISTI,1,0.3,2
2024,Q4,IQS,Estudiante,1er grado,NAGUA,2,1.0,3
2024,Q4,IQS,Estudiante,1er grado,PUERTO PLATA,1,1.1,1
2024,Q4,IQS,Estudiante,1er grado,SAN FRANCISCO DE MACORIS,1,0.2,1
2024,Q4,IQS,Estudiante,1er grado,SANTIAGO,9,7.3,23
2024,Q4,IQS,Estudiante,1er grado,SANTO DOMINGO,13,6.0,24
2024,Q4,IQS,Estudiante,1er grado,Sin ubicación,14,9.5,28
2024,Q4,IQS,Estudiante,2do grado,LA VEGA,3,0.9,4
2024,Q4,IQS,Estudiante,2do grado,MONTE CRISTI,10,6.1,20
2024,Q4,IQS,Estudiante,2do grado,NAGUA,2,0.5,4
2024,Q4,IQS,Estudiante,2do grado,PUERTO PLATA,1,0.9,1
2024,Q4,IQS,Estudiante,2do grado,SAN FRANCISCO DE MACORIS,7,2.7,7
2024,Q4,IQS,Estudiante,2do grado,SAN PEDRO DE MACORIS,3,4.8,6
2024,Q4,IQS,Estudiante,2do grado,SANTIAGO,6,7.1,20
2024,Q4,IQS,Estudiante,2do grado,SANTO DOMINGO,20,13.4,42
2024,Q4,IQS,Estudiante,2do grado,Sin ubicación,13,8.6,22
2024,Q4,IQS,Estudiante,3er grado,AZUA,1,0.7,1
2024,Q4,IQS,Estudiante,3er grado,BARAHONA,1,0.2,2
2024,Q4,IQS,Estudiante,3er grado,HIGUEY,2,0.4,2
2024,Q4,IQS,Estudiante,3er grado,MONTE CRISTI,1,0.5,1
2024,Q4,IQS,Estudiante,3er grado,MONTE PLATA,1,0.4,2
2024,Q4,IQS,Estudiante,3er grado,NAGUA,4,2.8,11
2024,Q4,IQS,Estudiante,3er grado,PUERTO PLATA,4,2.9,5
2024,Q4,IQS,Estudiante,3er grado,SAN FRANCISCO DE MACORIS,9,4.8,9
2024,Q4,IQS,Estudiante,3er grado,SAN PEDRO DE MACORIS,1,0.3,2
2024,Q4,IQS,Estudiante,3er grado,SANTIAGO,19,12.9,25
2024,Q4,IQS,Estudiante,3er grado,SANTO DOMINGO,20,12.7,31
2024,Q4,IQS,Estudiante,3er grado,Sin ubicación,26,27.9,47
2024,Q4,IQS,Estudiante,4to grado,AZUA,1,0.2,1
2024,Q4,IQS,Estudiante,4to grado,BAHORUCO,1,4.4,4
2024,Q4,IQS,Estudiante,4to grado,COTUI,2,1.4,9
2024,Q4,IQS,Estudiante,4to grado,HIGUEY,1,0.1,2
2024,Q4,IQS,Estudiante,4to grado,MAO,1,0.0,1
2024,Q4,IQS,Estudiante,4to grado,MONTE CRISTI,1,0.2,1
2024,Q4,IQS,Estudiante,4to grado,MONTE PLATA,1,0.2,1
2024,Q4,IQS,Estudiante,4to grado,NAGUA,1,0.6,1
2024,Q4,IQS,Estudiante,4to grado,PUERTO PLATA,45,33.8,50
2024,Q4,IQS,Estudiante,4to grado,SAN CRISTOBAL,3,1.6,4
2024,Q4,IQS,Estudiante,4to grado,SAN FRANCISCO DE MACORIS,65,39.8,92
2024,Q4,IQS,Estudiante,4to grado,SAN JUAN DE LA MAGUANA,1,0.4,1
2024,Q4,IQS,Estudiante,4to grado,SAN PEDRO DE MACORIS,9,10.4,20
2024,Q4,IQS,Estudiante,4to grado,SANTIAGO,8,4.2,13
2024,Q4,IQS,Estudiante,4to grado,SANTO DOMINGO,16,18.5,40
2024,Q4,IQS,Estudiante,4to grado,Sin ubicación,7,3.9,9
2024,Q4,IQS,Estudiante,5to grado,COTUI,4,1.8,4
2024,Q4,IQS,Estudiante,5to grado,HIGUEY,1,3.1,6
2024,Q4,IQS,Estudiante,5to grado,MAO,1,0.5,1
2024,Q4,IQS,Estudiante,5to grado,MONTE CRISTI,1,0.4,2
2024,Q4,IQS,Estudiante,5to grado,NAGUA,1,0.6,1
2024,Q4,IQS,Estudiante,5to grado,PUERTO PLATA,2,2.7,4
2024,Q4,IQS,Estudiante,5to grado,SAN CRISTOBAL,1,1.3,2
2024,Q4,IQS,Estudiante,5to grado,SAN FRANCISCO DE MACORIS,61,43.7,97
2024,Q4,IQS,Estudiante,5to grado,SAN JUAN DE LA MAGUANA,1,0.8,7
2024,Q4,IQS,Estudiante,5to grado,SAN PEDRO DE MACORIS,4,3.1,5
2024,Q4,IQS,Estudiante,5to grado,SANTIAGO,5,4.2,7
2024,Q4,IQS,Estudiante,5to grado,SANTO DOMINGO,24,18.8,33
2024,Q4,IQS,Estudiante,5to grado,Sin ubicación,9,9.9,19
2024,Q4,IQS,Estudiante,6to grado,AZUA,15,8.0,25
2024,Q4,IQS,Estudiante,6to grado,BARAHONA,9,10.2,13
2024,Q4,IQS,Estudiante,6to grado,COTUI,50,24.9,82
2024,Q4,IQS,Estudiante,6to grado,HIGUEY,125,288.7,379
2024,Q4,IQS,Estudiante,6to grado,LA VEGA,68,56.0,124
2024,Q4,IQS,Estudiante,6to grado,MAO,7,14.0,20
2024,Q4,IQS,Estudiante,6to grado,MONTE CRISTI,88,50.5,142
2024,Q4,IQS,Estudiante,6to grado,MONTE PLATA,8,9.1,12
2024,Q4,IQS,Estudiante,6to grado,NAGUA,21,15.4,55
2024,Q4,IQS,Estudiante,6to grado,PUERTO PLATA,91,148.2,175
2024,Q4,IQS,Estudiante,6to grado,SAN CRISTOBAL,20,23.1,34
2024,Q4,IQS,Estudiante,6to grado,SAN FRANCISCO DE MACORIS,88,85.5,163
2024,Q4,IQS,Estudiante,6to grado,SAN JUAN DE LA MAGUANA,96,97.7,192
2024,Q4,IQS,Estudiante,6to grado,SAN PEDRO DE MACORIS,47,62.8,102
2024,Q4,IQS,Estudiante,6to grado,SANTIAGO,247,322.7,639
2024,Q4,IQS,Estudiante,6to grado,SANTO DOMINGO,316,446.7,693
2024,Q4,IQS,Estudiante,6to grado,Sin ubicación,205,253.3,437
2024,Q4,IQS,Estudiante,No especificado,COTUI,1,0.2,2
2024,Q4,IQS,Estudiante,No especificado,LA VEGA,1,0.7,2
2024,Q4,IQS,Estudiante,No especificado,SANTO DOMINGO,1,1.4,1
2024,Q4,IQS,Invitado,6to grado,PUERTO PLATA,1,0.6,1
2024,Q4,IQS,Invitado,6to grado,SANTIAGO,3,1.5,4
2024,Q4,IQS,Invitado,6to grado,SANTO DOMINGO,2,3.4,3
2024,Q4,IQS,Invitado,6to grado,Sin ubicación,134,126.7,200
2025,Q1,IQ512,Aliado de la Alianza,No especificado,Sin ubicación,1,12.7,9
2025,Q1,IQ512,Coordinador,No especificado,Sin ubicación,1,14.0,18
2025,Q1,IQ512,Editor,No especificado,Sin ubicación,1,1.5,4
2025,Q1,IQ512,Estudiante,No especificado,AZUA,27,25.8,56
2025,Q1,IQ512,Estudiante,No especificado,BAHORUCO,7,5.4,12
2025,Q1,IQ512,Estudiante,No especificado,BARAHONA,12,12.3,32
2025,Q1,IQ512,Estudiante,No especificado,COTUI,9,9.9,20
2025,Q1,IQ512,Estudiante,No especificado,LA VEGA,18,29.2,33
2025,Q1,IQ512,Estudiante,No especificado,MAO,7,16.4,19
2025,Q1,IQ512,Estudiante,No especificado,MONTE CRISTI,3,0.6,3
2025,Q1,IQ512,Estudiante,No especificado,MONTE PLATA,2,2.1,4
2025,Q1,IQ512,Estudiante,No especificado,NAGUA,8,4.8,9
2025,Q1,IQ512,Estudiante,No especificado,PUERTO PLATA,2,0.9,3
2025,Q1,IQ512,Estudiante,No especificado,SAN CRISTOBAL,15,9.7,20
2025,Q1,IQ512,Estudiante,No especificado,SAN FRANCISCO DE MACORIS,6,8.8,17
2025,Q1,IQ512,Estudiante,No especificado,SAN JUAN DE LA MAGUANA,43,45.6,103
2025,Q1,IQ512,Estudiante,No especificado,SAN PEDRO DE MACORIS,5,12.6,12
2025,Q1,IQ512,Estudiante,No especificado,SANTIAGO,15,19.3,25
2025,Q1,IQ512,Estudiante,No especificado,SANTO DOMINGO,90,186.0,240
2025,Q1,IQ512,Estudiante,No especificado,Sin ubicación,511,769.2,1006
2025,Q1,IQP,Coordinador,6to grado,Sin ubicación,1,1.4,3
2025,Q1,IQP,Docente,1er grado,Sin ubicación,2,55.1,45
2025,Q1,IQP,Docente,4to grado,SAN PEDRO DE MACORIS,1,9.7,8
2025,Q1,IQP,Docente,4to grado,SANTIAGO,3,5.1,8
2025,Q1,IQP,Docente,4to grado,SANTO DOMINGO,3,4.7,5
2025,Q1,IQP,Docente,4to grado,Sin ubicación,6,11.5,17
2025,Q1,IQP,Docente,5to grado,AZUA,10,10.2,14
2025,Q1,IQP,Docente,5to grado,BAHORUCO,2,0.4,2
2025,Q1,IQP,Docente,5to grado,BARAHONA,8,2.7,8
2025,Q1,IQP,Docente,5to grado,COTUI,4,3.3,5
2025,Q1,IQP,Docente,5to grado,HIGUEY,10,12.1,16
2025,Q1,IQP,Docente,5to grado,LA VEGA,11,14.7,17
2025,Q1,IQP,Docente,5to grado,MAO,24,26.4,36
2025,Q1,IQP,Docente,5to grado,MONTE CRISTI,3,2.0,4
2025,Q1,IQP,Docente,5to grado,MONTE PLATA,1,0.3,1
2025,Q1,IQP,Docente,5to grado,NAGUA,4,2.2,4
2025,Q1,IQP,Docente,5to grado,PUERTO PLATA,4,17.2,15
2025,Q1,IQP,Docente,5to grado,SAN CRISTOBAL,13,35.4,41
2025,Q1,IQP,Docente,5to grado,SAN FRANCISCO DE MACORIS,5,4.0,6
2025,Q1,IQP,Docente,5to grado,SAN JUAN DE LA MAGUANA,2,1.2,2
2025,Q1,IQP,Docente,5to grado,SAN PEDRO DE MACORIS,8,4.7,11
2025,Q1,IQP,Docente,5to grado,SANTIAGO,14,11.2,18
2025,Q1,IQP,Docente,5to grado,SANTO DOMINGO,42,46.4,61
2025,Q1,IQP,Docente,5to grado,Sin ubicación,29,33.9,43
2025,Q1,IQP,Docente,6to grado,BARAHONA,1,20.5,18
2025,Q1,IQP,Docente,6to grado,COTUI,2,1.1,2
2025,Q1,IQP,Docente,6to grado,LA VEGA,3,10.8,15
2025,Q1,IQP,Docente,6to grado,MAO,1,1.3,2
2025,Q1,IQP,Docente,6to grado,MONTE PLATA,1,6.1,12
2025,Q1,IQP,Docente,6to grado,NAGUA,1,11.8,10
2025,Q1,IQP,Docente,6to grado,PUERTO PLATA,1,0.9,1
2025,Q1,IQP,Docente,6to grado,SAN CRISTOBAL,3,1.5,3
2025,Q1,IQP,Docente,6to grado,SANTO DOMINGO,8,6.2,9
2025,Q1,IQP,Docente,6to grado,Sin ubicación,6,15.0,12
2025,Q1,IQP,Docente,No especificado,SANTO DOMINGO,1,0.0,1
2025,Q1,IQP,Estudiante,1er grado,AZUA,1,0.4,1
2025,Q1,IQP,Estudiante,1er grado,BARAHONA,1,2.5,3
2025,Q1,IQP,Estudiante,1er grado,MONTE CRISTI,1,0.6,1
2025,Q1,IQP,Estudiante,1er grado,SAN PEDRO DE MACORIS,1,0.4,1
2025,Q1,IQP,Estudiante,1er grado,SANTIAGO,1,0.5,1
2025,Q1,IQP,Estudiante,1er grado,SANTO DOMINGO,3,1.4,5
2025,Q1,IQP,Estudiante,1er grado,Sin ubicación,6,5.9,10
2025,Q1,IQP,Estudiante,2do grado,AZUA,2,13.9,15
2025,Q1,IQP,Estudiante,2do grado,SANTIAGO,1,1.9,4
2025,Q1,IQP,Estudiante,2do grado,SANTO DOMINGO,3,4.2,3
2025,Q1,IQP,Estudiante,2do grado,Sin ubicación,5,3.3,7
2025,Q1,IQP,Estudiante,3er grado,AZUA,1,1.2,1
2025,Q1,IQP,Estudiante,3er grado,BARAHONA,1,0.3,1
2025,Q1,IQP,Estudiante,3er grado,NAGUA,1,0.3,1
2025,Q1,IQP,Estudiante,3er grado,SAN PEDRO DE MACORIS,1,2.4,1
2025,Q1,IQP,Estudiante,3er grado,SANTIAGO,22,13.6,26
2025,Q1,IQP,Estudiante,3er grado,SANTO DOMINGO,1,0.9,1
2025,Q1,IQP,Estudiante,3er grado,Sin ubicación,6,2.8,7
2025,Q1,IQP,Estudiante,4to grado,BARAHONA,2,0.9,2
2025,Q1,IQP,Estudiante,4to grado,COTUI,1,0.3,1
2025,Q1,IQP,Estudiante,4to grado,LA VEGA,1,0.7,1
2025,Q1,IQP,Estudiante,4to grado,MONTE CRISTI,1,1.0,1
2025,Q1,IQP,Estudiante,4to grado,MONTE PLATA,1,5.7,8
2025,Q1,IQP,Estudiante,4to grado,SAN JUAN DE LA MAGUANA,1,0.1,1
2025,Q1,IQP,Estudiante,4to grado,SANTIAGO,1,0.8,3
2025,Q1,IQP,Estudiante,4to grado,SANTO DOMINGO,9,6.2,9
2025,Q1,IQP,Estudiante,4to grado,Sin ubicación,6,3.0,8
2025,Q1,IQP,Estudiante,5to grado,AZUA,2,0.7,2
2025,Q1,IQP,Estudiante,5to grado,HIGUEY,3,0.9,3
2025,Q1,IQP,Estudiante,5to grado,MAO,1,0.6,1
2025,Q1,IQP,Estudiante,5to grado,MONTE PLATA,1,0.3,1
2025,Q1,IQP,Estudiante,5to grado,PUERTO PLATA,1,0.6,1
2025,Q1,IQP,Estudiante,5to grado,SAN CRISTOBAL,3,1.7,3
2025,Q1,IQP,Estudiante,5to grado,SAN PEDRO DE MACORIS,1,0.6,1
2025,Q1,IQP,Estudiante,5to grado,SANTO DOMINGO,15,13.5,17
2025,Q1,IQP,Estudiante,5to grado,Sin ubicación,7,1.6,9
2025,Q1,IQP,Estudiante,6to grado,AZUA,4,6.5,12
2025,Q1,IQP,Estudiante,6to grado,BAHORUCO,2,0.9,2
2025,Q1,IQP,Estudiante,6to grado,BARAHONA,15,7.4,15
2025,Q1,IQP,Estudiante,6to grado,COTUI,1,0.8,1
2025,Q1,IQP,Estudiante,6to grado,HIGUEY,3,1.2,3
2025,Q1,IQP,Estudiante,6to grado,LA VEGA,1,1.1,1
2025,Q1,IQP,Estudiante,6to grado,MONTE CRISTI,1,0.7,1
2025,Q1,IQP,Estudiante,6to grado,MONTE PLATA,3,2.4,5
2025,Q1,IQP,Estudiante,6to grado,PUERTO PLATA,2,0.8,2
2025,Q1,IQP,Estudiante,6to grado,SAN CRISTOBAL,3,1.9,4
2025,Q1,IQP,Estudiante,6to grado,SAN FRANCISCO DE MACORIS,1,0.3,1
2025,Q1,IQP,Estudiante,6to grado,SAN JUAN DE LA MAGUANA,8,2.8,8
2025,Q1,IQP,Estudiante,6to grado,SAN PEDRO DE MACORIS,7,2.5,7
2025,Q1,IQP,Estudiante,6to grado,SANTIAGO,11,5.1,12
2025,Q1,IQP,Estudiante,6to grado,SANTO DOMINGO,60,46.7,70
2025,Q1,IQP,Estudiante,6to grado,Sin ubicación,86,48.4,96
2025,Q1,IQP,Estudiante,No especificado,Sin ubicación,1,1.3,4
2025,Q1,IQP,Parent,6to grado,Sin ubicación,2,0.5,3
2025,Q1,IQP,Parent,No especificado,Sin ubicación,1,0.7,1
2025,Q1,IQP,Sin rol,No especificado,Sin ubicación,1,13.9,13
2025,Q1,IQS,Admin,6to grado,Sin ubicación,1,1.6,5
2025,Q1,IQS,Admin,No especificado,Sin ubicación,1,0.5,2
2025,Q1,IQS,Docente,1er grado,AZUA,3,1.3,3
2025,Q1,IQS,Docente,1er grado,COTUI,1,0.7,2
2025,Q1,IQS,Docente,1er grado,HIGUEY,1,10.7,10
2025,Q1,IQS,Docente,1er grado,LA VEGA,5,7.6,10
2025,Q1,IQS,Docente,1er grado,MONTE CRISTI,3,8.2,11
2025,Q1,IQS,Docente,1er grado,PUERTO PLATA,2,1.1,5
2025,Q1,IQS,Docente,1er grado,SAN CRISTOBAL,1,0.3,1
2025,Q1,IQS,Docente,1er grado,SAN FRANCISCO DE MACORIS,2,1.3,2
2025,Q1,IQS,Docente,1er grado,SAN JUAN DE LA MAGUANA,1,18.0,17
2025,Q1,IQS,Docente,1er grado,SANTIAGO,6,39.8,29
2025,Q1,IQS,Docente,1er grado,SANTO DOMINGO,10,22.0,34
2025,Q1,IQS,Docente,1er grado,Sin ubicación,22,20.6,30
2025,Q1,IQS,Docente,4to grado,AZUA,27,26.1,48
2025,Q1,IQS,Docente,4to grado,BAHORUCO,4,9.0,9
2025,Q1,IQS,Docente,4to grado,BARAHONA,36,46.9,73
2025,Q1,IQS,Docente,4to grado,COTUI,33,39.8,66
2025,Q1,IQS,Docente,4to grado,HIGUEY,17,18.4,34
2025,Q1,IQS,Docente,4to grado,LA VEGA,51,69.8,100
2025,Q1,IQS,Docente,4to grado,MAO,3,1.2,6
2025,Q1,IQS,Docente,4to grado,MONTE CRISTI,30,45.5,69
2025,Q1,IQS,Docente,4to grado,MONTE PLATA,12,7.1,14
2025,Q1,IQS,Docente,4to grado,NAGUA,20,26.9,33
2025,Q1,IQS,Docente,4to grado,PUERTO PLATA,25,46.8,63
2025,Q1,IQS,Docente,4to grado,SAN CRISTOBAL,25,46.1,55
2025,Q1,IQS,Docente,4to grado,SAN FRANCISCO DE MACORIS,50,72.4,113
2025,Q1,IQS,Docente,4to grado,SAN JUAN DE LA MAGUANA,10,20.0,20
2025,Q1,IQS,Docente,4to grado,SAN PEDRO DE MACORIS,43,51.1,68
2025,Q1,IQS,Docente,4to grado,SANTIAGO,74,132.1,192
2025,Q1,IQS,Docente,4to grado,SANTO DOMINGO,120,178.1,280
2025,Q1,IQS,Docente,4to grado,Sin ubicación,135,137.8,253
2025,Q1,IQS,Docente,6to grado,AZUA,1,0.5,1
2025,Q1,IQS,Docente,6to grado,LA VEGA,1,1.6,1
2025,Q1,IQS,Docente,6to grado,MONTE CRISTI,2,8.6,8
2025,Q1,IQS,Docente,6to grado,MONTE PLATA,2,3.2,3
2025,Q1,IQS,Docente,6to grado,SAN FRANCISCO DE MACORIS,4,7.0,9
2025,Q1,IQS,Docente,6to grado,SAN PEDRO DE MACORIS,3,1.4,3
2025,Q1,IQS,Docente,6to grado,SANTIAGO,1,0.6,1
2025,Q1,IQS,Docente,6to grado,SANTO DOMINGO,8,42.3,23
2025,Q1,IQS,Docente,6to grado,Sin ubicación,10,6.0,14
2025,Q1,IQS,Docente,No especificado,SANTIAGO,1,0.8,1
2025,Q1,IQS,Docente,No especificado,Sin ubicación,2,0.8,4
2025,Q1,IQS,Editor,No especificado,SANTIAGO,1,8.1,9
2025,Q1,IQS,Estudiante,1er grado,AZUA,1,1.6,3
2025,Q1,IQS,Estudiante,1er grado,BAHORUCO,1,0.5,2
2025,Q1,IQS,Estudiante,1er grado,BARAHONA,13,13.6,39
2025,Q1,IQS,Estudiante,1er grado,COTUI,6,1.9,12
2025,Q1,IQS,Estudiante,1er grado,HIGUEY,1,2.8,4
2025,Q1,IQS,Estudiante,1er grado,LA VEGA,4,4.0,16
2025,Q1,IQS,Estudiante,1er grado,MAO,3,1.5,5
2025,Q1,IQS,Estudiante,1er grado,MONTE CRISTI,4,5.0,10
2025,Q1,IQS,Estudiante,1er grado,NAGUA,4,6.4,12
2025,Q1,IQS,Estudiante,1er grado,PUERTO PLATA,1,0.7,2
2025,Q1,IQS,Estudiante,1er grado,SAN CRISTOBAL,3,1.1,7
2025,Q1,IQS,Estudiante,1er grado,SAN FRANCISCO DE MACORIS,7,18.1,42
2025,Q1,IQS,Estudiante,1er grado,SAN JUAN DE LA MAGUANA,1,3.4,8
2025,Q1,IQS,Estudiante,1er grado,SAN PEDRO DE MACORIS,4,1.8,7
2025,Q1,IQS,Estudiante,1er grado,SANTIAGO,14,31.2,55
2025,Q1,IQS,Estudiante,1er grado,SANTO DOMINGO,30,26.6,64
2025,Q1,IQS,Estudiante,1er grado,Sin ubicación,26,14.3,59
2025,Q1,IQS,Estudiante,2do grado,AZUA,1,0.5,1
2025,Q1,IQS,Estudiante,2do grado,BAHORUCO,1,0.4,2
2025,Q1,IQS,Estudiante,2do grado,BARAHONA,3,3.7,7
2025,Q1,IQS,Estudiante,2do grado,COTUI,9,15.1,19
2025,Q1,IQS,Estudiante,2do grado,LA VEGA,6,6.7,11
2025,Q1,IQS,Estudiante,2do grado,MONTE CRISTI,8,5.2,14
2025,Q1,IQS,Estudiante,2do grado,MONTE PLATA,1,0.4,1
2025,Q1,IQS,Estudiante,2do grado,NAGUA,2,3.3,5
2025,Q1,IQS,Estudiante,2do grado,PUERTO PLATA,2,1.6,2
2025,Q1,IQS,Estudiante,2do grado,SAN CRISTOBAL,5,2.2,9
2025,Q1,IQS,Estudiante,2do grado,SAN FRANCISCO DE MACORIS,11,6.4,17
2025,Q1,IQS,Estudiante,2do grado,SAN PEDRO DE MACORIS,4,1.3,5
2025,Q1,IQS,Estudiante,2do grado,SANTIAGO,34,29.8,62
2025,Q1,IQS,Estudiante,2do grado,SANTO DOMINGO,32,21.8,58
2025,Q1,IQS,Estudiante,2do grado,Sin ubicación,28,24.6,50
2025,Q1,IQS,Estudiante,3er grado,AZUA,2,0.5,4
2025,Q1,IQS,Estudiante,3er grado,BARAHONA,7,4.2,7
2025,Q1,IQS,Estudiante,3er grado,COTUI,55,195.0,284
2025,Q1,IQS,Estudiante,3er grado,HIGUEY,72,49.4,80
2025,Q1,IQS,Estudiante,3er grado,LA VEGA,4,1.4,6
2025,Q1,IQS,Estudiante,3er grado,MAO,8,5.1,9
2025,Q1,IQS,Estudiante,3er grado,MONTE CRISTI,19,12.4,24
2025,Q1,IQS,Estudiante,3er grado,MONTE PLATA,16,10.9,16
2025,Q1,IQS,Estudiante,3er grado,NAGUA,23,27.2,37
2025,Q1,IQS,Estudiante,3er grado,PUERTO PLATA,23,11.8,30
2025,Q1,IQS,Estudiante,3er grado,SAN CRISTOBAL,2,1.8,3
2025,Q1,IQS,Estudiante,3er grado,SAN FRANCISCO DE MACORIS,9,10.1,13
2025,Q1,IQS,Estudiante,3er grado,SAN JUAN DE LA MAGUANA,20,17.1,26
2025,Q1,IQS,Estudiante,3er grado,SAN PEDRO DE MACORIS,26,40.0,37
2025,Q1,IQS,Estudiante,3er grado,SANTIAGO,154,169.5,290
2025,Q1,IQS,Estudiante,3er grado,SANTO DOMINGO,31,25.3,58
2025,Q1,IQS,Estudiante,3er grado,Sin ubicación,119,114.7,208
2025,Q1,IQS,Estudiante,4to grado,AZUA,3,2.4,7
2025,Q1,IQS,Estudiante,4to grado,BAHORUCO,1,0.3,2
2025,Q1,IQS,Estudiante,4to grado,BARAHONA,7,9.6,12
2025,Q1,IQS,Estudiante,4to grado,COTUI,9,7.1,22
2025,Q1,IQS,Estudiante,4to grado,HIGUEY,15,11.0,21
2025,Q1,IQS,Estudiante,4to grado,LA VEGA,34,60.4,122
2025,Q1,IQS,Estudiante,4to grado,MAO,2,0.9,4
2025,Q1,IQS,Estudiante,4to grado,MONTE CRISTI,2,2.5,2
2025,Q1,IQS,Estudiante,4to grado,NAGUA,15,12.0,17
2025,Q1,IQS,Estudiante,4to grado,PUERTO PLATA,2,1.6,4
2025,Q1,IQS,Estudiante,4to grado,SAN CRISTOBAL,5,2.7,6
2025,Q1,IQS,Estudiante,4to grado,SAN FRANCISCO DE MACORIS,42,49.1,87
2025,Q1,IQS,Estudiante,4to grado,SAN JUAN DE LA MAGUANA,21,29.6,40
2025,Q1,IQS,Estudiante,4to grado,SAN PEDRO DE MACORIS,8,11.2,13
2025,Q1,IQS,Estudiante,4to grado,SANTIAGO,27,34.7,70
2025,Q1,IQS,Estudiante,4to grado,SANTO DOMINGO,62,82.5,103
2025,Q1,IQS,Estudiante,4to grado,Sin ubicación,78,92.4,151
2025,Q1,IQS,Estudiante,5to grado,AZUA,3,1.3,3
2025,Q1,IQS,Estudiante,5to grado,BARAHONA,5,6.9,13
2025,Q1,IQS,Estudiante,5to grado,HIGUEY,7,6.0,18
2025,Q1,IQS,Estudiante,5to grado,LA VEGA,7,8.1,15
2025,Q1,IQS,Estudiante,5to grado,MONTE PLATA,1,0.5,1
2025,Q1,IQS,Estudiante,5to grado,PUERTO PLATA,7,9.8,28
2025,Q1,IQS,Estudiante,5to grado,SAN CRISTOBAL,2,0.9,2
2025,Q1,IQS,Estudiante,5to grado,SAN FRANCISCO DE MACORIS,34,41.6,70
2025,Q1,IQS,Estudiante,5to grado,SAN JUAN DE LA MAGUANA,1,6.0,13
2025,Q1,IQS,Estudiante,5to grado,SAN PEDRO DE MACORIS,11,19.4,21
2025,Q1,IQS,Estudiante,5to grado,SANTIAGO,18,19.0,36
2025,Q1,IQS,Estudiante,5to grado,SANTO DOMINGO,33,31.2,59
2025,Q1,IQS,Estudiante,5to grado,Sin ubicación,43,50.8,91
2025,Q1,IQS,Estudiante,6to grado,AZUA,176,139.6,284
2025,Q1,IQS,Estudiante,6to grado,BAHORUCO,6,4.0,8
2025,Q1,IQS,Estudiante,6to grado,BARAHONA,263,366.3,655
2025,Q1,IQS,Estudiante,6to grado,COTUI,128,128.0,299
2025,Q1,IQS,Estudiante,6to grado,HIGUEY,131,135.4,259
2025,Q1,IQS,Estudiante,6to grado,LA VEGA,224,272.0,510
2025,Q1,IQS,Estudiante,6to grado,MAO,36,27.2,84
2025,Q1,IQS,Estudiante,6to grado,MONTE CRISTI,175,235.6,406
2025,Q1,IQS,Estudiante,6to grado,MONTE PLATA,34,37.5,65
2025,Q1,IQS,Estudiante,6to grado,NAGUA,153,157.5,312
2025,Q1,IQS,Estudiante,6to grado,PUERTO PLATA,152,150.5,312
2025,Q1,IQS,Estudiante,6to grado,SAN CRISTOBAL,291,294.6,537
2025,Q1,IQS,Estudiante,6to grado,SAN FRANCISCO DE MACORIS,394,394.6,895
2025,Q1,IQS,Estudiante,6to grado,SAN JUAN DE LA MAGUANA,259,1038.7,1259
2025,Q1,IQS,Estudiante,6to grado,SAN PEDRO DE MACORIS,211,818.4,785
2025,Q1,IQS,Estudiante,6to grado,SANTIAGO,789,1515.9,2167
2025,Q1,IQS,Estudiante,6to grado,SANTO DOMINGO,1058,1221.7,2208
2025,Q1,IQS,Estudiante,6to grado,Sin ubicación,1104,1409.2,2695
2025,Q1,IQS,Estudiante,No especificado,SANTO DOMINGO,1,0.3,1
2025,Q1,IQS,Invitado,6to grado,SAN PEDRO DE MACORIS,1,0.4,2
2025,Q1,IQS,Invitado,6to grado,SANTIAGO,3,35.1,26
2025,Q1,IQS,Invitado,6to grado,SANTO DOMINGO,4,2.7,6
2025,Q1,IQS,Invitado,6to grado,Sin ubicación,267,271.0,460
2025,Q1,IQS,Invitado,No especificado,Sin ubicación,1,0.6,2
2025,Q2,IQ512,Aliado de la Alianza,No especificado,Sin ubicación,1,1.0,3
2025,Q2,IQ512,Coordinador,No especificado,Sin ubicación,1,0.0,1
2025,Q2,IQ512,Editor,No especificado,Sin ubicación,1,4.3,2
2025,Q2,IQ512,Estudiante,No especificado,AZUA,18,13.5,43
2025,Q2,IQ512,Estudiante,No especificado,BAHORUCO,5,2.6,7
2025,Q2,IQ512,Estudiante,No especificado,BARAHONA,10,10.2,34
2025,Q2,IQ512,Estudiante,No especificado,COTUI,6,8.3,14
2025,Q2,IQ512,Estudiante,No especificado,HIGUEY,1,0.1,1
2025,Q2,IQ512,Estudiante,No especificado,LA VEGA,11,9.4,16
2025,Q2,IQ512,Estudiante,No especificado,MAO,6,6.9,12
2025,Q2,IQ512,Estudiante,No especificado,MONTE CRISTI,2,0.2,2
2025,Q2,IQ512,Estudiante,No especificado,NAGUA,3,6.2,6
2025,Q2,IQ512,Estudiante,No especificado,PUERTO PLATA,3,2.8,4
2025,Q2,IQ512,Estudiante,No especificado,SAN CRISTOBAL,10,13.3,20
2025,Q2,IQ512,Estudiante,No especificado,SAN FRANCISCO DE MACORIS,3,4.1,7
2025,Q2,IQ512,Estudiante,No especificado,SAN JUAN DE LA MAGUANA,40,21.5,70
2025,Q2,IQ512,Estudiante,No especificado,SAN PEDRO DE MACORIS,5,4.3,9
2025,Q2,IQ512,Estudiante,No especificado,SANTIAGO,6,2.8,6
2025,Q2,IQ512,Estudiante,No especificado,SANTO DOMINGO,39,46.5,76
2025,Q2,IQ512,Estudiante,No especificado,Sin ubicación,326,333.7,622
2025,Q2,IQP,Docente,1er grado,Sin ubicación,2,14.4,16
2025,Q2,IQP,Docente,4to grado,BARAHONA,1,0.2,1
2025,Q2,IQP,Docente,4to grado,LA VEGA,1,0.4,1
2025,Q2,IQP,Docente,4to grado,SAN CRISTOBAL,1,0.2,1
2025,Q2,IQP,Docente,4to grado,SAN PEDRO DE MACORIS,2,9.2,6
2025,Q2,IQP,Docente,4to grado,SANTIAGO,2,0.9,3
2025,Q2,IQP,Docente,4to grado,SANTO DOMINGO,2,24.5,16
2025,Q2,IQP,Docente,4to grado,Sin ubicación,10,8.7,14
2025,Q2,IQP,Docente,5to grado,AZUA,8,9.0,8
2025,Q2,IQP,Docente,5to grado,BAHORUCO,4,2.9,4
2025,Q2,IQP,Docente,5to grado,BARAHONA,6,3.3,7
2025,Q2,IQP,Docente,5to grado,COTUI,6,5.5,8
2025,Q2,IQP,Docente,5to grado,HIGUEY,7,6.7,11
2025,Q2,IQP,Docente,5to grado,LA VEGA,27,15.9,32
2025,Q2,IQP,Docente,5to grado,MAO,5,8.8,16
2025,Q2,IQP,Docente,5to grado,MONTE CRISTI,7,3.4,7
2025,Q2,IQP,Docente,5to grado,MONTE PLATA,4,1.7,4
2025,Q2,IQP,Docente,5to grado,NAGUA,6,4.0,8
2025,Q2,IQP,Docente,5to grado,PUERTO PLATA,6,19.2,23
2025,Q2,IQP,Docente,5to grado,SAN CRISTOBAL,9,15.1,19
2025,Q2,IQP,Docente,5to grado,SAN FRANCISCO DE MACORIS,16,24.6,24
2025,Q2,IQP,Docente,5to grado,SAN JUAN DE LA MAGUANA,11,9.2,12
2025,Q2,IQP,Docente,5to grado,SAN PEDRO DE MACORIS,21,30.6,32
2025,Q2,IQP,Docente,5to grado,SANTIAGO,14,5.6,18
2025,Q2,IQP,Docente,5to grado,SANTO DOMINGO,46,38.3,56
2025,Q2,IQP,Docente,5to grado,Sin ubicación,57,51.7,85
2025,Q2,IQP,Docente,6to grado,BARAHONA,1,0.7,3
2025,Q2,IQP,Docente,6to grado,COTUI,1,7.7,5
2025,Q2,IQP,Docente,6to grado,LA VEGA,4,4.9,8
2025,Q2,IQP,Docente,6to grado,MAO,1,0.5,1
2025,Q2,IQP,Docente,6to grado,MONTE PLATA,1,6.7,7
2025,Q2,IQP,Docente,6to grado,NAGUA,3,5.3,7
2025,Q2,IQP,Docente,6to grado,SAN CRISTOBAL,1,0.1,1
2025,Q2,IQP,Docente,6to grado,SAN PEDRO DE MACORIS,2,1.9,2
2025,Q2,IQP,Docente,6to grado,SANTIAGO,3,5.1,6
2025,Q2,IQP,Docente,6to grado,SANTO DOMINGO,5,5.1,9
2025,Q2,IQP,Docente,6to grado,Sin ubicación,3,28.2,12
2025,Q2,IQP,Docente,No especificado,SANTO DOMINGO,1,0.2,1
2025,Q2,IQP,Docente,No especificado,Sin ubicación,2,2.7,6
2025,Q2,IQP,Estudiante,1er grado,AZUA,8,5.6,8
2025,Q2,IQP,Estudiante,1er grado,SAN CRISTOBAL,1,0.4,1
2025,Q2,IQP,Estudiante,1er grado,SANTIAGO,2,0.8,2
2025,Q2,IQP,Estudiante,1er grado,SANTO DOMINGO,1,0.8,1
2025,Q2,IQP,Estudiante,1er grado,Sin ubicación,4,15.3,11
2025,Q2,IQP,Estudiante,2do grado,AZUA,1,1.3,4
2025,Q2,IQP,Estudiante,2do grado,BAHORUCO,1,1.2,1
2025,Q2,IQP,Estudiante,2do grado,BARAHONA,2,0.4,2
2025,Q2,IQP,Estudiante,2do grado,COTUI,3,1.6,3
2025,Q2,IQP,Estudiante,2do grado,NAGUA,1,0.8,1
2025,Q2,IQP,Estudiante,2do grado,SAN CRISTOBAL,3,2.5,3
2025,Q2,IQP,Estudiante,2do grado,SAN FRANCISCO DE MACORIS,1,0.1,1
2025,Q2,IQP,Estudiante,2do grado,SAN PEDRO DE MACORIS,1,1.2,1
2025,Q2,IQP,Estudiante,2do grado,SANTIAGO,2,0.8,2
2025,Q2,IQP,Estudiante,2do grado,SANTO DOMINGO,4,1.8,4
2025,Q2,IQP,Estudiante,2do grado,Sin ubicación,4,23.0,10
2025,Q2,IQP,Estudiante,3er grado,AZUA,3,1.5,3
2025,Q2,IQP,Estudiante,3er grado,BAHORUCO,1,0.9,1
2025,Q2,IQP,Estudiante,3er grado,BARAHONA,2,1.1,2
2025,Q2,IQP,Estudiante,3er grado,HIGUEY,3,1.6,3
2025,Q2,IQP,Estudiante,3er grado,MAO,2,1.0,2
2025,Q2,IQP,Estudiante,3er grado,MONTE CRISTI,2,1.2,3
2025,Q2,IQP,Estudiante,3er grado,MONTE PLATA,1,0.4,1
2025,Q2,IQP,Estudiante,3er grado,SAN CRISTOBAL,3,2.2,3
2025,Q2,IQP,Estudiante,3er grado,SAN FRANCISCO DE MACORIS,36,101.3,100
2025,Q2,IQP,Estudiante,3er grado,SAN PEDRO DE MACORIS,3,4.9,6
2025,Q2,IQP,Estudiante,3er grado,SANTIAGO,36,54.2,73
2025,Q2,IQP,Estudiante,3er grado,SANTO DOMINGO,5,3.4,5
2025,Q2,IQP,Estudiante,3er grado,Sin ubicación,38,29.6,51
2025,Q2,IQP,Estudiante,4to grado,AZUA,6,14.1,6
2025,Q2,IQP,Estudiante,4to grado,BAHORUCO,1,0.2,1
2025,Q2,IQP,Estudiante,4to grado,BARAHONA,2,0.5,2
2025,Q2,IQP,Estudiante,4to grado,COTUI,2,0.9,2
2025,Q2,IQP,Estudiante,4to grado,HIGUEY,1,0.3,1
2025,Q2,IQP,Estudiante,4to grado,LA VEGA,2,1.4,2
2025,Q2,IQP,Estudiante,4to grado,MAO,1,0.5,1
2025,Q2,IQP,Estudiante,4to grado,MONTE PLATA,1,20.8,15
2025,Q2,IQP,Estudiante,4to grado,NAGUA,1,0.5,1
2025,Q2,IQP,Estudiante,4to grado,SAN CRISTOBAL,3,2.8,3
2025,Q2,IQP,Estudiante,4to grado,SANTIAGO,5,2.4,5
2025,Q2,IQP,Estudiante,4to grado,SANTO DOMINGO,8,4.2,8
2025,Q2,IQP,Estudiante,4to grado,Sin ubicación,6,2.9,7
2025,Q2,IQP,Estudiante,5to grado,AZUA,3,4.3,3
2025,Q2,IQP,Estudiante,5to grado,BAHORUCO,1,0.1,1
2025,Q2,IQP,Estudiante,5to grado,BARAHONA,1,0.6,1
2025,Q2,IQP,Estudiante,5to grado,COTUI,1,0.2,1
2025,Q2,IQP,Estudiante,5to grado,HIGUEY,1,0.4,1
2025,Q2,IQP,Estudiante,5to grado,LA VEGA,19,10.4,19
2025,Q2,IQP,Estudiante,5to grado,MONTE PLATA,2,0.8,2
2025,Q2,IQP,Estudiante,5to grado,NAGUA,2,1.2,2
2025,Q2,IQP,Estudiante,5to grado,PUERTO PLATA,2,0.7,2
2025,Q2,IQP,Estudiante,5to grado,SAN CRISTOBAL,1,1.2,1
2025,Q2,IQP,Estudiante,5to grado,SAN FRANCISCO DE MACORIS,2,1.0,2
2025,Q2,IQP,Estudiante,5to grado,SAN JUAN DE LA MAGUANA,1,0.4,1
2025,Q2,IQP,Estudiante,5to grado,SAN PEDRO DE MACORIS,4,2.5,4
2025,Q2,IQP,Estudiante,5to grado,SANTIAGO,2,0.4,2
2025,Q2,IQP,Estudiante,5to grado,SANTO DOMINGO,8,7.8,12
2025,Q2,IQP,Estudiante,5to grado,Sin ubicación,7,29.2,19
2025,Q2,IQP,Estudiante,6to grado,AZUA,11,8.1,13
2025,Q2,IQP,Estudiante,6to grado,BAHORUCO,3,1.1,4
2025,Q2,IQP,Estudiante,6to grado,BARAHONA,11,9.3,14
2025,Q2,IQP,Estudiante,6to grado,COTUI,7,4.2,8
2025,Q2,IQP,Estudiante,6to grado,HIGUEY,19,30.4,39
2025,Q2,IQP,Estudiante,6to grado,LA VEGA,33,36.5,57
2025,Q2,IQP,Estudiante,6to grado,MONTE CRISTI,3,4.5,7
2025,Q2,IQP,Estudiante,6to grado,MONTE PLATA,6,4.6,6
2025,Q2,IQP,Estudiante,6to grado,NAGUA,4,1.4,4
2025,Q2,IQP,Estudiante,6to grado,PUERTO PLATA,8,3.9,8
2025,Q2,IQP,Estudiante,6to grado,SAN CRISTOBAL,15,5.9,16
2025,Q2,IQP,Estudiante,6to grado,SAN FRANCISCO DE MACORIS,5,2.9,5
2025,Q2,IQP,Estudiante,6to grado,SAN JUAN DE LA MAGUANA,4,1.8,4
2025,Q2,IQP,Estudiante,6to grado,SAN PEDRO DE MACORIS,25,14.9,28
2025,Q2,IQP,Estudiante,6to grado,SANTIAGO,36,18.7,43
2025,Q2,IQP,Estudiante,6to grado,SANTO DOMINGO,72,46.4,77
2025,Q2,IQP,Estudiante,6to grado,Sin ubicación,155,113.0,195
2025,Q2,IQP,Sin rol,No especificado,Sin ubicación,1,22.6,26
2025,Q2,IQS,Admin,No especificado,Sin ubicación,1,0.4,1
2025,Q2,IQS,Docente,1er grado,AZUA,3,10.1,17
2025,Q2,IQS,Docente,1er grado,BAHORUCO,1,6.7,5
2025,Q2,IQS,Docente,1er grado,BARAHONA,1,0.2,2
2025,Q2,IQS,Docente,1er grado,COTUI,2,2.8,6
2025,Q2,IQS,Docente,1er grado,HIGUEY,4,14.2,18
2025,Q2,IQS,Docente,1er grado,LA VEGA,4,4.2,5
2025,Q2,IQS,Docente,1er grado,MAO,2,7.1,11
2025,Q2,IQS,Docente,1er grado,MONTE CRISTI,4,10.2,10
2025,Q2,IQS,Docente,1er grado,PUERTO PLATA,4,11.4,15
2025,Q2,IQS,Docente,1er grado,SAN CRISTOBAL,2,1.2,3
2025,Q2,IQS,Docente,1er grado,SAN FRANCISCO DE MACORIS,3,2.2,3
2025,Q2,IQS,Docente,1er grado,SAN JUAN DE LA MAGUANA,2,25.2,29
2025,Q2,IQS,Docente,1er grado,SANTIAGO,8,20.2,27
2025,Q2,IQS,Docente,1er grado,SANTO DOMINGO,26,46.6,68
2025,Q2,IQS,Docente,1er grado,Sin ubicación,29,31.6,57
2025,Q2,IQS,Docente,2do grado,SANTO DOMINGO,1,0.2,1
2025,Q2,IQS,Docente,4to grado,AZUA,71,168.9,201
2025,Q2,IQS,Docente,4to grado,BAHORUCO,28,41.0,49
2025,Q2,IQS,Docente,4to grado,BARAHONA,64,101.9,143
2025,Q2,IQS,Docente,4to grado,COTUI,94,165.3,218
2025,Q2,IQS,Docente,4to grado,HIGUEY,80,188.2,208
2025,Q2,IQS,Docente,4to grado,LA VEGA,167,309.3,382
2025,Q2,IQS,Docente,4to grado,MAO,43,89.9,98
2025,Q2,IQS,Docente,4to grado,MONTE CRISTI,65,181.1,217
2025,Q2,IQS,Docente,4to grado,MONTE PLATA,39,44.3,59
2025,Q2,IQS,Docente,4to grado,NAGUA,50,100.5,127
2025,Q2,IQS,Docente,4to grado,PUERTO PLATA,78,117.6,180
2025,Q2,IQS,Docente,4to grado,SAN CRISTOBAL,88,167.2,183
2025,Q2,IQS,Docente,4to grado,SAN FRANCISCO DE MACORIS,133,179.0,263
2025,Q2,IQS,Docente,4to grado,SAN JUAN DE LA MAGUANA,45,82.7,114
2025,Q2,IQS,Docente,4to grado,SAN PEDRO DE MACORIS,150,266.6,349
2025,Q2,IQS,Docente,4to grado,SANTIAGO,309,701.5,856
2025,Q2,IQS,Docente,4to grado,SANTO DOMINGO,465,1007.5,1192
2025,Q2,IQS,Docente,4to grado,Sin ubicación,551,658.2,1052
2025,Q2,IQS,Docente,6to grado,AZUA,1,9.0,6
2025,Q2,IQS,Docente,6to grado,BAHORUCO,1,0.0,1
2025,Q2,IQS,Docente,6to grado,COTUI,6,2.8,9
2025,Q2,IQS,Docente,6to grado,HIGUEY,5,7.5,11
2025,Q2,IQS,Docente,6to grado,LA VEGA,6,26.9,22
2025,Q2,IQS,Docente,6to grado,MAO,1,1.9,2
2025,Q2,IQS,Docente,6to grado,MONTE CRISTI,5,15.3,18
2025,Q2,IQS,Docente,6to grado,MONTE PLATA,4,9.4,10
2025,Q2,IQS,Docente,6to grado,NAGUA,3,2.3,4
2025,Q2,IQS,Docente,6to grado,PUERTO PLATA,3,1.9,5
2025,Q2,IQS,Docente,6to grado,SAN CRISTOBAL,3,3.0,3
2025,Q2,IQS,Docente,6to grado,SAN FRANCISCO DE MACORIS,8,12.1,14
2025,Q2,IQS,Docente,6to grado,SAN PEDRO DE MACORIS,4,9.7,11
2025,Q2,IQS,Docente,6to grado,SANTIAGO,15,11.3,23
2025,Q2,IQS,Docente,6to grado,SANTO DOMINGO,21,59.9,66
2025,Q2,IQS,Docente,6to grado,Sin ubicación,21,32.1,42
2025,Q2,IQS,Docente,No especificado,BARAHONA,1,1.3,3
2025,Q2,IQS,Docente,No especificado,SAN PEDRO DE MACORIS,1,13.3,6
2025,Q2,IQS,Docente,No especificado,SANTIAGO,3,4.6,10
2025,Q2,IQS,Docente,No especificado,SANTO DOMINGO,3,2.8,4
2025,Q2,IQS,Docente,No especificado,Sin ubicación,4,3.0,8
2025,Q2,IQS,Editor,No especificado,SANTIAGO,1,232.1,58
2025,Q2,IQS,Estudiante,1er grado,AZUA,20,15.1,56
2025,Q2,IQS,Estudiante,1er grado,BAHORUCO,5,5.8,19
2025,Q2,IQS,Estudiante,1er grado,BARAHONA,21,26.0,71
2025,Q2,IQS,Estudiante,1er grado,COTUI,16,22.1,67
2025,Q2,IQS,Estudiante,1er grado,HIGUEY,32,35.5,112
2025,Q2,IQS,Estudiante,1er grado,LA VEGA,27,31.0,111
2025,Q2,IQS,Estudiante,1er grado,MAO,6,4.4,14
2025,Q2,IQS,Estudiante,1er grado,MONTE CRISTI,9,19.8,31
2025,Q2,IQS,Estudiante,1er grado,MONTE PLATA,11,12.8,29
2025,Q2,IQS,Estudiante,1er grado,NAGUA,12,19.7,39
2025,Q2,IQS,Estudiante,1er grado,PUERTO PLATA,7,11.9,30
2025,Q2,IQS,Estudiante,1er grado,SAN CRISTOBAL,31,26.2,79
2025,Q2,IQS,Estudiante,1er grado,SAN FRANCISCO DE MACORIS,34,34.1,98
2025,Q2,IQS,Estudiante,1er grado,SAN JUAN DE LA MAGUANA,20,21.4,55
2025,Q2,IQS,Estudiante,1er grado,SAN PEDRO DE MACORIS,32,29.4,81
2025,Q2,IQS,Estudiante,1er grado,SANTIAGO,64,68.8,165
2025,Q2,IQS,Estudiante,1er grado,SANTO DOMINGO,213,264.0,634
2025,Q2,IQS,Estudiante,1er grado,Sin ubicación,192,201.0,574
2025,Q2,IQS,Estudiante,2do grado,AZUA,25,21.3,45
2025,Q2,IQS,Estudiante,2do grado,BAHORUCO,11,10.1,29
2025,Q2,IQS,Estudiante,2do grado,BARAHONA,15,15.7,36
2025,Q2,IQS,Estudiante,2do grado,COTUI,17,16.6,35
2025,Q2,IQS,Estudiante,2do grado,HIGUEY,9,10.9,25
2025,Q2,IQS,Estudiante,2do grado,LA VEGA,19,28.4,47
2025,Q2,IQS,Estudiante,2do grado,MAO,3,5.6,10
2025,Q2,IQS,Estudiante,2do grado,MONTE CRISTI,27,46.6,84
2025,Q2,IQS,Estudiante,2do grado,MONTE PLATA,10,10.0,24
2025,Q2,IQS,Estudiante,2do grado,NAGUA,16,23.6,59
2025,Q2,IQS,Estudiante,2do grado,PUERTO PLATA,12,11.2,30
2025,Q2,IQS,Estudiante,2do grado,SAN CRISTOBAL,30,36.3,71
2025,Q2,IQS,Estudiante,2do grado,SAN FRANCISCO DE MACORIS,41,49.7,94
2025,Q2,IQS,Estudiante,2do grado,SAN JUAN DE LA MAGUANA,14,16.3,26
2025,Q2,IQS,Estudiante,2do grado,SAN PEDRO DE MACORIS,33,47.1,87
2025,Q2,IQS,Estudiante,2do grado,SANTIAGO,129,197.6,313
2025,Q2,IQS,Estudiante,2do grado,SANTO DOMINGO,186,221.2,407
2025,Q2,IQS,Estudiante,2do grado,Sin ubicación,223,227.9,397
2025,Q2,IQS,Estudiante,3er grado,AZUA,23,30.6,47
2025,Q2,IQS,Estudiante,3er grado,BAHORUCO,11,5.6,14
2025,Q2,IQS,Estudiante,3er grado,BARAHONA,50,38.2,84
2025,Q2,IQS,Estudiante,3er grado,COTUI,40,69.4,91
2025,Q2,IQS,Estudiante,3er grado,HIGUEY,175,294.9,328
2025,Q2,IQS,Estudiante,3er grado,LA VEGA,46,57.9,90
2025,Q2,IQS,Estudiante,3er grado,MAO,58,35.5,67
2025,Q2,IQS,Estudiante,3er grado,MONTE CRISTI,116,177.9,293
2025,Q2,IQS,Estudiante,3er grado,MONTE PLATA,42,33.5,57
2025,Q2,IQS,Estudiante,3er grado,NAGUA,21,18.4,56
2025,Q2,IQS,Estudiante,3er grado,PUERTO PLATA,32,37.1,53
2025,Q2,IQS,Estudiante,3er grado,SAN CRISTOBAL,50,62.6,101
2025,Q2,IQS,Estudiante,3er grado,SAN FRANCISCO DE MACORIS,192,287.2,392
2025,Q2,IQS,Estudiante,3er grado,SAN JUAN DE LA MAGUANA,34,37.4,56
2025,Q2,IQS,Estudiante,3er grado,SAN PEDRO DE MACORIS,95,130.6,242
2025,Q2,IQS,Estudiante,3er grado,SANTIAGO,1086,3261.8,3340
2025,Q2,IQS,Estudiante,3er grado,SANTO DOMINGO,447,860.6,1110
2025,Q2,IQS,Estudiante,3er grado,Sin ubicación,838,1211.4,1722
2025,Q2,IQS,Estudiante,4to grado,AZUA,77,116.5,179
2025,Q2,IQS,Estudiante,4to grado,BAHORUCO,31,38.3,66
2025,Q2,IQS,Estudiante,4to grado,BARAHONA,40,56.7,81
2025,Q2,IQS,Estudiante,4to grado,COTUI,64,93.4,172
2025,Q2,IQS,Estudiante,4to grado,HIGUEY,65,98.8,148
2025,Q2,IQS,Estudiante,4to grado,LA VEGA,132,269.3,356
2025,Q2,IQS,Estudiante,4to grado,MAO,14,28.0,34
2025,Q2,IQS,Estudiante,4to grado,MONTE CRISTI,21,35.6,48
2025,Q2,IQS,Estudiante,4to grado,MONTE PLATA,44,38.0,67
2025,Q2,IQS,Estudiante,4to grado,NAGUA,77,170.3,235
2025,Q2,IQS,Estudiante,4to grado,PUERTO PLATA,26,27.2,61
2025,Q2,IQS,Estudiante,4to grado,SAN CRISTOBAL,42,52.3,110
2025,Q2,IQS,Estudiante,4to grado,SAN FRANCISCO DE MACORIS,126,179.8,312
2025,Q2,IQS,Estudiante,4to grado,SAN JUAN DE LA MAGUANA,85,117.4,186
2025,Q2,IQS,Estudiante,4to grado,SAN PEDRO DE MACORIS,89,138.2,187
2025,Q2,IQS,Estudiante,4to grado,SANTIAGO,179,266.0,445
2025,Q2,IQS,Estudiante,4to grado,SANTO DOMINGO,394,626.6,937
2025,Q2,IQS,Estudiante,4to grado,Sin ubicación,520,786.9,1196
2025,Q2,IQS,Estudiante,5to grado,AZUA,10,18.6,57
2025,Q2,IQS,Estudiante,5to grado,BAHORUCO,3,2.0,5
2025,Q2,IQS,Estudiante,5to grado,BARAHONA,20,27.1,49
2025,Q2,IQS,Estudiante,5to grado,COTUI,6,3.3,9
2025,Q2,IQS,Estudiante,5to grado,HIGUEY,10,8.7,14
2025,Q2,IQS,Estudiante,5to grado,LA VEGA,5,6.2,11
2025,Q2,IQS,Estudiante,5to grado,MONTE CRISTI,1,5.7,7
2025,Q2,IQS,Estudiante,5to grado,MONTE PLATA,6,6.2,10
2025,Q2,IQS,Estudiante,5to grado,NAGUA,21,21.6,31
2025,Q2,IQS,Estudiante,5to grado,PUERTO PLATA,6,2.4,12
2025,Q2,IQS,Estudiante,5to grado,SAN CRISTOBAL,42,39.6,81
2025,Q2,IQS,Estudiante,5to grado,SAN FRANCISCO DE MACORIS,20,19.0,33
2025,Q2,IQS,Estudiante,5to grado,SAN JUAN DE LA MAGUANA,23,21.1,32
2025,Q2,IQS,Estudiante,5to grado,SAN PEDRO DE MACORIS,13,10.7,19
2025,Q2,IQS,Estudiante,5to grado,SANTIAGO,24,44.9,54
2025,Q2,IQS,Estudiante,5to grado,SANTO DOMINGO,98,152.6,245
2025,Q2,IQS,Estudiante,5to grado,Sin ubicación,131,141.9,255
2025,Q2,IQS,Estudiante,6to grado,AZUA,1128,2095.9,3422
2025,Q2,IQS,Estudiante,6to grado,BAHORUCO,346,454.1,913
2025,Q2,IQS,Estudiante,6to grado,BARAHONA,670,959.4,1830
2025,Q2,IQS,Estudiante,6to grado,COTUI,996,1511.4,2986
2025,Q2,IQS,Estudiante,6to grado,HIGUEY,1222,2917.3,4194
2025,Q2,IQS,Estudiante,6to grado,LA VEGA,1759,3830.4,5787
2025,Q2,IQS,Estudiante,6to grado,MAO,477,957.1,1542
2025,Q2,IQS,Estudiante,6to grado,MONTE CRISTI,674,1458.0,2248
2025,Q2,IQS,Estudiante,6to grado,MONTE PLATA,462,605.5,1206
2025,Q2,IQS,Estudiante,6to grado,NAGUA,546,971.0,1851
2025,Q2,IQS,Estudiante,6to grado,PUERTO PLATA,873,1466.2,2940
2025,Q2,IQS,Estudiante,6to grado,SAN CRISTOBAL,1103,1966.2,3440
2025,Q2,IQS,Estudiante,6to grado,SAN FRANCISCO DE MACORIS,1572,2514.8,4170
2025,Q2,IQS,Estudiante,6to grado,SAN JUAN DE LA MAGUANA,759,2069.7,2922
2025,Q2,IQS,Estudiante,6to grado,SAN PEDRO DE MACORIS,1686,3580.3,5208
2025,Q2,IQS,Estudiante,6to grado,SANTIAGO,3765,7636.4,12548
2025,Q2,IQS,Estudiante,6to grado,SANTO DOMINGO,7608,15753.5,24963
2025,Q2,IQS,Estudiante,6to grado,Sin ubicación,9206,14845.9,27760
2025,Q2,IQS,Estudiante,No especificado,SAN CRISTOBAL,2,3.4,8
2025,Q2,IQS,Estudiante,No especificado,SAN JUAN DE LA MAGUANA,1,3.1,3
2025,Q2,IQS,Estudiante,No especificado,SANTIAGO,3,4.9,3
2025,Q2,IQS,Estudiante,No especificado,SANTO DOMINGO,3,2.3,3
2025,Q2,IQS,Estudiante,No especificado,Sin ubicación,1,0.4,1
2025,Q2,IQS,Invitado,6to grado,AZUA,1,1.5,7
2025,Q2,IQS,Invitado,6to grado,BARAHONA,1,1.5,2
2025,Q2,IQS,Invitado,6to grado,LA VEGA,1,20.5,16
2025,Q2,IQS,Invitado,6to grado,MONTE CRISTI,1,1.4,6
2025,Q2,IQS,Invitado,6to grado,NAGUA,2,7.0,6
2025,Q2,IQS,Invitado,6to grado,SAN PEDRO DE MACORIS,1,1.4,2
2025,Q2,IQS,Invitado,6to grado,SANTIAGO,4,17.1,18
2025,Q2,IQS,Invitado,6to grado,SANTO DOMINGO,20,55.9,79
2025,Q2,IQS,Invitado,6to grado,Sin ubicación,1146,1896.6,2674
2025,Q2,IQS,Invitado,No especificado,Sin ubicación,1,0.4,1
2025,Q2,IQS,Sin rol,No especificado,Sin ubicación,21,29.7,36
2025,Q3,IQ512,Coordinador,No especificado,Sin ubicación,1,0.2,1
2025,Q3,IQ512,Editor,No especificado,Sin ubicación,1,5.1,2
2025,Q3,IQ512,Estudiante,No especificado,AZUA,3,1.2,3
2025,Q3,IQ512,Estudiante,No especificado,BARAHONA,3,2.9,8
2025,Q3,IQ512,Estudiante,No especificado,COTUI,1,0.8,1
2025,Q3,IQ512,Estudiante,No especificado,LA VEGA,5,5.1,5
2025,Q3,IQ512,Estudiante,No especificado,MAO,4,9.1,11
2025,Q3,IQ512,Estudiante,No especificado,MONTE PLATA,1,0.5,1
2025,Q3,IQ512,Estudiante,No especificado,PUERTO PLATA,2,0.6,2
2025,Q3,IQ512,Estudiante,No especificado,SAN CRISTOBAL,7,14.6,9
2025,Q3,IQ512,Estudiante,No especificado,SAN FRANCISCO DE MACORIS,3,1.6,4
2025,Q3,IQ512,Estudiante,No especificado,SAN JUAN DE LA MAGUANA,1,1.2,1
2025,Q3,IQ512,Estudiante,No especificado,SAN PEDRO DE MACORIS,1,0.3,1
2025,Q3,IQ512,Estudiante,No especificado,SANTIAGO,4,1.9,5
2025,Q3,IQ512,Estudiante,No especificado,SANTO DOMINGO,19,35.6,29
2025,Q3,IQ512,Estudiante,No especificado,Sin ubicación,130,127.1,185
2025,Q3,IQP,Coordinador,6to grado,Sin ubicación,1,1.8,5
2025,Q3,IQP,Docente,1er grado,Sin ubicación,2,55.7,49
2025,Q3,IQP,Docente,3er grado,Sin ubicación,1,0.4,1
2025,Q3,IQP,Docente,4to grado,MONTE PLATA,1,0.4,1
2025,Q3,IQP,Docente,4to grado,SAN PEDRO DE MACORIS,1,0.2,1
2025,Q3,IQP,Docente,4to grado,SANTIAGO,1,1.2,3
2025,Q3,IQP,Docente,4to grado,SANTO DOMINGO,1,1.4,1
2025,Q3,IQP,Docente,5to grado,AZUA,1,0.1,1
2025,Q3,IQP,Docente,5to grado,BAHORUCO,1,0.5,1
2025,Q3,IQP,Docente,5to grado,BARAHONA,1,0.1,1
2025,Q3,IQP,Docente,5to grado,COTUI,1,0.8,1
2025,Q3,IQP,Docente,5to grado,HIGUEY,5,2.6,5
2025,Q3,IQP,Docente,5to grado,MAO,6,2.6,7
2025,Q3,IQP,Docente,5to grado,MONTE CRISTI,1,0.9,1
2025,Q3,IQP,Docente,5to grado,PUERTO PLATA,6,12.2,15
2025,Q3,IQP,Docente,5to grado,SAN CRISTOBAL,1,2.3,3
2025,Q3,IQP,Docente,5to grado,SAN FRANCISCO DE MACORIS,2,2.8,3
2025,Q3,IQP,Docente,5to grado,SAN JUAN DE LA MAGUANA,1,0.5,1
2025,Q3,IQP,Docente,5to grado,SAN PEDRO DE MACORIS,2,1.1,3
2025,Q3,IQP,Docente,5to grado,SANTIAGO,12,12.7,21
2025,Q3,IQP,Docente,5to grado,SANTO DOMINGO,11,13.0,22
2025,Q3,IQP,Docente,5to grado,Sin ubicación,7,13.4,16
2025,Q3,IQP,Docente,6to grado,BARAHONA,1,0.8,1
2025,Q3,IQP,Docente,6to grado,COTUI,1,1.6,1
2025,Q3,IQP,Docente,6to grado,MAO,2,0.8,2
2025,Q3,IQP,Docente,6to grado,MONTE PLATA,1,3.5,3
2025,Q3,IQP,Docente,6to grado,NAGUA,1,6.7,4
2025,Q3,IQP,Docente,6to grado,SAN CRISTOBAL,1,0.4,1
2025,Q3,IQP,Docente,6to grado,SAN FRANCISCO DE MACORIS,1,0.6,1
2025,Q3,IQP,Docente,6to grado,SANTIAGO,1,1.2,2
2025,Q3,IQP,Docente,6to grado,SANTO DOMINGO,7,7.7,11
2025,Q3,IQP,Docente,6to grado,Sin ubicación,3,1.0,3
2025,Q3,IQP,Docente,No especificado,Sin ubicación,1,0.2,1
2025,Q3,IQP,Estudiante,1er grado,AZUA,3,2.7,3
2025,Q3,IQP,Estudiante,1er grado,BAHORUCO,1,0.2,1
2025,Q3,IQP,Estudiante,1er grado,SANTO DOMINGO,2,1.2,2
2025,Q3,IQP,Estudiante,1er grado,Sin ubicación,6,7.5,13
2025,Q3,IQP,Estudiante,2do grado,AZUA,1,0.4,1
2025,Q3,IQP,Estudiante,2do grado,BARAHONA,1,0.1,1
2025,Q3,IQP,Estudiante,2do grado,SANTO DOMINGO,2,0.5,2
2025,Q3,IQP,Estudiante,2do grado,Sin ubicación,3,1.0,3
2025,Q3,IQP,Estudiante,3er grado,AZUA,1,0.1,1
2025,Q3,IQP,Estudiante,3er grado,PUERTO PLATA,1,0.4,1
2025,Q3,IQP,Estudiante,3er grado,SAN FRANCISCO DE MACORIS,5,12.5,14
2025,Q3,IQP,Estudiante,3er grado,SANTIAGO,1,0.1,1
2025,Q3,IQP,Estudiante,3er grado,SANTO DOMINGO,1,0.5,1
2025,Q3,IQP,Estudiante,3er grado,Sin ubicación,3,2.0,3
2025,Q3,IQP,Estudiante,4to grado,MAO,2,0.4,2
2025,Q3,IQP,Estudiante,4to grado,MONTE PLATA,1,16.6,12
2025,Q3,IQP,Estudiante,4to grado,SANTO DOMINGO,2,1.0,2
2025,Q3,IQP,Estudiante,4to grado,Sin ubicación,1,0.5,1
2025,Q3,IQP,Estudiante,5to grado,AZUA,1,0.6,1
2025,Q3,IQP,Estudiante,5to grado,HIGUEY,1,0.5,1
2025,Q3,IQP,Estudiante,5to grado,PUERTO PLATA,1,1.2,3
2025,Q3,IQP,Estudiante,5to grado,SANTO DOMINGO,4,1.5,4
2025,Q3,IQP,Estudiante,5to grado,Sin ubicación,1,3.3,7
2025,Q3,IQP,Estudiante,6to grado,AZUA,1,1.5,2
2025,Q3,IQP,Estudiante,6to grado,BARAHONA,2,0.8,2
2025,Q3,IQP,Estudiante,6to grado,HIGUEY,1,0.5,1
2025,Q3,IQP,Estudiante,6to grado,MAO,1,0.3,1
2025,Q3,IQP,Estudiante,6to grado,MONTE PLATA,1,0.1,1
2025,Q3,IQP,Estudiante,6to grado,SAN CRISTOBAL,1,0.2,1
2025,Q3,IQP,Estudiante,6to grado,SAN FRANCISCO DE MACORIS,1,0.4,1
2025,Q3,IQP,Estudiante,6to grado,SANTIAGO,1,0.4,1
2025,Q3,IQP,Estudiante,6to grado,SANTO DOMINGO,7,3.8,8
2025,Q3,IQP,Estudiante,6to grado,Sin ubicación,3,10.6,13
2025,Q3,IQP,Parent,1er grado,Sin ubicación,1,0.4,1
2025,Q3,IQP,Parent,6to grado,Sin ubicación,1,0.3,1
2025,Q3,IQP,Sin rol,No especificado,Sin ubicación,1,90.4,53
2025,Q3,IQS,Docente,1er grado,AZUA,1,0.0,1
2025,Q3,IQS,Docente,1er grado,BAHORUCO,1,0.3,2
2025,Q3,IQS,Docente,1er grado,LA VEGA,1,0.4,1
2025,Q3,IQS,Docente,1er grado,MONTE CRISTI,2,0.4,2
2025,Q3,IQS,Docente,1er grado,PUERTO PLATA,1,5.3,7
2025,Q3,IQS,Docente,1er grado,SAN CRISTOBAL,1,0.1,1
2025,Q3,IQS,Docente,1er grado,SAN JUAN DE LA MAGUANA,1,3.1,8
2025,Q3,IQS,Docente,1er grado,SANTIAGO,1,0.7,1
2025,Q3,IQS,Docente,1er grado,SANTO DOMINGO,3,4.4,9
2025,Q3,IQS,Docente,1er grado,Sin ubicación,4,1.5,5
2025,Q3,IQS,Docente,3er grado,Sin ubicación,1,0.6,1
2025,Q3,IQS,Docente,4to grado,AZUA,12,9.8,17
2025,Q3,IQS,Docente,4to grado,BAHORUCO,2,0.9,2
2025,Q3,IQS,Docente,4to grado,BARAHONA,10,6.5,14
2025,Q3,IQS,Docente,4to grado,COTUI,11,5.9,14
2025,Q3,IQS,Docente,4to grado,HIGUEY,6,10.7,14
2025,Q3,IQS,Docente,4to grado,LA VEGA,25,22.5,35
2025,Q3,IQS,Docente,4to grado,MAO,6,2.1,9
2025,Q3,IQS,Docente,4to grado,MONTE CRISTI,12,11.6,18
2025,Q3,IQS,Docente,4to grado,MONTE PLATA,4,2.2,4
2025,Q3,IQS,Docente,4to grado,NAGUA,12,8.8,20
2025,Q3,IQS,Docente,4to grado,PUERTO PLATA,12,39.1,31
2025,Q3,IQS,Docente,4to grado,SAN CRISTOBAL,12,6.6,14
2025,Q3,IQS,Docente,4to grado,SAN FRANCISCO DE MACORIS,15,11.4,30
2025,Q3,IQS,Docente,4to grado,SAN JUAN DE LA MAGUANA,7,3.0,7
2025,Q3,IQS,Docente,4to grado,SAN PEDRO DE MACORIS,24,15.0,34
2025,Q3,IQS,Docente,4to grado,SANTIAGO,29,16.0,37
2025,Q3,IQS,Docente,4to grado,SANTO DOMINGO,75,51.2,99
2025,Q3,IQS,Docente,4to grado,Sin ubicación,80,47.6,120
2025,Q3,IQS,Docente,6to grado,AZUA,1,0.2,2
2025,Q3,IQS,Docente,6to grado,SANTIAGO,1,0.5,2
2025,Q3,IQS,Docente,6to grado,SANTO DOMINGO,2,1.2,3
2025,Q3,IQS,Docente,6to grado,Sin ubicación,4,4.7,9
2025,Q3,IQS,Docente,No especificado,SANTO DOMINGO,2,1.6,3
2025,Q3,IQS,Docente,No especificado,Sin ubicación,1,0.4,2
2025,Q3,IQS,Editor,No especificado,SANTIAGO,1,36.0,24
2025,Q3,IQS,Estudiante,1er grado,BARAHONA,4,3.0,5
2025,Q3,IQS,Estudiante,1er grado,LA VEGA,3,1.0,5
2025,Q3,IQS,Estudiante,1er grado,MONTE CRISTI,2,2.2,6
2025,Q3,IQS,Estudiante,1er grado,MONTE PLATA,2,5.0,6
2025,Q3,IQS,Estudiante,1er grado,NAGUA,1,1.0,2
2025,Q3,IQS,Estudiante,1er grado,PUERTO PLATA,2,6.2,6
2025,Q3,IQS,Estudiante,1er grado,SAN CRISTOBAL,2,0.7,4
2025,Q3,IQS,Estudiante,1er grado,SAN FRANCISCO DE MACORIS,3,2.7,6
2025,Q3,IQS,Estudiante,1er grado,SAN PEDRO DE MACORIS,2,0.6,5
2025,Q3,IQS,Estudiante,1er grado,SANTIAGO,10,3.9,10
2025,Q3,IQS,Estudiante,1er grado,SANTO DOMINGO,100,68.1,193
2025,Q3,IQS,Estudiante,1er grado,Sin ubicación,25,16.5,48
2025,Q3,IQS,Estudiante,2do grado,AZUA,1,0.5,1
2025,Q3,IQS,Estudiante,2do grado,BAHORUCO,1,0.5,2
2025,Q3,IQS,Estudiante,2do grado,BARAHONA,2,1.2,3
2025,Q3,IQS,Estudiante,2do grado,COTUI,1,0.1,1
2025,Q3,IQS,Estudiante,2do grado,HIGUEY,21,41.8,57
2025,Q3,IQS,Estudiante,2do grado,LA VEGA,3,2.7,9
2025,Q3,IQS,Estudiante,2do grado,PUERTO PLATA,1,0.2,2
2025,Q3,IQS,Estudiante,2do grado,SAN CRISTOBAL,1,0.4,2
2025,Q3,IQS,Estudiante,2do grado,SAN FRANCISCO DE MACORIS,6,16.5,16
2025,Q3,IQS,Estudiante,2do grado,SAN JUAN DE LA MAGUANA,2,0.7,2
2025,Q3,IQS,Estudiante,2do grado,SAN PEDRO DE MACORIS,6,3.9,10
2025,Q3,IQS,Estudiante,2do grado,SANTIAGO,9,5.8,13
2025,Q3,IQS,Estudiante,2do grado,SANTO DOMINGO,74,35.8,114
2025,Q3,IQS,Estudiante,2do grado,Sin ubicación,12,6.9,14
2025,Q3,IQS,Estudiante,3er grado,AZUA,1,1.6,3
2025,Q3,IQS,Estudiante,3er grado,HIGUEY,2,7.6,7
2025,Q3,IQS,Estudiante,3er grado,LA VEGA,1,0.2,1
2025,Q3,IQS,Estudiante,3er grado,PUERTO PLATA,14,13.1,26
2025,Q3,IQS,Estudiante,3er grado,SANTIAGO,52,30.6,68
2025,Q3,IQS,Estudiante,3er grado,SANTO DOMINGO,64,43.9,100
2025,Q3,IQS,Estudiante,3er grado,Sin ubicación,35,15.5,48
2025,Q3,IQS,Estudiante,4to grado,AZUA,3,3.5,5
2025,Q3,IQS,Estudiante,4to grado,BAHORUCO,1,0.2,2
2025,Q3,IQS,Estudiante,4to grado,BARAHONA,1,0.2,1
2025,Q3,IQS,Estudiante,4to grado,COTUI,4,3.3,6
2025,Q3,IQS,Estudiante,4to grado,HIGUEY,4,3.0,7
2025,Q3,IQS,Estudiante,4to grado,LA VEGA,1,0.5,1
2025,Q3,IQS,Estudiante,4to grado,MAO,2,0.6,2
2025,Q3,IQS,Estudiante,4to grado,MONTE PLATA,1,1.1,5
2025,Q3,IQS,Estudiante,4to grado,NAGUA,4,1.7,5
2025,Q3,IQS,Estudiante,4to grado,PUERTO PLATA,3,2.7,6
2025,Q3,IQS,Estudiante,4to grado,SAN CRISTOBAL,4,3.1,5
2025,Q3,IQS,Estudiante,4to grado,SAN FRANCISCO DE MACORIS,8,6.5,14
2025,Q3,IQS,Estudiante,4to grado,SAN JUAN DE LA MAGUANA,9,5.1,10
2025,Q3,IQS,Estudiante,4to grado,SAN PEDRO DE MACORIS,7,4.3,11
2025,Q3,IQS,Estudiante,4to grado,SANTIAGO,22,13.0,26
2025,Q3,IQS,Estudiante,4to grado,SANTO DOMINGO,39,39.8,66
2025,Q3,IQS,Estudiante,4to grado,Sin ubicación,28,33.6,68
2025,Q3,IQS,Estudiante,5to grado,AZUA,2,3.4,3
2025,Q3,IQS,Estudiante,5to grado,COTUI,1,1.8,4
2025,Q3,IQS,Estudiante,5to grado,HIGUEY,2,0.8,3
2025,Q3,IQS,Estudiante,5to grado,LA VEGA,4,1.8,9
2025,Q3,IQS,Estudiante,5to grado,MONTE CRISTI,1,0.4,1
2025,Q3,IQS,Estudiante,5to grado,PUERTO PLATA,40,57.9,104
2025,Q3,IQS,Estudiante,5to grado,SAN FRANCISCO DE MACORIS,4,3.1,5
2025,Q3,IQS,Estudiante,5to grado,SAN JUAN DE LA MAGUANA,1,0.3,2
2025,Q3,IQS,Estudiante,5to grado,SAN PEDRO DE MACORIS,1,0.7,1
2025,Q3,IQS,Estudiante,5to grado,SANTIAGO,6,4.3,8
2025,Q3,IQS,Estudiante,5to grado,SANTO DOMINGO,25,15.0,31
2025,Q3,IQS,Estudiante,5to grado,Sin ubicación,28,14.9,33
2025,Q3,IQS,Estudiante,6to grado,AZUA,31,22.4,59
2025,Q3,IQS,Estudiante,6to grado,BAHORUCO,7,1.8,10
2025,Q3,IQS,Estudiante,6to grado,BARAHONA,20,13.5,51
2025,Q3,IQS,Estudiante,6to grado,COTUI,42,37.6,70
2025,Q3,IQS,Estudiante,6to grado,HIGUEY,69,45.7,113
2025,Q3,IQS,Estudiante,6to grado,LA VEGA,168,129.2,285
2025,Q3,IQS,Estudiante,6to grado,MAO,19,13.7,33
2025,Q3,IQS,Estudiante,6to grado,MONTE CRISTI,23,27.8,46
2025,Q3,IQS,Estudiante,6to grado,MONTE PLATA,14,6.8,29
2025,Q3,IQS,Estudiante,6to grado,NAGUA,18,13.7,40
2025,Q3,IQS,Estudiante,6to grado,PUERTO PLATA,45,68.9,119
2025,Q3,IQS,Estudiante,6to grado,SAN CRISTOBAL,46,42.4,92
2025,Q3,IQS,Estudiante,6to grado,SAN FRANCISCO DE MACORIS,110,96.0,212
2025,Q3,IQS,Estudiante,6to grado,SAN JUAN DE LA MAGUANA,46,34.3,98
2025,Q3,IQS,Estudiante,6to grado,SAN PEDRO DE MACORIS,101,97.0,224
2025,Q3,IQS,Estudiante,6to grado,SANTIAGO,232,202.0,448
2025,Q3,IQS,Estudiante,6to grado,SANTO DOMINGO,543,525.8,1096
2025,Q3,IQS,Estudiante,6to grado,Sin ubicación,468,548.8,1084
2025,Q3,IQS,Estudiante,No especificado,SANTIAGO,1,1.1,1
2025,Q3,IQS,Estudiante,No especificado,Sin ubicación,1,0.4,2
2025,Q3,IQS,Invitado,6to grado,BARAHONA,3,1.7,3
2025,Q3,IQS,Invitado,6to grado,SANTIAGO,1,7.4,6
2025,Q3,IQS,Invitado,6to grado,SANTO DOMINGO,9,10.9,14
2025,Q3,IQS,Invitado,6to grado,Sin ubicación,229,350.4,502
2025,Q3,IQS,Sin rol,No especificado,Sin ubicación,1,0.7,3
2025,Q4,IQ512,Editor,No especificado,Sin ubicación,1,1.2,2
2025,Q4,IQ512,Estudiante,No especificado,AZUA,3,1.7,3
2025,Q4,IQ512,Estudiante,No especificado,BAHORUCO,1,0.1,1
2025,Q4,IQ512,Estudiante,No especificado,BARAHONA,2,0.3,2
2025,Q4,IQ512,Estudiante,No especificado,COTUI,2,0.6,3
2025,Q4,IQ512,Estudiante,No especificado,HIGUEY,1,0.3,1
2025,Q4,IQ512,Estudiante,No especificado,LA VEGA,3,1.7,3
2025,Q4,IQ512,Estudiante,No especificado,MAO,3,3.5,3
2025,Q4,IQ512,Estudiante,No especificado,MONTE CRISTI,1,0.9,3
2025,Q4,IQ512,Estudiante,No especificado,MONTE PLATA,1,0.5,1
2025,Q4,IQ512,Estudiante,No especificado,NAGUA,1,0.8,1
2025,Q4,IQ512,Estudiante,No especificado,SAN CRISTOBAL,1,0.4,2
2025,Q4,IQ512,Estudiante,No especificado,SAN FRANCISCO DE MACORIS,1,0.5,1
2025,Q4,IQ512,Estudiante,No especificado,SAN JUAN DE LA MAGUANA,2,1.0,3
2025,Q4,IQ512,Estudiante,No especificado,SAN PEDRO DE MACORIS,1,0.5,1
2025,Q4,IQ512,Estudiante,No especificado,SANTIAGO,1,0.4,1
2025,Q4,IQ512,Estudiante,No especificado,SANTO DOMINGO,17,23.8,30
2025,Q4,IQ512,Estudiante,No especificado,Sin ubicación,84,74.3,121
2025,Q4,IQP,Docente,1er grado,Sin ubicación,1,25.2,25
2025,Q4,IQP,Docente,4to grado,SANTIAGO,1,1.0,3
2025,Q4,IQP,Docente,4to grado,Sin ubicación,1,2.6,4
2025,Q4,IQP,Docente,5to grado,AZUA,1,0.2,1
2025,Q4,IQP,Docente,5to grado,COTUI,4,4.6,6
2025,Q4,IQP,Docente,5to grado,HIGUEY,2,1.6,2
2025,Q4,IQP,Docente,5to grado,LA VEGA,5,4.3,6
2025,Q4,IQP,Docente,5to grado,MAO,1,0.9,1
2025,Q4,IQP,Docente,5to grado,MONTE CRISTI,2,1.0,2
2025,Q4,IQP,Docente,5to grado,NAGUA,2,1.3,4
2025,Q4,IQP,Docente,5to grado,PUERTO PLATA,4,24.0,33
2025,Q4,IQP,Docente,5to grado,SAN CRISTOBAL,4,12.4,18
2025,Q4,IQP,Docente,5to grado,SAN FRANCISCO DE MACORIS,2,0.6,2
2025,Q4,IQP,Docente,5to grado,SAN PEDRO DE MACORIS,1,2.5,1
2025,Q4,IQP,Docente,5to grado,SANTIAGO,3,5.7,6
2025,Q4,IQP,Docente,5to grado,SANTO DOMINGO,20,12.5,28
2025,Q4,IQP,Docente,5to grado,Sin ubicación,5,5.7,8
2025,Q4,IQP,Docente,6to grado,COTUI,2,3.0,4
2025,Q4,IQP,Docente,6to grado,NAGUA,1,5.3,8
2025,Q4,IQP,Docente,6to grado,SAN FRANCISCO DE MACORIS,2,0.5,2
2025,Q4,IQP,Docente,6to grado,SANTIAGO,1,0.2,1
2025,Q4,IQP,Docente,6to grado,SANTO DOMINGO,3,6.0,5
2025,Q4,IQP,Estudiante,1er grado,AZUA,1,1.0,2
2025,Q4,IQP,Estudiante,1er grado,SAN CRISTOBAL,1,1.9,1
2025,Q4,IQP,Estudiante,1er grado,Sin ubicación,1,1.1,2
2025,Q4,IQP,Estudiante,2do grado,SANTO DOMINGO,1,0.4,1
2025,Q4,IQP,Estudiante,2do grado,Sin ubicación,2,1.5,2
2025,Q4,IQP,Estudiante,3er grado,Sin ubicación,2,1.1,2
2025,Q4,IQP,Estudiante,4to grado,AZUA,1,0.3,1
2025,Q4,IQP,Estudiante,4to grado,MONTE PLATA,1,0.5,1
2025,Q4,IQP,Estudiante,4to grado,SANTO DOMINGO,1,0.6,1
2025,Q4,IQP,Estudiante,5to grado,COTUI,1,0.2,1
2025,Q4,IQP,Estudiante,5to grado,PUERTO PLATA,1,0.2,1
2025,Q4,IQP,Estudiante,5to grado,SANTIAGO,1,0.4,1
2025,Q4,IQP,Estudiante,5to grado,SANTO DOMINGO,24,28.0,38
2025,Q4,IQP,Estudiante,5to grado,Sin ubicación,2,0.3,3
2025,Q4,IQP,Estudiante,6to grado,COTUI,1,0.5,1
2025,Q4,IQP,Estudiante,6to grado,SAN FRANCISCO DE MACORIS,1,0.3,1
2025,Q4,IQP,Estudiante,6to grado,SANTIAGO,1,0.3,1
2025,Q4,IQP,Estudiante,6to grado,SANTO DOMINGO,6,3.1,7
2025,Q4,IQP,Estudiante,6to grado,Sin ubicación,3,1.4,3
2025,Q4,IQP,Sin rol,No especificado,Sin ubicación,1,33.2,23
2025,Q4,IQS,Docente,1er grado,AZUA,2,9.1,6
2025,Q4,IQS,Docente,1er grado,MONTE CRISTI,2,1.5,3
2025,Q4,IQS,Docente,1er grado,SANTIAGO,1,1.2,1
2025,Q4,IQS,Docente,1er grado,SANTO DOMINGO,1,1.6,2
2025,Q4,IQS,Docente,1er grado,Sin ubicación,2,2.7,4
2025,Q4,IQS,Docente,4to grado,AZUA,7,8.8,13
2025,Q4,IQS,Docente,4to grado,COTUI,3,1.8,5
2025,Q4,IQS,Docente,4to grado,HIGUEY,3,3.9,5
2025,Q4,IQS,Docente,4to grado,LA VEGA,8,16.9,19
2025,Q4,IQS,Docente,4to grado,MAO,3,1.2,3
2025,Q4,IQS,Docente,4to grado,MONTE CRISTI,18,39.8,54
2025,Q4,IQS,Docente,4to grado,NAGUA,3,4.0,5
2025,Q4,IQS,Docente,4to grado,PUERTO PLATA,3,1.5,4
2025,Q4,IQS,Docente,4to grado,SAN CRISTOBAL,4,23.8,15
2025,Q4,IQS,Docente,4to grado,SAN FRANCISCO DE MACORIS,16,14.5,30
2025,Q4,IQS,Docente,4to grado,SAN JUAN DE LA MAGUANA,3,3.0,7
2025,Q4,IQS,Docente,4to grado,SAN PEDRO DE MACORIS,4,6.7,20
2025,Q4,IQS,Docente,4to grado,SANTIAGO,13,17.6,28
2025,Q4,IQS,Docente,4to grado,SANTO DOMINGO,20,28.7,45
2025,Q4,IQS,Docente,4to grado,Sin ubicación,32,13.2,38
2025,Q4,IQS,Docente,5to grado,SAN PEDRO DE MACORIS,1,0.1,1
2025,Q4,IQS,Docente,6to grado,HIGUEY,1,1.6,1
2025,Q4,IQS,Docente,6to grado,SANTO DOMINGO,2,1.7,5
2025,Q4,IQS,Docente,6to grado,Sin ubicación,4,1.5,5
2025,Q4,IQS,Docente,No especificado,SANTIAGO,1,1.7,2
2025,Q4,IQS,Docente,No especificado,SANTO DOMINGO,1,1.7,6
2025,Q4,IQS,Editor,No especificado,SANTIAGO,1,29.3,21
2025,Q4,IQS,Estudiante,1er grado,BARAHONA,2,2.4,4
2025,Q4,IQS,Estudiante,1er grado,MAO,1,0.5,2
2025,Q4,IQS,Estudiante,1er grado,MONTE CRISTI,1,0.1,1
2025,Q4,IQS,Estudiante,1er grado,SAN CRISTOBAL,1,0.1,2
2025,Q4,IQS,Estudiante,1er grado,SAN FRANCISCO DE MACORIS,1,0.0,1
2025,Q4,IQS,Estudiante,1er grado,SAN PEDRO DE MACORIS,3,6.7,14
2025,Q4,IQS,Estudiante,1er grado,SANTIAGO,5,3.8,6
2025,Q4,IQS,Estudiante,1er grado,SANTO DOMINGO,37,31.8,77
2025,Q4,IQS,Estudiante,1er grado,Sin ubicación,12,6.0,17
2025,Q4,IQS,Estudiante,2do grado,AZUA,2,1.2,2
2025,Q4,IQS,Estudiante,2do grado,LA VEGA,6,2.2,8
2025,Q4,IQS,Estudiante,2do grado,MONTE CRISTI,2,1.4,4
2025,Q4,IQS,Estudiante,2do grado,NAGUA,2,0.6,2
2025,Q4,IQS,Estudiante,2do grado,SAN FRANCISCO DE MACORIS,10,4.9,12
2025,Q4,IQS,Estudiante,2do grado,SANTIAGO,3,1.8,4
2025,Q4,IQS,Estudiante,2do grado,SANTO DOMINGO,14,9.7,24
2025,Q4,IQS,Estudiante,2do grado,Sin ubicación,5,3.8,7
2025,Q4,IQS,Estudiante,3er grado,PUERTO PLATA,1,0.3,1
2025,Q4,IQS,Estudiante,3er grado,SAN FRANCISCO DE MACORIS,70,41.6,80
2025,Q4,IQS,Estudiante,3er grado,SAN PEDRO DE MACORIS,3,1.1,3
2025,Q4,IQS,Estudiante,3er grado,SANTIAGO,8,11.3,17
2025,Q4,IQS,Estudiante,3er grado,SANTO DOMINGO,25,13.9,34
2025,Q4,IQS,Estudiante,3er grado,Sin ubicación,13,3.9,15
2025,Q4,IQS,Estudiante,4to grado,AZUA,1,0.4,3
2025,Q4,IQS,Estudiante,4to grado,BAHORUCO,2,1.0,2
2025,Q4,IQS,Estudiante,4to grado,COTUI,3,2.0,3
2025,Q4,IQS,Estudiante,4to grado,HIGUEY,3,1.9,3
2025,Q4,IQS,Estudiante,4to grado,LA VEGA,5,2.9,7
2025,Q4,IQS,Estudiante,4to grado,MONTE CRISTI,5,1.3,5
2025,Q4,IQS,Estudiante,4to grado,NAGUA,1,0.6,2
2025,Q4,IQS,Estudiante,4to grado,SAN CRISTOBAL,1,0.3,1
2025,Q4,IQS,Estudiante,4to grado,SAN FRANCISCO DE MACORIS,106,55.1,106
2025,Q4,IQS,Estudiante,4to grado,SAN JUAN DE LA MAGUANA,2,0.3,2
2025,Q4,IQS,Estudiante,4to grado,SAN PEDRO DE MACORIS,3,3.6,4
2025,Q4,IQS,Estudiante,4to grado,SANTIAGO,7,5.0,9
2025,Q4,IQS,Estudiante,4to grado,SANTO DOMINGO,16,8.9,24
2025,Q4,IQS,Estudiante,4to grado,Sin ubicación,21,15.3,56
2025,Q4,IQS,Estudiante,5to grado,AZUA,1,1.0,1
2025,Q4,IQS,Estudiante,5to grado,LA VEGA,18,14.7,57
2025,Q4,IQS,Estudiante,5to grado,MONTE CRISTI,3,0.7,4
2025,Q4,IQS,Estudiante,5to grado,SAN CRISTOBAL,2,0.8,2
2025,Q4,IQS,Estudiante,5to grado,SAN FRANCISCO DE MACORIS,25,11.0,27
2025,Q4,IQS,Estudiante,5to grado,SAN PEDRO DE MACORIS,1,5.3,6
2025,Q4,IQS,Estudiante,5to grado,SANTIAGO,4,2.6,4
2025,Q4,IQS,Estudiante,5to grado,SANTO DOMINGO,11,8.2,23
2025,Q4,IQS,Estudiante,5to grado,Sin ubicación,21,10.6,29
2025,Q4,IQS,Estudiante,6to grado,AZUA,89,193.0,290
2025,Q4,IQS,Estudiante,6to grado,BAHORUCO,5,2.9,11
2025,Q4,IQS,Estudiante,6to grado,BARAHONA,1,0.4,1
2025,Q4,IQS,Estudiante,6to grado,COTUI,8,4.0,12
2025,Q4,IQS,Estudiante,6to grado,HIGUEY,71,50.7,109
2025,Q4,IQS,Estudiante,6to grado,LA VEGA,149,167.5,261
2025,Q4,IQS,Estudiante,6to grado,MAO,38,19.1,43
2025,Q4,IQS,Estudiante,6to grado,MONTE CRISTI,156,159.0,297
2025,Q4,IQS,Estudiante,6to grado,MONTE PLATA,1,0.3,2
2025,Q4,IQS,Estudiante,6to grado,NAGUA,32,14.7,39
2025,Q4,IQS,Estudiante,6to grado,PUERTO PLATA,4,7.3,15
2025,Q4,IQS,Estudiante,6to grado,SAN CRISTOBAL,131,76.9,170
2025,Q4,IQS,Estudiante,6to grado,SAN FRANCISCO DE MACORIS,96,83.6,174
2025,Q4,IQS,Estudiante,6to grado,SAN JUAN DE LA MAGUANA,56,20.2,68
2025,Q4,IQS,Estudiante,6to grado,SAN PEDRO DE MACORIS,130,133.4,362
2025,Q4,IQS,Estudiante,6to grado,SANTIAGO,175,135.4,244
2025,Q4,IQS,Estudiante,6to grado,SANTO DOMINGO,351,295.6,692
2025,Q4,IQS,Estudiante,6to grado,Sin ubicación,205,146.9,324
2025,Q4,IQS,Estudiante,No especificado,SANTO DOMINGO,1,1.0,2
2025,Q4,IQS,Invitado,6to grado,SANTO DOMINGO,1,1.5,3
2025,Q4,IQS,Invitado,6to grado,Sin ubicación,66,42.4,95
2026,Q1,IQ512,Editor,No especificado,Sin ubicación,1,1.8,2
2026,Q1,IQ512,Estudiante,No especificado,AZUA,1,0.6,1
2026,Q1,IQ512,Estudiante,No especificado,BAHORUCO,1,10.5,9
2026,Q1,IQ512,Estudiante,No especificado,BARAHONA,2,1.4,3
2026,Q1,IQ512,Estudiante,No especificado,COTUI,2,2.4,2
2026,Q1,IQ512,Estudiante,No especificado,LA VEGA,2,10.6,11
2026,Q1,IQ512,Estudiante,No especificado,MAO,2,1.5,3
2026,Q1,IQ512,Estudiante,No especificado,MONTE PLATA,1,0.1,1
2026,Q1,IQ512,Estudiante,No especificado,NAGUA,1,0.0,1
2026,Q1,IQ512,Estudiante,No especificado,SAN CRISTOBAL,2,0.7,2
2026,Q1,IQ512,Estudiante,No especificado,SAN FRANCISCO DE MACORIS,1,0.2,1
2026,Q1,IQ512,Estudiante,No especificado,SAN JUAN DE LA MAGUANA,1,0.3,1
2026,Q1,IQ512,Estudiante,No especificado,SANTIAGO,3,1.2,3
2026,Q1,IQ512,Estudiante,No especificado,SANTO DOMINGO,8,3.3,9
2026,Q1,IQ512,Estudiante,No especificado,Sin ubicación,66,43.8,87
2026,Q1,IQP,Coordinador,6to grado,Sin ubicación,1,0.5,1
2026,Q1,IQP,Docente,1er grado,Sin ubicación,2,53.5,44
2026,Q1,IQP,Docente,4to grado,AZUA,1,0.8,1
2026,Q1,IQP,Docente,4to grado,SAN FRANCISCO DE MACORIS,1,0.1,1
2026,Q1,IQP,Docente,4to grado,SANTIAGO,1,4.9,6
2026,Q1,IQP,Docente,4to grado,SANTO DOMINGO,1,0.0,1
2026,Q1,IQP,Docente,4to grado,Sin ubicación,2,1.7,4
2026,Q1,IQP,Docente,5to grado,AZUA,2,4.8,3
2026,Q1,IQP,Docente,5to grado,COTUI,2,0.7,2
2026,Q1,IQP,Docente,5to grado,HIGUEY,2,0.9,2
2026,Q1,IQP,Docente,5to grado,LA VEGA,13,19.7,29
2026,Q1,IQP,Docente,5to grado,MAO,1,1.0,1
2026,Q1,IQP,Docente,5to grado,MONTE CRISTI,5,11.1,14
2026,Q1,IQP,Docente,5to grado,NAGUA,1,0.3,1
2026,Q1,IQP,Docente,5to grado,PUERTO PLATA,5,7.5,15
2026,Q1,IQP,Docente,5to grado,SAN CRISTOBAL,2,8.5,13
2026,Q1,IQP,Docente,5to grado,SAN FRANCISCO DE MACORIS,4,3.4,9
2026,Q1,IQP,Docente,5to grado,SAN JUAN DE LA MAGUANA,1,0.3,1
2026,Q1,IQP,Docente,5to grado,SAN PEDRO DE MACORIS,1,0.8,1
2026,Q1,IQP,Docente,5to grado,SANTIAGO,3,15.6,14
2026,Q1,IQP,Docente,5to grado,SANTO DOMINGO,17,12.7,19
2026,Q1,IQP,Docente,5to grado,Sin ubicación,8,6.9,11
2026,Q1,IQP,Docente,6to grado,COTUI,1,0.6,1
2026,Q1,IQP,Docente,6to grado,LA VEGA,1,0.3,1
2026,Q1,IQP,Docente,6to grado,MAO,1,0.3,1
2026,Q1,IQP,Docente,6to grado,MONTE PLATA,1,0.5,1
2026,Q1,IQP,Docente,6to grado,NAGUA,1,6.2,7
2026,Q1,IQP,Docente,6to grado,SANTO DOMINGO,1,0.5,1
2026,Q1,IQP,Docente,6to grado,Sin ubicación,2,0.2,2
2026,Q1,IQP,Docente,No especificado,Sin ubicación,1,1.3,1
2026,Q1,IQP,Estudiante,1er grado,Sin ubicación,3,1.4,3
2026,Q1,IQP,Estudiante,2do grado,SANTO DOMINGO,2,1.4,2
2026,Q1,IQP,Estudiante,2do grado,Sin ubicación,1,0.3,1
2026,Q1,IQP,Estudiante,3er grado,COTUI,1,0.3,1
2026,Q1,IQP,Estudiante,3er grado,MONTE CRISTI,1,0.5,1
2026,Q1,IQP,Estudiante,3er grado,SANTIAGO,2,0.5,2
2026,Q1,IQP,Estudiante,3er grado,SANTO DOMINGO,1,0.3,1
2026,Q1,IQP,Estudiante,4to grado,COTUI,1,0.5,1
2026,Q1,IQP,Estudiante,4to grado,HIGUEY,1,0.2,1
2026,Q1,IQP,Estudiante,4to grado,LA VEGA,1,0.2,1
2026,Q1,IQP,Estudiante,4to grado,MONTE CRISTI,1,0.5,1
2026,Q1,IQP,Estudiante,4to grado,MONTE PLATA,1,0.3,1
2026,Q1,IQP,Estudiante,4to grado,SAN FRANCISCO DE MACORIS,1,0.8,1
2026,Q1,IQP,Estudiante,4to grado,SANTO DOMINGO,2,2.9,5
2026,Q1,IQP,Estudiante,5to grado,AZUA,1,0.3,1
2026,Q1,IQP,Estudiante,5to grado,LA VEGA,1,0.2,1
2026,Q1,IQP,Estudiante,5to grado,MAO,1,0.5,1
2026,Q1,IQP,Estudiante,5to grado,PUERTO PLATA,1,0.8,1
2026,Q1,IQP,Estudiante,5to grado,SAN CRISTOBAL,1,0.2,1
2026,Q1,IQP,Estudiante,5to grado,SANTIAGO,1,0.4,1
2026,Q1,IQP,Estudiante,5to grado,SANTO DOMINGO,13,18.0,25
2026,Q1,IQP,Estudiante,6to grado,BARAHONA,1,0.2,1
2026,Q1,IQP,Estudiante,6to grado,COTUI,1,1.0,1
2026,Q1,IQP,Estudiante,6to grado,MONTE CRISTI,1,1.0,1
2026,Q1,IQP,Estudiante,6to grado,PUERTO PLATA,1,1.1,2
2026,Q1,IQP,Estudiante,6to grado,SAN JUAN DE LA MAGUANA,1,0.2,1
2026,Q1,IQP,Estudiante,6to grado,SANTIAGO,2,0.6,2
2026,Q1,IQP,Estudiante,6to grado,SANTO DOMINGO,7,6.6,9
2026,Q1,IQP,Estudiante,6to grado,Sin ubicación,5,2.8,5
2026,Q1,IQP,Parent,No especificado,Sin ubicación,1,0.8,1
2026,Q1,IQP,Sin rol,No especificado,Sin ubicación,1,25.4,29
2026,Q1,IQS,Admin,6to grado,Sin ubicación,1,0.4,1
2026,Q1,IQS,Docente,1er grado,HIGUEY,3,1.6,5
2026,Q1,IQS,Docente,1er grado,LA VEGA,1,2.6,6
2026,Q1,IQS,Docente,1er grado,MONTE CRISTI,3,6.0,8
2026,Q1,IQS,Docente,1er grado,SAN CRISTOBAL,1,2.7,6
2026,Q1,IQS,Docente,1er grado,SAN FRANCISCO DE MACORIS,1,0.4,1
2026,Q1,IQS,Docente,1er grado,SAN JUAN DE LA MAGUANA,1,18.1,18
2026,Q1,IQS,Docente,1er grado,SANTIAGO,3,16.1,15
2026,Q1,IQS,Docente,1er grado,SANTO DOMINGO,3,32.8,36
2026,Q1,IQS,Docente,1er grado,Sin ubicación,6,4.5,13
2026,Q1,IQS,Docente,4to grado,AZUA,10,8.7,19
2026,Q1,IQS,Docente,4to grado,BAHORUCO,9,6.9,11
2026,Q1,IQS,Docente,4to grado,BARAHONA,12,9.5,19
2026,Q1,IQS,Docente,4to grado,COTUI,10,8.9,18
2026,Q1,IQS,Docente,4to grado,HIGUEY,19,14.4,32
2026,Q1,IQS,Docente,4to grado,LA VEGA,13,13.6,21
2026,Q1,IQS,Docente,4to grado,MAO,5,1.6,6
2026,Q1,IQS,Docente,4to grado,MONTE CRISTI,34,100.7,115
2026,Q1,IQS,Docente,4to grado,MONTE PLATA,16,10.1,19
2026,Q1,IQS,Docente,4to grado,NAGUA,9,7.4,17
2026,Q1,IQS,Docente,4to grado,PUERTO PLATA,4,5.5,8
2026,Q1,IQS,Docente,4to grado,SAN CRISTOBAL,34,26.1,54
2026,Q1,IQS,Docente,4to grado,SAN FRANCISCO DE MACORIS,49,49.9,89
2026,Q1,IQS,Docente,4to grado,SAN JUAN DE LA MAGUANA,5,2.8,6
2026,Q1,IQS,Docente,4to grado,SAN PEDRO DE MACORIS,21,81.1,81
2026,Q1,IQS,Docente,4to grado,SANTIAGO,114,117.6,208
2026,Q1,IQS,Docente,4to grado,SANTO DOMINGO,86,148.9,184
2026,Q1,IQS,Docente,4to grado,Sin ubicación,97,69.1,150
2026,Q1,IQS,Docente,6to grado,AZUA,1,0.3,1
2026,Q1,IQS,Docente,6to grado,HIGUEY,2,1.3,2
2026,Q1,IQS,Docente,6to grado,MONTE CRISTI,3,2.1,7
2026,Q1,IQS,Docente,6to grado,NAGUA,1,6.6,6
2026,Q1,IQS,Docente,6to grado,SAN FRANCISCO DE MACORIS,2,4.2,11
2026,Q1,IQS,Docente,6to grado,SAN PEDRO DE MACORIS,1,0.3,2
2026,Q1,IQS,Docente,6to grado,SANTIAGO,1,0.5,1
2026,Q1,IQS,Docente,6to grado,SANTO DOMINGO,3,2.4,3
2026,Q1,IQS,Docente,6to grado,Sin ubicación,5,4.4,10
2026,Q1,IQS,Docente,No especificado,MONTE CRISTI,1,2.3,1
2026,Q1,IQS,Docente,No especificado,MONTE PLATA,1,0.8,1
2026,Q1,IQS,Docente,No especificado,SAN CRISTOBAL,1,0.3,1
2026,Q1,IQS,Docente,No especificado,SAN FRANCISCO DE MACORIS,1,0.3,1
2026,Q1,IQS,Docente,No especificado,SANTIAGO,1,0.4,1
2026,Q1,IQS,Docente,No especificado,Sin ubicación,1,0.5,1
2026,Q1,IQS,Editor,No especificado,SANTIAGO,1,20.0,9
2026,Q1,IQS,Estudiante,1er grado,AZUA,2,2.1,5
2026,Q1,IQS,Estudiante,1er grado,BAHORUCO,2,0.2,2
2026,Q1,IQS,Estudiante,1er grado,BARAHONA,3,3.5,10
2026,Q1,IQS,Estudiante,1er grado,COTUI,2,2.2,9
2026,Q1,IQS,Estudiante,1er grado,HIGUEY,5,3.0,16
2026,Q1,IQS,Estudiante,1er grado,LA VEGA,1,0.3,2
2026,Q1,IQS,Estudiante,1er grado,MONTE CRISTI,4,7.8,15
2026,Q1,IQS,Estudiante,1er grado,MONTE PLATA,1,0.1,1
2026,Q1,IQS,Estudiante,1er grado,NAGUA,3,2.3,8
2026,Q1,IQS,Estudiante,1er grado,SAN CRISTOBAL,4,0.7,5
2026,Q1,IQS,Estudiante,1er grado,SAN FRANCISCO DE MACORIS,4,1.4,7
2026,Q1,IQS,Estudiante,1er grado,SAN JUAN DE LA MAGUANA,3,1.9,8
2026,Q1,IQS,Estudiante,1er grado,SAN PEDRO DE MACORIS,4,16.0,19
2026,Q1,IQS,Estudiante,1er grado,SANTIAGO,14,13.3,31
2026,Q1,IQS,Estudiante,1er grado,SANTO DOMINGO,10,6.7,17
2026,Q1,IQS,Estudiante,1er grado,Sin ubicación,14,10.5,32
2026,Q1,IQS,Estudiante,2do grado,AZUA,4,2.6,6
2026,Q1,IQS,Estudiante,2do grado,BAHORUCO,7,5.6,14
2026,Q1,IQS,Estudiante,2do grado,BARAHONA,1,0.4,2
2026,Q1,IQS,Estudiante,2do grado,COTUI,2,0.5,2
2026,Q1,IQS,Estudiante,2do grado,HIGUEY,9,5.5,15
2026,Q1,IQS,Estudiante,2do grado,LA VEGA,1,1.0,1
2026,Q1,IQS,Estudiante,2do grado,MONTE CRISTI,4,7.2,10
2026,Q1,IQS,Estudiante,2do grado,PUERTO PLATA,1,0.8,2
2026,Q1,IQS,Estudiante,2do grado,SAN CRISTOBAL,6,1.7,9
2026,Q1,IQS,Estudiante,2do grado,SAN FRANCISCO DE MACORIS,7,7.2,14
2026,Q1,IQS,Estudiante,2do grado,SAN JUAN DE LA MAGUANA,4,3.9,6
2026,Q1,IQS,Estudiante,2do grado,SAN PEDRO DE MACORIS,9,7.9,17
2026,Q1,IQS,Estudiante,2do grado,SANTIAGO,23,21.0,53
2026,Q1,IQS,Estudiante,2do grado,SANTO DOMINGO,28,35.7,61
2026,Q1,IQS,Estudiante,2do grado,Sin ubicación,30,17.0,44
2026,Q1,IQS,Estudiante,3er grado,AZUA,1,2.0,2
2026,Q1,IQS,Estudiante,3er grado,LA VEGA,2,1.4,4
2026,Q1,IQS,Estudiante,3er grado,MONTE CRISTI,3,5.0,6
2026,Q1,IQS,Estudiante,3er grado,SAN FRANCISCO DE MACORIS,1,0.9,1
2026,Q1,IQS,Estudiante,3er grado,SAN JUAN DE LA MAGUANA,4,1.8,4
2026,Q1,IQS,Estudiante,3er grado,SAN PEDRO DE MACORIS,1,0.2,1
2026,Q1,IQS,Estudiante,3er grado,SANTIAGO,10,15.4,20
2026,Q1,IQS,Estudiante,3er grado,SANTO DOMINGO,31,13.2,34
2026,Q1,IQS,Estudiante,3er grado,Sin ubicación,13,8.3,19
2026,Q1,IQS,Estudiante,4to grado,BARAHONA,5,2.6,5
2026,Q1,IQS,Estudiante,4to grado,COTUI,10,10.4,19
2026,Q1,IQS,Estudiante,4to grado,HIGUEY,11,6.6,15
2026,Q1,IQS,Estudiante,4to grado,LA VEGA,16,7.2,19
2026,Q1,IQS,Estudiante,4to grado,MAO,1,2.5,2
2026,Q1,IQS,Estudiante,4to grado,MONTE CRISTI,12,10.5,31
2026,Q1,IQS,Estudiante,4to grado,MONTE PLATA,4,2.5,4
2026,Q1,IQS,Estudiante,4to grado,NAGUA,4,3.2,9
2026,Q1,IQS,Estudiante,4to grado,PUERTO PLATA,2,1.1,3
2026,Q1,IQS,Estudiante,4to grado,SAN CRISTOBAL,48,12.5,63
2026,Q1,IQS,Estudiante,4to grado,SAN FRANCISCO DE MACORIS,20,17.6,26
2026,Q1,IQS,Estudiante,4to grado,SAN JUAN DE LA MAGUANA,9,7.7,15
2026,Q1,IQS,Estudiante,4to grado,SAN PEDRO DE MACORIS,7,27.5,30
2026,Q1,IQS,Estudiante,4to grado,SANTIAGO,133,70.0,167
2026,Q1,IQS,Estudiante,4to grado,SANTO DOMINGO,64,41.0,111
2026,Q1,IQS,Estudiante,4to grado,Sin ubicación,90,54.3,141
2026,Q1,IQS,Estudiante,5to grado,AZUA,1,0.5,2
2026,Q1,IQS,Estudiante,5to grado,BAHORUCO,3,2.4,3
2026,Q1,IQS,Estudiante,5to grado,BARAHONA,1,0.9,2
2026,Q1,IQS,Estudiante,5to grado,HIGUEY,4,3.3,5
2026,Q1,IQS,Estudiante,5to grado,LA VEGA,7,2.5,10
2026,Q1,IQS,Estudiante,5to grado,MONTE CRISTI,3,1.1,3
2026,Q1,IQS,Estudiante,5to grado,MONTE PLATA,1,0.4,2
2026,Q1,IQS,Estudiante,5to grado,SAN CRISTOBAL,4,6.7,9
2026,Q1,IQS,Estudiante,5to grado,SAN FRANCISCO DE MACORIS,3,1.5,3
2026,Q1,IQS,Estudiante,5to grado,SAN JUAN DE LA MAGUANA,3,2.9,5
2026,Q1,IQS,Estudiante,5to grado,SAN PEDRO DE MACORIS,7,4.9,13
2026,Q1,IQS,Estudiante,5to grado,SANTIAGO,16,18.9,29
2026,Q1,IQS,Estudiante,5to grado,SANTO DOMINGO,22,17.7,37
2026,Q1,IQS,Estudiante,5to grado,Sin ubicación,24,16.2,33
2026,Q1,IQS,Estudiante,6to grado,AZUA,142,116.2,261
2026,Q1,IQS,Estudiante,6to grado,BAHORUCO,152,80.4,172
2026,Q1,IQS,Estudiante,6to grado,BARAHONA,119,79.8,179
2026,Q1,IQS,Estudiante,6to grado,COTUI,113,72.5,195
2026,Q1,IQS,Estudiante,6to grado,HIGUEY,303,231.1,561
2026,Q1,IQS,Estudiante,6to grado,LA VEGA,183,157.6,323
2026,Q1,IQS,Estudiante,6to grado,MAO,16,15.8,26
2026,Q1,IQS,Estudiante,6to grado,MONTE CRISTI,409,765.1,1107
2026,Q1,IQS,Estudiante,6to grado,MONTE PLATA,33,43.8,95
2026,Q1,IQS,Estudiante,6to grado,NAGUA,78,45.4,110
2026,Q1,IQS,Estudiante,6to grado,PUERTO PLATA,32,31.9,75
2026,Q1,IQS,Estudiante,6to grado,SAN CRISTOBAL,255,161.2,354
2026,Q1,IQS,Estudiante,6to grado,SAN FRANCISCO DE MACORIS,386,403.8,725
2026,Q1,IQS,Estudiante,6to grado,SAN JUAN DE LA MAGUANA,345,857.7,1044
2026,Q1,IQS,Estudiante,6to grado,SAN PEDRO DE MACORIS,261,1507.5,1938
2026,Q1,IQS,Estudiante,6to grado,SANTIAGO,1233,1590.4,2660
2026,Q1,IQS,Estudiante,6to grado,SANTO DOMINGO,1213,1533.0,2758
2026,Q1,IQS,Estudiante,6to grado,Sin ubicación,968,693.9,1760
2026,Q1,IQS,Estudiante,No especificado,BAHORUCO,3,1.8,6
2026,Q1,IQS,Estudiante,No especificado,HIGUEY,1,0.8,4
2026,Q1,IQS,Estudiante,No especificado,MONTE CRISTI,2,1.4,4
2026,Q1,IQS,Estudiante,No especificado,NAGUA,1,0.5,1
2026,Q1,IQS,Estudiante,No especificado,SAN PEDRO DE MACORIS,2,1.1,3
2026,Q1,IQS,Estudiante,No especificado,SANTIAGO,13,14.0,26
2026,Q1,IQS,Estudiante,No especificado,SANTO DOMINGO,2,3.7,4
2026,Q1,IQS,Invitado,6to grado,COTUI,1,0.7,1
2026,Q1,IQS,Invitado,6to grado,MONTE CRISTI,1,1.1,2
2026,Q1,IQS,Invitado,6to grado,SANTIAGO,1,0.5,1
2026,Q1,IQS,Invitado,6to grado,SANTO DOMINGO,8,11.9,19
2026,Q1,IQS,Invitado,6to grado,Sin ubicación,158,205.9,288
2026,Q2,IQ512,Coordinador,No especificado,Sin ubicación,1,1.0,4
2026,Q2,IQ512,Editor,No especificado,Sin ubicación,1,3.5,7
2026,Q2,IQ512,Estudiante,No especificado,AZUA,32,156.5,154
2026,Q2,IQ512,Estudiante,No especificado,BAHORUCO,21,79.1,108
2026,Q2,IQ512,Estudiante,No especificado,BARAHONA,94,503.5,528
2026,Q2,IQ512,Estudiante,No especificado,COTUI,31,272.2,236
2026,Q2,IQ512,Estudiante,No especificado,HIGUEY,3,16.0,12
2026,Q2,IQ512,Estudiante,No especificado,LA VEGA,20,146.9,136
2026,Q2,IQ512,Estudiante,No especificado,MAO,3,4.2,8
2026,Q2,IQ512,Estudiante,No especificado,MONTE CRISTI,2,8.7,9
2026,Q2,IQ512,Estudiante,No especificado,MONTE PLATA,1,0.2,1
2026,Q2,IQ512,Estudiante,No especificado,NAGUA,23,124.2,121
2026,Q2,IQ512,Estudiante,No especificado,PUERTO PLATA,7,16.9,28
2026,Q2,IQ512,Estudiante,No especificado,SAN CRISTOBAL,17,58.8,69
2026,Q2,IQ512,Estudiante,No especificado,SAN FRANCISCO DE MACORIS,3,12.1,16
2026,Q2,IQ512,Estudiante,No especificado,SAN JUAN DE LA MAGUANA,30,242.9,216
2026,Q2,IQ512,Estudiante,No especificado,SAN PEDRO DE MACORIS,38,203.3,220
2026,Q2,IQ512,Estudiante,No especificado,SANTIAGO,10,36.4,49
2026,Q2,IQ512,Estudiante,No especificado,SANTO DOMINGO,69,334.9,314
2026,Q2,IQ512,Estudiante,No especificado,Sin ubicación,282,764.6,910
2026,Q2,IQP,Docente,1er grado,Sin ubicación,2,67.2,63
2026,Q2,IQP,Docente,4to grado,MAO,1,0.8,1
2026,Q2,IQP,Docente,4to grado,PUERTO PLATA,1,0.4,1
2026,Q2,IQP,Docente,4to grado,SAN FRANCISCO DE MACORIS,2,0.7,2
2026,Q2,IQP,Docente,4to grado,SANTIAGO,2,1.3,3
2026,Q2,IQP,Docente,4to grado,SANTO DOMINGO,2,0.7,2
2026,Q2,IQP,Docente,4to grado,Sin ubicación,9,10.1,10
2026,Q2,IQP,Docente,5to grado,AZUA,2,0.7,2
2026,Q2,IQP,Docente,5to grado,BAHORUCO,2,2.4,2
2026,Q2,IQP,Docente,5to grado,BARAHONA,1,0.2,1
2026,Q2,IQP,Docente,5to grado,COTUI,6,3.9,6
2026,Q2,IQP,Docente,5to grado,HIGUEY,2,2.3,3
2026,Q2,IQP,Docente,5to grado,LA VEGA,4,4.0,6
2026,Q2,IQP,Docente,5to grado,MAO,1,0.3,1
2026,Q2,IQP,Docente,5to grado,MONTE CRISTI,4,19.2,15
2026,Q2,IQP,Docente,5to grado,MONTE PLATA,2,0.4,2
2026,Q2,IQP,Docente,5to grado,PUERTO PLATA,3,23.9,16
2026,Q2,IQP,Docente,5to grado,SAN CRISTOBAL,8,12.2,21
2026,Q2,IQP,Docente,5to grado,SAN FRANCISCO DE MACORIS,3,2.4,4
2026,Q2,IQP,Docente,5to grado,SAN JUAN DE LA MAGUANA,2,1.5,2
2026,Q2,IQP,Docente,5to grado,SAN PEDRO DE MACORIS,3,2.3,3
2026,Q2,IQP,Docente,5to grado,SANTIAGO,4,2.6,5
2026,Q2,IQP,Docente,5to grado,SANTO DOMINGO,31,19.2,36
2026,Q2,IQP,Docente,5to grado,Sin ubicación,13,5.1,13
2026,Q2,IQP,Docente,6to grado,BARAHONA,1,0.9,1
2026,Q2,IQP,Docente,6to grado,NAGUA,1,2.8,4
2026,Q2,IQP,Docente,6to grado,SAN CRISTOBAL,2,1.3,2
2026,Q2,IQP,Docente,6to grado,SANTIAGO,1,0.6,1
2026,Q2,IQP,Docente,6to grado,SANTO DOMINGO,6,5.8,7
2026,Q2,IQP,Docente,6to grado,Sin ubicación,3,1.8,5
2026,Q2,IQP,Docente,No especificado,SANTO DOMINGO,2,1.9,2
2026,Q2,IQP,Docente,No especificado,Sin ubicación,1,0.5,1
2026,Q2,IQP,Estudiante,1er grado,SANTO DOMINGO,3,1.3,3
2026,Q2,IQP,Estudiante,1er grado,Sin ubicación,1,0.6,1
2026,Q2,IQP,Estudiante,2do grado,AZUA,1,0.8,2
2026,Q2,IQP,Estudiante,2do grado,NAGUA,1,0.4,1
2026,Q2,IQP,Estudiante,2do grado,SAN FRANCISCO DE MACORIS,1,1.1,1
2026,Q2,IQP,Estudiante,2do grado,SANTIAGO,1,0.2,1
2026,Q2,IQP,Estudiante,3er grado,AZUA,1,1.1,1
2026,Q2,IQP,Estudiante,3er grado,HIGUEY,1,1.8,1
2026,Q2,IQP,Estudiante,3er grado,LA VEGA,2,1.0,2
2026,Q2,IQP,Estudiante,3er grado,SAN PEDRO DE MACORIS,1,0.7,1
2026,Q2,IQP,Estudiante,3er grado,SANTIAGO,1,0.3,1
2026,Q2,IQP,Estudiante,3er grado,SANTO DOMINGO,14,13.0,18
2026,Q2,IQP,Estudiante,3er grado,Sin ubicación,14,10.0,16
2026,Q2,IQP,Estudiante,4to grado,LA VEGA,1,0.6,1
2026,Q2,IQP,Estudiante,4to grado,MONTE CRISTI,1,0.2,1
2026,Q2,IQP,Estudiante,4to grado,MONTE PLATA,1,1.0,2
2026,Q2,IQP,Estudiante,4to grado,PUERTO PLATA,11,5.5,12
2026,Q2,IQP,Estudiante,4to grado,SAN CRISTOBAL,1,0.2,1
2026,Q2,IQP,Estudiante,4to grado,SAN FRANCISCO DE MACORIS,1,0.1,1
2026,Q2,IQP,Estudiante,4to grado,SAN JUAN DE LA MAGUANA,1,0.3,2
2026,Q2,IQP,Estudiante,4to grado,SANTIAGO,1,0.3,1
2026,Q2,IQP,Estudiante,4to grado,SANTO DOMINGO,8,5.9,10
2026,Q2,IQP,Estudiante,5to grado,AZUA,2,0.6,2
2026,Q2,IQP,Estudiante,5to grado,HIGUEY,2,1.3,2
2026,Q2,IQP,Estudiante,5to grado,LA VEGA,1,0.7,2
2026,Q2,IQP,Estudiante,5to grado,SANTIAGO,1,0.1,1
2026,Q2,IQP,Estudiante,5to grado,SANTO DOMINGO,7,3.8,9
2026,Q2,IQP,Estudiante,5to grado,Sin ubicación,1,1.8,2
2026,Q2,IQP,Estudiante,6to grado,AZUA,5,2.3,5
2026,Q2,IQP,Estudiante,6to grado,BAHORUCO,2,1.1,2
2026,Q2,IQP,Estudiante,6to grado,BARAHONA,2,0.9,2
2026,Q2,IQP,Estudiante,6to grado,COTUI,4,1.3,4
2026,Q2,IQP,Estudiante,6to grado,HIGUEY,2,0.9,2
2026,Q2,IQP,Estudiante,6to grado,LA VEGA,2,0.9,2
2026,Q2,IQP,Estudiante,6to grado,MAO,1,0.3,1
2026,Q2,IQP,Estudiante,6to grado,MONTE CRISTI,1,0.1,1
2026,Q2,IQP,Estudiante,6to grado,MONTE PLATA,1,0.2,1
2026,Q2,IQP,Estudiante,6to grado,NAGUA,4,2.0,5
2026,Q2,IQP,Estudiante,6to grado,PUERTO PLATA,3,0.9,3
2026,Q2,IQP,Estudiante,6to grado,SAN CRISTOBAL,5,2.2,6
2026,Q2,IQP,Estudiante,6to grado,SAN FRANCISCO DE MACORIS,6,3.5,6
2026,Q2,IQP,Estudiante,6to grado,SAN JUAN DE LA MAGUANA,3,2.2,3
2026,Q2,IQP,Estudiante,6to grado,SAN PEDRO DE MACORIS,6,4.8,6
2026,Q2,IQP,Estudiante,6to grado,SANTIAGO,4,2.0,4
2026,Q2,IQP,Estudiante,6to grado,SANTO DOMINGO,41,16.5,44
2026,Q2,IQP,Estudiante,6to grado,Sin ubicación,7,5.3,9
2026,Q2,IQP,Parent,No especificado,Sin ubicación,1,5.8,8
2026,Q2,IQP,Sin rol,No especificado,Sin ubicación,1,16.5,24
2026,Q2,IQS,Admin,6to grado,Sin ubicación,1,1.1,3
2026,Q2,IQS,Docente,1er grado,AZUA,2,12.7,10
2026,Q2,IQS,Docente,1er grado,BAHORUCO,1,0.3,1
2026,Q2,IQS,Docente,1er grado,BARAHONA,2,2.1,4
2026,Q2,IQS,Docente,1er grado,HIGUEY,2,8.6,9
2026,Q2,IQS,Docente,1er grado,LA VEGA,4,9.1,12
2026,Q2,IQS,Docente,1er grado,MAO,1,1.5,2
2026,Q2,IQS,Docente,1er grado,MONTE CRISTI,6,14.3,19
2026,Q2,IQS,Docente,1er grado,PUERTO PLATA,3,1.5,5
2026,Q2,IQS,Docente,1er grado,SAN FRANCISCO DE MACORIS,1,0.5,2
2026,Q2,IQS,Docente,1er grado,SAN JUAN DE LA MAGUANA,1,14.3,11
2026,Q2,IQS,Docente,1er grado,SANTIAGO,6,14.8,19
2026,Q2,IQS,Docente,1er grado,SANTO DOMINGO,22,54.9,81
2026,Q2,IQS,Docente,1er grado,Sin ubicación,10,12.7,18
2026,Q2,IQS,Docente,3er grado,Sin ubicación,1,2.5,3
2026,Q2,IQS,Docente,4to grado,AZUA,87,188.8,223
2026,Q2,IQS,Docente,4to grado,BAHORUCO,40,62.7,74
2026,Q2,IQS,Docente,4to grado,BARAHONA,40,42.5,74
2026,Q2,IQS,Docente,4to grado,COTUI,70,87.4,169
2026,Q2,IQS,Docente,4to grado,HIGUEY,117,169.4,254
2026,Q2,IQS,Docente,4to grado,LA VEGA,162,202.6,293
2026,Q2,IQS,Docente,4to grado,MAO,51,46.3,69
2026,Q2,IQS,Docente,4to grado,MONTE CRISTI,64,138.5,167
2026,Q2,IQS,Docente,4to grado,MONTE PLATA,30,31.1,46
2026,Q2,IQS,Docente,4to grado,NAGUA,55,72.0,106
2026,Q2,IQS,Docente,4to grado,PUERTO PLATA,60,75.3,108
2026,Q2,IQS,Docente,4to grado,SAN CRISTOBAL,120,147.6,203
2026,Q2,IQS,Docente,4to grado,SAN FRANCISCO DE MACORIS,63,70.4,119
2026,Q2,IQS,Docente,4to grado,SAN JUAN DE LA MAGUANA,37,44.8,68
2026,Q2,IQS,Docente,4to grado,SAN PEDRO DE MACORIS,150,258.4,355
2026,Q2,IQS,Docente,4to grado,SANTIAGO,243,417.0,556
2026,Q2,IQS,Docente,4to grado,SANTO DOMINGO,633,1116.6,1368
2026,Q2,IQS,Docente,4to grado,Sin ubicación,588,614.6,1053
2026,Q2,IQS,Docente,6to grado,AZUA,3,3.6,8
2026,Q2,IQS,Docente,6to grado,HIGUEY,1,0.4,1
2026,Q2,IQS,Docente,6to grado,LA VEGA,5,31.1,26
2026,Q2,IQS,Docente,6to grado,MAO,1,0.5,2
2026,Q2,IQS,Docente,6to grado,NAGUA,2,2.4,4
2026,Q2,IQS,Docente,6to grado,PUERTO PLATA,2,7.0,6
2026,Q2,IQS,Docente,6to grado,SAN CRISTOBAL,3,4.1,6
2026,Q2,IQS,Docente,6to grado,SAN FRANCISCO DE MACORIS,2,0.0,2
2026,Q2,IQS,Docente,6to grado,SAN PEDRO DE MACORIS,1,0.5,1
2026,Q2,IQS,Docente,6to grado,SANTIAGO,4,11.8,14
2026,Q2,IQS,Docente,6to grado,SANTO DOMINGO,16,34.6,38
2026,Q2,IQS,Docente,6to grado,Sin ubicación,10,8.6,18
2026,Q2,IQS,Docente,No especificado,AZUA,1,0.1,2
2026,Q2,IQS,Docente,No especificado,BARAHONA,3,1.0,3
2026,Q2,IQS,Docente,No especificado,COTUI,1,0.7,1
2026,Q2,IQS,Docente,No especificado,HIGUEY,2,0.6,2
2026,Q2,IQS,Docente,No especificado,LA VEGA,5,8.2,15
2026,Q2,IQS,Docente,No especificado,MAO,1,0.5,1
2026,Q2,IQS,Docente,No especificado,MONTE CRISTI,1,1.1,2
2026,Q2,IQS,Docente,No especificado,SAN CRISTOBAL,4,5.7,9
2026,Q2,IQS,Docente,No especificado,SAN FRANCISCO DE MACORIS,3,4.1,6
2026,Q2,IQS,Docente,No especificado,SAN PEDRO DE MACORIS,4,3.2,4
2026,Q2,IQS,Docente,No especificado,SANTIAGO,9,6.3,13
2026,Q2,IQS,Docente,No especificado,SANTO DOMINGO,10,7.9,17
2026,Q2,IQS,Docente,No especificado,Sin ubicación,11,6.6,13
2026,Q2,IQS,Editor,No especificado,SANTIAGO,1,67.1,28
2026,Q2,IQS,Estudiante,1er grado,AZUA,23,48.9,95
2026,Q2,IQS,Estudiante,1er grado,BAHORUCO,3,5.9,14
2026,Q2,IQS,Estudiante,1er grado,BARAHONA,18,19.6,55
2026,Q2,IQS,Estudiante,1er grado,COTUI,20,13.1,49
2026,Q2,IQS,Estudiante,1er grado,HIGUEY,28,30.6,98
2026,Q2,IQS,Estudiante,1er grado,LA VEGA,27,25.4,76
2026,Q2,IQS,Estudiante,1er grado,MAO,1,0.8,2
2026,Q2,IQS,Estudiante,1er grado,MONTE CRISTI,11,11.7,34
2026,Q2,IQS,Estudiante,1er grado,MONTE PLATA,10,13.0,35
2026,Q2,IQS,Estudiante,1er grado,NAGUA,10,16.1,40
2026,Q2,IQS,Estudiante,1er grado,PUERTO PLATA,22,16.2,63
2026,Q2,IQS,Estudiante,1er grado,SAN CRISTOBAL,17,14.0,45
2026,Q2,IQS,Estudiante,1er grado,SAN FRANCISCO DE MACORIS,17,17.8,54
2026,Q2,IQS,Estudiante,1er grado,SAN JUAN DE LA MAGUANA,10,8.4,30
2026,Q2,IQS,Estudiante,1er grado,SAN PEDRO DE MACORIS,37,25.7,108
2026,Q2,IQS,Estudiante,1er grado,SANTIAGO,80,74.4,217
2026,Q2,IQS,Estudiante,1er grado,SANTO DOMINGO,200,216.5,591
2026,Q2,IQS,Estudiante,1er grado,Sin ubicación,173,225.1,644
2026,Q2,IQS,Estudiante,2do grado,AZUA,31,27.4,54
2026,Q2,IQS,Estudiante,2do grado,BAHORUCO,7,9.1,14
2026,Q2,IQS,Estudiante,2do grado,BARAHONA,11,22.7,28
2026,Q2,IQS,Estudiante,2do grado,COTUI,16,13.9,29
2026,Q2,IQS,Estudiante,2do grado,HIGUEY,10,6.9,19
2026,Q2,IQS,Estudiante,2do grado,LA VEGA,21,28.0,42
2026,Q2,IQS,Estudiante,2do grado,MAO,8,5.5,15
2026,Q2,IQS,Estudiante,2do grado,MONTE CRISTI,20,11.8,26
2026,Q2,IQS,Estudiante,2do grado,MONTE PLATA,8,9.7,20
2026,Q2,IQS,Estudiante,2do grado,NAGUA,8,10.5,22
2026,Q2,IQS,Estudiante,2do grado,PUERTO PLATA,10,9.9,20
2026,Q2,IQS,Estudiante,2do grado,SAN CRISTOBAL,19,23.9,34
2026,Q2,IQS,Estudiante,2do grado,SAN FRANCISCO DE MACORIS,15,15.4,33
2026,Q2,IQS,Estudiante,2do grado,SAN JUAN DE LA MAGUANA,12,8.1,17
2026,Q2,IQS,Estudiante,2do grado,SAN PEDRO DE MACORIS,23,18.2,32
2026,Q2,IQS,Estudiante,2do grado,SANTIAGO,46,42.7,89
2026,Q2,IQS,Estudiante,2do grado,SANTO DOMINGO,228,397.8,677
2026,Q2,IQS,Estudiante,2do grado,Sin ubicación,286,374.1,692
2026,Q2,IQS,Estudiante,3er grado,AZUA,10,7.4,18
2026,Q2,IQS,Estudiante,3er grado,BAHORUCO,3,0.9,3
2026,Q2,IQS,Estudiante,3er grado,BARAHONA,6,5.6,9
2026,Q2,IQS,Estudiante,3er grado,COTUI,3,2.0,4
2026,Q2,IQS,Estudiante,3er grado,HIGUEY,4,2.6,5
2026,Q2,IQS,Estudiante,3er grado,LA VEGA,5,4.3,10
2026,Q2,IQS,Estudiante,3er grado,MAO,2,1.2,4
2026,Q2,IQS,Estudiante,3er grado,MONTE CRISTI,7,5.8,17
2026,Q2,IQS,Estudiante,3er grado,MONTE PLATA,6,8.8,11
2026,Q2,IQS,Estudiante,3er grado,NAGUA,1,0.3,1
2026,Q2,IQS,Estudiante,3er grado,PUERTO PLATA,3,1.5,7
2026,Q2,IQS,Estudiante,3er grado,SAN CRISTOBAL,11,12.4,19
2026,Q2,IQS,Estudiante,3er grado,SAN FRANCISCO DE MACORIS,7,4.4,10
2026,Q2,IQS,Estudiante,3er grado,SAN JUAN DE LA MAGUANA,2,1.2,3
2026,Q2,IQS,Estudiante,3er grado,SAN PEDRO DE MACORIS,7,14.0,21
2026,Q2,IQS,Estudiante,3er grado,SANTIAGO,28,42.0,66
2026,Q2,IQS,Estudiante,3er grado,SANTO DOMINGO,112,125.7,225
2026,Q2,IQS,Estudiante,3er grado,Sin ubicación,112,165.0,297
2026,Q2,IQS,Estudiante,4to grado,AZUA,50,51.9,87
2026,Q2,IQS,Estudiante,4to grado,BAHORUCO,15,9.4,19
2026,Q2,IQS,Estudiante,4to grado,BARAHONA,26,26.6,40
2026,Q2,IQS,Estudiante,4to grado,COTUI,64,79.0,114
2026,Q2,IQS,Estudiante,4to grado,HIGUEY,63,107.5,126
2026,Q2,IQS,Estudiante,4to grado,LA VEGA,87,81.0,119
2026,Q2,IQS,Estudiante,4to grado,MAO,19,12.0,26
2026,Q2,IQS,Estudiante,4to grado,MONTE CRISTI,20,20.7,41
2026,Q2,IQS,Estudiante,4to grado,MONTE PLATA,20,16.4,32
2026,Q2,IQS,Estudiante,4to grado,NAGUA,47,29.8,62
2026,Q2,IQS,Estudiante,4to grado,PUERTO PLATA,28,19.8,44
2026,Q2,IQS,Estudiante,4to grado,SAN CRISTOBAL,69,49.5,95
2026,Q2,IQS,Estudiante,4to grado,SAN FRANCISCO DE MACORIS,53,55.6,113
2026,Q2,IQS,Estudiante,4to grado,SAN JUAN DE LA MAGUANA,28,58.6,69
2026,Q2,IQS,Estudiante,4to grado,SAN PEDRO DE MACORIS,70,93.9,145
2026,Q2,IQS,Estudiante,4to grado,SANTIAGO,171,195.8,331
2026,Q2,IQS,Estudiante,4to grado,SANTO DOMINGO,502,575.2,869
2026,Q2,IQS,Estudiante,4to grado,Sin ubicación,485,517.1,941
2026,Q2,IQS,Estudiante,5to grado,AZUA,17,17.2,31
2026,Q2,IQS,Estudiante,5to grado,BAHORUCO,8,6.2,14
2026,Q2,IQS,Estudiante,5to grado,BARAHONA,11,12.3,30
2026,Q2,IQS,Estudiante,5to grado,COTUI,9,8.7,15
2026,Q2,IQS,Estudiante,5to grado,HIGUEY,12,14.7,26
2026,Q2,IQS,Estudiante,5to grado,LA VEGA,22,15.5,34
2026,Q2,IQS,Estudiante,5to grado,MAO,3,1.1,4
2026,Q2,IQS,Estudiante,5to grado,MONTE CRISTI,8,17.2,35
2026,Q2,IQS,Estudiante,5to grado,MONTE PLATA,19,25.3,33
2026,Q2,IQS,Estudiante,5to grado,NAGUA,12,7.9,16
2026,Q2,IQS,Estudiante,5to grado,PUERTO PLATA,10,12.2,21
2026,Q2,IQS,Estudiante,5to grado,SAN CRISTOBAL,45,42.0,64
2026,Q2,IQS,Estudiante,5to grado,SAN FRANCISCO DE MACORIS,23,30.8,53
2026,Q2,IQS,Estudiante,5to grado,SAN JUAN DE LA MAGUANA,8,7.1,15
2026,Q2,IQS,Estudiante,5to grado,SAN PEDRO DE MACORIS,35,32.2,59
2026,Q2,IQS,Estudiante,5to grado,SANTIAGO,75,55.2,129
2026,Q2,IQS,Estudiante,5to grado,SANTO DOMINGO,209,245.0,376
2026,Q2,IQS,Estudiante,5to grado,Sin ubicación,187,180.6,311
2026,Q2,IQS,Estudiante,6to grado,AZUA,1513,2646.4,4147
2026,Q2,IQS,Estudiante,6to grado,BAHORUCO,638,674.5,1206
2026,Q2,IQS,Estudiante,6to grado,BARAHONA,788,1028.4,1836
2026,Q2,IQS,Estudiante,6to grado,COTUI,1168,1272.2,2568
2026,Q2,IQS,Estudiante,6to grado,HIGUEY,1793,3456.0,5231
2026,Q2,IQS,Estudiante,6to grado,LA VEGA,2435,3223.9,5772
2026,Q2,IQS,Estudiante,6to grado,MAO,671,843.9,1601
2026,Q2,IQS,Estudiante,6to grado,MONTE CRISTI,845,1769.2,2491
2026,Q2,IQS,Estudiante,6to grado,MONTE PLATA,562,611.9,1204
2026,Q2,IQS,Estudiante,6to grado,NAGUA,672,656.1,1338
2026,Q2,IQS,Estudiante,6to grado,PUERTO PLATA,1061,1352.1,2495
2026,Q2,IQS,Estudiante,6to grado,SAN CRISTOBAL,2464,3344.7,5436
2026,Q2,IQS,Estudiante,6to grado,SAN FRANCISCO DE MACORIS,1093,1379.8,2566
2026,Q2,IQS,Estudiante,6to grado,SAN JUAN DE LA MAGUANA,976,1786.3,2568
2026,Q2,IQS,Estudiante,6to grado,SAN PEDRO DE MACORIS,2408,3563.0,5992
2026,Q2,IQS,Estudiante,6to grado,SANTIAGO,5460,8712.9,13950
2026,Q2,IQS,Estudiante,6to grado,SANTO DOMINGO,14630,22576.6,34253
2026,Q2,IQS,Estudiante,6to grado,Sin ubicación,10629,12821.0,25633
2026,Q2,IQS,Estudiante,No especificado,AZUA,9,14.7,26
2026,Q2,IQS,Estudiante,No especificado,BAHORUCO,7,4.8,9
2026,Q2,IQS,Estudiante,No especificado,BARAHONA,12,13.6,35
2026,Q2,IQS,Estudiante,No especificado,COTUI,2,0.7,2
2026,Q2,IQS,Estudiante,No especificado,HIGUEY,31,49.9,104
2026,Q2,IQS,Estudiante,No especificado,LA VEGA,20,25.7,59
2026,Q2,IQS,Estudiante,No especificado,MAO,14,14.2,31
2026,Q2,IQS,Estudiante,No especificado,MONTE CRISTI,11,16.8,31
2026,Q2,IQS,Estudiante,No especificado,MONTE PLATA,2,1.7,5
2026,Q2,IQS,Estudiante,No especificado,NAGUA,5,8.9,8
2026,Q2,IQS,Estudiante,No especificado,PUERTO PLATA,10,9.8,18
2026,Q2,IQS,Estudiante,No especificado,SAN CRISTOBAL,29,34.1,57
2026,Q2,IQS,Estudiante,No especificado,SAN FRANCISCO DE MACORIS,12,14.3,31
2026,Q2,IQS,Estudiante,No especificado,SAN JUAN DE LA MAGUANA,4,1.7,7
2026,Q2,IQS,Estudiante,No especificado,SAN PEDRO DE MACORIS,37,40.0,65
2026,Q2,IQS,Estudiante,No especificado,SANTIAGO,45,55.0,111
2026,Q2,IQS,Estudiante,No especificado,SANTO DOMINGO,110,109.4,220
2026,Q2,IQS,Estudiante,No especificado,Sin ubicación,80,88.7,209
2026,Q2,IQS,Invitado,6to grado,AZUA,1,5.2,7
2026,Q2,IQS,Invitado,6to grado,BAHORUCO,2,2.8,3
2026,Q2,IQS,Invitado,6to grado,BARAHONA,2,2.4,2
2026,Q2,IQS,Invitado,6to grado,LA VEGA,3,3.7,7
2026,Q2,IQS,Invitado,6to grado,MONTE CRISTI,1,2.7,3
2026,Q2,IQS,Invitado,6to grado,MONTE PLATA,3,2.5,5
2026,Q2,IQS,Invitado,6to grado,NAGUA,1,0.3,1
2026,Q2,IQS,Invitado,6to grado,PUERTO PLATA,2,3.4,4
2026,Q2,IQS,Invitado,6to grado,SAN CRISTOBAL,4,2.9,5
2026,Q2,IQS,Invitado,6to grado,SAN FRANCISCO DE MACORIS,1,0.5,1
2026,Q2,IQS,Invitado,6to grado,SAN JUAN DE LA MAGUANA,1,0.6,1
2026,Q2,IQS,Invitado,6to grado,SAN PEDRO DE MACORIS,6,7.9,14
2026,Q2,IQS,Invitado,6to grado,SANTIAGO,4,20.5,28
2026,Q2,IQS,Invitado,6to grado,SANTO DOMINGO,29,53.6,74
2026,Q2,IQS,Invitado,6to grado,Sin ubicación,1182,1287.3,1933
2026,Q2,IQS,Invitado,No especificado,BAHORUCO,1,0.3,1
2026,Q2,IQS,Invitado,No especificado,Sin ubicación,4,2.3,5
2026,Q2,IQS,Sin rol,No especificado,HIGUEY,1,0.8,5
2026,Q2,IQS,Sin rol,No especificado,SANTIAGO,3,0.9,3
2026,Q2,IQS,Sin rol,No especificado,Sin ubicación,14,11.2,15
2026,Q3,IQ512,Coordinador,No especificado,Sin ubicación,1,1.0,2
2026,Q3,IQ512,Editor,No especificado,Sin ubicación,1,0.5,1
2026,Q3,IQ512,Estudiante,No especificado,AZUA,1,0.5,1
2026,Q3,IQ512,Estudiante,No especificado,BAHORUCO,2,1.6,3
2026,Q3,IQ512,Estudiante,No especificado,BARAHONA,8,3.9,8
2026,Q3,IQ512,Estudiante,No especificado,COTUI,2,0.6,2
2026,Q3,IQ512,Estudiante,No especificado,HIGUEY,1,0.4,1
2026,Q3,IQ512,Estudiante,No especificado,LA VEGA,4,3.5,4
2026,Q3,IQ512,Estudiante,No especificado,SAN CRISTOBAL,1,2.8,1
2026,Q3,IQ512,Estudiante,No especificado,SAN FRANCISCO DE MACORIS,1,0.5,1
2026,Q3,IQ512,Estudiante,No especificado,SAN JUAN DE LA MAGUANA,2,3.5,3
2026,Q3,IQ512,Estudiante,No especificado,SAN PEDRO DE MACORIS,6,6.8,7
2026,Q3,IQ512,Estudiante,No especificado,SANTIAGO,1,0.2,1
2026,Q3,IQ512,Estudiante,No especificado,SANTO DOMINGO,12,6.1,14
2026,Q3,IQ512,Estudiante,No especificado,Sin ubicación,55,44.2,80
2026,Q3,IQP,Docente,1er grado,Sin ubicación,1,14.5,51
2026,Q3,IQP,Docente,4to grado,LA VEGA,1,0.1,1
2026,Q3,IQP,Docente,4to grado,Sin ubicación,1,0.1,1
2026,Q3,IQP,Docente,5to grado,BARAHONA,3,0.2,3
2026,Q3,IQP,Docente,5to grado,LA VEGA,1,0.1,1
2026,Q3,IQP,Docente,5to grado,MONTE CRISTI,1,0.1,2
2026,Q3,IQP,Docente,5to grado,PUERTO PLATA,3,0.6,5
2026,Q3,IQP,Docente,5to grado,SAN CRISTOBAL,2,1.8,13
2026,Q3,IQP,Docente,5to grado,SAN JUAN DE LA MAGUANA,1,0.0,1
2026,Q3,IQP,Docente,5to grado,SANTIAGO,2,0.2,2
2026,Q3,IQP,Docente,5to grado,SANTO DOMINGO,7,1.2,11
2026,Q3,IQP,Docente,5to grado,Sin ubicación,3,0.2,3
2026,Q3,IQP,Docente,6to grado,NAGUA,1,1.1,5
2026,Q3,IQP,Docente,6to grado,SAN FRANCISCO DE MACORIS,1,0.1,1
2026,Q3,IQP,Docente,6to grado,SANTO DOMINGO,2,0.3,3
2026,Q3,IQP,Docente,6to grado,Sin ubicación,2,0.2,2
2026,Q3,IQP,Estudiante,1er grado,SANTO DOMINGO,2,0.2,2
2026,Q3,IQP,Estudiante,1er grado,Sin ubicación,3,1.7,7
2026,Q3,IQP,Estudiante,2do grado,SANTO DOMINGO,2,0.1,3
2026,Q3,IQP,Estudiante,2do grado,Sin ubicación,1,0.1,1
2026,Q3,IQP,Estudiante,4to grado,LA VEGA,1,0.1,1
2026,Q3,IQP,Estudiante,4to grado,MONTE CRISTI,1,0.1,1
2026,Q3,IQP,Estudiante,4to grado,MONTE PLATA,1,1.4,5
2026,Q3,IQP,Estudiante,4to grado,SANTO DOMINGO,1,0.1,1
2026,Q3,IQP,Estudiante,5to grado,HIGUEY,4,0.6,4
2026,Q3,IQP,Estudiante,5to grado,SAN FRANCISCO DE MACORIS,1,0.1,1
2026,Q3,IQP,Estudiante,5to grado,SANTO DOMINGO,2,0.2,2
2026,Q3,IQP,Estudiante,6to grado,BAHORUCO,1,0.0,1
2026,Q3,IQP,Estudiante,6to grado,MONTE PLATA,1,0.1,1
2026,Q3,IQP,Estudiante,6to grado,NAGUA,2,1.5,4
2026,Q3,IQP,Estudiante,6to grado,SAN CRISTOBAL,1,0.0,1
2026,Q3,IQP,Estudiante,6to grado,SAN PEDRO DE MACORIS,1,0.2,1
2026,Q3,IQP,Estudiante,6to grado,SANTIAGO,1,0.2,1
2026,Q3,IQP,Estudiante,6to grado,SANTO DOMINGO,2,0.1,2
2026,Q3,IQP,Estudiante,6to grado,Sin ubicación,3,0.4,3
2026,Q3,IQP,Estudiante,No especificado,Sin ubicación,1,0.0,1
2026,Q3,IQP,Sin rol,No especificado,SAN CRISTOBAL,1,0.2,1
2026,Q3,IQP,Sin rol,No especificado,Sin ubicación,1,6.9,21
2026,Q3,IQS,Admin,No especificado,Sin ubicación,1,0.0,1
2026,Q3,IQS,Docente,1er grado,SAN FRANCISCO DE MACORIS,1,0.1,1
2026,Q3,IQS,Docente,1er grado,SANTO DOMINGO,2,0.4,5
2026,Q3,IQS,Docente,1er grado,Sin ubicación,1,0.0,1
2026,Q3,IQS,Docente,4to grado,AZUA,6,0.7,9
2026,Q3,IQS,Docente,4to grado,BAHORUCO,1,0.1,1
2026,Q3,IQS,Docente,4to grado,BARAHONA,3,0.2,4
2026,Q3,IQS,Docente,4to grado,COTUI,1,0.0,1
2026,Q3,IQS,Docente,4to grado,HIGUEY,7,0.7,10
2026,Q3,IQS,Docente,4to grado,LA VEGA,4,3.4,16
2026,Q3,IQS,Docente,4to grado,MAO,1,0.2,1
2026,Q3,IQS,Docente,4to grado,MONTE CRISTI,5,2.1,17
2026,Q3,IQS,Docente,4to grado,MONTE PLATA,1,0.1,1
2026,Q3,IQS,Docente,4to grado,NAGUA,3,1.0,5
2026,Q3,IQS,Docente,4to grado,PUERTO PLATA,1,0.0,1
2026,Q3,IQS,Docente,4to grado,SAN CRISTOBAL,6,1.7,9
2026,Q3,IQS,Docente,4to grado,SAN FRANCISCO DE MACORIS,1,0.0,1
2026,Q3,IQS,Docente,4to grado,SAN JUAN DE LA MAGUANA,1,0.1,1
2026,Q3,IQS,Docente,4to grado,SAN PEDRO DE MACORIS,5,1.1,11
2026,Q3,IQS,Docente,4to grado,SANTIAGO,7,0.9,9
2026,Q3,IQS,Docente,4to grado,SANTO DOMINGO,27,5.5,46
2026,Q3,IQS,Docente,4to grado,Sin ubicación,23,3.2,39
2026,Q3,IQS,Docente,6to grado,HIGUEY,1,0.2,1
2026,Q3,IQS,Docente,6to grado,SANTIAGO,1,0.1,1
2026,Q3,IQS,Docente,6to grado,Sin ubicación,2,0.3,2
2026,Q3,IQS,Docente,No especificado,Sin ubicación,2,0.1,2
2026,Q3,IQS,Editor,No especificado,SANTIAGO,1,15.3,27
2026,Q3,IQS,Estudiante,1er grado,AZUA,2,0.6,8
2026,Q3,IQS,Estudiante,1er grado,HIGUEY,4,0.5,13
2026,Q3,IQS,Estudiante,1er grado,LA VEGA,2,0.1,3
2026,Q3,IQS,Estudiante,1er grado,MONTE CRISTI,1,0.1,2
2026,Q3,IQS,Estudiante,1er grado,MONTE PLATA,1,0.0,1
2026,Q3,IQS,Estudiante,1er grado,SAN CRISTOBAL,4,1.6,9
2026,Q3,IQS,Estudiante,1er grado,SAN JUAN DE LA MAGUANA,1,0.1,2
2026,Q3,IQS,Estudiante,1er grado,SAN PEDRO DE MACORIS,1,0.1,2
2026,Q3,IQS,Estudiante,1er grado,SANTIAGO,7,0.9,14
2026,Q3,IQS,Estudiante,1er grado,SANTO DOMINGO,10,3.8,28
2026,Q3,IQS,Estudiante,1er grado,Sin ubicación,8,2.0,22
2026,Q3,IQS,Estudiante,2do grado,AZUA,1,0.1,2
2026,Q3,IQS,Estudiante,2do grado,COTUI,1,0.0,2
2026,Q3,IQS,Estudiante,2do grado,HIGUEY,3,0.3,3
2026,Q3,IQS,Estudiante,2do grado,LA VEGA,5,0.9,6
2026,Q3,IQS,Estudiante,2do grado,MAO,1,4.1,4
2026,Q3,IQS,Estudiante,2do grado,MONTE CRISTI,1,0.3,1
2026,Q3,IQS,Estudiante,2do grado,MONTE PLATA,1,2.1,1
2026,Q3,IQS,Estudiante,2do grado,NAGUA,1,0.0,1
2026,Q3,IQS,Estudiante,2do grado,PUERTO PLATA,1,0.7,1
2026,Q3,IQS,Estudiante,2do grado,SAN CRISTOBAL,17,6.2,21
2026,Q3,IQS,Estudiante,2do grado,SAN FRANCISCO DE MACORIS,1,0.1,2
2026,Q3,IQS,Estudiante,2do grado,SAN JUAN DE LA MAGUANA,1,0.1,1
2026,Q3,IQS,Estudiante,2do grado,SAN PEDRO DE MACORIS,1,0.3,1
2026,Q3,IQS,Estudiante,2do grado,SANTIAGO,10,3.6,17
2026,Q3,IQS,Estudiante,2do grado,SANTO DOMINGO,40,19.9,102
2026,Q3,IQS,Estudiante,2do grado,Sin ubicación,55,19.5,117
2026,Q3,IQS,Estudiante,3er grado,AZUA,1,0.1,1
2026,Q3,IQS,Estudiante,3er grado,LA VEGA,1,0.5,1
2026,Q3,IQS,Estudiante,3er grado,PUERTO PLATA,1,0.0,2
2026,Q3,IQS,Estudiante,3er grado,SAN CRISTOBAL,1,0.5,1
2026,Q3,IQS,Estudiante,3er grado,SAN FRANCISCO DE MACORIS,1,0.2,2
2026,Q3,IQS,Estudiante,3er grado,SAN JUAN DE LA MAGUANA,2,0.0,2
2026,Q3,IQS,Estudiante,3er grado,SANTIAGO,9,3.8,10
2026,Q3,IQS,Estudiante,3er grado,SANTO DOMINGO,12,8.2,65
2026,Q3,IQS,Estudiante,3er grado,Sin ubicación,9,3.6,17
2026,Q3,IQS,Estudiante,4to grado,AZUA,2,5.1,7
2026,Q3,IQS,Estudiante,4to grado,BARAHONA,1,0.3,1
2026,Q3,IQS,Estudiante,4to grado,COTUI,2,0.3,2
2026,Q3,IQS,Estudiante,4to grado,HIGUEY,1,0.3,2
2026,Q3,IQS,Estudiante,4to grado,LA VEGA,2,1.8,3
2026,Q3,IQS,Estudiante,4to grado,PUERTO PLATA,2,0.2,4
2026,Q3,IQS,Estudiante,4to grado,SAN CRISTOBAL,2,2.8,3
2026,Q3,IQS,Estudiante,4to grado,SAN FRANCISCO DE MACORIS,1,0.5,1
2026,Q3,IQS,Estudiante,4to grado,SAN JUAN DE LA MAGUANA,6,4.3,9
2026,Q3,IQS,Estudiante,4to grado,SAN PEDRO DE MACORIS,4,0.5,5
2026,Q3,IQS,Estudiante,4to grado,SANTIAGO,15,18.5,35
2026,Q3,IQS,Estudiante,4to grado,SANTO DOMINGO,12,35.9,44
2026,Q3,IQS,Estudiante,4to grado,Sin ubicación,26,10.1,41
2026,Q3,IQS,Estudiante,5to grado,AZUA,5,0.7,6
2026,Q3,IQS,Estudiante,5to grado,COTUI,1,0.2,1
2026,Q3,IQS,Estudiante,5to grado,HIGUEY,1,0.1,4
2026,Q3,IQS,Estudiante,5to grado,LA VEGA,3,0.5,6
2026,Q3,IQS,Estudiante,5to grado,SAN CRISTOBAL,2,0.9,2
2026,Q3,IQS,Estudiante,5to grado,SAN FRANCISCO DE MACORIS,1,0.3,1
2026,Q3,IQS,Estudiante,5to grado,SAN PEDRO DE MACORIS,1,0.0,1
2026,Q3,IQS,Estudiante,5to grado,SANTIAGO,6,1.8,11
2026,Q3,IQS,Estudiante,5to grado,SANTO DOMINGO,10,2.8,13
2026,Q3,IQS,Estudiante,5to grado,Sin ubicación,9,1.8,17
2026,Q3,IQS,Estudiante,6to grado,AZUA,41,25.8,89
2026,Q3,IQS,Estudiante,6to grado,BAHORUCO,5,0.3,7
2026,Q3,IQS,Estudiante,6to grado,BARAHONA,20,21.5,49
2026,Q3,IQS,Estudiante,6to grado,COTUI,23,6.6,44
2026,Q3,IQS,Estudiante,6to grado,HIGUEY,56,24.3,111
2026,Q3,IQS,Estudiante,6to grado,LA VEGA,71,33.0,142
2026,Q3,IQS,Estudiante,6to grado,MAO,15,8.3,33
2026,Q3,IQS,Estudiante,6to grado,MONTE CRISTI,38,49.1,58
2026,Q3,IQS,Estudiante,6to grado,MONTE PLATA,15,4.4,32
2026,Q3,IQS,Estudiante,6to grado,NAGUA,10,1.7,20
2026,Q3,IQS,Estudiante,6to grado,PUERTO PLATA,21,7.9,41
2026,Q3,IQS,Estudiante,6to grado,SAN CRISTOBAL,133,105.6,221
2026,Q3,IQS,Estudiante,6to grado,SAN FRANCISCO DE MACORIS,31,14.5,46
2026,Q3,IQS,Estudiante,6to grado,SAN JUAN DE LA MAGUANA,24,14.3,46
2026,Q3,IQS,Estudiante,6to grado,SAN PEDRO DE MACORIS,186,83.8,372
2026,Q3,IQS,Estudiante,6to grado,SANTIAGO,112,63.3,198
2026,Q3,IQS,Estudiante,6to grado,SANTO DOMINGO,415,288.0,910
2026,Q3,IQS,Estudiante,6to grado,Sin ubicación,301,129.7,608
2026,Q3,IQS,Estudiante,No especificado,AZUA,1,0.2,1
2026,Q3,IQS,Estudiante,No especificado,LA VEGA,1,0.2,1
2026,Q3,IQS,Estudiante,No especificado,PUERTO PLATA,1,0.3,1
2026,Q3,IQS,Estudiante,No especificado,SAN CRISTOBAL,1,0.1,2
2026,Q3,IQS,Estudiante,No especificado,SANTIAGO,7,2.2,15
2026,Q3,IQS,Estudiante,No especificado,SANTO DOMINGO,1,0.0,2
2026,Q3,IQS,Estudiante,No especificado,Sin ubicación,3,0.7,3
2026,Q3,IQS,Invitado,6to grado,HIGUEY,2,0.4,2
2026,Q3,IQS,Invitado,6to grado,SAN JUAN DE LA MAGUANA,1,0.0,1
2026,Q3,IQS,Invitado,6to grado,SANTIAGO,2,0.2,2
2026,Q3,IQS,Invitado,6to grado,SANTO DOMINGO,3,0.6,8
2026,Q3,IQS,Invitado,6to grado,Sin ubicación,182,56.4,374
2026,Q3,IQS,Sin rol,No especificado,Sin ubicación,1,0.8,1
