Anio,Mes,Programa,Rol,Grado,region_norm,usuarios_activos,horas_totales,registros
2021,2,IQP,Admin,No especificado,Sin ubicación,1,0.0,1
2021,2,IQP,Docente,No especificado,Sin ubicación,1,0.0,1
2021,2,IQP,Estudiante,No especificado,Sin ubicación,1,0.5,10
2021,2,IQP,Sin rol,No especificado,Sin ubicación,2,0.0,2
2021,3,IQP,Estudiante,No especificado,Sin ubicación,1,0.4,9
2021,4,IQP,Estudiante,No especificado,Sin ubicación,1,0.4,6
2021,5,IQP,Estudiante,No especificado,Sin ubicación,6,1.6,29
2021,5,IQP,Sin rol,No especificado,Sin ubicación,1,0.6,7
2021,6,IQP,Admin,No especificado,Sin ubicación,1,0.1,2
2021,6,IQP,Estudiante,No especificado,Sin ubicación,9,1.5,31
2021,6,IQP,Sin rol,No especificado,Sin ubicación,1,0.4,7
2021,7,IQP,Estudiante,6to grado,Sin ubicación,1,0.0,2
2021,7,IQP,Estudiante,No especificado,Sin ubicación,5,0.5,12
2021,7,IQP,Sin rol,No especificado,Sin ubicación,1,0.2,3
2021,8,IQP,Admin,No especificado,Sin ubicación,1,0.0,1
2021,8,IQP,Estudiante,6to grado,Sin ubicación,1,0.0,1
2021,8,IQP,Estudiante,No especificado,Sin ubicación,5,0.6,18
2021,8,IQP,Sin rol,No especificado,Sin ubicación,1,0.1,4
2021,9,IQP,Admin,No especificado,Sin ubicación,1,0.0,1
2021,9,IQP,Estudiante,1er grado,Sin ubicación,1,0.6,9
2021,9,IQP,Estudiante,6to grado,Sin ubicación,4,1.0,25
2021,9,IQP,Estudiante,No especificado,Sin ubicación,13,3.0,47
2021,9,IQP,Sin rol,No especificado,Sin ubicación,1,1.5,20
2021,10,IQP,Admin,No especificado,Sin ubicación,1,0.0,2
2021,10,IQP,Docente,6to grado,Sin ubicación,1,0.0,1
2021,10,IQP,Estudiante,1er grado,Sin ubicación,1,0.1,4
2021,10,IQP,Estudiante,6to grado,Sin ubicación,5,1.6,34
2021,10,IQP,Estudiante,No especificado,Sin ubicación,7,0.2,8
2021,10,IQP,Sin rol,No especificado,Sin ubicación,1,0.9,18
2021,11,IQP,Admin,No especificado,Sin ubicación,1,0.1,4
2021,11,IQP,Docente,6to grado,BARAHONA,3,0.1,3
2021,11,IQP,Docente,6to grado,MAO,4,0.1,7
2021,11,IQP,Docente,6to grado,SANTO DOMINGO,3,0.2,7
2021,11,IQP,Docente,6to grado,Sin ubicación,9,0.2,9
2021,11,IQP,Docente,No especificado,NAGUA,1,0.1,1
2021,11,IQP,Docente,No especificado,Sin ubicación,1,0.0,1
2021,11,IQP,Estudiante,1er grado,HIGUEY,1,0.1,2
2021,11,IQP,Estudiante,1er grado,SANTO DOMINGO,2,0.4,7
2021,11,IQP,Estudiante,1er grado,Sin ubicación,3,0.5,10
2021,11,IQP,Estudiante,2do grado,LA VEGA,1,0.1,3
2021,11,IQP,Estudiante,2do grado,SANTO DOMINGO,1,0.2,4
2021,11,IQP,Estudiante,3er grado,SAN FRANCISCO DE MACORIS,1,0.0,1
2021,11,IQP,Estudiante,3er grado,SANTO DOMINGO,2,0.0,2
2021,11,IQP,Estudiante,3er grado,Sin ubicación,1,0.0,1
2021,11,IQP,Estudiante,4to grado,PUERTO PLATA,1,0.1,4
2021,11,IQP,Estudiante,4to grado,SANTO DOMINGO,3,0.1,5
2021,11,IQP,Estudiante,4to grado,Sin ubicación,1,0.1,1
2021,11,IQP,Estudiante,5to grado,BAHORUCO,1,0.5,8
2021,11,IQP,Estudiante,5to grado,LA VEGA,1,0.0,1
2021,11,IQP,Estudiante,5to grado,SANTO DOMINGO,3,0.1,3
2021,11,IQP,Estudiante,6to grado,SANTO DOMINGO,4,0.8,12
2021,11,IQP,Estudiante,6to grado,Sin ubicación,6,1.6,38
2021,11,IQP,Estudiante,No especificado,Sin ubicación,4,0.1,4
2021,11,IQP,Parent,No especificado,Sin ubicación,11,0.3,13
2021,11,IQP,Sin rol,No especificado,Sin ubicación,1,1.1,15
2021,12,IQP,Admin,No especificado,Sin ubicación,1,0.0,2
2021,12,IQP,Docente,6to grado,SANTO DOMINGO,5,0.4,10
2021,12,IQP,Estudiante,1er grado,SANTO DOMINGO,4,0.3,7
2021,12,IQP,Estudiante,1er grado,Sin ubicación,2,0.0,2
2021,12,IQP,Estudiante,2do grado,SANTO DOMINGO,1,0.0,1
2021,12,IQP,Estudiante,3er grado,Sin ubicación,1,0.0,1
2021,12,IQP,Estudiante,4to grado,SANTO DOMINGO,2,0.3,3
2021,12,IQP,Estudiante,5to grado,BAHORUCO,1,0.1,3
2021,12,IQP,Estudiante,5to grado,SANTO DOMINGO,3,0.1,3
2021,12,IQP,Estudiante,6to grado,SANTO DOMINGO,1,0.3,5
2021,12,IQP,Estudiante,6to grado,Sin ubicación,3,0.3,12
2021,12,IQP,Parent,No especificado,Sin ubicación,5,0.4,11
2021,12,IQP,Sin rol,No especificado,Sin ubicación,1,0.5,12
2022,1,IQP,Docente,6to grado,NAGUA,2,0.0,2
2022,1,IQP,Docente,6to grado,PUERTO PLATA,1,0.0,1
2022,1,IQP,Docente,6to grado,SANTO DOMINGO,4,0.5,10
2022,1,IQP,Estudiante,1er grado,SANTO DOMINGO,3,0.9,18
2022,1,IQP,Estudiante,1er grado,Sin ubicación,2,0.2,6
2022,1,IQP,Estudiante,2do grado,LA VEGA,1,0.1,2
2022,1,IQP,Estudiante,3er grado,SANTO DOMINGO,1,0.0,2
2022,1,IQP,Estudiante,4to grado,PUERTO PLATA,1,0.1,3
2022,1,IQP,Estudiante,4to grado,SANTO DOMINGO,1,0.1,4
2022,1,IQP,Estudiante,5to grado,BAHORUCO,1,0.1,3
2022,1,IQP,Estudiante,5to grado,SANTO DOMINGO,3,0.2,5
2022,1,IQP,Estudiante,6to grado,SANTO DOMINGO,2,0.1,2
2022,1,IQP,Estudiante,6to grado,Sin ubicación,3,0.3,9
2022,1,IQP,Parent,No especificado,Sin ubicación,3,0.4,9
2022,1,IQP,Sin rol,No especificado,Sin ubicación,1,0.6,13
2022,2,IQP,Admin,No especificado,Sin ubicación,1,0.0,1
2022,2,IQP,Docente,6to grado,MAO,1,8.0,1
2022,2,IQP,Docente,6to grado,SAN CRISTOBAL,2,7.3,3
2022,2,IQP,Docente,6to grado,SAN JUAN DE LA MAGUANA,1,0.2,1
2022,2,IQP,Docente,6to grado,SANTO DOMINGO,2,1.6,5
2022,2,IQP,Docente,6to grado,Sin ubicación,5,12.0,9
2022,2,IQP,Estudiante,1er grado,BAHORUCO,1,0.6,1
2022,2,IQP,Estudiante,1er grado,SANTO DOMINGO,5,49.6,16
2022,2,IQP,Estudiante,1er grado,Sin ubicación,2,4.0,4
2022,2,IQP,Estudiante,2do grado,LA VEGA,1,0.1,2
2022,2,IQP,Estudiante,2do grado,SANTO DOMINGO,2,0.9,2
2022,2,IQP,Estudiante,2do grado,Sin ubicación,1,25.8,6
2022,2,IQP,Estudiante,3er grado,BAHORUCO,1,1.2,1
2022,2,IQP,Estudiante,3er grado,SAN CRISTOBAL,1,5.2,4
2022,2,IQP,Estudiante,3er grado,SANTO DOMINGO,4,5.1,4
2022,2,IQP,Estudiante,3er grado,Sin ubicación,2,3.1,3
2022,2,IQP,Estudiante,4to grado,PUERTO PLATA,1,0.0,2
2022,2,IQP,Estudiante,4to grado,SANTO DOMINGO,4,15.5,7
2022,2,IQP,Estudiante,5to grado,BAHORUCO,1,2.0,5
2022,2,IQP,Estudiante,5to grado,SANTO DOMINGO,3,1.2,3
2022,2,IQP,Estudiante,6to grado,BAHORUCO,1,64.6,7
2022,2,IQP,Estudiante,6to grado,SANTO DOMINGO,7,14.1,10
2022,2,IQP,Estudiante,6to grado,Sin ubicación,4,42.6,19
2022,2,IQP,Estudiante,No especificado,Sin ubicación,1,0.1,1
2022,2,IQP,Parent,No especificado,Sin ubicación,4,7.3,7
2022,2,IQP,Sin rol,No especificado,Sin ubicación,2,178.5,19
2022,3,IQP,Admin,No especificado,Sin ubicación,1,0.0,2
2022,3,IQP,Docente,6to grado,COTUI,1,0.1,1
2022,3,IQP,Docente,6to grado,HIGUEY,2,15.3,4
2022,3,IQP,Docente,6to grado,MAO,1,3.8,1
2022,3,IQP,Docente,6to grado,SAN JUAN DE LA MAGUANA,1,1.4,1
2022,3,IQP,Docente,6to grado,SANTIAGO,6,80.6,14
2022,3,IQP,Docente,6to grado,SANTO DOMINGO,3,2.4,3
2022,3,IQP,Docente,6to grado,Sin ubicación,13,85.0,22
2022,3,IQP,Estudiante,1er grado,SANTO DOMINGO,4,26.7,11
2022,3,IQP,Estudiante,1er grado,Sin ubicación,2,1.5,3
2022,3,IQP,Estudiante,2do grado,SANTO DOMINGO,1,10.5,1
2022,3,IQP,Estudiante,2do grado,Sin ubicación,2,80.0,8
2022,3,IQP,Estudiante,3er grado,SANTIAGO,2,9.6,2
2022,3,IQP,Estudiante,3er grado,Sin ubicación,3,0.2,3
2022,3,IQP,Estudiante,4to grado,PUERTO PLATA,1,1.5,1
2022,3,IQP,Estudiante,4to grado,SANTO DOMINGO,3,8.4,7
2022,3,IQP,Estudiante,4to grado,Sin ubicación,2,2.0,4
2022,3,IQP,Estudiante,5to grado,BARAHONA,1,11.7,4
2022,3,IQP,Estudiante,5to grado,SANTO DOMINGO,1,1.1,1
2022,3,IQP,Estudiante,5to grado,Sin ubicación,1,2.6,1
2022,3,IQP,Estudiante,6to grado,BAHORUCO,1,38.0,3
2022,3,IQP,Estudiante,6to grado,HIGUEY,2,5.8,2
2022,3,IQP,Estudiante,6to grado,LA VEGA,9,25.8,13
2022,3,IQP,Estudiante,6to grado,MONTE CRISTI,2,0.5,2
2022,3,IQP,Estudiante,6to grado,SAN JUAN DE LA MAGUANA,1,4.2,2
2022,3,IQP,Estudiante,6to grado,SANTIAGO,14,208.9,39
2022,3,IQP,Estudiante,6to grado,SANTO DOMINGO,11,17.2,14
2022,3,IQP,Estudiante,6to grado,Sin ubicación,20,239.8,46
2022,3,IQP,Sin rol,No especificado,Sin ubicación,1,73.2,16
2022,4,IQP,Admin,No especificado,Sin ubicación,1,0.0,2
2022,4,IQP,Docente,6to grado,BARAHONA,1,18.2,3
2022,4,IQP,Docente,6to grado,COTUI,3,25.3,6
2022,4,IQP,Docente,6to grado,HIGUEY,2,16.4,5
2022,4,IQP,Docente,6to grado,LA VEGA,4,13.0,5
2022,4,IQP,Docente,6to grado,MAO,3,49.5,11
2022,4,IQP,Docente,6to grado,MONTE CRISTI,2,12.5,4
2022,4,IQP,Docente,6to grado,PUERTO PLATA,1,9.5,3
2022,4,IQP,Docente,6to grado,SAN FRANCISCO DE MACORIS,1,0.6,1
2022,4,IQP,Docente,6to grado,SANTIAGO,11,91.6,17
2022,4,IQP,Docente,6to grado,SANTO DOMINGO,17,79.1,27
2022,4,IQP,Docente,6to grado,Sin ubicación,48,367.3,78
2022,4,IQP,Estudiante,1er grado,BARAHONA,1,14.0,4
2022,4,IQP,Estudiante,1er grado,COTUI,1,10.8,4
2022,4,IQP,Estudiante,1er grado,SANTIAGO,1,0.1,1
2022,4,IQP,Estudiante,1er grado,SANTO DOMINGO,4,20.2,7
2022,4,IQP,Estudiante,1er grado,Sin ubicación,1,1.5,2
2022,4,IQP,Estudiante,2do grado,COTUI,2,4.4,3
2022,4,IQP,Estudiante,2do grado,Sin ubicación,1,11.0,2
2022,4,IQP,Estudiante,3er grado,COTUI,4,17.1,7
2022,4,IQP,Estudiante,3er grado,PUERTO PLATA,1,9.1,1
2022,4,IQP,Estudiante,3er grado,SANTIAGO,5,16.0,5
2022,4,IQP,Estudiante,3er grado,SANTO DOMINGO,6,34.3,10
2022,4,IQP,Estudiante,3er grado,Sin ubicación,7,61.5,13
2022,4,IQP,Estudiante,4to grado,SANTO DOMINGO,2,14.0,11
2022,4,IQP,Estudiante,4to grado,Sin ubicación,2,56.2,11
2022,4,IQP,Estudiante,5to grado,SANTO DOMINGO,1,0.5,1
2022,4,IQP,Estudiante,5to grado,Sin ubicación,1,1.8,2
2022,4,IQP,Estudiante,6to grado,BAHORUCO,3,2.8,3
2022,4,IQP,Estudiante,6to grado,HIGUEY,15,44.8,21
2022,4,IQP,Estudiante,6to grado,MAO,2,2.1,2
2022,4,IQP,Estudiante,6to grado,NAGUA,2,4.3,2
2022,4,IQP,Estudiante,6to grado,SAN FRANCISCO DE MACORIS,1,1.7,2
2022,4,IQP,Estudiante,6to grado,SANTIAGO,16,139.6,42
2022,4,IQP,Estudiante,6to grado,SANTO DOMINGO,46,200.5,73
2022,4,IQP,Estudiante,6to grado,Sin ubicación,54,316.1,90
2022,4,IQP,Parent,No especificado,Sin ubicación,3,7.2,4
2022,4,IQP,Sin rol,No especificado,Sin ubicación,2,141.5,20
2022,5,IQP,Admin,No especificado,Sin ubicación,1,0.0,1
2022,5,IQP,Docente,6to grado,AZUA,2,0.4,2
2022,5,IQP,Docente,6to grado,BAHORUCO,1,10.2,3
2022,5,IQP,Docente,6to grado,BARAHONA,2,125.7,15
2022,5,IQP,Docente,6to grado,COTUI,2,2.0,3
2022,5,IQP,Docente,6to grado,LA VEGA,3,44.7,7
2022,5,IQP,Docente,6to grado,MAO,6,17.4,11
2022,5,IQP,Docente,6to grado,MONTE CRISTI,3,9.7,5
2022,5,IQP,Docente,6to grado,PUERTO PLATA,3,1.5,4
2022,5,IQP,Docente,6to grado,SAN CRISTOBAL,2,23.3,6
2022,5,IQP,Docente,6to grado,SAN JUAN DE LA MAGUANA,1,16.7,5
2022,5,IQP,Docente,6to grado,SAN PEDRO DE MACORIS,2,0.2,2
2022,5,IQP,Docente,6to grado,SANTIAGO,7,72.2,10
2022,5,IQP,Docente,6to grado,SANTO DOMINGO,28,176.7,49
2022,5,IQP,Docente,6to grado,Sin ubicación,53,418.6,94
2022,5,IQP,Estudiante,1er grado,BARAHONA,1,0.8,4
2022,5,IQP,Estudiante,1er grado,COTUI,2,4.7,5
2022,5,IQP,Estudiante,1er grado,SAN FRANCISCO DE MACORIS,1,0.0,1
2022,5,IQP,Estudiante,1er grado,SANTO DOMINGO,3,22.9,13
2022,5,IQP,Estudiante,1er grado,Sin ubicación,7,2.4,8
2022,5,IQP,Estudiante,2do grado,AZUA,1,23.6,8
2022,5,IQP,Estudiante,2do grado,NAGUA,2,10.7,3
2022,5,IQP,Estudiante,2do grado,SANTO DOMINGO,2,0.9,2
2022,5,IQP,Estudiante,2do grado,Sin ubicación,3,39.2,11
2022,5,IQP,Estudiante,3er grado,BAHORUCO,1,8.5,2
2022,5,IQP,Estudiante,3er grado,COTUI,1,26.2,9
2022,5,IQP,Estudiante,3er grado,LA VEGA,6,30.5,16
2022,5,IQP,Estudiante,3er grado,MAO,9,50.5,12
2022,5,IQP,Estudiante,3er grado,NAGUA,3,0.7,3
2022,5,IQP,Estudiante,3er grado,SANTIAGO,13,51.6,23
2022,5,IQP,Estudiante,3er grado,SANTO DOMINGO,63,518.9,179
2022,5,IQP,Estudiante,3er grado,Sin ubicación,53,472.2,153
2022,5,IQP,Estudiante,4to grado,SANTO DOMINGO,6,27.7,18
2022,5,IQP,Estudiante,4to grado,Sin ubicación,3,34.3,16
2022,5,IQP,Estudiante,5to grado,AZUA,1,16.5,6
2022,5,IQP,Estudiante,5to grado,BARAHONA,1,12.7,7
2022,5,IQP,Estudiante,5to grado,NAGUA,2,1.2,2
2022,5,IQP,Estudiante,5to grado,SAN FRANCISCO DE MACORIS,1,1.9,1
2022,5,IQP,Estudiante,5to grado,SANTO DOMINGO,1,3.8,2
2022,5,IQP,Estudiante,5to grado,Sin ubicación,2,8.2,4
2022,5,IQP,Estudiante,6to grado,BAHORUCO,8,11.3,15
2022,5,IQP,Estudiante,6to grado,COTUI,2,4.0,3
2022,5,IQP,Estudiante,6to grado,LA VEGA,10,51.4,18
2022,5,IQP,Estudiante,6to grado,MAO,4,5.4,4
2022,5,IQP,Estudiante,6to grado,NAGUA,7,110.3,31
2022,5,IQP,Estudiante,6to grado,SAN CRISTOBAL,2,2.2,2
2022,5,IQP,Estudiante,6to grado,SAN FRANCISCO DE MACORIS,1,0.3,1
2022,5,IQP,Estudiante,6to grado,SANTIAGO,11,30.9,17
2022,5,IQP,Estudiante,6to grado,SANTO DOMINGO,104,441.0,152
2022,5,IQP,Estudiante,6to grado,Sin ubicación,120,791.4,272
2022,5,IQP,Parent,No especificado,Sin ubicación,2,5.8,3
2022,5,IQP,Sin rol,No especificado,Sin ubicación,2,252.6,19
2022,6,IQP,Admin,No especificado,Sin ubicación,1,0.0,2
2022,6,IQP,Docente,6to grado,BARAHONA,2,5.6,6
2022,6,IQP,Docente,6to grado,COTUI,2,0.1,2
2022,6,IQP,Docente,6to grado,LA VEGA,2,6.3,2
2022,6,IQP,Docente,6to grado,MAO,1,36.7,6
2022,6,IQP,Docente,6to grado,MONTE CRISTI,1,6.6,1
2022,6,IQP,Docente,6to grado,NAGUA,1,5.6,2
2022,6,IQP,Docente,6to grado,SAN FRANCISCO DE MACORIS,1,10.2,1
2022,6,IQP,Docente,6to grado,SAN PEDRO DE MACORIS,1,1.1,1
2022,6,IQP,Docente,6to grado,SANTIAGO,2,8.5,3
2022,6,IQP,Docente,6to grado,SANTO DOMINGO,8,9.3,11
2022,6,IQP,Docente,6to grado,Sin ubicación,25,102.4,37
2022,6,IQP,Estudiante,1er grado,SANTO DOMINGO,3,27.3,6
2022,6,IQP,Estudiante,1er grado,Sin ubicación,2,6.4,4
2022,6,IQP,Estudiante,2do grado,AZUA,1,0.7,1
2022,6,IQP,Estudiante,2do grado,NAGUA,1,5.0,1
2022,6,IQP,Estudiante,2do grado,SAN PEDRO DE MACORIS,1,0.5,1
2022,6,IQP,Estudiante,2do grado,SANTIAGO,1,0.4,1
2022,6,IQP,Estudiante,2do grado,SANTO DOMINGO,4,12.4,5
2022,6,IQP,Estudiante,2do grado,Sin ubicación,1,1.4,3
2022,6,IQP,Estudiante,3er grado,SANTIAGO,1,22.4,1
2022,6,IQP,Estudiante,3er grado,SANTO DOMINGO,32,273.0,72
2022,6,IQP,Estudiante,3er grado,Sin ubicación,23,198.6,55
2022,6,IQP,Estudiante,4to grado,SANTO DOMINGO,2,4.1,9
2022,6,IQP,Estudiante,4to grado,Sin ubicación,3,51.3,9
2022,6,IQP,Estudiante,5to grado,AZUA,1,20.5,3
2022,6,IQP,Estudiante,5to grado,BARAHONA,1,0.8,2
2022,6,IQP,Estudiante,5to grado,LA VEGA,1,7.4,1
2022,6,IQP,Estudiante,5to grado,SANTO DOMINGO,1,8.1,2
2022,6,IQP,Estudiante,5to grado,Sin ubicación,1,0.1,1
2022,6,IQP,Estudiante,6to grado,AZUA,1,0.3,1
2022,6,IQP,Estudiante,6to grado,LA VEGA,1,1.8,1
2022,6,IQP,Estudiante,6to grado,NAGUA,2,35.0,10
2022,6,IQP,Estudiante,6to grado,PUERTO PLATA,1,4.7,1
2022,6,IQP,Estudiante,6to grado,SAN FRANCISCO DE MACORIS,1,0.2,1
2022,6,IQP,Estudiante,6to grado,SANTIAGO,10,41.5,16
2022,6,IQP,Estudiante,6to grado,SANTO DOMINGO,36,107.8,50
2022,6,IQP,Estudiante,6to grado,Sin ubicación,43,222.4,91
2022,6,IQP,Parent,No especificado,Sin ubicación,1,0.2,2
2022,6,IQP,Sin rol,No especificado,Sin ubicación,1,240.6,19
2022,7,IQP,Admin,No especificado,Sin ubicación,1,3.0,4
2022,7,IQP,Docente,6to grado,BARAHONA,1,24.5,5
2022,7,IQP,Docente,6to grado,MAO,12,46.6,24
2022,7,IQP,Docente,6to grado,SANTO DOMINGO,5,15.6,6
2022,7,IQP,Docente,6to grado,Sin ubicación,10,8.0,13
2022,7,IQP,Estudiante,1er grado,BARAHONA,1,0.3,1
2022,7,IQP,Estudiante,1er grado,HIGUEY,1,12.0,2
2022,7,IQP,Estudiante,1er grado,SANTO DOMINGO,1,0.5,2
2022,7,IQP,Estudiante,1er grado,Sin ubicación,2,1.0,4
2022,7,IQP,Estudiante,2do grado,AZUA,1,15.4,3
2022,7,IQP,Estudiante,2do grado,SANTO DOMINGO,2,0.9,2
2022,7,IQP,Estudiante,2do grado,Sin ubicación,2,2.2,2
2022,7,IQP,Estudiante,3er grado,SAN CRISTOBAL,1,1.4,1
2022,7,IQP,Estudiante,3er grado,SANTIAGO,1,0.4,1
2022,7,IQP,Estudiante,3er grado,SANTO DOMINGO,7,4.0,7
2022,7,IQP,Estudiante,3er grado,Sin ubicación,5,27.1,9
2022,7,IQP,Estudiante,4to grado,MAO,1,1.8,1
2022,7,IQP,Estudiante,4to grado,SANTO DOMINGO,2,6.8,2
2022,7,IQP,Estudiante,4to grado,Sin ubicación,2,57.1,11
2022,7,IQP,Estudiante,5to grado,AZUA,1,24.4,5
2022,7,IQP,Estudiante,5to grado,BARAHONA,1,0.2,2
2022,7,IQP,Estudiante,5to grado,LA VEGA,2,18.3,7
2022,7,IQP,Estudiante,5to grado,SANTIAGO,1,0.5,1
2022,7,IQP,Estudiante,5to grado,Sin ubicación,3,21.6,6
2022,7,IQP,Estudiante,6to grado,AZUA,2,2.0,2
2022,7,IQP,Estudiante,6to grado,BAHORUCO,2,0.6,2
2022,7,IQP,Estudiante,6to grado,HIGUEY,3,2.8,3
2022,7,IQP,Estudiante,6to grado,LA VEGA,1,0.5,2
2022,7,IQP,Estudiante,6to grado,MAO,1,9.7,14
2022,7,IQP,Estudiante,6to grado,MONTE PLATA,1,3.2,1
2022,7,IQP,Estudiante,6to grado,NAGUA,1,1.7,2
2022,7,IQP,Estudiante,6to grado,SAN CRISTOBAL,1,0.3,3
2022,7,IQP,Estudiante,6to grado,SAN FRANCISCO DE MACORIS,1,0.0,1
2022,7,IQP,Estudiante,6to grado,SAN JUAN DE LA MAGUANA,1,9.5,2
2022,7,IQP,Estudiante,6to grado,SAN PEDRO DE MACORIS,3,9.2,4
2022,7,IQP,Estudiante,6to grado,SANTIAGO,2,2.0,2
2022,7,IQP,Estudiante,6to grado,SANTO DOMINGO,19,34.7,23
2022,7,IQP,Estudiante,6to grado,Sin ubicación,37,19.4,42
2022,7,IQP,Parent,No especificado,Sin ubicación,1,0.0,1
2022,7,IQP,Sin rol,No especificado,Sin ubicación,1,121.6,15
2022,8,IQP,Admin,No especificado,Sin ubicación,1,0.1,4
2022,8,IQP,Docente,6to grado,BARAHONA,1,36.5,5
2022,8,IQP,Docente,6to grado,COTUI,1,0.5,1
2022,8,IQP,Docente,6to grado,HIGUEY,1,1.5,1
2022,8,IQP,Docente,6to grado,MAO,2,1.4,2
2022,8,IQP,Docente,6to grado,SANTO DOMINGO,2,1.6,3
2022,8,IQP,Docente,6to grado,Sin ubicación,2,15.2,5
2022,8,IQP,Estudiante,1er grado,HIGUEY,1,0.7,1
2022,8,IQP,Estudiante,1er grado,SANTO DOMINGO,5,21.5,10
2022,8,IQP,Estudiante,1er grado,Sin ubicación,2,4.9,2
2022,8,IQP,Estudiante,2do grado,AZUA,1,4.1,3
2022,8,IQP,Estudiante,2do grado,SANTO DOMINGO,1,1.7,3
2022,8,IQP,Estudiante,2do grado,Sin ubicación,1,18.3,5
2022,8,IQP,Estudiante,3er grado,SANTO DOMINGO,8,10.0,9
2022,8,IQP,Estudiante,3er grado,Sin ubicación,4,41.9,12
2022,8,IQP,Estudiante,4to grado,SANTO DOMINGO,3,18.3,5
2022,8,IQP,Estudiante,4to grado,Sin ubicación,3,27.0,8
2022,8,IQP,Estudiante,5to grado,BARAHONA,1,7.5,7
2022,8,IQP,Estudiante,5to grado,LA VEGA,1,0.7,2
2022,8,IQP,Estudiante,5to grado,SANTO DOMINGO,3,5.6,4
2022,8,IQP,Estudiante,5to grado,Sin ubicación,4,7.9,6
2022,8,IQP,Estudiante,6to grado,NAGUA,2,1.8,2
2022,8,IQP,Estudiante,6to grado,SANTIAGO,1,20.4,7
2022,8,IQP,Estudiante,6to grado,SANTO DOMINGO,3,11.3,8
2022,8,IQP,Estudiante,6to grado,Sin ubicación,8,28.0,10
2022,8,IQP,Parent,No especificado,Sin ubicación,1,1.9,3
2022,8,IQP,Sin rol,No especificado,Sin ubicación,1,109.5,16
2022,8,IQS,Admin,No especificado,Sin ubicación,1,1.6,1
2022,8,IQS,Editor,No especificado,SANTIAGO,1,376.9,10
2022,8,IQS,Estudiante,6to grado,AZUA,1,1.6,1
2022,8,IQS,Estudiante,6to grado,SANTO DOMINGO,1,12.3,4
2022,9,IQ512,Admin,No especificado,Sin ubicación,1,0.2,1
2022,9,IQP,Admin,No especificado,Sin ubicación,1,1.4,4
2022,9,IQP,Docente,6to grado,BARAHONA,3,27.8,7
2022,9,IQP,Docente,6to grado,LA VEGA,3,1.7,3
2022,9,IQP,Docente,6to grado,MAO,6,2.5,6
2022,9,IQP,Docente,6to grado,MONTE CRISTI,1,0.4,2
2022,9,IQP,Docente,6to grado,NAGUA,1,1.8,1
2022,9,IQP,Docente,6to grado,PUERTO PLATA,1,0.2,1
2022,9,IQP,Docente,6to grado,SAN CRISTOBAL,2,0.8,2
2022,9,IQP,Docente,6to grado,SAN PEDRO DE MACORIS,2,3.4,2
2022,9,IQP,Docente,6to grado,SANTO DOMINGO,5,2.2,5
2022,9,IQP,Docente,6to grado,Sin ubicación,3,7.2,4
2022,9,IQP,Estudiante,1er grado,BARAHONA,1,21.1,4
2022,9,IQP,Estudiante,1er grado,NAGUA,1,0.3,1
2022,9,IQP,Estudiante,1er grado,SAN CRISTOBAL,1,0.0,1
2022,9,IQP,Estudiante,1er grado,SAN JUAN DE LA MAGUANA,2,8.0,3
2022,9,IQP,Estudiante,1er grado,SANTO DOMINGO,3,8.8,8
2022,9,IQP,Estudiante,1er grado,Sin ubicación,3,10.2,5
2022,9,IQP,Estudiante,2do grado,AZUA,1,7.5,7
2022,9,IQP,Estudiante,2do grado,SAN JUAN DE LA MAGUANA,1,1.6,1
2022,9,IQP,Estudiante,2do grado,Sin ubicación,2,5.2,2
2022,9,IQP,Estudiante,3er grado,SANTO DOMINGO,2,1.0,3
2022,9,IQP,Estudiante,3er grado,Sin ubicación,5,18.1,10
2022,9,IQP,Estudiante,4to grado,SANTO DOMINGO,1,3.6,1
2022,9,IQP,Estudiante,4to grado,Sin ubicación,5,28.8,10
2022,9,IQP,Estudiante,5to grado,AZUA,1,7.1,6
2022,9,IQP,Estudiante,5to grado,Sin ubicación,2,3.9,2
2022,9,IQP,Estudiante,6to grado,BARAHONA,1,7.3,2
2022,9,IQP,Estudiante,6to grado,MONTE PLATA,1,0.1,1
2022,9,IQP,Estudiante,6to grado,PUERTO PLATA,1,0.0,1
2022,9,IQP,Estudiante,6to grado,SANTIAGO,1,5.8,3
2022,9,IQP,Estudiante,6to grado,SANTO DOMINGO,5,39.4,16
2022,9,IQP,Estudiante,6to grado,Sin ubicación,10,135.8,22
2022,9,IQP,Sin rol,No especificado,Sin ubicación,1,225.1,19
2022,9,IQS,Admin,No especificado,Sin ubicación,1,0.8,7
2022,9,IQS,Docente,1er grado,Sin ubicación,1,0.4,1
2022,9,IQS,Docente,3er grado,Sin ubicación,1,0.5,1
2022,9,IQS,Docente,4to grado,AZUA,1,0.4,1
2022,9,IQS,Docente,6to grado,AZUA,2,4.4,3
2022,9,IQS,Docente,6to grado,SAN FRANCISCO DE MACORIS,1,0.6,1
2022,9,IQS,Docente,6to grado,SANTO DOMINGO,5,23.6,8
2022,9,IQS,Editor,No especificado,SANTIAGO,1,405.5,23
2022,9,IQS,Estudiante,1er grado,SANTIAGO,1,0.1,1
2022,9,IQS,Estudiante,1er grado,SANTO DOMINGO,6,25.9,10
2022,9,IQS,Estudiante,1er grado,Sin ubicación,6,3.7,7
2022,9,IQS,Estudiante,2do grado,SANTO DOMINGO,4,8.9,7
2022,9,IQS,Estudiante,2do grado,Sin ubicación,3,3.1,3
2022,9,IQS,Estudiante,3er grado,LA VEGA,1,5.4,2
2022,9,IQS,Estudiante,3er grado,SAN PEDRO DE MACORIS,1,2.0,2
2022,9,IQS,Estudiante,3er grado,SANTIAGO,12,24.3,14
2022,9,IQS,Estudiante,3er grado,SANTO DOMINGO,3,18.6,7
2022,9,IQS,Estudiante,3er grado,Sin ubicación,2,10.8,3
2022,9,IQS,Estudiante,4to grado,SANTIAGO,6,20.0,13
2022,9,IQS,Estudiante,4to grado,SANTO DOMINGO,6,71.8,14
2022,9,IQS,Estudiante,4to grado,Sin ubicación,3,5.8,5
2022,9,IQS,Estudiante,5to grado,AZUA,1,2.7,1
2022,9,IQS,Estudiante,5to grado,BAHORUCO,1,2.8,2
2022,9,IQS,Estudiante,5to grado,MONTE PLATA,1,6.2,3
2022,9,IQS,Estudiante,5to grado,SANTIAGO,9,40.5,12
2022,9,IQS,Estudiante,5to grado,SANTO DOMINGO,3,31.0,10
2022,9,IQS,Estudiante,5to grado,Sin ubicación,6,45.2,14
2022,9,IQS,Estudiante,6to grado,AZUA,2,2.7,3
2022,9,IQS,Estudiante,6to grado,LA VEGA,2,18.3,7
2022,9,IQS,Estudiante,6to grado,NAGUA,1,0.2,1
2022,9,IQS,Estudiante,6to grado,PUERTO PLATA,2,6.4,2
2022,9,IQS,Estudiante,6to grado,SAN FRANCISCO DE MACORIS,1,2.6,1
2022,9,IQS,Estudiante,6to grado,SAN JUAN DE LA MAGUANA,1,0.5,1
2022,9,IQS,Estudiante,6to grado,SAN PEDRO DE MACORIS,1,0.1,1
2022,9,IQS,Estudiante,6to grado,SANTIAGO,13,28.4,17
2022,9,IQS,Estudiante,6to grado,SANTO DOMINGO,25,76.8,39
2022,9,IQS,Estudiante,6to grado,Sin ubicación,11,30.6,17
2022,9,IQS,Estudiante,No especificado,Sin ubicación,3,2.2,4
2022,9,IQS,Invitado,2do grado,Sin ubicación,1,6.1,1
2022,9,IQS,Invitado,6to grado,Sin ubicación,8,49.4,11
2022,10,IQ512,Admin,No especificado,Sin ubicación,3,10.8,6
2022,10,IQ512,Editor,No especificado,Sin ubicación,1,461.2,18
2022,10,IQ512,Estudiante,No especificado,AZUA,302,1060.3,303
2022,10,IQ512,Estudiante,No especificado,BAHORUCO,23,103.4,23
2022,10,IQ512,Estudiante,No especificado,BARAHONA,198,233.6,198
2022,10,IQ512,Estudiante,No especificado,COTUI,46,410.2,47
2022,10,IQ512,Estudiante,No especificado,HIGUEY,232,1089.4,232
2022,10,IQ512,Estudiante,No especificado,LA VEGA,507,2008.6,507
2022,10,IQ512,Estudiante,No especificado,MAO,56,269.9,56
2022,10,IQ512,Estudiante,No especificado,MONTE CRISTI,59,282.3,59
2022,10,IQ512,Estudiante,No especificado,MONTE PLATA,20,5.6,20
2022,10,IQ512,Estudiante,No especificado,NAGUA,57,139.6,58
2022,10,IQ512,Estudiante,No especificado,PUERTO PLATA,187,531.1,187
2022,10,IQ512,Estudiante,No especificado,SAN CRISTOBAL,257,468.5,258
2022,10,IQ512,Estudiante,No especificado,SAN FRANCISCO DE MACORIS,160,264.7,162
2022,10,IQ512,Estudiante,No especificado,SAN JUAN DE LA MAGUANA,109,205.7,109
2022,10,IQ512,Estudiante,No especificado,SAN PEDRO DE MACORIS,364,1307.3,365
2022,10,IQ512,Estudiante,No especificado,SANTIAGO,486,1292.2,487
2022,10,IQ512,Estudiante,No especificado,SANTO DOMINGO,3152,12837.5,3167
2022,10,IQ512,Estudiante,No especificado,Sin ubicación,13176,40591.0,13182
2022,10,IQ512,Sin rol,No especificado,Sin ubicación,1,0.8,1
2022,10,IQP,Admin,No especificado,Sin ubicación,1,64.2,12
2022,10,IQP,Docente,6to grado,AZUA,1,4.0,1
2022,10,IQP,Docente,6to grado,BARAHONA,1,4.7,2
2022,10,IQP,Docente,6to grado,HIGUEY,1,9.3,2
2022,10,IQP,Docente,6to grado,LA VEGA,1,0.8,1
2022,10,IQP,Docente,6to grado,MAO,3,50.0,7
2022,10,IQP,Docente,6to grado,MONTE CRISTI,1,0.3,1
2022,10,IQP,Docente,6to grado,NAGUA,1,30.4,4
2022,10,IQP,Docente,6to grado,PUERTO PLATA,1,10.5,2
2022,10,IQP,Docente,6to grado,SAN CRISTOBAL,1,6.0,1
2022,10,IQP,Docente,6to grado,SAN FRANCISCO DE MACORIS,1,0.1,1
2022,10,IQP,Docente,6to grado,SANTO DOMINGO,4,1.5,4
2022,10,IQP,Docente,6to grado,Sin ubicación,8,39.8,12
2022,10,IQP,Estudiante,1er grado,BARAHONA,1,8.7,6
2022,10,IQP,Estudiante,1er grado,SANTO DOMINGO,6,98.7,15
2022,10,IQP,Estudiante,1er grado,Sin ubicación,12,34.4,22
2022,10,IQP,Estudiante,2do grado,AZUA,1,0.2,2
2022,10,IQP,Estudiante,2do grado,SAN JUAN DE LA MAGUANA,1,1.1,3
2022,10,IQP,Estudiante,2do grado,Sin ubicación,8,32.2,22
2022,10,IQP,Estudiante,3er grado,SANTO DOMINGO,4,3.2,7
2022,10,IQP,Estudiante,3er grado,Sin ubicación,12,77.8,24
2022,10,IQP,Estudiante,4to grado,SANTO DOMINGO,4,8.3,11
2022,10,IQP,Estudiante,4to grado,Sin ubicación,6,35.2,11
2022,10,IQP,Estudiante,5to grado,AZUA,1,2.1,3
2022,10,IQP,Estudiante,5to grado,BARAHONA,1,4.0,4
2022,10,IQP,Estudiante,5to grado,SANTO DOMINGO,2,19.6,6
2022,10,IQP,Estudiante,5to grado,Sin ubicación,5,36.4,11
2022,10,IQP,Estudiante,6to grado,HIGUEY,2,0.7,2
2022,10,IQP,Estudiante,6to grado,MAO,1,0.2,1
2022,10,IQP,Estudiante,6to grado,NAGUA,3,38.7,14
2022,10,IQP,Estudiante,6to grado,SANTO DOMINGO,5,22.3,7
2022,10,IQP,Estudiante,6to grado,Sin ubicación,13,69.9,25
2022,10,IQP,Parent,No especificado,Sin ubicación,1,5.4,1
2022,10,IQP,Sin rol,No especificado,Sin ubicación,1,424.5,21
2022,10,IQS,Admin,No especificado,Sin ubicación,1,15.7,9
2022,10,IQS,Docente,1er grado,AZUA,2,1.1,2
2022,10,IQS,Docente,1er grado,BAHORUCO,1,0.7,1
2022,10,IQS,Docente,1er grado,PUERTO PLATA,1,0.1,1
2022,10,IQS,Docente,1er grado,SAN PEDRO DE MACORIS,1,0.2,1
2022,10,IQS,Docente,1er grado,SANTIAGO,3,12.9,5
2022,10,IQS,Docente,1er grado,SANTO DOMINGO,4,8.8,6
2022,10,IQS,Docente,1er grado,Sin ubicación,5,5.5,6
2022,10,IQS,Docente,4to grado,AZUA,1,22.4,3
2022,10,IQS,Docente,6to grado,BAHORUCO,1,7.5,2
2022,10,IQS,Docente,6to grado,COTUI,2,3.2,3
2022,10,IQS,Docente,6to grado,LA VEGA,1,0.3,1
2022,10,IQS,Docente,6to grado,MONTE CRISTI,2,0.8,2
2022,10,IQS,Docente,6to grado,NAGUA,1,40.3,7
2022,10,IQS,Docente,6to grado,PUERTO PLATA,1,1.0,1
2022,10,IQS,Docente,6to grado,SAN FRANCISCO DE MACORIS,1,11.5,3
2022,10,IQS,Docente,6to grado,SAN JUAN DE LA MAGUANA,1,14.5,1
2022,10,IQS,Docente,6to grado,SAN PEDRO DE MACORIS,2,1.6,3
2022,10,IQS,Docente,6to grado,SANTO DOMINGO,17,190.0,32
2022,10,IQS,Docente,6to grado,Sin ubicación,5,71.2,15
2022,10,IQS,Editor,No especificado,SANTIAGO,1,346.9,16
2022,10,IQS,Estudiante,1er grado,NAGUA,3,126.5,24
2022,10,IQS,Estudiante,1er grado,SANTO DOMINGO,7,78.1,23
2022,10,IQS,Estudiante,1er grado,Sin ubicación,10,100.8,22
2022,10,IQS,Estudiante,2do grado,NAGUA,4,105.6,16
2022,10,IQS,Estudiante,2do grado,SAN FRANCISCO DE MACORIS,1,0.2,2
2022,10,IQS,Estudiante,2do grado,SANTO DOMINGO,9,35.3,18
2022,10,IQS,Estudiante,2do grado,Sin ubicación,8,91.5,16
2022,10,IQS,Estudiante,3er grado,MONTE PLATA,1,5.5,2
2022,10,IQS,Estudiante,3er grado,NAGUA,4,200.8,30
2022,10,IQS,Estudiante,3er grado,SANTIAGO,2,1.9,2
2022,10,IQS,Estudiante,3er grado,SANTO DOMINGO,7,23.7,18
2022,10,IQS,Estudiante,3er grado,Sin ubicación,12,118.5,25
2022,10,IQS,Estudiante,4to grado,HIGUEY,1,6.6,1
2022,10,IQS,Estudiante,4to grado,LA VEGA,2,11.4,2
2022,10,IQS,Estudiante,4to grado,MAO,1,4.4,2
2022,10,IQS,Estudiante,4to grado,NAGUA,2,126.2,18
2022,10,IQS,Estudiante,4to grado,SANTIAGO,8,16.3,9
2022,10,IQS,Estudiante,4to grado,SANTO DOMINGO,8,192.5,21
2022,10,IQS,Estudiante,4to grado,Sin ubicación,8,33.4,12
2022,10,IQS,Estudiante,5to grado,LA VEGA,1,19.7,1
2022,10,IQS,Estudiante,5to grado,SANTIAGO,8,62.4,16
2022,10,IQS,Estudiante,5to grado,SANTO DOMINGO,15,62.7,22
2022,10,IQS,Estudiante,5to grado,Sin ubicación,14,129.7,21
2022,10,IQS,Estudiante,6to grado,AZUA,2,6.2,7
2022,10,IQS,Estudiante,6to grado,BAHORUCO,1,0.5,1
2022,10,IQS,Estudiante,6to grado,BARAHONA,4,8.8,5
2022,10,IQS,Estudiante,6to grado,COTUI,1,0.3,1
2022,10,IQS,Estudiante,6to grado,HIGUEY,4,17.3,5
2022,10,IQS,Estudiante,6to grado,LA VEGA,22,110.5,31
2022,10,IQS,Estudiante,6to grado,MONTE PLATA,2,1.7,2
2022,10,IQS,Estudiante,6to grado,NAGUA,5,172.0,20
2022,10,IQS,Estudiante,6to grado,PUERTO PLATA,4,47.8,5
2022,10,IQS,Estudiante,6to grado,SAN CRISTOBAL,10,28.2,14
2022,10,IQS,Estudiante,6to grado,SAN FRANCISCO DE MACORIS,4,20.3,4
2022,10,IQS,Estudiante,6to grado,SAN JUAN DE LA MAGUANA,5,11.0,6
2022,10,IQS,Estudiante,6to grado,SAN PEDRO DE MACORIS,3,10.2,4
2022,10,IQS,Estudiante,6to grado,SANTIAGO,40,538.8,110
2022,10,IQS,Estudiante,6to grado,SANTO DOMINGO,81,374.0,131
2022,10,IQS,Estudiante,6to grado,Sin ubicación,29,123.6,41
2022,10,IQS,Estudiante,No especificado,Sin ubicación,2,0.3,2
2022,10,IQS,Invitado,6to grado,Sin ubicación,17,130.3,23
2022,11,IQ512,Editor,No especificado,Sin ubicación,1,44.7,7
2022,11,IQ512,Estudiante,No especificado,AZUA,3,22.9,3
2022,11,IQ512,Estudiante,No especificado,COTUI,1,3.2,1
2022,11,IQ512,Estudiante,No especificado,MONTE CRISTI,1,8.5,1
2022,11,IQ512,Estudiante,No especificado,SAN CRISTOBAL,1,1.5,1
2022,11,IQ512,Estudiante,No especificado,SANTO DOMINGO,6,51.7,10
2022,11,IQ512,Estudiante,No especificado,Sin ubicación,4,6.6,4
2022,11,IQP,Admin,No especificado,Sin ubicación,1,45.5,7
2022,11,IQP,Docente,3er grado,BARAHONA,1,26.4,1
2022,11,IQP,Docente,3er grado,MAO,1,1.2,1
2022,11,IQP,Docente,3er grado,SAN PEDRO DE MACORIS,1,3.5,1
2022,11,IQP,Docente,3er grado,Sin ubicación,2,3.5,2
2022,11,IQP,Docente,4to grado,BARAHONA,1,17.7,4
2022,11,IQP,Docente,4to grado,LA VEGA,1,1.0,1
2022,11,IQP,Docente,4to grado,SAN PEDRO DE MACORIS,1,24.6,4
2022,11,IQP,Docente,4to grado,SANTIAGO,1,18.3,1
2022,11,IQP,Docente,4to grado,SANTO DOMINGO,5,22.9,5
2022,11,IQP,Docente,4to grado,Sin ubicación,12,37.0,16
2022,11,IQP,Docente,6to grado,BARAHONA,1,38.8,10
2022,11,IQP,Docente,6to grado,MAO,5,35.0,9
2022,11,IQP,Docente,6to grado,NAGUA,1,0.0,1
2022,11,IQP,Docente,6to grado,SAN CRISTOBAL,2,3.1,2
2022,11,IQP,Docente,6to grado,SAN FRANCISCO DE MACORIS,1,18.2,1
2022,11,IQP,Docente,6to grado,SANTO DOMINGO,3,0.7,3
2022,11,IQP,Docente,6to grado,Sin ubicación,3,2.6,3
2022,11,IQP,Estudiante,1er grado,BARAHONA,2,29.1,8
2022,11,IQP,Estudiante,1er grado,SANTO DOMINGO,2,40.4,15
2022,11,IQP,Estudiante,1er grado,Sin ubicación,5,17.1,10
2022,11,IQP,Estudiante,2do grado,PUERTO PLATA,1,1.6,2
2022,11,IQP,Estudiante,2do grado,Sin ubicación,3,10.0,6
2022,11,IQP,Estudiante,3er grado,MAO,1,0.2,1
2022,11,IQP,Estudiante,3er grado,SANTO DOMINGO,1,0.4,1
2022,11,IQP,Estudiante,3er grado,Sin ubicación,2,7.2,3
2022,11,IQP,Estudiante,4to grado,SANTO DOMINGO,3,14.3,7
2022,11,IQP,Estudiante,4to grado,Sin ubicación,1,26.3,6
2022,11,IQP,Estudiante,5to grado,AZUA,1,19.6,4
2022,11,IQP,Estudiante,5to grado,BARAHONA,1,7.2,5
2022,11,IQP,Estudiante,5to grado,MAO,1,1.5,1
2022,11,IQP,Estudiante,5to grado,SANTO DOMINGO,2,0.5,3
2022,11,IQP,Estudiante,5to grado,Sin ubicación,1,3.2,3
2022,11,IQP,Estudiante,6to grado,MAO,1,4.2,1
2022,11,IQP,Estudiante,6to grado,NAGUA,2,22.2,6
2022,11,IQP,Estudiante,6to grado,SANTIAGO,1,2.7,2
2022,11,IQP,Estudiante,6to grado,SANTO DOMINGO,3,5.1,5
2022,11,IQP,Estudiante,6to grado,Sin ubicación,2,38.6,6
2022,11,IQP,Parent,No especificado,Sin ubicación,3,6.8,4
2022,11,IQP,Sin rol,No especificado,Sin ubicación,1,211.6,17
2022,11,IQS,Admin,No especificado,Sin ubicación,1,57.4,5
2022,11,IQS,Docente,1er grado,HIGUEY,1,0.3,1
2022,11,IQS,Docente,1er grado,SAN PEDRO DE MACORIS,1,11.4,1
2022,11,IQS,Docente,1er grado,SANTIAGO,3,14.0,3
2022,11,IQS,Docente,1er grado,SANTO DOMINGO,6,10.2,6
2022,11,IQS,Docente,1er grado,Sin ubicación,9,67.0,19
2022,11,IQS,Docente,4to grado,AZUA,1,11.1,3
2022,11,IQS,Docente,6to grado,COTUI,1,8.5,1
2022,11,IQS,Docente,6to grado,MONTE PLATA,2,0.5,2
2022,11,IQS,Docente,6to grado,NAGUA,2,9.4,3
2022,11,IQS,Docente,6to grado,SAN FRANCISCO DE MACORIS,1,5.1,1
2022,11,IQS,Docente,6to grado,SAN PEDRO DE MACORIS,2,23.3,2
2022,11,IQS,Docente,6to grado,SANTIAGO,1,7.9,2
2022,11,IQS,Docente,6to grado,SANTO DOMINGO,14,253.5,37
2022,11,IQS,Docente,6to grado,Sin ubicación,5,49.9,12
2022,11,IQS,Editor,No especificado,SANTIAGO,1,182.7,15
2022,11,IQS,Estudiante,1er grado,NAGUA,3,18.5,4
2022,11,IQS,Estudiante,1er grado,SANTO DOMINGO,3,16.0,5
2022,11,IQS,Estudiante,1er grado,Sin ubicación,5,25.3,6
2022,11,IQS,Estudiante,2do grado,NAGUA,2,4.6,2
2022,11,IQS,Estudiante,2do grado,SAN FRANCISCO DE MACORIS,2,0.2,2
2022,11,IQS,Estudiante,2do grado,SANTO DOMINGO,11,65.1,17
2022,11,IQS,Estudiante,2do grado,Sin ubicación,2,35.5,2
2022,11,IQS,Estudiante,3er grado,BARAHONA,1,2.5,1
2022,11,IQS,Estudiante,3er grado,NAGUA,1,13.1,1
2022,11,IQS,Estudiante,3er grado,SAN PEDRO DE MACORIS,1,0.3,1
2022,11,IQS,Estudiante,3er grado,SANTIAGO,1,0.1,1
2022,11,IQS,Estudiante,3er grado,SANTO DOMINGO,9,17.6,9
2022,11,IQS,Estudiante,4to grado,SAN CRISTOBAL,1,1.8,1
2022,11,IQS,Estudiante,4to grado,SANTIAGO,3,4.4,4
2022,11,IQS,Estudiante,4to grado,SANTO DOMINGO,35,225.6,52
2022,11,IQS,Estudiante,4to grado,Sin ubicación,4,18.6,6
2022,11,IQS,Estudiante,5to grado,HIGUEY,1,0.4,1
2022,11,IQS,Estudiante,5to grado,SANTIAGO,7,53.3,16
2022,11,IQS,Estudiante,5to grado,SANTO DOMINGO,35,268.7,45
2022,11,IQS,Estudiante,5to grado,Sin ubicación,3,10.9,8
2022,11,IQS,Estudiante,6to grado,AZUA,5,3.4,6
2022,11,IQS,Estudiante,6to grado,BARAHONA,2,34.5,3
2022,11,IQS,Estudiante,6to grado,HIGUEY,7,8.8,7
2022,11,IQS,Estudiante,6to grado,LA VEGA,7,26.0,12
2022,11,IQS,Estudiante,6to grado,MONTE CRISTI,1,4.6,3
2022,11,IQS,Estudiante,6to grado,NAGUA,3,22.0,4
2022,11,IQS,Estudiante,6to grado,PUERTO PLATA,2,2.4,2
2022,11,IQS,Estudiante,6to grado,SAN CRISTOBAL,8,8.5,8
2022,11,IQS,Estudiante,6to grado,SAN FRANCISCO DE MACORIS,5,30.0,5
2022,11,IQS,Estudiante,6to grado,SAN JUAN DE LA MAGUANA,2,5.6,3
2022,11,IQS,Estudiante,6to grado,SAN PEDRO DE MACORIS,7,47.4,9
2022,11,IQS,Estudiante,6to grado,SANTIAGO,32,170.0,44
2022,11,IQS,Estudiante,6to grado,SANTO DOMINGO,68,353.9,110
2022,11,IQS,Estudiante,6to grado,Sin ubicación,17,109.0,31
2022,11,IQS,Invitado,2do grado,Sin ubicación,1,5.8,1
2022,11,IQS,Invitado,6to grado,Sin ubicación,21,150.9,37
2022,12,IQ512,Admin,No especificado,Sin ubicación,2,7.9,2
2022,12,IQ512,Editor,No especificado,Sin ubicación,1,145.8,13
2022,12,IQ512,Estudiante,No especificado,AZUA,14,53.0,14
2022,12,IQ512,Estudiante,No especificado,BAHORUCO,5,29.1,6
2022,12,IQ512,Estudiante,No especificado,BARAHONA,11,38.0,11
2022,12,IQ512,Estudiante,No especificado,COTUI,10,40.9,10
2022,12,IQ512,Estudiante,No especificado,HIGUEY,7,19.9,7
2022,12,IQ512,Estudiante,No especificado,LA VEGA,28,104.5,28
2022,12,IQ512,Estudiante,No especificado,MAO,2,6.1,2
2022,12,IQ512,Estudiante,No especificado,MONTE CRISTI,8,31.2,8
2022,12,IQ512,Estudiante,No especificado,MONTE PLATA,4,24.9,4
2022,12,IQ512,Estudiante,No especificado,NAGUA,4,15.0,4
2022,12,IQ512,Estudiante,No especificado,PUERTO PLATA,10,34.4,10
2022,12,IQ512,Estudiante,No especificado,SAN CRISTOBAL,23,121.5,23
2022,12,IQ512,Estudiante,No especificado,SAN FRANCISCO DE MACORIS,11,42.7,11
2022,12,IQ512,Estudiante,No especificado,SAN JUAN DE LA MAGUANA,9,41.3,9
2022,12,IQ512,Estudiante,No especificado,SAN PEDRO DE MACORIS,14,53.9,14
2022,12,IQ512,Estudiante,No especificado,SANTIAGO,14,46.4,14
2022,12,IQ512,Estudiante,No especificado,SANTO DOMINGO,135,366.0,138
2022,12,IQ512,Estudiante,No especificado,Sin ubicación,54,161.3,54
2022,12,IQP,Admin,No especificado,Sin ubicación,1,0.1,1
2022,12,IQP,Docente,3er grado,Sin ubicación,3,26.6,4
2022,12,IQP,Docente,4to grado,BARAHONA,1,11.6,4
2022,12,IQP,Docente,4to grado,Sin ubicación,1,4.9,1
2022,12,IQP,Docente,6to grado,AZUA,1,1.4,1
2022,12,IQP,Docente,6to grado,BARAHONA,1,17.6,5
2022,12,IQP,Docente,6to grado,MAO,1,3.7,2
2022,12,IQP,Docente,6to grado,SANTO DOMINGO,1,1.1,3
2022,12,IQP,Docente,6to grado,Sin ubicación,1,1.8,1
2022,12,IQP,Estudiante,1er grado,BARAHONA,1,9.8,4
2022,12,IQP,Estudiante,1er grado,SANTO DOMINGO,1,11.8,4
2022,12,IQP,Estudiante,1er grado,Sin ubicación,4,28.1,15
2022,12,IQP,Estudiante,2do grado,AZUA,1,1.8,3
2022,12,IQP,Estudiante,2do grado,Sin ubicación,2,7.7,4
2022,12,IQP,Estudiante,3er grado,SANTO DOMINGO,1,7.9,2
2022,12,IQP,Estudiante,3er grado,Sin ubicación,3,9.6,6
2022,12,IQP,Estudiante,4to grado,SANTO DOMINGO,2,6.6,5
2022,12,IQP,Estudiante,4to grado,Sin ubicación,2,0.2,2
2022,12,IQP,Estudiante,5to grado,BARAHONA,1,4.2,3
2022,12,IQP,Estudiante,6to grado,BARAHONA,2,15.9,4
2022,12,IQP,Estudiante,6to grado,MAO,1,0.9,1
2022,12,IQP,Estudiante,6to grado,SANTO DOMINGO,1,3.8,3
2022,12,IQP,Estudiante,6to grado,Sin ubicación,5,1.0,5
2022,12,IQP,Parent,1er grado,Sin ubicación,1,0.6,1
2022,12,IQP,Sin rol,No especificado,Sin ubicación,1,374.0,17
2022,12,IQS,Admin,No especificado,Sin ubicación,1,1.7,1
2022,12,IQS,Docente,1er grado,AZUA,1,0.0,1
2022,12,IQS,Docente,1er grado,MONTE CRISTI,1,0.9,1
2022,12,IQS,Docente,1er grado,NAGUA,1,7.3,2
2022,12,IQS,Docente,1er grado,SAN FRANCISCO DE MACORIS,1,7.3,2
2022,12,IQS,Docente,1er grado,SANTO DOMINGO,3,7.2,7
2022,12,IQS,Docente,1er grado,Sin ubicación,7,31.0,8
2022,12,IQS,Docente,6to grado,SAN PEDRO DE MACORIS,1,0.6,1
2022,12,IQS,Docente,6to grado,SANTO DOMINGO,11,86.1,18
2022,12,IQS,Docente,6to grado,Sin ubicación,4,33.3,5
2022,12,IQS,Editor,No especificado,SANTIAGO,1,58.4,6
2022,12,IQS,Estudiante,1er grado,SANTO DOMINGO,3,32.9,7
2022,12,IQS,Estudiante,1er grado,Sin ubicación,5,27.7,8
2022,12,IQS,Estudiante,2do grado,BARAHONA,1,0.4,1
2022,12,IQS,Estudiante,2do grado,SANTO DOMINGO,3,28.1,9
2022,12,IQS,Estudiante,2do grado,Sin ubicación,1,0.3,2
2022,12,IQS,Estudiante,3er grado,BARAHONA,1,2.0,1
2022,12,IQS,Estudiante,3er grado,LA VEGA,2,3.2,3
2022,12,IQS,Estudiante,3er grado,SAN PEDRO DE MACORIS,1,12.1,2
2022,12,IQS,Estudiante,3er grado,SANTO DOMINGO,4,7.9,4
2022,12,IQS,Estudiante,3er grado,Sin ubicación,3,21.0,5
2022,12,IQS,Estudiante,4to grado,BARAHONA,1,2.3,1
2022,12,IQS,Estudiante,4to grado,MAO,1,1.1,1
2022,12,IQS,Estudiante,4to grado,SANTIAGO,1,0.1,2
2022,12,IQS,Estudiante,4to grado,SANTO DOMINGO,13,38.3,16
2022,12,IQS,Estudiante,4to grado,Sin ubicación,12,22.7,17
2022,12,IQS,Estudiante,5to grado,BARAHONA,1,1.3,1
2022,12,IQS,Estudiante,5to grado,LA VEGA,2,0.7,2
2022,12,IQS,Estudiante,5to grado,SANTIAGO,3,2.0,4
2022,12,IQS,Estudiante,5to grado,SANTO DOMINGO,3,5.3,3
2022,12,IQS,Estudiante,5to grado,Sin ubicación,4,7.6,5
2022,12,IQS,Estudiante,6to grado,AZUA,2,5.1,2
2022,12,IQS,Estudiante,6to grado,BAHORUCO,3,4.2,3
2022,12,IQS,Estudiante,6to grado,BARAHONA,1,2.1,1
2022,12,IQS,Estudiante,6to grado,HIGUEY,3,4.3,3
2022,12,IQS,Estudiante,6to grado,LA VEGA,2,0.5,2
2022,12,IQS,Estudiante,6to grado,MONTE PLATA,1,9.6,1
2022,12,IQS,Estudiante,6to grado,PUERTO PLATA,1,4.1,1
2022,12,IQS,Estudiante,6to grado,SAN FRANCISCO DE MACORIS,5,5.2,5
2022,12,IQS,Estudiante,6to grado,SANTIAGO,31,138.2,41
2022,12,IQS,Estudiante,6to grado,SANTO DOMINGO,51,143.9,71
2022,12,IQS,Estudiante,6to grado,Sin ubicación,8,9.5,11
2022,12,IQS,Invitado,1er grado,Sin ubicación,1,4.6,2
2022,12,IQS,Invitado,6to grado,SANTO DOMINGO,3,4.1,4
2022,12,IQS,Invitado,6to grado,Sin ubicación,7,22.7,9
2023,1,IQ512,Admin,No especificado,Sin ubicación,1,74.9,5
2023,1,IQ512,Editor,No especificado,Sin ubicación,1,162.6,14
2023,1,IQ512,Estudiante,No especificado,AZUA,48,3677.7,276
2023,1,IQ512,Estudiante,No especificado,BAHORUCO,22,1715.4,166
2023,1,IQ512,Estudiante,No especificado,BARAHONA,43,2805.9,233
2023,1,IQ512,Estudiante,No especificado,COTUI,28,2414.4,180
2023,1,IQ512,Estudiante,No especificado,HIGUEY,19,919.6,79
2023,1,IQ512,Estudiante,No especificado,LA VEGA,55,3340.4,283
2023,1,IQ512,Estudiante,No especificado,MAO,15,1078.5,106
2023,1,IQ512,Estudiante,No especificado,MONTE CRISTI,17,1382.0,110
2023,1,IQ512,Estudiante,No especificado,MONTE PLATA,11,987.1,64
2023,1,IQ512,Estudiante,No especificado,NAGUA,15,1522.0,110
2023,1,IQ512,Estudiante,No especificado,PUERTO PLATA,16,891.7,96
2023,1,IQ512,Estudiante,No especificado,SAN CRISTOBAL,46,3946.2,289
2023,1,IQ512,Estudiante,No especificado,SAN FRANCISCO DE MACORIS,25,1897.6,156
2023,1,IQ512,Estudiante,No especificado,SAN JUAN DE LA MAGUANA,23,1629.6,133
2023,1,IQ512,Estudiante,No especificado,SAN PEDRO DE MACORIS,26,2336.7,155
2023,1,IQ512,Estudiante,No especificado,SANTIAGO,38,2001.8,187
2023,1,IQ512,Estudiante,No especificado,SANTO DOMINGO,192,16390.1,1096
2023,1,IQ512,Estudiante,No especificado,Sin ubicación,2007,147610.0,11055
2023,1,IQP,Admin,No especificado,Sin ubicación,1,1.0,2
2023,1,IQP,Docente,3er grado,BARAHONA,1,1.7,1
2023,1,IQP,Docente,3er grado,MAO,1,0.1,1
2023,1,IQP,Docente,3er grado,SAN CRISTOBAL,1,0.5,2
2023,1,IQP,Docente,3er grado,SANTIAGO,1,36.2,2
2023,1,IQP,Docente,3er grado,SANTO DOMINGO,1,0.3,1
2023,1,IQP,Docente,3er grado,Sin ubicación,7,30.8,8
2023,1,IQP,Docente,4to grado,BARAHONA,1,2.0,2
2023,1,IQP,Docente,4to grado,SANTO DOMINGO,1,4.6,1
2023,1,IQP,Docente,6to grado,BARAHONA,1,14.3,4
2023,1,IQP,Docente,6to grado,MAO,3,8.7,4
2023,1,IQP,Docente,6to grado,SANTO DOMINGO,1,7.3,3
2023,1,IQP,Docente,6to grado,Sin ubicación,1,1.4,1
2023,1,IQP,Estudiante,1er grado,SAN JUAN DE LA MAGUANA,1,0.2,1
2023,1,IQP,Estudiante,1er grado,SANTO DOMINGO,3,17.4,6
2023,1,IQP,Estudiante,1er grado,Sin ubicación,10,98.0,24
2023,1,IQP,Estudiante,2do grado,AZUA,1,0.0,1
2023,1,IQP,Estudiante,2do grado,Sin ubicación,2,3.3,2
2023,1,IQP,Estudiante,3er grado,SANTO DOMINGO,1,2.1,1
2023,1,IQP,Estudiante,3er grado,Sin ubicación,4,12.3,8
2023,1,IQP,Estudiante,4to grado,BARAHONA,1,0.2,1
2023,1,IQP,Estudiante,4to grado,SANTO DOMINGO,2,13.9,3
2023,1,IQP,Estudiante,4to grado,Sin ubicación,6,46.2,8
2023,1,IQP,Estudiante,5to grado,AZUA,1,14.5,1
2023,1,IQP,Estudiante,5to grado,BARAHONA,1,8.0,2
2023,1,IQP,Estudiante,5to grado,SANTO DOMINGO,1,1.4,1
2023,1,IQP,Estudiante,5to grado,Sin ubicación,3,20.4,4
2023,1,IQP,Estudiante,6to grado,AZUA,1,0.2,1
2023,1,IQP,Estudiante,6to grado,BARAHONA,1,0.3,1
2023,1,IQP,Estudiante,6to grado,SAN PEDRO DE MACORIS,1,0.4,1
2023,1,IQP,Estudiante,6to grado,SANTIAGO,2,1.0,2
2023,1,IQP,Estudiante,6to grado,SANTO DOMINGO,14,22.6,19
2023,1,IQP,Estudiante,6to grado,Sin ubicación,24,75.8,32
2023,1,IQP,Parent,No especificado,Sin ubicación,1,0.0,1
2023,1,IQP,Sin rol,No especificado,Sin ubicación,1,659.6,22
2023,1,IQS,Admin,No especificado,Sin ubicación,1,0.0,1
2023,1,IQS,Docente,1er grado,LA VEGA,1,21.6,2
2023,1,IQS,Docente,1er grado,MONTE CRISTI,3,4.5,3
2023,1,IQS,Docente,1er grado,SAN FRANCISCO DE MACORIS,1,0.5,1
2023,1,IQS,Docente,1er grado,SAN PEDRO DE MACORIS,1,7.9,1
2023,1,IQS,Docente,1er grado,SANTIAGO,5,8.1,5
2023,1,IQS,Docente,1er grado,SANTO DOMINGO,6,13.3,10
2023,1,IQS,Docente,1er grado,Sin ubicación,12,26.4,15
2023,1,IQS,Docente,2do grado,SANTO DOMINGO,1,4.9,1
2023,1,IQS,Docente,4to grado,AZUA,1,5.3,3
2023,1,IQS,Docente,4to grado,MONTE CRISTI,1,1.3,2
2023,1,IQS,Docente,6to grado,AZUA,1,2.4,1
2023,1,IQS,Docente,6to grado,LA VEGA,1,5.1,2
2023,1,IQS,Docente,6to grado,NAGUA,1,0.8,2
2023,1,IQS,Docente,6to grado,PUERTO PLATA,2,8.3,2
2023,1,IQS,Docente,6to grado,SAN CRISTOBAL,1,13.5,3
2023,1,IQS,Docente,6to grado,SAN JUAN DE LA MAGUANA,1,1.4,1
2023,1,IQS,Docente,6to grado,SANTIAGO,7,56.1,15
2023,1,IQS,Docente,6to grado,SANTO DOMINGO,16,112.7,28
2023,1,IQS,Docente,6to grado,Sin ubicación,6,14.2,8
2023,1,IQS,Editor,No especificado,SANTIAGO,1,42.8,5
2023,1,IQS,Estudiante,1er grado,SAN PEDRO DE MACORIS,1,0.5,1
2023,1,IQS,Estudiante,1er grado,SANTO DOMINGO,3,1.1,3
2023,1,IQS,Estudiante,1er grado,Sin ubicación,3,2.6,4
2023,1,IQS,Estudiante,2do grado,SAN PEDRO DE MACORIS,1,1.1,1
2023,1,IQS,Estudiante,2do grado,SANTIAGO,1,1.5,2
2023,1,IQS,Estudiante,2do grado,SANTO DOMINGO,4,41.9,5
2023,1,IQS,Estudiante,2do grado,Sin ubicación,1,1.1,1
2023,1,IQS,Estudiante,3er grado,SAN PEDRO DE MACORIS,1,8.7,1
2023,1,IQS,Estudiante,3er grado,SANTIAGO,2,2.2,2
2023,1,IQS,Estudiante,3er grado,SANTO DOMINGO,3,30.1,5
2023,1,IQS,Estudiante,3er grado,Sin ubicación,7,37.0,14
2023,1,IQS,Estudiante,4to grado,AZUA,1,0.8,1
2023,1,IQS,Estudiante,4to grado,BAHORUCO,1,0.6,1
2023,1,IQS,Estudiante,4to grado,HIGUEY,3,11.7,4
2023,1,IQS,Estudiante,4to grado,LA VEGA,2,9.5,2
2023,1,IQS,Estudiante,4to grado,SAN FRANCISCO DE MACORIS,1,8.6,10
2023,1,IQS,Estudiante,4to grado,SAN JUAN DE LA MAGUANA,1,1.5,1
2023,1,IQS,Estudiante,4to grado,SAN PEDRO DE MACORIS,1,0.2,1
2023,1,IQS,Estudiante,4to grado,SANTIAGO,6,10.3,8
2023,1,IQS,Estudiante,4to grado,SANTO DOMINGO,18,87.3,32
2023,1,IQS,Estudiante,4to grado,Sin ubicación,10,33.3,11
2023,1,IQS,Estudiante,5to grado,LA VEGA,1,0.4,1
2023,1,IQS,Estudiante,5to grado,SAN JUAN DE LA MAGUANA,1,6.1,2
2023,1,IQS,Estudiante,5to grado,SANTIAGO,4,5.8,4
2023,1,IQS,Estudiante,5to grado,SANTO DOMINGO,4,26.1,8
2023,1,IQS,Estudiante,5to grado,Sin ubicación,4,3.4,4
2023,1,IQS,Estudiante,6to grado,AZUA,2,1.7,2
2023,1,IQS,Estudiante,6to grado,BARAHONA,7,38.5,13
2023,1,IQS,Estudiante,6to grado,COTUI,2,0.9,2
2023,1,IQS,Estudiante,6to grado,HIGUEY,5,5.9,9
2023,1,IQS,Estudiante,6to grado,LA VEGA,11,48.0,12
2023,1,IQS,Estudiante,6to grado,MAO,6,5.5,6
2023,1,IQS,Estudiante,6to grado,MONTE CRISTI,10,15.3,11
2023,1,IQS,Estudiante,6to grado,MONTE PLATA,2,10.0,2
2023,1,IQS,Estudiante,6to grado,NAGUA,3,2.7,4
2023,1,IQS,Estudiante,6to grado,PUERTO PLATA,2,2.1,2
2023,1,IQS,Estudiante,6to grado,SAN CRISTOBAL,10,40.2,12
2023,1,IQS,Estudiante,6to grado,SAN FRANCISCO DE MACORIS,8,9.1,8
2023,1,IQS,Estudiante,6to grado,SAN JUAN DE LA MAGUANA,25,149.2,46
2023,1,IQS,Estudiante,6to grado,SAN PEDRO DE MACORIS,24,29.3,29
2023,1,IQS,Estudiante,6to grado,SANTIAGO,145,638.7,249
2023,1,IQS,Estudiante,6to grado,SANTO DOMINGO,148,589.9,212
2023,1,IQS,Estudiante,6to grado,Sin ubicación,81,305.2,114
2023,1,IQS,Invitado,6to grado,Sin ubicación,6,80.5,20
2023,2,IQ512,Admin,No especificado,Sin ubicación,2,74.8,6
2023,2,IQ512,Editor,No especificado,Sin ubicación,1,203.7,17
2023,2,IQ512,Estudiante,No especificado,AZUA,36,3244.1,344
2023,2,IQ512,Estudiante,No especificado,BAHORUCO,19,1406.0,169
2023,2,IQ512,Estudiante,No especificado,BARAHONA,34,2474.3,291
2023,2,IQ512,Estudiante,No especificado,COTUI,35,3650.5,329
2023,2,IQ512,Estudiante,No especificado,HIGUEY,14,892.8,102
2023,2,IQ512,Estudiante,No especificado,LA VEGA,54,4904.8,507
2023,2,IQ512,Estudiante,No especificado,MAO,13,1304.5,153
2023,2,IQ512,Estudiante,No especificado,MONTE CRISTI,15,1482.7,160
2023,2,IQ512,Estudiante,No especificado,MONTE PLATA,9,526.9,61
2023,2,IQ512,Estudiante,No especificado,NAGUA,14,2867.9,220
2023,2,IQ512,Estudiante,No especificado,PUERTO PLATA,15,1726.6,173
2023,2,IQ512,Estudiante,No especificado,SAN CRISTOBAL,48,3481.7,429
2023,2,IQ512,Estudiante,No especificado,SAN FRANCISCO DE MACORIS,24,2838.7,293
2023,2,IQ512,Estudiante,No especificado,SAN JUAN DE LA MAGUANA,21,1616.0,175
2023,2,IQ512,Estudiante,No especificado,SAN PEDRO DE MACORIS,27,1826.8,210
2023,2,IQ512,Estudiante,No especificado,SANTIAGO,32,2675.4,281
2023,2,IQ512,Estudiante,No especificado,SANTO DOMINGO,203,15672.4,1624
2023,2,IQ512,Estudiante,No especificado,Sin ubicación,2017,152538.2,16592
2023,2,IQ512,Sin rol,No especificado,Sin ubicación,1,4.4,1
2023,2,IQP,Admin,No especificado,Sin ubicación,1,0.4,1
2023,2,IQP,Docente,1er grado,Sin ubicación,2,118.0,10
2023,2,IQP,Docente,3er grado,BARAHONA,1,0.3,1
2023,2,IQP,Docente,3er grado,MAO,1,1.0,1
2023,2,IQP,Docente,3er grado,SANTIAGO,1,0.2,1
2023,2,IQP,Docente,3er grado,Sin ubicación,3,2.6,3
2023,2,IQP,Docente,4to grado,BARAHONA,2,0.0,2
2023,2,IQP,Docente,4to grado,SANTO DOMINGO,1,27.1,6
2023,2,IQP,Docente,6to grado,AZUA,1,0.4,1
2023,2,IQP,Docente,6to grado,BARAHONA,1,7.8,4
2023,2,IQP,Docente,6to grado,COTUI,1,1.9,2
2023,2,IQP,Docente,6to grado,HIGUEY,1,0.1,1
2023,2,IQP,Docente,6to grado,MAO,3,15.6,6
2023,2,IQP,Docente,6to grado,MONTE CRISTI,1,0.1,1
2023,2,IQP,Docente,6to grado,SAN CRISTOBAL,1,0.0,1
2023,2,IQP,Docente,6to grado,SANTIAGO,2,11.9,2
2023,2,IQP,Docente,6to grado,SANTO DOMINGO,7,24.2,13
2023,2,IQP,Docente,6to grado,Sin ubicación,8,39.2,12
2023,2,IQP,Docente,No especificado,SANTO DOMINGO,1,3.1,1
2023,2,IQP,Docente,No especificado,Sin ubicación,6,28.2,6
2023,2,IQP,Estudiante,1er grado,BARAHONA,1,0.0,1
2023,2,IQP,Estudiante,1er grado,LA VEGA,1,0.5,1
2023,2,IQP,Estudiante,1er grado,SANTO DOMINGO,3,17.6,8
2023,2,IQP,Estudiante,1er grado,Sin ubicación,4,33.1,9
2023,2,IQP,Estudiante,2do grado,NAGUA,4,9.3,6
2023,2,IQP,Estudiante,2do grado,Sin ubicación,4,6.8,7
2023,2,IQP,Estudiante,3er grado,NAGUA,8,41.8,22
2023,2,IQP,Estudiante,3er grado,SAN CRISTOBAL,1,3.3,2
2023,2,IQP,Estudiante,3er grado,SANTIAGO,1,2.7,1
2023,2,IQP,Estudiante,3er grado,SANTO DOMINGO,2,1.2,2
2023,2,IQP,Estudiante,3er grado,Sin ubicación,6,23.3,9
2023,2,IQP,Estudiante,4to grado,MAO,1,1.4,1
2023,2,IQP,Estudiante,4to grado,SANTIAGO,2,10.9,2
2023,2,IQP,Estudiante,4to grado,SANTO DOMINGO,6,21.8,6
2023,2,IQP,Estudiante,4to grado,Sin ubicación,7,62.8,15
2023,2,IQP,Estudiante,5to grado,AZUA,1,0.2,3
2023,2,IQP,Estudiante,5to grado,BARAHONA,1,19.6,1
2023,2,IQP,Estudiante,5to grado,Sin ubicación,1,0.4,2
2023,2,IQP,Estudiante,6to grado,BAHORUCO,1,1.1,1
2023,2,IQP,Estudiante,6to grado,HIGUEY,3,2.5,4
2023,2,IQP,Estudiante,6to grado,MAO,1,0.3,1
2023,2,IQP,Estudiante,6to grado,PUERTO PLATA,1,1.9,1
2023,2,IQP,Estudiante,6to grado,SAN CRISTOBAL,1,2.8,1
2023,2,IQP,Estudiante,6to grado,SAN JUAN DE LA MAGUANA,1,2.8,1
2023,2,IQP,Estudiante,6to grado,SANTIAGO,1,0.7,2
2023,2,IQP,Estudiante,6to grado,SANTO DOMINGO,11,38.8,12
2023,2,IQP,Estudiante,6to grado,Sin ubicación,50,87.7,56
2023,2,IQP,Parent,No especificado,Sin ubicación,2,9.1,3
2023,2,IQP,Sin rol,No especificado,Sin ubicación,1,279.0,16
2023,2,IQS,Admin,No especificado,Sin ubicación,1,0.0,1
2023,2,IQS,Docente,1er grado,AZUA,1,0.3,1
2023,2,IQS,Docente,1er grado,HIGUEY,1,0.2,1
2023,2,IQS,Docente,1er grado,LA VEGA,1,11.3,1
2023,2,IQS,Docente,1er grado,MONTE CRISTI,6,25.2,8
2023,2,IQS,Docente,1er grado,NAGUA,1,0.9,1
2023,2,IQS,Docente,1er grado,PUERTO PLATA,1,1.5,1
2023,2,IQS,Docente,1er grado,SAN FRANCISCO DE MACORIS,1,2.7,1
2023,2,IQS,Docente,1er grado,SAN JUAN DE LA MAGUANA,1,0.5,1
2023,2,IQS,Docente,1er grado,SANTIAGO,6,10.5,7
2023,2,IQS,Docente,1er grado,SANTO DOMINGO,6,51.6,12
2023,2,IQS,Docente,1er grado,Sin ubicación,8,25.0,10
2023,2,IQS,Docente,4to grado,AZUA,1,2.7,1
2023,2,IQS,Docente,4to grado,MONTE CRISTI,1,4.5,3
2023,2,IQS,Docente,4to grado,SANTO DOMINGO,2,5.2,3
2023,2,IQS,Docente,6to grado,AZUA,1,20.3,4
2023,2,IQS,Docente,6to grado,BARAHONA,1,1.1,1
2023,2,IQS,Docente,6to grado,COTUI,5,16.5,7
2023,2,IQS,Docente,6to grado,LA VEGA,3,10.8,4
2023,2,IQS,Docente,6to grado,MAO,1,6.7,1
2023,2,IQS,Docente,6to grado,MONTE CRISTI,2,45.3,6
2023,2,IQS,Docente,6to grado,MONTE PLATA,3,41.4,5
2023,2,IQS,Docente,6to grado,SAN FRANCISCO DE MACORIS,1,2.1,2
2023,2,IQS,Docente,6to grado,SAN JUAN DE LA MAGUANA,1,0.7,1
2023,2,IQS,Docente,6to grado,SANTIAGO,12,69.1,23
2023,2,IQS,Docente,6to grado,SANTO DOMINGO,21,122.4,33
2023,2,IQS,Docente,6to grado,Sin ubicación,8,26.6,10
2023,2,IQS,Docente,No especificado,BARAHONA,1,1.4,2
2023,2,IQS,Docente,No especificado,MONTE PLATA,1,3.0,1
2023,2,IQS,Docente,No especificado,SAN CRISTOBAL,2,6.5,3
2023,2,IQS,Docente,No especificado,SAN FRANCISCO DE MACORIS,2,1.0,2
2023,2,IQS,Docente,No especificado,SAN PEDRO DE MACORIS,2,1.0,2
2023,2,IQS,Docente,No especificado,SANTIAGO,2,5.7,3
2023,2,IQS,Docente,No especificado,SANTO DOMINGO,3,13.2,3
2023,2,IQS,Docente,No especificado,Sin ubicación,3,51.8,5
2023,2,IQS,Editor,No especificado,SANTIAGO,1,26.6,3
2023,2,IQS,Estudiante,1er grado,HIGUEY,1,1.3,1
2023,2,IQS,Estudiante,1er grado,NAGUA,1,7.4,1
2023,2,IQS,Estudiante,1er grado,SANTIAGO,2,6.7,5
2023,2,IQS,Estudiante,1er grado,SANTO DOMINGO,8,11.2,9
2023,2,IQS,Estudiante,1er grado,Sin ubicación,11,18.9,13
2023,2,IQS,Estudiante,2do grado,MONTE PLATA,1,10.6,1
2023,2,IQS,Estudiante,2do grado,SAN FRANCISCO DE MACORIS,1,0.2,1
2023,2,IQS,Estudiante,2do grado,SAN JUAN DE LA MAGUANA,1,2.5,2
2023,2,IQS,Estudiante,2do grado,SAN PEDRO DE MACORIS,1,1.2,1
2023,2,IQS,Estudiante,2do grado,SANTIAGO,2,3.5,3
2023,2,IQS,Estudiante,2do grado,SANTO DOMINGO,6,19.9,10
2023,2,IQS,Estudiante,2do grado,Sin ubicación,8,20.8,10
2023,2,IQS,Estudiante,3er grado,COTUI,1,1.1,1
2023,2,IQS,Estudiante,3er grado,MONTE CRISTI,1,0.2,1
2023,2,IQS,Estudiante,3er grado,SAN FRANCISCO DE MACORIS,1,2.2,1
2023,2,IQS,Estudiante,3er grado,SAN PEDRO DE MACORIS,1,0.3,1
2023,2,IQS,Estudiante,3er grado,SANTO DOMINGO,5,6.6,6
2023,2,IQS,Estudiante,3er grado,Sin ubicación,11,44.0,16
2023,2,IQS,Estudiante,4to grado,AZUA,2,47.4,5
2023,2,IQS,Estudiante,4to grado,BARAHONA,2,3.7,3
2023,2,IQS,Estudiante,4to grado,COTUI,1,0.5,1
2023,2,IQS,Estudiante,4to grado,HIGUEY,1,4.4,2
2023,2,IQS,Estudiante,4to grado,LA VEGA,4,5.3,5
2023,2,IQS,Estudiante,4to grado,MAO,1,0.4,1
2023,2,IQS,Estudiante,4to grado,MONTE CRISTI,2,13.3,4
2023,2,IQS,Estudiante,4to grado,MONTE PLATA,1,0.3,1
2023,2,IQS,Estudiante,4to grado,SAN CRISTOBAL,7,12.8,8
2023,2,IQS,Estudiante,4to grado,SAN FRANCISCO DE MACORIS,1,0.2,2
2023,2,IQS,Estudiante,4to grado,SAN JUAN DE LA MAGUANA,2,9.5,4
2023,2,IQS,Estudiante,4to grado,SAN PEDRO DE MACORIS,1,5.5,2
2023,2,IQS,Estudiante,4to grado,SANTIAGO,18,113.8,32
2023,2,IQS,Estudiante,4to grado,SANTO DOMINGO,36,127.8,48
2023,2,IQS,Estudiante,4to grado,Sin ubicación,12,75.0,20
2023,2,IQS,Estudiante,5to grado,AZUA,1,87.4,10
2023,2,IQS,Estudiante,5to grado,BARAHONA,1,4.2,1
2023,2,IQS,Estudiante,5to grado,COTUI,1,13.4,1
2023,2,IQS,Estudiante,5to grado,LA VEGA,1,2.7,1
2023,2,IQS,Estudiante,5to grado,MONTE CRISTI,2,1.0,2
2023,2,IQS,Estudiante,5to grado,SANTIAGO,3,9.2,5
2023,2,IQS,Estudiante,5to grado,SANTO DOMINGO,7,8.7,8
2023,2,IQS,Estudiante,5to grado,Sin ubicación,10,21.4,11
2023,2,IQS,Estudiante,6to grado,AZUA,8,10.6,9
2023,2,IQS,Estudiante,6to grado,BAHORUCO,1,0.3,1
2023,2,IQS,Estudiante,6to grado,BARAHONA,4,10.6,6
2023,2,IQS,Estudiante,6to grado,COTUI,8,18.1,10
2023,2,IQS,Estudiante,6to grado,HIGUEY,9,32.8,11
2023,2,IQS,Estudiante,6to grado,LA VEGA,87,168.4,114
2023,2,IQS,Estudiante,6to grado,MAO,63,130.8,92
2023,2,IQS,Estudiante,6to grado,MONTE CRISTI,38,448.5,96
2023,2,IQS,Estudiante,6to grado,MONTE PLATA,3,4.0,3
2023,2,IQS,Estudiante,6to grado,NAGUA,6,9.5,6
2023,2,IQS,Estudiante,6to grado,PUERTO PLATA,8,17.8,8
2023,2,IQS,Estudiante,6to grado,SAN CRISTOBAL,7,38.1,9
2023,2,IQS,Estudiante,6to grado,SAN FRANCISCO DE MACORIS,17,68.9,28
2023,2,IQS,Estudiante,6to grado,SAN JUAN DE LA MAGUANA,25,70.6,42
2023,2,IQS,Estudiante,6to grado,SAN PEDRO DE MACORIS,21,39.3,26
2023,2,IQS,Estudiante,6to grado,SANTIAGO,221,762.2,342
2023,2,IQS,Estudiante,6to grado,SANTO DOMINGO,293,1360.3,434
2023,2,IQS,Estudiante,6to grado,Sin ubicación,170,425.7,242
2023,2,IQS,Estudiante,No especificado,LA VEGA,1,1.2,1
2023,2,IQS,Estudiante,No especificado,SAN CRISTOBAL,1,4.1,3
2023,2,IQS,Estudiante,No especificado,Sin ubicación,2,6.5,2
2023,2,IQS,Invitado,6to grado,Sin ubicación,7,80.8,21
2023,3,IQ512,Admin,No especificado,Sin ubicación,3,25.1,5
2023,3,IQ512,Editor,No especificado,Sin ubicación,1,207.6,15
2023,3,IQ512,Estudiante,No especificado,AZUA,38,3005.0,333
2023,3,IQ512,Estudiante,No especificado,BAHORUCO,20,1695.0,209
2023,3,IQ512,Estudiante,No especificado,BARAHONA,44,3911.2,435
2023,3,IQ512,Estudiante,No especificado,COTUI,37,3874.5,382
2023,3,IQ512,Estudiante,No especificado,HIGUEY,17,1145.3,113
2023,3,IQ512,Estudiante,No especificado,LA VEGA,54,4773.9,477
2023,3,IQ512,Estudiante,No especificado,MAO,11,1036.2,109
2023,3,IQ512,Estudiante,No especificado,MONTE CRISTI,15,1519.4,161
2023,3,IQ512,Estudiante,No especificado,MONTE PLATA,16,781.3,83
2023,3,IQ512,Estudiante,No especificado,NAGUA,19,1618.1,196
2023,3,IQ512,Estudiante,No especificado,PUERTO PLATA,16,1760.7,177
2023,3,IQ512,Estudiante,No especificado,SAN CRISTOBAL,50,4318.3,483
2023,3,IQ512,Estudiante,No especificado,SAN FRANCISCO DE MACORIS,25,1489.5,207
2023,3,IQ512,Estudiante,No especificado,SAN JUAN DE LA MAGUANA,22,1711.8,168
2023,3,IQ512,Estudiante,No especificado,SAN PEDRO DE MACORIS,24,2153.4,238
2023,3,IQ512,Estudiante,No especificado,SANTIAGO,39,3554.5,350
2023,3,IQ512,Estudiante,No especificado,SANTO DOMINGO,190,15327.8,1604
2023,3,IQ512,Estudiante,No especificado,Sin ubicación,2113,158621.3,16986
2023,3,IQP,Admin,No especificado,Sin ubicación,2,0.6,2
2023,3,IQP,Docente,1er grado,Sin ubicación,2,252.7,20
2023,3,IQP,Docente,3er grado,Sin ubicación,1,0.6,1
2023,3,IQP,Docente,4to grado,AZUA,2,2.6,3
2023,3,IQP,Docente,4to grado,BAHORUCO,1,2.4,1
2023,3,IQP,Docente,4to grado,LA VEGA,1,0.4,1
2023,3,IQP,Docente,4to grado,MAO,2,1.9,2
2023,3,IQP,Docente,4to grado,MONTE CRISTI,1,3.0,1
2023,3,IQP,Docente,4to grado,MONTE PLATA,1,5.8,1
2023,3,IQP,Docente,4to grado,NAGUA,1,0.3,1
2023,3,IQP,Docente,4to grado,PUERTO PLATA,3,11.6,4
2023,3,IQP,Docente,4to grado,SAN CRISTOBAL,1,2.4,1
2023,3,IQP,Docente,4to grado,SAN FRANCISCO DE MACORIS,5,3.8,5
2023,3,IQP,Docente,4to grado,SAN PEDRO DE MACORIS,2,9.9,3
2023,3,IQP,Docente,4to grado,SANTO DOMINGO,25,66.3,31
2023,3,IQP,Docente,4to grado,Sin ubicación,38,93.2,43
2023,3,IQP,Docente,6to grado,BAHORUCO,2,2.2,2
2023,3,IQP,Docente,6to grado,BARAHONA,1,0.1,1
2023,3,IQP,Docente,6to grado,COTUI,1,11.4,3
2023,3,IQP,Docente,6to grado,LA VEGA,4,59.3,7
2023,3,IQP,Docente,6to grado,MAO,5,59.2,7
2023,3,IQP,Docente,6to grado,MONTE CRISTI,1,3.2,2
2023,3,IQP,Docente,6to grado,PUERTO PLATA,5,22.3,9
2023,3,IQP,Docente,6to grado,SAN CRISTOBAL,2,9.6,3
2023,3,IQP,Docente,6to grado,SAN FRANCISCO DE MACORIS,1,1.0,1
2023,3,IQP,Docente,6to grado,SANTIAGO,7,32.1,9
2023,3,IQP,Docente,6to grado,SANTO DOMINGO,29,71.6,34
2023,3,IQP,Docente,6to grado,Sin ubicación,16,24.7,18
2023,3,IQP,Docente,No especificado,MAO,4,19.5,9
2023,3,IQP,Docente,No especificado,NAGUA,2,2.6,2
2023,3,IQP,Docente,No especificado,SAN CRISTOBAL,1,6.4,2
2023,3,IQP,Docente,No especificado,SAN JUAN DE LA MAGUANA,1,0.9,1
2023,3,IQP,Docente,No especificado,SANTIAGO,4,3.2,6
2023,3,IQP,Docente,No especificado,SANTO DOMINGO,9,26.3,11
2023,3,IQP,Docente,No especificado,Sin ubicación,17,55.8,23
2023,3,IQP,Estudiante,1er grado,SAN CRISTOBAL,1,0.2,1
2023,3,IQP,Estudiante,1er grado,SANTO DOMINGO,5,8.4,6
2023,3,IQP,Estudiante,1er grado,Sin ubicación,10,67.4,20
2023,3,IQP,Estudiante,2do grado,PUERTO PLATA,1,1.9,2
2023,3,IQP,Estudiante,2do grado,SANTO DOMINGO,1,0.3,1
2023,3,IQP,Estudiante,2do grado,Sin ubicación,2,20.2,2
2023,3,IQP,Estudiante,3er grado,MONTE PLATA,1,5.9,2
2023,3,IQP,Estudiante,3er grado,NAGUA,5,14.5,6
2023,3,IQP,Estudiante,3er grado,PUERTO PLATA,1,0.7,1
2023,3,IQP,Estudiante,3er grado,SANTIAGO,15,118.4,44
2023,3,IQP,Estudiante,3er grado,SANTO DOMINGO,17,31.3,19
2023,3,IQP,Estudiante,3er grado,Sin ubicación,9,16.1,10
2023,3,IQP,Estudiante,4to grado,AZUA,1,2.6,1
2023,3,IQP,Estudiante,4to grado,HIGUEY,3,31.4,3
2023,3,IQP,Estudiante,4to grado,MAO,1,1.9,2
2023,3,IQP,Estudiante,4to grado,SANTO DOMINGO,12,35.9,14
2023,3,IQP,Estudiante,4to grado,Sin ubicación,14,11.4,14
2023,3,IQP,Estudiante,5to grado,AZUA,1,3.5,1
2023,3,IQP,Estudiante,5to grado,SANTO DOMINGO,9,26.7,9
2023,3,IQP,Estudiante,5to grado,Sin ubicación,2,3.3,2
2023,3,IQP,Estudiante,6to grado,AZUA,1,0.1,1
2023,3,IQP,Estudiante,6to grado,BAHORUCO,2,1.7,2
2023,3,IQP,Estudiante,6to grado,COTUI,1,6.3,1
2023,3,IQP,Estudiante,6to grado,HIGUEY,2,2.6,2
2023,3,IQP,Estudiante,6to grado,LA VEGA,7,8.7,8
2023,3,IQP,Estudiante,6to grado,MAO,1,2.6,1
2023,3,IQP,Estudiante,6to grado,PUERTO PLATA,33,72.9,66
2023,3,IQP,Estudiante,6to grado,SAN CRISTOBAL,2,1.0,2
2023,3,IQP,Estudiante,6to grado,SAN JUAN DE LA MAGUANA,1,3.4,1
2023,3,IQP,Estudiante,6to grado,SAN PEDRO DE MACORIS,1,1.5,2
2023,3,IQP,Estudiante,6to grado,SANTIAGO,7,17.3,9
2023,3,IQP,Estudiante,6to grado,SANTO DOMINGO,63,50.4,66
2023,3,IQP,Estudiante,6to grado,Sin ubicación,79,115.9,89
2023,3,IQP,Estudiante,No especificado,BAHORUCO,1,2.3,1
2023,3,IQP,Estudiante,No especificado,HIGUEY,1,3.4,1
2023,3,IQP,Estudiante,No especificado,LA VEGA,1,0.6,1
2023,3,IQP,Estudiante,No especificado,PUERTO PLATA,1,4.3,1
2023,3,IQP,Estudiante,No especificado,SAN CRISTOBAL,1,4.8,1
2023,3,IQP,Estudiante,No especificado,SANTIAGO,1,0.6,1
2023,3,IQP,Estudiante,No especificado,SANTO DOMINGO,3,1.1,3
2023,3,IQP,Estudiante,No especificado,Sin ubicación,3,1.8,3
2023,3,IQP,Sin rol,No especificado,Sin ubicación,1,302.8,19
2023,3,IQS,Admin,No especificado,Sin ubicación,1,7.5,2
2023,3,IQS,Docente,1er grado,AZUA,3,1.8,3
2023,3,IQS,Docente,1er grado,BAHORUCO,2,6.5,3
2023,3,IQS,Docente,1er grado,BARAHONA,1,1.6,1
2023,3,IQS,Docente,1er grado,COTUI,1,0.5,1
2023,3,IQS,Docente,1er grado,HIGUEY,2,14.9,2
2023,3,IQS,Docente,1er grado,LA VEGA,7,105.6,11
2023,3,IQS,Docente,1er grado,MONTE CRISTI,8,24.8,11
2023,3,IQS,Docente,1er grado,MONTE PLATA,4,17.6,4
2023,3,IQS,Docente,1er grado,NAGUA,1,1.4,1
2023,3,IQS,Docente,1er grado,PUERTO PLATA,9,53.7,13
2023,3,IQS,Docente,1er grado,SAN CRISTOBAL,1,15.9,2
2023,3,IQS,Docente,1er grado,SAN FRANCISCO DE MACORIS,4,13.8,7
2023,3,IQS,Docente,1er grado,SAN JUAN DE LA MAGUANA,1,0.6,1
2023,3,IQS,Docente,1er grado,SAN PEDRO DE MACORIS,5,12.7,5
2023,3,IQS,Docente,1er grado,SANTIAGO,15,110.6,31
2023,3,IQS,Docente,1er grado,SANTO DOMINGO,123,167.1,140
2023,3,IQS,Docente,1er grado,Sin ubicación,40,137.9,54
2023,3,IQS,Docente,4to grado,AZUA,7,24.8,10
2023,3,IQS,Docente,4to grado,BAHORUCO,4,10.1,4
2023,3,IQS,Docente,4to grado,BARAHONA,9,30.0,9
2023,3,IQS,Docente,4to grado,COTUI,9,17.1,10
2023,3,IQS,Docente,4to grado,HIGUEY,10,15.1,11
2023,3,IQS,Docente,4to grado,LA VEGA,17,66.5,26
2023,3,IQS,Docente,4to grado,MAO,4,7.4,6
2023,3,IQS,Docente,4to grado,MONTE CRISTI,15,52.3,23
2023,3,IQS,Docente,4to grado,MONTE PLATA,10,9.3,10
2023,3,IQS,Docente,4to grado,NAGUA,4,41.1,7
2023,3,IQS,Docente,4to grado,PUERTO PLATA,20,48.2,25
2023,3,IQS,Docente,4to grado,SAN CRISTOBAL,9,27.5,9
2023,3,IQS,Docente,4to grado,SAN FRANCISCO DE MACORIS,8,43.9,10
2023,3,IQS,Docente,4to grado,SAN JUAN DE LA MAGUANA,4,11.1,8
2023,3,IQS,Docente,4to grado,SAN PEDRO DE MACORIS,12,22.6,15
2023,3,IQS,Docente,4to grado,SANTIAGO,6,10.8,7
2023,3,IQS,Docente,4to grado,SANTO DOMINGO,79,184.5,91
2023,3,IQS,Docente,4to grado,Sin ubicación,49,123.7,60
2023,3,IQS,Docente,6to grado,AZUA,1,20.8,8
2023,3,IQS,Docente,6to grado,COTUI,2,7.9,3
2023,3,IQS,Docente,6to grado,LA VEGA,3,3.9,4
2023,3,IQS,Docente,6to grado,MONTE CRISTI,1,1.9,1
2023,3,IQS,Docente,6to grado,MONTE PLATA,2,2.0,2
2023,3,IQS,Docente,6to grado,SAN CRISTOBAL,1,20.6,2
2023,3,IQS,Docente,6to grado,SAN FRANCISCO DE MACORIS,2,16.2,4
2023,3,IQS,Docente,6to grado,SANTIAGO,3,10.8,6
2023,3,IQS,Docente,6to grado,SANTO DOMINGO,4,5.1,7
2023,3,IQS,Docente,6to grado,Sin ubicación,4,4.6,5
2023,3,IQS,Docente,No especificado,HIGUEY,1,4.5,2
2023,3,IQS,Docente,No especificado,LA VEGA,3,6.9,3
2023,3,IQS,Docente,No especificado,MONTE CRISTI,1,2.7,1
2023,3,IQS,Docente,No especificado,NAGUA,1,3.5,1
2023,3,IQS,Docente,No especificado,SAN CRISTOBAL,1,2.7,1
2023,3,IQS,Docente,No especificado,SAN FRANCISCO DE MACORIS,1,0.1,1
2023,3,IQS,Docente,No especificado,SAN PEDRO DE MACORIS,1,0.2,1
2023,3,IQS,Docente,No especificado,SANTIAGO,6,6.3,8
2023,3,IQS,Docente,No especificado,SANTO DOMINGO,12,43.8,13
2023,3,IQS,Docente,No especificado,Sin ubicación,14,114.6,34
2023,3,IQS,Editor,No especificado,SANTIAGO,1,327.7,15
2023,3,IQS,Estudiante,1er grado,BAHORUCO,1,1.5,1
2023,3,IQS,Estudiante,1er grado,BARAHONA,2,3.7,2
2023,3,IQS,Estudiante,1er grado,SAN CRISTOBAL,10,18.5,16
2023,3,IQS,Estudiante,1er grado,SAN PEDRO DE MACORIS,1,0.0,1
2023,3,IQS,Estudiante,1er grado,SANTO DOMINGO,28,35.1,30
2023,3,IQS,Estudiante,1er grado,Sin ubicación,13,13.8,15
2023,3,IQS,Estudiante,2do grado,BARAHONA,3,0.2,3
2023,3,IQS,Estudiante,2do grado,HIGUEY,6,10.6,7
2023,3,IQS,Estudiante,2do grado,LA VEGA,2,3.7,2
2023,3,IQS,Estudiante,2do grado,MAO,1,1.7,1
2023,3,IQS,Estudiante,2do grado,SAN CRISTOBAL,3,4.7,5
2023,3,IQS,Estudiante,2do grado,SAN JUAN DE LA MAGUANA,2,7.2,4
2023,3,IQS,Estudiante,2do grado,SAN PEDRO DE MACORIS,1,0.0,1
2023,3,IQS,Estudiante,2do grado,SANTIAGO,1,0.7,1
2023,3,IQS,Estudiante,2do grado,SANTO DOMINGO,75,110.4,80
2023,3,IQS,Estudiante,2do grado,Sin ubicación,9,11.8,12
2023,3,IQS,Estudiante,3er grado,BARAHONA,1,0.5,1
2023,3,IQS,Estudiante,3er grado,LA VEGA,1,0.1,1
2023,3,IQS,Estudiante,3er grado,MONTE CRISTI,2,5.1,3
2023,3,IQS,Estudiante,3er grado,MONTE PLATA,3,0.9,3
2023,3,IQS,Estudiante,3er grado,SAN CRISTOBAL,8,14.8,11
2023,3,IQS,Estudiante,3er grado,SAN PEDRO DE MACORIS,3,1.4,3
2023,3,IQS,Estudiante,3er grado,SANTO DOMINGO,80,140.1,84
2023,3,IQS,Estudiante,3er grado,Sin ubicación,12,27.7,13
2023,3,IQS,Estudiante,4to grado,AZUA,2,52.0,8
2023,3,IQS,Estudiante,4to grado,BAHORUCO,2,4.8,2
2023,3,IQS,Estudiante,4to grado,BARAHONA,1,1.4,1
2023,3,IQS,Estudiante,4to grado,COTUI,2,1.4,2
2023,3,IQS,Estudiante,4to grado,HIGUEY,9,53.7,12
2023,3,IQS,Estudiante,4to grado,LA VEGA,12,22.4,13
2023,3,IQS,Estudiante,4to grado,MONTE PLATA,6,12.6,6
2023,3,IQS,Estudiante,4to grado,PUERTO PLATA,2,2.2,2
2023,3,IQS,Estudiante,4to grado,SAN CRISTOBAL,7,10.7,9
2023,3,IQS,Estudiante,4to grado,SAN FRANCISCO DE MACORIS,6,23.6,6
2023,3,IQS,Estudiante,4to grado,SAN PEDRO DE MACORIS,5,32.3,9
2023,3,IQS,Estudiante,4to grado,SANTIAGO,26,71.7,31
2023,3,IQS,Estudiante,4to grado,SANTO DOMINGO,212,522.8,244
2023,3,IQS,Estudiante,4to grado,Sin ubicación,30,117.4,42
2023,3,IQS,Estudiante,5to grado,AZUA,8,13.1,10
2023,3,IQS,Estudiante,5to grado,BARAHONA,1,2.2,1
2023,3,IQS,Estudiante,5to grado,HIGUEY,13,47.0,25
2023,3,IQS,Estudiante,5to grado,LA VEGA,5,13.9,7
2023,3,IQS,Estudiante,5to grado,MONTE CRISTI,1,4.7,2
2023,3,IQS,Estudiante,5to grado,MONTE PLATA,3,1.2,3
2023,3,IQS,Estudiante,5to grado,SAN CRISTOBAL,8,30.2,11
2023,3,IQS,Estudiante,5to grado,SAN PEDRO DE MACORIS,1,0.2,1
2023,3,IQS,Estudiante,5to grado,SANTIAGO,5,30.6,9
2023,3,IQS,Estudiante,5to grado,SANTO DOMINGO,75,102.7,86
2023,3,IQS,Estudiante,5to grado,Sin ubicación,10,6.7,10
2023,3,IQS,Estudiante,6to grado,AZUA,37,94.3,47
2023,3,IQS,Estudiante,6to grado,BAHORUCO,21,70.1,27
2023,3,IQS,Estudiante,6to grado,BARAHONA,35,66.0,41
2023,3,IQS,Estudiante,6to grado,COTUI,52,146.1,63
2023,3,IQS,Estudiante,6to grado,HIGUEY,36,164.8,55
2023,3,IQS,Estudiante,6to grado,LA VEGA,213,542.4,271
2023,3,IQS,Estudiante,6to grado,MAO,14,34.2,19
2023,3,IQS,Estudiante,6to grado,MONTE CRISTI,76,157.6,91
2023,3,IQS,Estudiante,6to grado,MONTE PLATA,24,56.7,29
2023,3,IQS,Estudiante,6to grado,NAGUA,11,27.8,14
2023,3,IQS,Estudiante,6to grado,PUERTO PLATA,59,167.1,63
2023,3,IQS,Estudiante,6to grado,SAN CRISTOBAL,50,193.2,61
2023,3,IQS,Estudiante,6to grado,SAN FRANCISCO DE MACORIS,60,153.7,73
2023,3,IQS,Estudiante,6to grado,SAN JUAN DE LA MAGUANA,31,130.2,42
2023,3,IQS,Estudiante,6to grado,SAN PEDRO DE MACORIS,46,202.0,70
2023,3,IQS,Estudiante,6to grado,SANTIAGO,273,1071.3,412
2023,3,IQS,Estudiante,6to grado,SANTO DOMINGO,968,3110.5,1247
2023,3,IQS,Estudiante,6to grado,Sin ubicación,512,1736.4,723
2023,3,IQS,Estudiante,No especificado,AZUA,4,9.3,8
2023,3,IQS,Estudiante,No especificado,BAHORUCO,4,1.4,4
2023,3,IQS,Estudiante,No especificado,HIGUEY,6,19.5,12
2023,3,IQS,Estudiante,No especificado,LA VEGA,12,17.9,12
2023,3,IQS,Estudiante,No especificado,MONTE CRISTI,4,4.3,4
2023,3,IQS,Estudiante,No especificado,MONTE PLATA,3,2.1,3
2023,3,IQS,Estudiante,No especificado,PUERTO PLATA,1,0.2,1
2023,3,IQS,Estudiante,No especificado,SAN CRISTOBAL,1,1.8,1
2023,3,IQS,Estudiante,No especificado,SAN FRANCISCO DE MACORIS,9,7.1,10
2023,3,IQS,Estudiante,No especificado,SAN JUAN DE LA MAGUANA,1,0.3,1
2023,3,IQS,Estudiante,No especificado,SAN PEDRO DE MACORIS,1,1.6,1
2023,3,IQS,Estudiante,No especificado,SANTIAGO,10,9.9,13
2023,3,IQS,Estudiante,No especificado,SANTO DOMINGO,95,145.9,107
2023,3,IQS,Estudiante,No especificado,Sin ubicación,23,21.8,27
2023,3,IQS,Invitado,6to grado,HIGUEY,1,3.7,1
2023,3,IQS,Invitado,6to grado,SAN CRISTOBAL,1,5.3,2
2023,3,IQS,Invitado,6to grado,SANTO DOMINGO,4,8.1,4
2023,3,IQS,Invitado,6to grado,Sin ubicación,81,272.9,108
2023,3,IQS,Invitado,No especificado,Sin ubicación,2,2.0,2
2023,4,IQ512,Admin,No especificado,Sin ubicación,1,22.9,4
2023,4,IQ512,Editor,No especificado,Sin ubicación,1,286.2,13
2023,4,IQ512,Estudiante,No especificado,AZUA,46,2498.7,298
2023,4,IQ512,Estudiante,No especificado,BAHORUCO,22,921.8,129
2023,4,IQ512,Estudiante,No especificado,BARAHONA,40,3500.1,377
2023,4,IQ512,Estudiante,No especificado,COTUI,38,2981.8,321
2023,4,IQ512,Estudiante,No especificado,HIGUEY,17,1202.4,107
2023,4,IQ512,Estudiante,No especificado,LA VEGA,55,2826.3,362
2023,4,IQ512,Estudiante,No especificado,MAO,14,784.8,101
2023,4,IQ512,Estudiante,No especificado,MONTE CRISTI,16,1129.7,139
2023,4,IQ512,Estudiante,No especificado,MONTE PLATA,18,1272.6,132
2023,4,IQ512,Estudiante,No especificado,NAGUA,20,1347.1,153
2023,4,IQ512,Estudiante,No especificado,PUERTO PLATA,17,1275.8,126
2023,4,IQ512,Estudiante,No especificado,SAN CRISTOBAL,50,2778.6,335
2023,4,IQ512,Estudiante,No especificado,SAN FRANCISCO DE MACORIS,25,1515.9,154
2023,4,IQ512,Estudiante,No especificado,SAN JUAN DE LA MAGUANA,22,1456.6,151
2023,4,IQ512,Estudiante,No especificado,SAN PEDRO DE MACORIS,26,1516.7,189
2023,4,IQ512,Estudiante,No especificado,SANTIAGO,39,2067.4,258
2023,4,IQ512,Estudiante,No especificado,SANTO DOMINGO,218,13135.9,1366
2023,4,IQ512,Estudiante,No especificado,Sin ubicación,2134,127894.6,14146
2023,4,IQP,Admin,No especificado,Sin ubicación,1,16.7,4
2023,4,IQP,Docente,1er grado,Sin ubicación,2,124.0,16
2023,4,IQP,Docente,3er grado,AZUA,1,6.8,1
2023,4,IQP,Docente,3er grado,Sin ubicación,2,2.8,2
2023,4,IQP,Docente,4to grado,AZUA,5,3.5,5
2023,4,IQP,Docente,4to grado,BAHORUCO,2,18.3,3
2023,4,IQP,Docente,4to grado,BARAHONA,6,66.0,11
2023,4,IQP,Docente,4to grado,COTUI,9,49.0,16
2023,4,IQP,Docente,4to grado,HIGUEY,15,116.4,25
2023,4,IQP,Docente,4to grado,LA VEGA,24,87.5,36
2023,4,IQP,Docente,4to grado,MAO,6,5.5,8
2023,4,IQP,Docente,4to grado,MONTE CRISTI,25,138.4,36
2023,4,IQP,Docente,4to grado,MONTE PLATA,7,8.6,8
2023,4,IQP,Docente,4to grado,NAGUA,3,15.1,4
2023,4,IQP,Docente,4to grado,PUERTO PLATA,11,21.9,16
2023,4,IQP,Docente,4to grado,SAN CRISTOBAL,15,39.7,21
2023,4,IQP,Docente,4to grado,SAN FRANCISCO DE MACORIS,12,75.4,15
2023,4,IQP,Docente,4to grado,SAN JUAN DE LA MAGUANA,8,25.7,10
2023,4,IQP,Docente,4to grado,SAN PEDRO DE MACORIS,19,86.0,28
2023,4,IQP,Docente,4to grado,SANTIAGO,29,76.3,37
2023,4,IQP,Docente,4to grado,SANTO DOMINGO,81,317.1,110
2023,4,IQP,Docente,4to grado,Sin ubicación,167,488.1,229
2023,4,IQP,Docente,6to grado,BAHORUCO,1,15.2,1
2023,4,IQP,Docente,6to grado,LA VEGA,1,0.4,1
2023,4,IQP,Docente,6to grado,MAO,2,26.2,5
2023,4,IQP,Docente,6to grado,MONTE CRISTI,2,11.8,4
2023,4,IQP,Docente,6to grado,NAGUA,2,2.5,2
2023,4,IQP,Docente,6to grado,PUERTO PLATA,1,1.8,2
2023,4,IQP,Docente,6to grado,SAN CRISTOBAL,1,0.2,1
2023,4,IQP,Docente,6to grado,SAN JUAN DE LA MAGUANA,2,2.1,3
2023,4,IQP,Docente,6to grado,SANTIAGO,1,5.7,1
2023,4,IQP,Docente,6to grado,SANTO DOMINGO,5,5.4,6
2023,4,IQP,Docente,6to grado,Sin ubicación,15,55.1,19
2023,4,IQP,Docente,No especificado,COTUI,2,1.3,2
2023,4,IQP,Docente,No especificado,LA VEGA,3,6.3,3
2023,4,IQP,Docente,No especificado,NAGUA,1,1.2,1
2023,4,IQP,Docente,No especificado,SAN PEDRO DE MACORIS,1,0.1,1
2023,4,IQP,Docente,No especificado,SANTIAGO,1,0.4,2
2023,4,IQP,Docente,No especificado,SANTO DOMINGO,2,1.8,2
2023,4,IQP,Docente,No especificado,Sin ubicación,9,174.4,24
2023,4,IQP,Estudiante,1er grado,BARAHONA,1,0.0,1
2023,4,IQP,Estudiante,1er grado,COTUI,1,1.3,1
2023,4,IQP,Estudiante,1er grado,SAN CRISTOBAL,1,0.8,1
2023,4,IQP,Estudiante,1er grado,SANTO DOMINGO,4,8.9,4
2023,4,IQP,Estudiante,1er grado,Sin ubicación,9,40.1,20
2023,4,IQP,Estudiante,2do grado,AZUA,1,0.0,1
2023,4,IQP,Estudiante,2do grado,MONTE CRISTI,1,5.1,1
2023,4,IQP,Estudiante,2do grado,PUERTO PLATA,1,13.5,5
2023,4,IQP,Estudiante,2do grado,SANTO DOMINGO,3,3.6,3
2023,4,IQP,Estudiante,2do grado,Sin ubicación,1,6.9,2
2023,4,IQP,Estudiante,3er grado,AZUA,1,3.6,1
2023,4,IQP,Estudiante,3er grado,BARAHONA,28,48.6,37
2023,4,IQP,Estudiante,3er grado,HIGUEY,43,258.6,83
2023,4,IQP,Estudiante,3er grado,LA VEGA,3,11.5,3
2023,4,IQP,Estudiante,3er grado,MAO,5,6.9,5
2023,4,IQP,Estudiante,3er grado,MONTE CRISTI,4,61.2,9
2023,4,IQP,Estudiante,3er grado,MONTE PLATA,1,0.6,1
2023,4,IQP,Estudiante,3er grado,PUERTO PLATA,74,246.7,135
2023,4,IQP,Estudiante,3er grado,SAN CRISTOBAL,1,16.4,2
2023,4,IQP,Estudiante,3er grado,SAN FRANCISCO DE MACORIS,1,1.7,1
2023,4,IQP,Estudiante,3er grado,SANTIAGO,13,97.2,29
2023,4,IQP,Estudiante,3er grado,SANTO DOMINGO,50,230.5,69
2023,4,IQP,Estudiante,3er grado,Sin ubicación,94,481.3,199
2023,4,IQP,Estudiante,4to grado,LA VEGA,1,0.5,1
2023,4,IQP,Estudiante,4to grado,MONTE PLATA,1,1.3,1
2023,4,IQP,Estudiante,4to grado,PUERTO PLATA,4,16.9,7
2023,4,IQP,Estudiante,4to grado,SAN CRISTOBAL,1,1.6,1
2023,4,IQP,Estudiante,4to grado,SANTIAGO,1,1.0,2
2023,4,IQP,Estudiante,4to grado,SANTO DOMINGO,10,22.0,13
2023,4,IQP,Estudiante,4to grado,Sin ubicación,17,17.5,21
2023,4,IQP,Estudiante,5to grado,BARAHONA,1,0.9,1
2023,4,IQP,Estudiante,5to grado,HIGUEY,6,8.2,7
2023,4,IQP,Estudiante,5to grado,MAO,1,0.5,1
2023,4,IQP,Estudiante,5to grado,MONTE CRISTI,1,0.4,1
2023,4,IQP,Estudiante,5to grado,PUERTO PLATA,2,1.2,3
2023,4,IQP,Estudiante,5to grado,SAN FRANCISCO DE MACORIS,1,1.2,1
2023,4,IQP,Estudiante,5to grado,SANTO DOMINGO,4,74.7,14
2023,4,IQP,Estudiante,5to grado,Sin ubicación,2,1.5,2
2023,4,IQP,Estudiante,6to grado,AZUA,3,3.4,3
2023,4,IQP,Estudiante,6to grado,BAHORUCO,3,2.4,3
2023,4,IQP,Estudiante,6to grado,BARAHONA,1,1.9,1
2023,4,IQP,Estudiante,6to grado,HIGUEY,46,545.7,191
2023,4,IQP,Estudiante,6to grado,LA VEGA,2,16.3,7
2023,4,IQP,Estudiante,6to grado,MAO,3,1.0,3
2023,4,IQP,Estudiante,6to grado,MONTE CRISTI,1,0.7,1
2023,4,IQP,Estudiante,6to grado,MONTE PLATA,3,1.0,3
2023,4,IQP,Estudiante,6to grado,NAGUA,1,2.0,1
2023,4,IQP,Estudiante,6to grado,PUERTO PLATA,84,216.7,131
2023,4,IQP,Estudiante,6to grado,SAN CRISTOBAL,2,1.1,2
2023,4,IQP,Estudiante,6to grado,SAN FRANCISCO DE MACORIS,1,1.8,1
2023,4,IQP,Estudiante,6to grado,SAN JUAN DE LA MAGUANA,2,8.2,3
2023,4,IQP,Estudiante,6to grado,SAN PEDRO DE MACORIS,2,7.5,3
2023,4,IQP,Estudiante,6to grado,SANTIAGO,8,41.8,12
2023,4,IQP,Estudiante,6to grado,SANTO DOMINGO,137,269.1,177
2023,4,IQP,Estudiante,6to grado,Sin ubicación,145,312.0,168
2023,4,IQP,Estudiante,No especificado,MAO,1,0.6,1
2023,4,IQP,Estudiante,No especificado,PUERTO PLATA,1,0.5,1
2023,4,IQP,Estudiante,No especificado,SAN CRISTOBAL,1,0.2,1
2023,4,IQP,Estudiante,No especificado,SANTO DOMINGO,6,2.5,6
2023,4,IQP,Estudiante,No especificado,Sin ubicación,8,4.6,8
2023,4,IQP,Parent,No especificado,Sin ubicación,1,0.1,1
2023,4,IQP,Sin rol,No especificado,Sin ubicación,1,227.8,16
2023,4,IQS,Admin,No especificado,Sin ubicación,1,0.1,2
2023,4,IQS,Docente,1er grado,AZUA,2,2.0,2
2023,4,IQS,Docente,1er grado,BAHORUCO,1,0.3,1
2023,4,IQS,Docente,1er grado,BARAHONA,1,0.4,1
2023,4,IQS,Docente,1er grado,COTUI,1,9.3,1
2023,4,IQS,Docente,1er grado,HIGUEY,5,18.3,12
2023,4,IQS,Docente,1er grado,LA VEGA,5,124.4,14
2023,4,IQS,Docente,1er grado,MONTE CRISTI,6,73.8,22
2023,4,IQS,Docente,1er grado,MONTE PLATA,1,1.7,1
2023,4,IQS,Docente,1er grado,NAGUA,2,4.3,2
2023,4,IQS,Docente,1er grado,PUERTO PLATA,3,12.6,5
2023,4,IQS,Docente,1er grado,SAN CRISTOBAL,2,22.7,6
2023,4,IQS,Docente,1er grado,SAN FRANCISCO DE MACORIS,7,27.2,14
2023,4,IQS,Docente,1er grado,SAN JUAN DE LA MAGUANA,1,4.9,3
2023,4,IQS,Docente,1er grado,SAN PEDRO DE MACORIS,3,39.8,3
2023,4,IQS,Docente,1er grado,SANTIAGO,4,4.8,4
2023,4,IQS,Docente,1er grado,SANTO DOMINGO,20,217.7,44
2023,4,IQS,Docente,1er grado,Sin ubicación,38,284.1,73
2023,4,IQS,Docente,2do grado,SANTO DOMINGO,1,28.2,2
2023,4,IQS,Docente,4to grado,AZUA,25,90.8,50
2023,4,IQS,Docente,4to grado,BAHORUCO,6,11.0,6
2023,4,IQS,Docente,4to grado,BARAHONA,10,29.8,12
2023,4,IQS,Docente,4to grado,COTUI,14,76.3,27
2023,4,IQS,Docente,4to grado,HIGUEY,14,73.8,18
2023,4,IQS,Docente,4to grado,LA VEGA,18,76.1,28
2023,4,IQS,Docente,4to grado,MAO,12,44.0,19
2023,4,IQS,Docente,4to grado,MONTE CRISTI,16,163.5,42
2023,4,IQS,Docente,4to grado,MONTE PLATA,15,119.9,27
2023,4,IQS,Docente,4to grado,NAGUA,13,80.9,21
2023,4,IQS,Docente,4to grado,PUERTO PLATA,17,119.6,29
2023,4,IQS,Docente,4to grado,SAN CRISTOBAL,18,48.5,23
2023,4,IQS,Docente,4to grado,SAN FRANCISCO DE MACORIS,10,52.5,12
2023,4,IQS,Docente,4to grado,SAN JUAN DE LA MAGUANA,6,29.7,8
2023,4,IQS,Docente,4to grado,SAN PEDRO DE MACORIS,25,173.8,48
2023,4,IQS,Docente,4to grado,SANTIAGO,17,45.5,23
2023,4,IQS,Docente,4to grado,SANTO DOMINGO,135,742.2,206
2023,4,IQS,Docente,4to grado,Sin ubicación,87,357.7,135
2023,4,IQS,Docente,6to grado,AZUA,1,16.0,4
2023,4,IQS,Docente,6to grado,COTUI,1,28.6,11
2023,4,IQS,Docente,6to grado,LA VEGA,3,3.5,3
2023,4,IQS,Docente,6to grado,MONTE CRISTI,1,18.7,1
2023,4,IQS,Docente,6to grado,NAGUA,2,18.4,5
2023,4,IQS,Docente,6to grado,SAN JUAN DE LA MAGUANA,1,0.1,1
2023,4,IQS,Docente,6to grado,SANTIAGO,2,13.0,3
2023,4,IQS,Docente,6to grado,SANTO DOMINGO,10,60.3,19
2023,4,IQS,Docente,6to grado,Sin ubicación,1,4.2,2
2023,4,IQS,Docente,No especificado,NAGUA,1,1.5,1
2023,4,IQS,Docente,No especificado,PUERTO PLATA,1,18.0,1
2023,4,IQS,Docente,No especificado,SAN FRANCISCO DE MACORIS,3,12.1,4
2023,4,IQS,Docente,No especificado,SAN PEDRO DE MACORIS,1,20.0,3
2023,4,IQS,Docente,No especificado,SANTIAGO,3,5.6,4
2023,4,IQS,Docente,No especificado,SANTO DOMINGO,3,7.1,4
2023,4,IQS,Docente,No especificado,Sin ubicación,5,35.9,17
2023,4,IQS,Editor,No especificado,SANTIAGO,1,144.9,11
2023,4,IQS,Estudiante,1er grado,AZUA,1,2.0,2
2023,4,IQS,Estudiante,1er grado,BAHORUCO,1,0.7,1
2023,4,IQS,Estudiante,1er grado,HIGUEY,1,1.0,1
2023,4,IQS,Estudiante,1er grado,LA VEGA,1,1.6,1
2023,4,IQS,Estudiante,1er grado,MONTE PLATA,1,1.3,1
2023,4,IQS,Estudiante,1er grado,SAN PEDRO DE MACORIS,1,0.4,1
2023,4,IQS,Estudiante,1er grado,SANTIAGO,8,49.3,11
2023,4,IQS,Estudiante,1er grado,SANTO DOMINGO,14,39.9,18
2023,4,IQS,Estudiante,1er grado,Sin ubicación,13,20.2,21
2023,4,IQS,Estudiante,2do grado,AZUA,3,11.6,6
2023,4,IQS,Estudiante,2do grado,BAHORUCO,1,0.6,1
2023,4,IQS,Estudiante,2do grado,BARAHONA,1,2.9,1
2023,4,IQS,Estudiante,2do grado,HIGUEY,1,1.7,2
2023,4,IQS,Estudiante,2do grado,MONTE CRISTI,4,9.8,4
2023,4,IQS,Estudiante,2do grado,MONTE PLATA,2,5.2,2
2023,4,IQS,Estudiante,2do grado,NAGUA,2,6.9,2
2023,4,IQS,Estudiante,2do grado,PUERTO PLATA,1,4.0,2
2023,4,IQS,Estudiante,2do grado,SAN CRISTOBAL,2,4.7,2
2023,4,IQS,Estudiante,2do grado,SAN JUAN DE LA MAGUANA,1,1.4,1
2023,4,IQS,Estudiante,2do grado,SAN PEDRO DE MACORIS,3,3.1,3
2023,4,IQS,Estudiante,2do grado,SANTIAGO,10,16.5,11
2023,4,IQS,Estudiante,2do grado,SANTO DOMINGO,16,53.4,24
2023,4,IQS,Estudiante,2do grado,Sin ubicación,20,83.1,25
2023,4,IQS,Estudiante,3er grado,AZUA,8,3.9,9
2023,4,IQS,Estudiante,3er grado,MAO,1,0.8,1
2023,4,IQS,Estudiante,3er grado,MONTE CRISTI,3,9.4,6
2023,4,IQS,Estudiante,3er grado,MONTE PLATA,18,50.5,23
2023,4,IQS,Estudiante,3er grado,PUERTO PLATA,3,1.6,3
2023,4,IQS,Estudiante,3er grado,SAN CRISTOBAL,4,11.9,5
2023,4,IQS,Estudiante,3er grado,SAN PEDRO DE MACORIS,8,21.5,11
2023,4,IQS,Estudiante,3er grado,SANTIAGO,72,200.5,104
2023,4,IQS,Estudiante,3er grado,SANTO DOMINGO,45,227.1,66
2023,4,IQS,Estudiante,3er grado,Sin ubicación,63,183.1,88
2023,4,IQS,Estudiante,4to grado,AZUA,7,23.9,10
2023,4,IQS,Estudiante,4to grado,BAHORUCO,2,5.9,4
2023,4,IQS,Estudiante,4to grado,BARAHONA,1,0.2,1
2023,4,IQS,Estudiante,4to grado,COTUI,12,27.5,15
2023,4,IQS,Estudiante,4to grado,HIGUEY,12,45.3,18
2023,4,IQS,Estudiante,4to grado,LA VEGA,19,212.9,37
2023,4,IQS,Estudiante,4to grado,MAO,1,1.0,1
2023,4,IQS,Estudiante,4to grado,MONTE CRISTI,7,42.5,14
2023,4,IQS,Estudiante,4to grado,MONTE PLATA,5,11.4,7
2023,4,IQS,Estudiante,4to grado,NAGUA,5,9.9,7
2023,4,IQS,Estudiante,4to grado,PUERTO PLATA,2,9.2,4
2023,4,IQS,Estudiante,4to grado,SAN CRISTOBAL,6,9.6,7
2023,4,IQS,Estudiante,4to grado,SAN FRANCISCO DE MACORIS,22,158.6,53
2023,4,IQS,Estudiante,4to grado,SAN JUAN DE LA MAGUANA,2,1.8,2
2023,4,IQS,Estudiante,4to grado,SAN PEDRO DE MACORIS,9,64.0,18
2023,4,IQS,Estudiante,4to grado,SANTIAGO,32,217.6,51
2023,4,IQS,Estudiante,4to grado,SANTO DOMINGO,147,674.3,240
2023,4,IQS,Estudiante,4to grado,Sin ubicación,68,334.9,101
2023,4,IQS,Estudiante,5to grado,AZUA,3,3.2,3
2023,4,IQS,Estudiante,5to grado,COTUI,1,8.8,2
2023,4,IQS,Estudiante,5to grado,HIGUEY,2,3.2,2
2023,4,IQS,Estudiante,5to grado,LA VEGA,3,76.7,12
2023,4,IQS,Estudiante,5to grado,MONTE CRISTI,3,40.6,6
2023,4,IQS,Estudiante,5to grado,MONTE PLATA,10,13.0,11
2023,4,IQS,Estudiante,5to grado,PUERTO PLATA,2,11.5,4
2023,4,IQS,Estudiante,5to grado,SAN CRISTOBAL,1,0.0,1
2023,4,IQS,Estudiante,5to grado,SAN JUAN DE LA MAGUANA,1,1.2,1
2023,4,IQS,Estudiante,5to grado,SAN PEDRO DE MACORIS,1,5.8,2
2023,4,IQS,Estudiante,5to grado,SANTIAGO,2,33.6,6
2023,4,IQS,Estudiante,5to grado,SANTO DOMINGO,33,82.2,43
2023,4,IQS,Estudiante,5to grado,Sin ubicación,13,46.6,14
2023,4,IQS,Estudiante,6to grado,AZUA,141,499.4,243
2023,4,IQS,Estudiante,6to grado,BAHORUCO,57,118.7,86
2023,4,IQS,Estudiante,6to grado,BARAHONA,40,131.2,67
2023,4,IQS,Estudiante,6to grado,COTUI,146,800.0,247
2023,4,IQS,Estudiante,6to grado,HIGUEY,189,1122.8,410
2023,4,IQS,Estudiante,6to grado,LA VEGA,283,1602.5,492
2023,4,IQS,Estudiante,6to grado,MAO,19,39.9,29
2023,4,IQS,Estudiante,6to grado,MONTE CRISTI,161,746.4,280
2023,4,IQS,Estudiante,6to grado,MONTE PLATA,123,403.9,177
2023,4,IQS,Estudiante,6to grado,NAGUA,111,274.6,175
2023,4,IQS,Estudiante,6to grado,PUERTO PLATA,167,420.2,245
2023,4,IQS,Estudiante,6to grado,SAN CRISTOBAL,192,706.4,292
2023,4,IQS,Estudiante,6to grado,SAN FRANCISCO DE MACORIS,236,865.4,391
2023,4,IQS,Estudiante,6to grado,SAN JUAN DE LA MAGUANA,59,125.6,80
2023,4,IQS,Estudiante,6to grado,SAN PEDRO DE MACORIS,193,625.7,284
2023,4,IQS,Estudiante,6to grado,SANTIAGO,185,773.5,283
2023,4,IQS,Estudiante,6to grado,SANTO DOMINGO,1778,9175.8,2804
2023,4,IQS,Estudiante,6to grado,Sin ubicación,1131,4073.1,1706
2023,4,IQS,Estudiante,No especificado,AZUA,3,1.3,3
2023,4,IQS,Estudiante,No especificado,BAHORUCO,2,2.7,2
2023,4,IQS,Estudiante,No especificado,BARAHONA,1,0.3,1
2023,4,IQS,Estudiante,No especificado,COTUI,4,2.3,4
2023,4,IQS,Estudiante,No especificado,HIGUEY,3,2.7,3
2023,4,IQS,Estudiante,No especificado,LA VEGA,7,9.7,8
2023,4,IQS,Estudiante,No especificado,MONTE CRISTI,1,0.3,1
2023,4,IQS,Estudiante,No especificado,MONTE PLATA,5,11.6,5
2023,4,IQS,Estudiante,No especificado,NAGUA,3,1.8,3
2023,4,IQS,Estudiante,No especificado,PUERTO PLATA,1,0.3,1
2023,4,IQS,Estudiante,No especificado,SAN CRISTOBAL,4,4.2,4
2023,4,IQS,Estudiante,No especificado,SAN FRANCISCO DE MACORIS,5,3.2,5
2023,4,IQS,Estudiante,No especificado,SAN PEDRO DE MACORIS,2,0.7,2
2023,4,IQS,Estudiante,No especificado,SANTIAGO,7,3.8,8
2023,4,IQS,Estudiante,No especificado,SANTO DOMINGO,34,55.4,37
2023,4,IQS,Estudiante,No especificado,Sin ubicación,18,18.9,19
2023,4,IQS,Invitado,6to grado,HIGUEY,3,8.7,5
2023,4,IQS,Invitado,6to grado,MONTE PLATA,1,1.4,1
2023,4,IQS,Invitado,6to grado,SAN CRISTOBAL,2,19.5,2
2023,4,IQS,Invitado,6to grado,SANTO DOMINGO,4,26.1,6
2023,4,IQS,Invitado,6to grado,Sin ubicación,188,669.8,249
2023,4,IQS,Invitado,No especificado,Sin ubicación,5,7.8,5
2023,5,IQ512,Admin,No especificado,Sin ubicación,2,33.5,6
2023,5,IQ512,Editor,No especificado,Sin ubicación,1,186.7,15
2023,5,IQ512,Estudiante,No especificado,AZUA,43,1875.8,244
2023,5,IQ512,Estudiante,No especificado,BAHORUCO,21,1477.4,182
2023,5,IQ512,Estudiante,No especificado,BARAHONA,43,2985.5,403
2023,5,IQ512,Estudiante,No especificado,COTUI,36,2454.2,303
2023,5,IQ512,Estudiante,No especificado,HIGUEY,18,1057.4,106
2023,5,IQ512,Estudiante,No especificado,LA VEGA,67,3245.0,422
2023,5,IQ512,Estudiante,No especificado,MAO,11,715.0,97
2023,5,IQ512,Estudiante,No especificado,MONTE CRISTI,14,527.2,88
2023,5,IQ512,Estudiante,No especificado,MONTE PLATA,17,1492.0,170
2023,5,IQ512,Estudiante,No especificado,NAGUA,21,1381.0,164
2023,5,IQ512,Estudiante,No especificado,PUERTO PLATA,16,1202.2,124
2023,5,IQ512,Estudiante,No especificado,SAN CRISTOBAL,51,3492.6,411
2023,5,IQ512,Estudiante,No especificado,SAN FRANCISCO DE MACORIS,23,1402.2,181
2023,5,IQ512,Estudiante,No especificado,SAN JUAN DE LA MAGUANA,24,1156.0,135
2023,5,IQ512,Estudiante,No especificado,SAN PEDRO DE MACORIS,26,1256.7,175
2023,5,IQ512,Estudiante,No especificado,SANTIAGO,41,1771.0,222
2023,5,IQ512,Estudiante,No especificado,SANTO DOMINGO,223,12648.3,1521
2023,5,IQ512,Estudiante,No especificado,Sin ubicación,2149,118174.3,14800
2023,5,IQP,Admin,No especificado,Sin ubicación,1,26.4,4
2023,5,IQP,Docente,1er grado,Sin ubicación,2,291.0,32
2023,5,IQP,Docente,3er grado,Sin ubicación,1,0.6,1
2023,5,IQP,Docente,4to grado,AZUA,15,25.0,20
2023,5,IQP,Docente,4to grado,BAHORUCO,2,2.9,3
2023,5,IQP,Docente,4to grado,BARAHONA,8,23.2,10
2023,5,IQP,Docente,4to grado,COTUI,5,14.7,7
2023,5,IQP,Docente,4to grado,HIGUEY,10,89.4,18
2023,5,IQP,Docente,4to grado,LA VEGA,19,110.6,31
2023,5,IQP,Docente,4to grado,MAO,3,4.3,4
2023,5,IQP,Docente,4to grado,MONTE CRISTI,15,114.0,25
2023,5,IQP,Docente,4to grado,MONTE PLATA,7,12.3,9
2023,5,IQP,Docente,4to grado,NAGUA,6,18.2,10
2023,5,IQP,Docente,4to grado,PUERTO PLATA,13,58.9,28
2023,5,IQP,Docente,4to grado,SAN CRISTOBAL,7,24.8,10
2023,5,IQP,Docente,4to grado,SAN FRANCISCO DE MACORIS,10,38.9,17
2023,5,IQP,Docente,4to grado,SAN JUAN DE LA MAGUANA,2,1.3,2
2023,5,IQP,Docente,4to grado,SAN PEDRO DE MACORIS,18,48.1,24
2023,5,IQP,Docente,4to grado,SANTIAGO,39,273.7,72
2023,5,IQP,Docente,4to grado,SANTO DOMINGO,135,777.3,215
2023,5,IQP,Docente,4to grado,Sin ubicación,300,1145.9,411
2023,5,IQP,Docente,6to grado,LA VEGA,3,7.1,3
2023,5,IQP,Docente,6to grado,MAO,1,11.7,4
2023,5,IQP,Docente,6to grado,MONTE CRISTI,1,0.0,1
2023,5,IQP,Docente,6to grado,PUERTO PLATA,1,0.0,1
2023,5,IQP,Docente,6to grado,SAN CRISTOBAL,1,0.8,1
2023,5,IQP,Docente,6to grado,SAN FRANCISCO DE MACORIS,1,1.1,1
2023,5,IQP,Docente,6to grado,SAN JUAN DE LA MAGUANA,1,0.5,1
2023,5,IQP,Docente,6to grado,SANTO DOMINGO,8,36.4,13
2023,5,IQP,Docente,6to grado,Sin ubicación,17,86.9,23
2023,5,IQP,Docente,No especificado,LA VEGA,1,0.6,1
2023,5,IQP,Docente,No especificado,MAO,1,5.9,2
2023,5,IQP,Docente,No especificado,SAN CRISTOBAL,1,0.3,1
2023,5,IQP,Docente,No especificado,SAN PEDRO DE MACORIS,2,0.4,2
2023,5,IQP,Docente,No especificado,SANTIAGO,1,0.9,1
2023,5,IQP,Docente,No especificado,SANTO DOMINGO,6,5.5,6
2023,5,IQP,Docente,No especificado,Sin ubicación,10,18.6,10
2023,5,IQP,Estudiante,1er grado,HIGUEY,1,1.1,1
2023,5,IQP,Estudiante,1er grado,SANTIAGO,2,29.8,6
2023,5,IQP,Estudiante,1er grado,SANTO DOMINGO,5,11.4,7
2023,5,IQP,Estudiante,1er grado,Sin ubicación,7,90.3,22
2023,5,IQP,Estudiante,2do grado,MONTE PLATA,1,0.1,1
2023,5,IQP,Estudiante,2do grado,NAGUA,1,1.0,2
2023,5,IQP,Estudiante,2do grado,PUERTO PLATA,1,6.5,2
2023,5,IQP,Estudiante,2do grado,SANTO DOMINGO,10,28.5,17
2023,5,IQP,Estudiante,2do grado,Sin ubicación,10,6.9,10
2023,5,IQP,Estudiante,3er grado,AZUA,3,11.4,5
2023,5,IQP,Estudiante,3er grado,BARAHONA,25,275.4,101
2023,5,IQP,Estudiante,3er grado,COTUI,1,4.0,2
2023,5,IQP,Estudiante,3er grado,HIGUEY,21,229.3,55
2023,5,IQP,Estudiante,3er grado,LA VEGA,5,73.5,20
2023,5,IQP,Estudiante,3er grado,MAO,4,2.0,4
2023,5,IQP,Estudiante,3er grado,MONTE CRISTI,4,16.1,5
2023,5,IQP,Estudiante,3er grado,NAGUA,4,23.8,8
2023,5,IQP,Estudiante,3er grado,PUERTO PLATA,46,363.0,142
2023,5,IQP,Estudiante,3er grado,SAN CRISTOBAL,1,1.4,1
2023,5,IQP,Estudiante,3er grado,SAN FRANCISCO DE MACORIS,1,4.6,2
2023,5,IQP,Estudiante,3er grado,SANTIAGO,108,1177.7,331
2023,5,IQP,Estudiante,3er grado,SANTO DOMINGO,135,1382.6,381
2023,5,IQP,Estudiante,3er grado,Sin ubicación,151,1258.7,379
2023,5,IQP,Estudiante,4to grado,AZUA,2,1.7,3
2023,5,IQP,Estudiante,4to grado,BAHORUCO,1,0.4,1
2023,5,IQP,Estudiante,4to grado,HIGUEY,6,16.6,7
2023,5,IQP,Estudiante,4to grado,LA VEGA,3,9.2,3
2023,5,IQP,Estudiante,4to grado,MAO,1,0.1,1
2023,5,IQP,Estudiante,4to grado,MONTE PLATA,1,0.5,1
2023,5,IQP,Estudiante,4to grado,PUERTO PLATA,2,6.7,3
2023,5,IQP,Estudiante,4to grado,SAN CRISTOBAL,1,4.4,1
2023,5,IQP,Estudiante,4to grado,SAN JUAN DE LA MAGUANA,1,0.8,1
2023,5,IQP,Estudiante,4to grado,SAN PEDRO DE MACORIS,4,3.1,4
2023,5,IQP,Estudiante,4to grado,SANTIAGO,6,25.6,8
2023,5,IQP,Estudiante,4to grado,SANTO DOMINGO,30,78.0,37
2023,5,IQP,Estudiante,4to grado,Sin ubicación,46,109.0,57
2023,5,IQP,Estudiante,5to grado,BARAHONA,1,0.0,1
2023,5,IQP,Estudiante,5to grado,HIGUEY,15,95.1,34
2023,5,IQP,Estudiante,5to grado,MAO,1,0.1,1
2023,5,IQP,Estudiante,5to grado,PUERTO PLATA,1,1.0,1
2023,5,IQP,Estudiante,5to grado,SAN PEDRO DE MACORIS,1,0.1,1
2023,5,IQP,Estudiante,5to grado,SANTO DOMINGO,7,74.0,16
2023,5,IQP,Estudiante,5to grado,Sin ubicación,11,9.4,12
2023,5,IQP,Estudiante,6to grado,AZUA,7,20.5,9
2023,5,IQP,Estudiante,6to grado,BAHORUCO,6,4.0,8
2023,5,IQP,Estudiante,6to grado,BARAHONA,4,1.9,4
2023,5,IQP,Estudiante,6to grado,COTUI,23,45.3,24
2023,5,IQP,Estudiante,6to grado,HIGUEY,14,18.2,15
2023,5,IQP,Estudiante,6to grado,LA VEGA,23,42.7,31
2023,5,IQP,Estudiante,6to grado,MAO,11,13.1,12
2023,5,IQP,Estudiante,6to grado,MONTE CRISTI,3,21.0,3
2023,5,IQP,Estudiante,6to grado,MONTE PLATA,3,1.8,3
2023,5,IQP,Estudiante,6to grado,NAGUA,3,1.9,4
2023,5,IQP,Estudiante,6to grado,PUERTO PLATA,32,212.9,77
2023,5,IQP,Estudiante,6to grado,SAN CRISTOBAL,15,53.1,20
2023,5,IQP,Estudiante,6to grado,SAN FRANCISCO DE MACORIS,9,18.3,11
2023,5,IQP,Estudiante,6to grado,SAN JUAN DE LA MAGUANA,2,32.8,4
2023,5,IQP,Estudiante,6to grado,SAN PEDRO DE MACORIS,40,40.8,43
2023,5,IQP,Estudiante,6to grado,SANTIAGO,39,136.9,62
2023,5,IQP,Estudiante,6to grado,SANTO DOMINGO,448,939.8,612
2023,5,IQP,Estudiante,6to grado,Sin ubicación,775,1409.5,925
2023,5,IQP,Estudiante,No especificado,AZUA,1,1.0,1
2023,5,IQP,Estudiante,No especificado,HIGUEY,1,0.2,1
2023,5,IQP,Estudiante,No especificado,LA VEGA,2,21.3,2
2023,5,IQP,Estudiante,No especificado,SAN FRANCISCO DE MACORIS,1,2.0,1
2023,5,IQP,Estudiante,No especificado,SAN PEDRO DE MACORIS,1,0.4,1
2023,5,IQP,Estudiante,No especificado,SANTIAGO,1,0.4,1
2023,5,IQP,Estudiante,No especificado,SANTO DOMINGO,16,17.8,16
2023,5,IQP,Estudiante,No especificado,Sin ubicación,47,56.8,48
2023,5,IQP,Parent,No especificado,Sin ubicación,5,5.6,9
2023,5,IQP,Sin rol,No especificado,Sin ubicación,1,491.6,20
2023,5,IQS,Admin,No especificado,Sin ubicación,1,42.5,6
2023,5,IQS,Docente,1er grado,AZUA,7,19.2,10
2023,5,IQS,Docente,1er grado,BAHORUCO,2,32.1,3
2023,5,IQS,Docente,1er grado,BARAHONA,1,0.5,1
2023,5,IQS,Docente,1er grado,COTUI,7,10.8,10
2023,5,IQS,Docente,1er grado,HIGUEY,12,107.7,30
2023,5,IQS,Docente,1er grado,LA VEGA,16,423.4,51
2023,5,IQS,Docente,1er grado,MAO,6,85.8,16
2023,5,IQS,Docente,1er grado,MONTE CRISTI,10,100.6,29
2023,5,IQS,Docente,1er grado,MONTE PLATA,3,30.3,7
2023,5,IQS,Docente,1er grado,NAGUA,1,0.7,1
2023,5,IQS,Docente,1er grado,PUERTO PLATA,8,75.5,19
2023,5,IQS,Docente,1er grado,SAN CRISTOBAL,6,50.7,10
2023,5,IQS,Docente,1er grado,SAN FRANCISCO DE MACORIS,15,194.0,52
2023,5,IQS,Docente,1er grado,SAN JUAN DE LA MAGUANA,5,16.7,7
2023,5,IQS,Docente,1er grado,SAN PEDRO DE MACORIS,7,57.9,15
2023,5,IQS,Docente,1er grado,SANTIAGO,30,167.7,51
2023,5,IQS,Docente,1er grado,SANTO DOMINGO,61,466.1,121
2023,5,IQS,Docente,1er grado,Sin ubicación,132,925.8,254
2023,5,IQS,Docente,4to grado,AZUA,83,675.9,190
2023,5,IQS,Docente,4to grado,BAHORUCO,21,51.1,26
2023,5,IQS,Docente,4to grado,BARAHONA,25,220.8,53
2023,5,IQS,Docente,4to grado,COTUI,101,778.1,240
2023,5,IQS,Docente,4to grado,HIGUEY,63,402.3,123
2023,5,IQS,Docente,4to grado,LA VEGA,138,929.1,274
2023,5,IQS,Docente,4to grado,MAO,54,402.5,132
2023,5,IQS,Docente,4to grado,MONTE CRISTI,42,402.3,99
2023,5,IQS,Docente,4to grado,MONTE PLATA,70,589.0,168
2023,5,IQS,Docente,4to grado,NAGUA,40,353.6,82
2023,5,IQS,Docente,4to grado,PUERTO PLATA,110,990.7,246
2023,5,IQS,Docente,4to grado,SAN CRISTOBAL,78,328.9,155
2023,5,IQS,Docente,4to grado,SAN FRANCISCO DE MACORIS,100,794.4,220
2023,5,IQS,Docente,4to grado,SAN JUAN DE LA MAGUANA,44,165.8,67
2023,5,IQS,Docente,4to grado,SAN PEDRO DE MACORIS,182,1319.8,395
2023,5,IQS,Docente,4to grado,SANTIAGO,178,1363.7,387
2023,5,IQS,Docente,4to grado,SANTO DOMINGO,616,3621.2,1166
2023,5,IQS,Docente,4to grado,Sin ubicación,464,3004.6,891
2023,5,IQS,Docente,6to grado,AZUA,2,16.6,7
2023,5,IQS,Docente,6to grado,BAHORUCO,1,1.2,1
2023,5,IQS,Docente,6to grado,COTUI,3,18.5,8
2023,5,IQS,Docente,6to grado,LA VEGA,2,24.5,6
2023,5,IQS,Docente,6to grado,MONTE CRISTI,1,44.8,4
2023,5,IQS,Docente,6to grado,MONTE PLATA,2,6.6,2
2023,5,IQS,Docente,6to grado,NAGUA,1,1.3,1
2023,5,IQS,Docente,6to grado,SAN CRISTOBAL,1,10.2,2
2023,5,IQS,Docente,6to grado,SAN FRANCISCO DE MACORIS,2,12.3,2
2023,5,IQS,Docente,6to grado,SAN JUAN DE LA MAGUANA,1,3.0,1
2023,5,IQS,Docente,6to grado,SAN PEDRO DE MACORIS,4,19.1,5
2023,5,IQS,Docente,6to grado,SANTIAGO,7,115.8,17
2023,5,IQS,Docente,6to grado,SANTO DOMINGO,17,137.5,29
2023,5,IQS,Docente,6to grado,Sin ubicación,4,10.0,5
2023,5,IQS,Docente,No especificado,AZUA,1,1.0,1
2023,5,IQS,Docente,No especificado,COTUI,2,10.9,3
2023,5,IQS,Docente,No especificado,HIGUEY,2,45.2,12
2023,5,IQS,Docente,No especificado,LA VEGA,1,2.8,1
2023,5,IQS,Docente,No especificado,MAO,1,0.8,1
2023,5,IQS,Docente,No especificado,MONTE CRISTI,1,31.1,3
2023,5,IQS,Docente,No especificado,MONTE PLATA,1,0.2,1
2023,5,IQS,Docente,No especificado,NAGUA,1,0.4,1
2023,5,IQS,Docente,No especificado,PUERTO PLATA,2,5.9,2
2023,5,IQS,Docente,No especificado,SAN CRISTOBAL,1,0.8,1
2023,5,IQS,Docente,No especificado,SAN FRANCISCO DE MACORIS,4,55.1,12
2023,5,IQS,Docente,No especificado,SAN JUAN DE LA MAGUANA,2,5.8,2
2023,5,IQS,Docente,No especificado,SAN PEDRO DE MACORIS,7,11.7,13
2023,5,IQS,Docente,No especificado,SANTIAGO,3,5.5,3
2023,5,IQS,Docente,No especificado,SANTO DOMINGO,18,24.9,21
2023,5,IQS,Docente,No especificado,Sin ubicación,11,21.2,16
2023,5,IQS,Editor,No especificado,SANTIAGO,1,318.9,12
2023,5,IQS,Estudiante,1er grado,HIGUEY,2,3.6,2
2023,5,IQS,Estudiante,1er grado,LA VEGA,2,21.9,5
2023,5,IQS,Estudiante,1er grado,SAN CRISTOBAL,1,5.8,1
2023,5,IQS,Estudiante,1er grado,SAN FRANCISCO DE MACORIS,1,4.3,1
2023,5,IQS,Estudiante,1er grado,SAN PEDRO DE MACORIS,1,4.4,1
2023,5,IQS,Estudiante,1er grado,SANTIAGO,3,3.5,3
2023,5,IQS,Estudiante,1er grado,SANTO DOMINGO,18,71.1,25
2023,5,IQS,Estudiante,1er grado,Sin ubicación,11,41.7,14
2023,5,IQS,Estudiante,2do grado,AZUA,3,11.8,5
2023,5,IQS,Estudiante,2do grado,BAHORUCO,2,0.5,2
2023,5,IQS,Estudiante,2do grado,BARAHONA,2,9.3,5
2023,5,IQS,Estudiante,2do grado,COTUI,2,12.9,6
2023,5,IQS,Estudiante,2do grado,HIGUEY,1,2.1,1
2023,5,IQS,Estudiante,2do grado,LA VEGA,8,11.3,10
2023,5,IQS,Estudiante,2do grado,MONTE CRISTI,5,9.7,8
2023,5,IQS,Estudiante,2do grado,MONTE PLATA,5,7.3,7
2023,5,IQS,Estudiante,2do grado,NAGUA,3,7.6,5
2023,5,IQS,Estudiante,2do grado,PUERTO PLATA,2,2.3,2
2023,5,IQS,Estudiante,2do grado,SAN CRISTOBAL,6,14.5,9
2023,5,IQS,Estudiante,2do grado,SAN FRANCISCO DE MACORIS,3,6.2,5
2023,5,IQS,Estudiante,2do grado,SAN JUAN DE LA MAGUANA,2,4.4,4
2023,5,IQS,Estudiante,2do grado,SAN PEDRO DE MACORIS,11,10.5,13
2023,5,IQS,Estudiante,2do grado,SANTIAGO,13,22.8,17
2023,5,IQS,Estudiante,2do grado,SANTO DOMINGO,66,224.7,95
2023,5,IQS,Estudiante,2do grado,Sin ubicación,39,137.9,53
2023,5,IQS,Estudiante,3er grado,AZUA,1,1.4,1
2023,5,IQS,Estudiante,3er grado,BARAHONA,2,7.5,2
2023,5,IQS,Estudiante,3er grado,HIGUEY,1,0.8,1
2023,5,IQS,Estudiante,3er grado,LA VEGA,3,6.6,3
2023,5,IQS,Estudiante,3er grado,MONTE PLATA,3,6.3,3
2023,5,IQS,Estudiante,3er grado,PUERTO PLATA,1,7.7,1
2023,5,IQS,Estudiante,3er grado,SAN CRISTOBAL,4,22.2,6
2023,5,IQS,Estudiante,3er grado,SAN PEDRO DE MACORIS,3,3.6,3
2023,5,IQS,Estudiante,3er grado,SANTIAGO,30,61.9,35
2023,5,IQS,Estudiante,3er grado,SANTO DOMINGO,46,180.3,63
2023,5,IQS,Estudiante,3er grado,Sin ubicación,43,147.7,66
2023,5,IQS,Estudiante,4to grado,AZUA,33,119.6,43
2023,5,IQS,Estudiante,4to grado,BAHORUCO,7,10.9,14
2023,5,IQS,Estudiante,4to grado,BARAHONA,7,12.4,8
2023,5,IQS,Estudiante,4to grado,COTUI,23,174.6,45
2023,5,IQS,Estudiante,4to grado,HIGUEY,27,121.6,55
2023,5,IQS,Estudiante,4to grado,LA VEGA,32,110.7,47
2023,5,IQS,Estudiante,4to grado,MAO,8,54.6,16
2023,5,IQS,Estudiante,4to grado,MONTE CRISTI,12,174.5,30
2023,5,IQS,Estudiante,4to grado,MONTE PLATA,6,20.4,13
2023,5,IQS,Estudiante,4to grado,NAGUA,17,62.1,26
2023,5,IQS,Estudiante,4to grado,PUERTO PLATA,21,150.0,45
2023,5,IQS,Estudiante,4to grado,SAN CRISTOBAL,30,222.2,47
2023,5,IQS,Estudiante,4to grado,SAN FRANCISCO DE MACORIS,36,214.1,69
2023,5,IQS,Estudiante,4to grado,SAN JUAN DE LA MAGUANA,6,21.3,7
2023,5,IQS,Estudiante,4to grado,SAN PEDRO DE MACORIS,43,352.0,82
2023,5,IQS,Estudiante,4to grado,SANTIAGO,87,576.3,157
2023,5,IQS,Estudiante,4to grado,SANTO DOMINGO,280,2125.5,507
2023,5,IQS,Estudiante,4to grado,Sin ubicación,222,1216.1,370
2023,5,IQS,Estudiante,5to grado,AZUA,5,3.7,5
2023,5,IQS,Estudiante,5to grado,BAHORUCO,1,1.0,1
2023,5,IQS,Estudiante,5to grado,BARAHONA,1,0.7,1
2023,5,IQS,Estudiante,5to grado,COTUI,8,14.7,11
2023,5,IQS,Estudiante,5to grado,HIGUEY,2,30.2,7
2023,5,IQS,Estudiante,5to grado,LA VEGA,6,46.5,12
2023,5,IQS,Estudiante,5to grado,MAO,3,29.1,4
2023,5,IQS,Estudiante,5to grado,MONTE CRISTI,2,3.5,3
2023,5,IQS,Estudiante,5to grado,MONTE PLATA,9,18.0,10
2023,5,IQS,Estudiante,5to grado,PUERTO PLATA,7,11.3,9
2023,5,IQS,Estudiante,5to grado,SAN CRISTOBAL,3,7.4,4
2023,5,IQS,Estudiante,5to grado,SAN FRANCISCO DE MACORIS,4,2.0,4
2023,5,IQS,Estudiante,5to grado,SAN JUAN DE LA MAGUANA,3,7.1,5
2023,5,IQS,Estudiante,5to grado,SAN PEDRO DE MACORIS,14,32.9,21
2023,5,IQS,Estudiante,5to grado,SANTIAGO,19,22.4,21
2023,5,IQS,Estudiante,5to grado,SANTO DOMINGO,96,388.4,151
2023,5,IQS,Estudiante,5to grado,Sin ubicación,56,281.4,98
2023,5,IQS,Estudiante,6to grado,AZUA,530,4052.1,1338
2023,5,IQS,Estudiante,6to grado,BAHORUCO,84,263.4,127
2023,5,IQS,Estudiante,6to grado,BARAHONA,261,1045.4,435
2023,5,IQS,Estudiante,6to grado,COTUI,776,4248.3,1615
2023,5,IQS,Estudiante,6to grado,HIGUEY,601,2421.5,1009
2023,5,IQS,Estudiante,6to grado,LA VEGA,1070,6758.7,2113
2023,5,IQS,Estudiante,6to grado,MAO,361,1369.4,602
2023,5,IQS,Estudiante,6to grado,MONTE CRISTI,364,1568.3,619
2023,5,IQS,Estudiante,6to grado,MONTE PLATA,399,1354.1,654
2023,5,IQS,Estudiante,6to grado,NAGUA,269,1122.4,449
2023,5,IQS,Estudiante,6to grado,PUERTO PLATA,664,3521.6,1283
2023,5,IQS,Estudiante,6to grado,SAN CRISTOBAL,812,4439.2,1617
2023,5,IQS,Estudiante,6to grado,SAN FRANCISCO DE MACORIS,775,3507.8,1449
2023,5,IQS,Estudiante,6to grado,SAN JUAN DE LA MAGUANA,165,807.7,293
2023,5,IQS,Estudiante,6to grado,SAN PEDRO DE MACORIS,1228,5904.8,2187
2023,5,IQS,Estudiante,6to grado,SANTIAGO,1952,9955.5,3408
2023,5,IQS,Estudiante,6to grado,SANTO DOMINGO,5677,31321.5,9995
2023,5,IQS,Estudiante,6to grado,Sin ubicación,4921,31046.6,9063
2023,5,IQS,Estudiante,No especificado,AZUA,20,48.4,28
2023,5,IQS,Estudiante,No especificado,BAHORUCO,2,0.7,2
2023,5,IQS,Estudiante,No especificado,BARAHONA,1,1.2,1
2023,5,IQS,Estudiante,No especificado,COTUI,24,20.7,31
2023,5,IQS,Estudiante,No especificado,HIGUEY,19,38.7,21
2023,5,IQS,Estudiante,No especificado,LA VEGA,34,47.6,43
2023,5,IQS,Estudiante,No especificado,MAO,9,15.2,14
2023,5,IQS,Estudiante,No especificado,MONTE CRISTI,6,6.4,6
2023,5,IQS,Estudiante,No especificado,MONTE PLATA,12,12.7,13
2023,5,IQS,Estudiante,No especificado,NAGUA,8,16.3,10
2023,5,IQS,Estudiante,No especificado,PUERTO PLATA,18,33.3,22
2023,5,IQS,Estudiante,No especificado,SAN CRISTOBAL,11,13.2,11
2023,5,IQS,Estudiante,No especificado,SAN FRANCISCO DE MACORIS,20,27.3,23
2023,5,IQS,Estudiante,No especificado,SAN JUAN DE LA MAGUANA,5,5.0,6
2023,5,IQS,Estudiante,No especificado,SAN PEDRO DE MACORIS,25,16.2,26
2023,5,IQS,Estudiante,No especificado,SANTIAGO,55,108.7,66
2023,5,IQS,Estudiante,No especificado,SANTO DOMINGO,142,225.7,170
2023,5,IQS,Estudiante,No especificado,Sin ubicación,118,259.9,154
2023,5,IQS,Invitado,6to grado,BARAHONA,1,4.5,1
2023,5,IQS,Invitado,6to grado,SAN CRISTOBAL,2,5.6,3
2023,5,IQS,Invitado,6to grado,SAN PEDRO DE MACORIS,1,0.6,1
2023,5,IQS,Invitado,6to grado,SANTIAGO,1,1.2,1
2023,5,IQS,Invitado,6to grado,SANTO DOMINGO,2,20.9,3
2023,5,IQS,Invitado,6to grado,Sin ubicación,623,2907.0,949
2023,5,IQS,Invitado,No especificado,SANTO DOMINGO,1,0.5,1
2023,5,IQS,Invitado,No especificado,Sin ubicación,23,150.7,26
2023,6,IQ512,Admin,No especificado,Sin ubicación,1,6.7,2
2023,6,IQ512,Editor,No especificado,Sin ubicación,1,18.8,8
2023,6,IQ512,Estudiante,No especificado,AZUA,31,922.3,114
2023,6,IQ512,Estudiante,No especificado,BAHORUCO,20,617.4,89
2023,6,IQ512,Estudiante,No especificado,BARAHONA,39,1323.5,178
2023,6,IQ512,Estudiante,No especificado,COTUI,25,954.0,109
2023,6,IQ512,Estudiante,No especificado,HIGUEY,11,514.8,44
2023,6,IQ512,Estudiante,No especificado,LA VEGA,48,1270.6,160
2023,6,IQ512,Estudiante,No especificado,MAO,10,369.0,40
2023,6,IQ512,Estudiante,No especificado,MONTE CRISTI,15,254.8,46
2023,6,IQ512,Estudiante,No especificado,MONTE PLATA,13,425.6,41
2023,6,IQ512,Estudiante,No especificado,NAGUA,14,556.2,64
2023,6,IQ512,Estudiante,No especificado,PUERTO PLATA,14,465.5,74
2023,6,IQ512,Estudiante,No especificado,SAN CRISTOBAL,49,1948.6,234
2023,6,IQ512,Estudiante,No especificado,SAN FRANCISCO DE MACORIS,19,607.0,79
2023,6,IQ512,Estudiante,No especificado,SAN JUAN DE LA MAGUANA,16,392.6,46
2023,6,IQ512,Estudiante,No especificado,SAN PEDRO DE MACORIS,19,387.4,64
2023,6,IQ512,Estudiante,No especificado,SANTIAGO,35,1198.2,153
2023,6,IQ512,Estudiante,No especificado,SANTO DOMINGO,190,5253.2,709
2023,6,IQ512,Estudiante,No especificado,Sin ubicación,1791,59160.1,7517
2023,6,IQP,Admin,No especificado,Sin ubicación,1,1.0,2
2023,6,IQP,Docente,1er grado,Sin ubicación,2,39.6,11
2023,6,IQP,Docente,4to grado,BAHORUCO,1,1.2,1
2023,6,IQP,Docente,4to grado,COTUI,1,0.5,1
2023,6,IQP,Docente,4to grado,LA VEGA,2,3.7,2
2023,6,IQP,Docente,4to grado,MONTE CRISTI,1,0.6,1
2023,6,IQP,Docente,4to grado,MONTE PLATA,2,4.5,2
2023,6,IQP,Docente,4to grado,PUERTO PLATA,2,7.1,2
2023,6,IQP,Docente,4to grado,SAN CRISTOBAL,1,0.5,1
2023,6,IQP,Docente,4to grado,SANTIAGO,1,1.1,1
2023,6,IQP,Docente,4to grado,SANTO DOMINGO,10,13.7,10
2023,6,IQP,Docente,4to grado,Sin ubicación,23,56.9,25
2023,6,IQP,Docente,6to grado,BARAHONA,1,1.0,1
2023,6,IQP,Docente,6to grado,LA VEGA,1,1.3,1
2023,6,IQP,Docente,6to grado,MAO,1,5.4,1
2023,6,IQP,Docente,6to grado,SANTO DOMINGO,6,5.4,6
2023,6,IQP,Docente,6to grado,Sin ubicación,12,18.9,13
2023,6,IQP,Docente,No especificado,Sin ubicación,2,3.5,2
2023,6,IQP,Estudiante,1er grado,BARAHONA,1,0.1,1
2023,6,IQP,Estudiante,1er grado,SAN PEDRO DE MACORIS,2,2.3,2
2023,6,IQP,Estudiante,1er grado,SANTIAGO,1,0.5,1
2023,6,IQP,Estudiante,1er grado,SANTO DOMINGO,5,5.0,5
2023,6,IQP,Estudiante,1er grado,Sin ubicación,5,7.5,7
2023,6,IQP,Estudiante,2do grado,SAN FRANCISCO DE MACORIS,1,0.1,1
2023,6,IQP,Estudiante,2do grado,SAN PEDRO DE MACORIS,1,11.2,3
2023,6,IQP,Estudiante,2do grado,SANTIAGO,1,0.3,1
2023,6,IQP,Estudiante,2do grado,SANTO DOMINGO,2,1.6,2
2023,6,IQP,Estudiante,2do grado,Sin ubicación,2,2.5,3
2023,6,IQP,Estudiante,3er grado,AZUA,1,0.5,1
2023,6,IQP,Estudiante,3er grado,BARAHONA,1,2.8,2
2023,6,IQP,Estudiante,3er grado,HIGUEY,2,4.3,5
2023,6,IQP,Estudiante,3er grado,Sin ubicación,5,16.2,6
2023,6,IQP,Estudiante,4to grado,MAO,1,0.1,1
2023,6,IQP,Estudiante,4to grado,PUERTO PLATA,1,0.5,1
2023,6,IQP,Estudiante,4to grado,SAN PEDRO DE MACORIS,1,9.7,2
2023,6,IQP,Estudiante,4to grado,SANTO DOMINGO,17,34.4,19
2023,6,IQP,Estudiante,4to grado,Sin ubicación,21,56.9,22
2023,6,IQP,Estudiante,5to grado,SANTIAGO,2,2.9,4
2023,6,IQP,Estudiante,5to grado,SANTO DOMINGO,9,17.5,10
2023,6,IQP,Estudiante,5to grado,Sin ubicación,5,6.1,6
2023,6,IQP,Estudiante,6to grado,AZUA,3,2.4,3
2023,6,IQP,Estudiante,6to grado,BAHORUCO,6,2.8,6
2023,6,IQP,Estudiante,6to grado,BARAHONA,3,4.5,3
2023,6,IQP,Estudiante,6to grado,COTUI,2,0.9,2
2023,6,IQP,Estudiante,6to grado,HIGUEY,7,7.6,7
2023,6,IQP,Estudiante,6to grado,LA VEGA,11,7.4,11
2023,6,IQP,Estudiante,6to grado,MAO,1,0.2,1
2023,6,IQP,Estudiante,6to grado,MONTE CRISTI,2,1.2,2
2023,6,IQP,Estudiante,6to grado,MONTE PLATA,5,6.4,5
2023,6,IQP,Estudiante,6to grado,NAGUA,2,5.6,2
2023,6,IQP,Estudiante,6to grado,PUERTO PLATA,6,10.5,6
2023,6,IQP,Estudiante,6to grado,SAN CRISTOBAL,10,27.8,11
2023,6,IQP,Estudiante,6to grado,SAN FRANCISCO DE MACORIS,5,15.1,6
2023,6,IQP,Estudiante,6to grado,SAN JUAN DE LA MAGUANA,5,5.4,6
2023,6,IQP,Estudiante,6to grado,SAN PEDRO DE MACORIS,8,5.6,8
2023,6,IQP,Estudiante,6to grado,SANTIAGO,12,22.8,15
2023,6,IQP,Estudiante,6to grado,SANTO DOMINGO,227,323.4,235
2023,6,IQP,Estudiante,6to grado,Sin ubicación,294,451.8,318
2023,6,IQP,Estudiante,No especificado,BAHORUCO,1,0.6,1
2023,6,IQP,Estudiante,No especificado,SANTO DOMINGO,5,7.1,5
2023,6,IQP,Estudiante,No especificado,Sin ubicación,11,26.5,12
2023,6,IQP,Parent,No especificado,Sin ubicación,1,0.0,2
2023,6,IQP,Sin rol,No especificado,Sin ubicación,1,185.8,11
2023,6,IQS,Admin,No especificado,Sin ubicación,1,20.6,6
2023,6,IQS,Docente,1er grado,AZUA,2,1.9,3
2023,6,IQS,Docente,1er grado,HIGUEY,5,59.5,13
2023,6,IQS,Docente,1er grado,LA VEGA,4,53.3,7
2023,6,IQS,Docente,1er grado,MAO,1,0.4,1
2023,6,IQS,Docente,1er grado,MONTE CRISTI,2,10.1,2
2023,6,IQS,Docente,1er grado,MONTE PLATA,2,20.5,3
2023,6,IQS,Docente,1er grado,PUERTO PLATA,2,16.0,3
2023,6,IQS,Docente,1er grado,SAN CRISTOBAL,2,17.8,6
2023,6,IQS,Docente,1er grado,SAN FRANCISCO DE MACORIS,1,0.3,1
2023,6,IQS,Docente,1er grado,SAN PEDRO DE MACORIS,3,16.0,4
2023,6,IQS,Docente,1er grado,SANTIAGO,3,3.3,3
2023,6,IQS,Docente,1er grado,SANTO DOMINGO,11,67.6,17
2023,6,IQS,Docente,1er grado,Sin ubicación,23,127.3,34
2023,6,IQS,Docente,4to grado,AZUA,7,47.6,8
2023,6,IQS,Docente,4to grado,BARAHONA,2,4.4,2
2023,6,IQS,Docente,4to grado,COTUI,23,63.0,31
2023,6,IQS,Docente,4to grado,HIGUEY,14,141.7,27
2023,6,IQS,Docente,4to grado,LA VEGA,14,47.5,23
2023,6,IQS,Docente,4to grado,MAO,7,67.1,15
2023,6,IQS,Docente,4to grado,MONTE CRISTI,6,21.4,7
2023,6,IQS,Docente,4to grado,MONTE PLATA,10,77.1,19
2023,6,IQS,Docente,4to grado,NAGUA,4,4.0,6
2023,6,IQS,Docente,4to grado,PUERTO PLATA,22,134.9,53
2023,6,IQS,Docente,4to grado,SAN CRISTOBAL,14,58.7,20
2023,6,IQS,Docente,4to grado,SAN FRANCISCO DE MACORIS,10,59.4,17
2023,6,IQS,Docente,4to grado,SAN JUAN DE LA MAGUANA,5,12.6,7
2023,6,IQS,Docente,4to grado,SAN PEDRO DE MACORIS,22,96.3,31
2023,6,IQS,Docente,4to grado,SANTIAGO,34,252.5,59
2023,6,IQS,Docente,4to grado,SANTO DOMINGO,90,596.9,178
2023,6,IQS,Docente,4to grado,Sin ubicación,69,563.8,159
2023,6,IQS,Docente,6to grado,AZUA,7,10.0,7
2023,6,IQS,Docente,6to grado,BAHORUCO,2,15.5,3
2023,6,IQS,Docente,6to grado,BARAHONA,5,15.8,6
2023,6,IQS,Docente,6to grado,COTUI,10,29.2,14
2023,6,IQS,Docente,6to grado,HIGUEY,11,58.3,26
2023,6,IQS,Docente,6to grado,LA VEGA,12,86.8,37
2023,6,IQS,Docente,6to grado,MAO,2,8.2,2
2023,6,IQS,Docente,6to grado,MONTE CRISTI,5,37.3,8
2023,6,IQS,Docente,6to grado,MONTE PLATA,6,40.8,11
2023,6,IQS,Docente,6to grado,NAGUA,3,7.0,4
2023,6,IQS,Docente,6to grado,PUERTO PLATA,20,117.9,35
2023,6,IQS,Docente,6to grado,SAN CRISTOBAL,12,32.1,16
2023,6,IQS,Docente,6to grado,SAN FRANCISCO DE MACORIS,7,80.8,21
2023,6,IQS,Docente,6to grado,SAN JUAN DE LA MAGUANA,2,1.6,2
2023,6,IQS,Docente,6to grado,SAN PEDRO DE MACORIS,7,4.9,9
2023,6,IQS,Docente,6to grado,SANTIAGO,32,177.8,54
2023,6,IQS,Docente,6to grado,SANTO DOMINGO,88,377.2,121
2023,6,IQS,Docente,6to grado,Sin ubicación,112,439.8,169
2023,6,IQS,Docente,No especificado,SAN PEDRO DE MACORIS,1,3.3,2
2023,6,IQS,Docente,No especificado,SANTIAGO,2,27.2,5
2023,6,IQS,Docente,No especificado,SANTO DOMINGO,1,0.0,1
2023,6,IQS,Docente,No especificado,Sin ubicación,2,4.7,2
2023,6,IQS,Editor,No especificado,SANTIAGO,1,191.5,12
2023,6,IQS,Estudiante,1er grado,AZUA,1,0.0,1
2023,6,IQS,Estudiante,1er grado,BAHORUCO,2,0.0,2
2023,6,IQS,Estudiante,1er grado,BARAHONA,4,8.8,4
2023,6,IQS,Estudiante,1er grado,COTUI,3,12.7,16
2023,6,IQS,Estudiante,1er grado,HIGUEY,8,11.7,17
2023,6,IQS,Estudiante,1er grado,LA VEGA,6,1.2,10
2023,6,IQS,Estudiante,1er grado,MAO,2,4.9,2
2023,6,IQS,Estudiante,1er grado,MONTE PLATA,4,11.2,6
2023,6,IQS,Estudiante,1er grado,NAGUA,2,0.7,3
2023,6,IQS,Estudiante,1er grado,PUERTO PLATA,9,5.1,22
2023,6,IQS,Estudiante,1er grado,SAN CRISTOBAL,11,4.8,26
2023,6,IQS,Estudiante,1er grado,SAN FRANCISCO DE MACORIS,3,5.5,5
2023,6,IQS,Estudiante,1er grado,SAN JUAN DE LA MAGUANA,3,3.0,4
2023,6,IQS,Estudiante,1er grado,SAN PEDRO DE MACORIS,6,0.5,10
2023,6,IQS,Estudiante,1er grado,SANTIAGO,22,7.3,58
2023,6,IQS,Estudiante,1er grado,SANTO DOMINGO,62,149.5,148
2023,6,IQS,Estudiante,1er grado,Sin ubicación,67,143.4,154
2023,6,IQS,Estudiante,2do grado,AZUA,3,9.1,11
2023,6,IQS,Estudiante,2do grado,BAHORUCO,3,11.0,4
2023,6,IQS,Estudiante,2do grado,COTUI,2,6.6,3
2023,6,IQS,Estudiante,2do grado,HIGUEY,3,2.5,4
2023,6,IQS,Estudiante,2do grado,LA VEGA,1,0.4,2
2023,6,IQS,Estudiante,2do grado,MAO,2,4.0,4
2023,6,IQS,Estudiante,2do grado,MONTE CRISTI,2,7.9,2
2023,6,IQS,Estudiante,2do grado,MONTE PLATA,4,12.2,6
2023,6,IQS,Estudiante,2do grado,NAGUA,1,0.3,1
2023,6,IQS,Estudiante,2do grado,PUERTO PLATA,2,0.8,3
2023,6,IQS,Estudiante,2do grado,SAN CRISTOBAL,7,15.4,14
2023,6,IQS,Estudiante,2do grado,SAN JUAN DE LA MAGUANA,2,5.7,2
2023,6,IQS,Estudiante,2do grado,SAN PEDRO DE MACORIS,4,2.9,8
2023,6,IQS,Estudiante,2do grado,SANTIAGO,7,8.0,18
2023,6,IQS,Estudiante,2do grado,SANTO DOMINGO,57,232.1,100
2023,6,IQS,Estudiante,2do grado,Sin ubicación,34,65.3,59
2023,6,IQS,Estudiante,3er grado,AZUA,1,6.9,2
2023,6,IQS,Estudiante,3er grado,BARAHONA,1,0.9,2
2023,6,IQS,Estudiante,3er grado,HIGUEY,1,0.4,1
2023,6,IQS,Estudiante,3er grado,LA VEGA,2,1.6,2
2023,6,IQS,Estudiante,3er grado,MAO,2,7.2,3
2023,6,IQS,Estudiante,3er grado,PUERTO PLATA,1,0.0,2
2023,6,IQS,Estudiante,3er grado,SAN CRISTOBAL,1,0.6,1
2023,6,IQS,Estudiante,3er grado,SAN JUAN DE LA MAGUANA,2,0.1,2
2023,6,IQS,Estudiante,3er grado,SAN PEDRO DE MACORIS,3,20.9,4
2023,6,IQS,Estudiante,3er grado,SANTIAGO,3,20.4,10
2023,6,IQS,Estudiante,3er grado,SANTO DOMINGO,14,94.3,21
2023,6,IQS,Estudiante,3er grado,Sin ubicación,22,160.0,39
2023,6,IQS,Estudiante,4to grado,AZUA,12,122.6,37
2023,6,IQS,Estudiante,4to grado,BAHORUCO,8,45.4,23
2023,6,IQS,Estudiante,4to grado,BARAHONA,18,92.2,41
2023,6,IQS,Estudiante,4to grado,COTUI,15,126.2,42
2023,6,IQS,Estudiante,4to grado,HIGUEY,26,262.7,65
2023,6,IQS,Estudiante,4to grado,LA VEGA,23,216.4,48
2023,6,IQS,Estudiante,4to grado,MAO,3,59.4,8
2023,6,IQS,Estudiante,4to grado,MONTE CRISTI,12,131.6,26
2023,6,IQS,Estudiante,4to grado,MONTE PLATA,4,51.0,16
2023,6,IQS,Estudiante,4to grado,NAGUA,8,80.8,19
2023,6,IQS,Estudiante,4to grado,PUERTO PLATA,16,87.0,44
2023,6,IQS,Estudiante,4to grado,SAN CRISTOBAL,22,293.2,62
2023,6,IQS,Estudiante,4to grado,SAN FRANCISCO DE MACORIS,20,205.3,52
2023,6,IQS,Estudiante,4to grado,SAN JUAN DE LA MAGUANA,7,29.9,10
2023,6,IQS,Estudiante,4to grado,SAN PEDRO DE MACORIS,28,277.0,52
2023,6,IQS,Estudiante,4to grado,SANTIAGO,83,934.6,223
2023,6,IQS,Estudiante,4to grado,SANTO DOMINGO,324,3434.8,785
2023,6,IQS,Estudiante,4to grado,Sin ubicación,235,2048.3,508
2023,6,IQS,Estudiante,5to grado,AZUA,3,3.1,3
2023,6,IQS,Estudiante,5to grado,BAHORUCO,1,16.4,2
2023,6,IQS,Estudiante,5to grado,BARAHONA,2,16.3,3
2023,6,IQS,Estudiante,5to grado,COTUI,3,2.5,4
2023,6,IQS,Estudiante,5to grado,HIGUEY,13,50.3,31
2023,6,IQS,Estudiante,5to grado,LA VEGA,8,34.7,9
2023,6,IQS,Estudiante,5to grado,MAO,2,23.2,6
2023,6,IQS,Estudiante,5to grado,MONTE CRISTI,1,30.9,4
2023,6,IQS,Estudiante,5to grado,MONTE PLATA,5,15.6,6
2023,6,IQS,Estudiante,5to grado,NAGUA,1,1.4,1
2023,6,IQS,Estudiante,5to grado,PUERTO PLATA,4,18.2,6
2023,6,IQS,Estudiante,5to grado,SAN CRISTOBAL,7,35.9,18
2023,6,IQS,Estudiante,5to grado,SAN FRANCISCO DE MACORIS,5,12.5,17
2023,6,IQS,Estudiante,5to grado,SAN JUAN DE LA MAGUANA,2,1.8,3
2023,6,IQS,Estudiante,5to grado,SAN PEDRO DE MACORIS,14,45.2,32
2023,6,IQS,Estudiante,5to grado,SANTIAGO,45,732.6,123
2023,6,IQS,Estudiante,5to grado,SANTO DOMINGO,162,1140.4,348
2023,6,IQS,Estudiante,5to grado,Sin ubicación,85,409.2,164
2023,6,IQS,Estudiante,6to grado,AZUA,367,2469.4,915
2023,6,IQS,Estudiante,6to grado,BAHORUCO,127,508.2,251
2023,6,IQS,Estudiante,6to grado,BARAHONA,232,1495.5,531
2023,6,IQS,Estudiante,6to grado,COTUI,508,3791.6,1308
2023,6,IQS,Estudiante,6to grado,HIGUEY,654,4719.4,1591
2023,6,IQS,Estudiante,6to grado,LA VEGA,963,9259.0,2616
2023,6,IQS,Estudiante,6to grado,MAO,257,2552.0,686
2023,6,IQS,Estudiante,6to grado,MONTE CRISTI,227,2094.0,532
2023,6,IQS,Estudiante,6to grado,MONTE PLATA,256,1760.5,577
2023,6,IQS,Estudiante,6to grado,NAGUA,186,1219.3,422
2023,6,IQS,Estudiante,6to grado,PUERTO PLATA,490,4409.2,1403
2023,6,IQS,Estudiante,6to grado,SAN CRISTOBAL,889,7665.3,2201
2023,6,IQS,Estudiante,6to grado,SAN FRANCISCO DE MACORIS,530,4336.9,1382
2023,6,IQS,Estudiante,6to grado,SAN JUAN DE LA MAGUANA,197,1421.5,472
2023,6,IQS,Estudiante,6to grado,SAN PEDRO DE MACORIS,978,8312.8,2271
2023,6,IQS,Estudiante,6to grado,SANTIAGO,1940,18904.4,5273
2023,6,IQS,Estudiante,6to grado,SANTO DOMINGO,7768,73489.6,20017
2023,6,IQS,Estudiante,6to grado,Sin ubicación,6477,52312.7,16201
2023,6,IQS,Estudiante,No especificado,AZUA,1,0.0,2
2023,6,IQS,Estudiante,No especificado,BARAHONA,1,0.6,3
2023,6,IQS,Estudiante,No especificado,HIGUEY,7,19.7,12
2023,6,IQS,Estudiante,No especificado,LA VEGA,5,9.8,8
2023,6,IQS,Estudiante,No especificado,MAO,2,0.1,4
2023,6,IQS,Estudiante,No especificado,NAGUA,1,6.0,1
2023,6,IQS,Estudiante,No especificado,PUERTO PLATA,4,7.6,9
2023,6,IQS,Estudiante,No especificado,SAN CRISTOBAL,1,1.5,1
2023,6,IQS,Estudiante,No especificado,SAN FRANCISCO DE MACORIS,3,6.8,5
2023,6,IQS,Estudiante,No especificado,SAN PEDRO DE MACORIS,10,20.9,21
2023,6,IQS,Estudiante,No especificado,SANTIAGO,20,98.7,37
2023,6,IQS,Estudiante,No especificado,SANTO DOMINGO,41,133.9,108
2023,6,IQS,Estudiante,No especificado,Sin ubicación,34,154.6,79
2023,6,IQS,Invitado,6to grado,HIGUEY,1,0.0,1
2023,6,IQS,Invitado,6to grado,LA VEGA,1,0.5,2
2023,6,IQS,Invitado,6to grado,SAN CRISTOBAL,1,26.1,8
2023,6,IQS,Invitado,6to grado,SANTIAGO,3,5.0,3
2023,6,IQS,Invitado,6to grado,SANTO DOMINGO,9,88.9,18
2023,6,IQS,Invitado,6to grado,Sin ubicación,1019,7346.9,2048
2023,6,IQS,Invitado,No especificado,Sin ubicación,2,0.4,2
2023,7,IQ512,Admin,No especificado,Sin ubicación,2,34.9,5
2023,7,IQ512,Editor,No especificado,Sin ubicación,1,96.9,13
2023,7,IQ512,Estudiante,No especificado,AZUA,37,2885.8,345
2023,7,IQ512,Estudiante,No especificado,BAHORUCO,19,579.3,98
2023,7,IQ512,Estudiante,No especificado,BARAHONA,38,1535.3,222
2023,7,IQ512,Estudiante,No especificado,COTUI,24,1173.9,166
2023,7,IQ512,Estudiante,No especificado,HIGUEY,16,475.6,53
2023,7,IQ512,Estudiante,No especificado,LA VEGA,62,2712.1,343
2023,7,IQ512,Estudiante,No especificado,MAO,12,1199.2,128
2023,7,IQ512,Estudiante,No especificado,MONTE CRISTI,17,771.1,123
2023,7,IQ512,Estudiante,No especificado,MONTE PLATA,14,679.3,66
2023,7,IQ512,Estudiante,No especificado,NAGUA,18,1017.0,125
2023,7,IQ512,Estudiante,No especificado,PUERTO PLATA,15,593.1,84
2023,7,IQ512,Estudiante,No especificado,SAN CRISTOBAL,56,3110.1,364
2023,7,IQ512,Estudiante,No especificado,SAN FRANCISCO DE MACORIS,23,1296.8,171
2023,7,IQ512,Estudiante,No especificado,SAN JUAN DE LA MAGUANA,21,862.5,112
2023,7,IQ512,Estudiante,No especificado,SAN PEDRO DE MACORIS,23,711.2,112
2023,7,IQ512,Estudiante,No especificado,SANTIAGO,40,2082.9,228
2023,7,IQ512,Estudiante,No especificado,SANTO DOMINGO,229,11914.1,1543
2023,7,IQ512,Estudiante,No especificado,Sin ubicación,2225,122972.4,15237
2023,7,IQP,Admin,No especificado,Sin ubicación,1,7.1,1
2023,7,IQP,Docente,1er grado,Sin ubicación,2,287.6,24
2023,7,IQP,Docente,4to grado,LA VEGA,1,0.3,1
2023,7,IQP,Docente,4to grado,PUERTO PLATA,1,2.9,1
2023,7,IQP,Docente,4to grado,SAN JUAN DE LA MAGUANA,1,3.1,1
2023,7,IQP,Docente,4to grado,SAN PEDRO DE MACORIS,1,1.4,1
2023,7,IQP,Docente,4to grado,SANTO DOMINGO,4,9.0,6
2023,7,IQP,Docente,4to grado,Sin ubicación,13,62.4,23
2023,7,IQP,Docente,6to grado,BAHORUCO,1,1.4,2
2023,7,IQP,Docente,6to grado,LA VEGA,3,1.1,3
2023,7,IQP,Docente,6to grado,MONTE PLATA,1,14.2,1
2023,7,IQP,Docente,6to grado,NAGUA,1,0.0,1
2023,7,IQP,Docente,6to grado,SANTIAGO,1,0.8,1
2023,7,IQP,Docente,6to grado,SANTO DOMINGO,7,19.1,9
2023,7,IQP,Docente,6to grado,Sin ubicación,8,20.1,9
2023,7,IQP,Docente,No especificado,SANTIAGO,1,0.6,1
2023,7,IQP,Docente,No especificado,SANTO DOMINGO,3,5.3,3
2023,7,IQP,Docente,No especificado,Sin ubicación,6,10.4,6
2023,7,IQP,Estudiante,1er grado,AZUA,1,0.6,1
2023,7,IQP,Estudiante,1er grado,SANTIAGO,1,4.0,1
2023,7,IQP,Estudiante,1er grado,SANTO DOMINGO,4,5.4,4
2023,7,IQP,Estudiante,1er grado,Sin ubicación,4,1.7,5
2023,7,IQP,Estudiante,2do grado,SANTO DOMINGO,1,1.1,2
2023,7,IQP,Estudiante,3er grado,BARAHONA,1,1.4,1
2023,7,IQP,Estudiante,3er grado,HIGUEY,2,1.3,2
2023,7,IQP,Estudiante,3er grado,SANTO DOMINGO,2,6.6,3
2023,7,IQP,Estudiante,3er grado,Sin ubicación,1,1.2,1
2023,7,IQP,Estudiante,4to grado,SANTO DOMINGO,4,3.3,5
2023,7,IQP,Estudiante,4to grado,Sin ubicación,3,37.1,8
2023,7,IQP,Estudiante,5to grado,SANTIAGO,1,0.4,1
2023,7,IQP,Estudiante,5to grado,SANTO DOMINGO,1,2.1,1
2023,7,IQP,Estudiante,5to grado,Sin ubicación,1,0.4,2
2023,7,IQP,Estudiante,6to grado,BAHORUCO,1,0.2,1
2023,7,IQP,Estudiante,6to grado,COTUI,1,1.4,1
2023,7,IQP,Estudiante,6to grado,LA VEGA,1,1.4,3
2023,7,IQP,Estudiante,6to grado,SANTO DOMINGO,22,28.8,25
2023,7,IQP,Estudiante,6to grado,Sin ubicación,22,23.9,26
2023,7,IQP,Parent,No especificado,Sin ubicación,1,10.6,3
2023,7,IQP,Sin rol,No especificado,Sin ubicación,1,274.1,17
2023,7,IQS,Admin,No especificado,Sin ubicación,1,19.8,2
2023,7,IQS,Docente,1er grado,COTUI,1,0.4,1
2023,7,IQS,Docente,1er grado,LA VEGA,1,0.5,1
2023,7,IQS,Docente,1er grado,MONTE PLATA,1,3.0,1
2023,7,IQS,Docente,1er grado,SAN FRANCISCO DE MACORIS,1,0.1,1
2023,7,IQS,Docente,1er grado,SAN PEDRO DE MACORIS,1,0.3,1
2023,7,IQS,Docente,1er grado,SANTIAGO,2,2.5,2
2023,7,IQS,Docente,1er grado,Sin ubicación,6,6.5,7
2023,7,IQS,Docente,4to grado,AZUA,2,1.5,3
2023,7,IQS,Docente,4to grado,HIGUEY,3,8.6,5
2023,7,IQS,Docente,4to grado,LA VEGA,2,1.7,3
2023,7,IQS,Docente,4to grado,MAO,3,4.1,4
2023,7,IQS,Docente,4to grado,MONTE PLATA,3,5.1,5
2023,7,IQS,Docente,4to grado,PUERTO PLATA,1,0.0,2
2023,7,IQS,Docente,4to grado,SAN CRISTOBAL,2,4.4,5
2023,7,IQS,Docente,4to grado,SAN FRANCISCO DE MACORIS,3,12.2,3
2023,7,IQS,Docente,4to grado,SAN JUAN DE LA MAGUANA,1,4.5,1
2023,7,IQS,Docente,4to grado,SAN PEDRO DE MACORIS,3,4.7,4
2023,7,IQS,Docente,4to grado,SANTO DOMINGO,16,21.3,21
2023,7,IQS,Docente,4to grado,Sin ubicación,6,2.9,8
2023,7,IQS,Docente,6to grado,AZUA,1,1.6,1
2023,7,IQS,Docente,6to grado,LA VEGA,3,8.8,6
2023,7,IQS,Docente,6to grado,MONTE PLATA,2,4.1,3
2023,7,IQS,Docente,6to grado,PUERTO PLATA,2,0.5,3
2023,7,IQS,Docente,6to grado,SAN FRANCISCO DE MACORIS,1,0.2,2
2023,7,IQS,Docente,6to grado,SAN JUAN DE LA MAGUANA,1,1.3,1
2023,7,IQS,Docente,6to grado,SAN PEDRO DE MACORIS,6,4.5,9
2023,7,IQS,Docente,6to grado,SANTIAGO,3,5.2,3
2023,7,IQS,Docente,6to grado,SANTO DOMINGO,12,49.7,21
2023,7,IQS,Docente,6to grado,Sin ubicación,10,26.4,21
2023,7,IQS,Docente,No especificado,BARAHONA,1,1.9,1
2023,7,IQS,Docente,No especificado,MAO,1,0.3,1
2023,7,IQS,Docente,No especificado,MONTE PLATA,2,0.6,2
2023,7,IQS,Docente,No especificado,SAN FRANCISCO DE MACORIS,1,0.4,1
2023,7,IQS,Docente,No especificado,SANTO DOMINGO,4,6.3,5
2023,7,IQS,Docente,No especificado,Sin ubicación,1,0.4,1
2023,7,IQS,Editor,No especificado,SANTIAGO,1,278.2,17
2023,7,IQS,Estudiante,1er grado,BARAHONA,2,1.9,3
2023,7,IQS,Estudiante,1er grado,HIGUEY,1,0.0,1
2023,7,IQS,Estudiante,1er grado,LA VEGA,1,0.7,2
2023,7,IQS,Estudiante,1er grado,MAO,1,4.8,2
2023,7,IQS,Estudiante,1er grado,MONTE PLATA,1,5.2,7
2023,7,IQS,Estudiante,1er grado,PUERTO PLATA,4,2.3,6
2023,7,IQS,Estudiante,1er grado,SAN CRISTOBAL,3,0.5,4
2023,7,IQS,Estudiante,1er grado,SAN PEDRO DE MACORIS,5,2.2,10
2023,7,IQS,Estudiante,1er grado,SANTIAGO,5,6.1,19
2023,7,IQS,Estudiante,1er grado,SANTO DOMINGO,24,24.3,48
2023,7,IQS,Estudiante,1er grado,Sin ubicación,21,46.5,48
2023,7,IQS,Estudiante,2do grado,AZUA,2,1.1,4
2023,7,IQS,Estudiante,2do grado,MAO,1,54.3,10
2023,7,IQS,Estudiante,2do grado,SAN CRISTOBAL,1,0.5,2
2023,7,IQS,Estudiante,2do grado,SAN PEDRO DE MACORIS,1,4.0,2
2023,7,IQS,Estudiante,2do grado,SANTIAGO,1,0.4,2
2023,7,IQS,Estudiante,2do grado,SANTO DOMINGO,12,46.3,19
2023,7,IQS,Estudiante,2do grado,Sin ubicación,6,37.6,21
2023,7,IQS,Estudiante,3er grado,BARAHONA,1,0.2,2
2023,7,IQS,Estudiante,3er grado,LA VEGA,1,0.2,2
2023,7,IQS,Estudiante,3er grado,MAO,1,2.1,2
2023,7,IQS,Estudiante,3er grado,MONTE CRISTI,1,0.4,2
2023,7,IQS,Estudiante,3er grado,SAN CRISTOBAL,1,0.0,1
2023,7,IQS,Estudiante,3er grado,SAN JUAN DE LA MAGUANA,1,1.2,2
2023,7,IQS,Estudiante,3er grado,SAN PEDRO DE MACORIS,1,0.0,1
2023,7,IQS,Estudiante,3er grado,SANTIAGO,2,1.5,2
2023,7,IQS,Estudiante,3er grado,SANTO DOMINGO,7,97.0,17
2023,7,IQS,Estudiante,3er grado,Sin ubicación,4,16.0,7
2023,7,IQS,Estudiante,4to grado,BARAHONA,4,6.2,5
2023,7,IQS,Estudiante,4to grado,HIGUEY,3,8.3,6
2023,7,IQS,Estudiante,4to grado,LA VEGA,3,2.9,6
2023,7,IQS,Estudiante,4to grado,MAO,1,0.5,1
2023,7,IQS,Estudiante,4to grado,MONTE CRISTI,1,0.4,1
2023,7,IQS,Estudiante,4to grado,MONTE PLATA,1,2.9,1
2023,7,IQS,Estudiante,4to grado,NAGUA,1,8.5,2
2023,7,IQS,Estudiante,4to grado,SAN FRANCISCO DE MACORIS,2,9.6,6
2023,7,IQS,Estudiante,4to grado,SAN JUAN DE LA MAGUANA,1,0.5,1
2023,7,IQS,Estudiante,4to grado,SAN PEDRO DE MACORIS,2,1.1,4
2023,7,IQS,Estudiante,4to grado,SANTIAGO,7,21.7,10
2023,7,IQS,Estudiante,4to grado,SANTO DOMINGO,23,39.7,35
2023,7,IQS,Estudiante,4to grado,Sin ubicación,18,88.2,38
2023,7,IQS,Estudiante,5to grado,AZUA,1,0.3,1
2023,7,IQS,Estudiante,5to grado,HIGUEY,1,0.0,1
2023,7,IQS,Estudiante,5to grado,LA VEGA,3,2.7,6
2023,7,IQS,Estudiante,5to grado,MAO,1,13.3,5
2023,7,IQS,Estudiante,5to grado,MONTE PLATA,1,0.3,2
2023,7,IQS,Estudiante,5to grado,NAGUA,1,0.2,2
2023,7,IQS,Estudiante,5to grado,SAN FRANCISCO DE MACORIS,1,1.2,2
2023,7,IQS,Estudiante,5to grado,SAN JUAN DE LA MAGUANA,1,0.1,2
2023,7,IQS,Estudiante,5to grado,SAN PEDRO DE MACORIS,1,0.4,2
2023,7,IQS,Estudiante,5to grado,SANTIAGO,1,0.8,2
2023,7,IQS,Estudiante,5to grado,SANTO DOMINGO,10,26.3,11
2023,7,IQS,Estudiante,5to grado,Sin ubicación,6,40.8,14
2023,7,IQS,Estudiante,6to grado,AZUA,23,47.6,47
2023,7,IQS,Estudiante,6to grado,BAHORUCO,2,1.1,4
2023,7,IQS,Estudiante,6to grado,BARAHONA,12,15.9,18
2023,7,IQS,Estudiante,6to grado,COTUI,34,176.3,71
2023,7,IQS,Estudiante,6to grado,HIGUEY,38,57.7,68
2023,7,IQS,Estudiante,6to grado,LA VEGA,48,89.0,97
2023,7,IQS,Estudiante,6to grado,MAO,7,125.7,32
2023,7,IQS,Estudiante,6to grado,MONTE CRISTI,13,44.2,22
2023,7,IQS,Estudiante,6to grado,MONTE PLATA,18,42.9,39
2023,7,IQS,Estudiante,6to grado,NAGUA,14,19.7,23
2023,7,IQS,Estudiante,6to grado,PUERTO PLATA,25,18.6,45
2023,7,IQS,Estudiante,6to grado,SAN CRISTOBAL,41,131.5,88
2023,7,IQS,Estudiante,6to grado,SAN FRANCISCO DE MACORIS,29,37.2,52
2023,7,IQS,Estudiante,6to grado,SAN JUAN DE LA MAGUANA,15,18.0,32
2023,7,IQS,Estudiante,6to grado,SAN PEDRO DE MACORIS,48,291.6,94
2023,7,IQS,Estudiante,6to grado,SANTIAGO,119,275.9,250
2023,7,IQS,Estudiante,6to grado,SANTO DOMINGO,392,1401.0,817
2023,7,IQS,Estudiante,6to grado,Sin ubicación,284,1083.0,576
2023,7,IQS,Estudiante,No especificado,BARAHONA,2,1.6,2
2023,7,IQS,Estudiante,No especificado,COTUI,1,3.2,2
2023,7,IQS,Estudiante,No especificado,HIGUEY,2,1.4,6
2023,7,IQS,Estudiante,No especificado,LA VEGA,2,1.1,6
2023,7,IQS,Estudiante,No especificado,MAO,3,7.9,8
2023,7,IQS,Estudiante,No especificado,PUERTO PLATA,1,0.1,2
2023,7,IQS,Estudiante,No especificado,SAN CRISTOBAL,1,1.2,1
2023,7,IQS,Estudiante,No especificado,SAN FRANCISCO DE MACORIS,4,4.4,6
2023,7,IQS,Estudiante,No especificado,SAN JUAN DE LA MAGUANA,1,0.0,1
2023,7,IQS,Estudiante,No especificado,SAN PEDRO DE MACORIS,3,2.7,4
2023,7,IQS,Estudiante,No especificado,SANTIAGO,10,8.3,13
2023,7,IQS,Estudiante,No especificado,SANTO DOMINGO,35,40.9,49
2023,7,IQS,Estudiante,No especificado,Sin ubicación,21,22.3,34
2023,7,IQS,Invitado,6to grado,SANTO DOMINGO,2,11.0,4
2023,7,IQS,Invitado,6to grado,Sin ubicación,141,759.2,306
2023,7,IQS,Invitado,No especificado,SANTO DOMINGO,1,0.7,1
2023,7,IQS,Invitado,No especificado,Sin ubicación,10,16.9,12
2023,8,IQ512,Admin,No especificado,Sin ubicación,2,44.1,7
2023,8,IQ512,Editor,No especificado,Sin ubicación,1,11.0,7
2023,8,IQ512,Estudiante,No especificado,AZUA,34,894.4,152
2023,8,IQ512,Estudiante,No especificado,BAHORUCO,14,490.7,73
2023,8,IQ512,Estudiante,No especificado,BARAHONA,34,333.7,112
2023,8,IQ512,Estudiante,No especificado,COTUI,23,186.6,65
2023,8,IQ512,Estudiante,No especificado,HIGUEY,11,151.7,24
2023,8,IQ512,Estudiante,No especificado,LA VEGA,62,1264.6,211
2023,8,IQ512,Estudiante,No especificado,MAO,10,167.9,42
2023,8,IQ512,Estudiante,No especificado,MONTE CRISTI,16,44.0,36
2023,8,IQ512,Estudiante,No especificado,MONTE PLATA,14,84.9,35
2023,8,IQ512,Estudiante,No especificado,NAGUA,15,417.9,66
2023,8,IQ512,Estudiante,No especificado,PUERTO PLATA,13,82.2,28
2023,8,IQ512,Estudiante,No especificado,SAN CRISTOBAL,45,976.2,147
2023,8,IQ512,Estudiante,No especificado,SAN FRANCISCO DE MACORIS,20,375.7,79
2023,8,IQ512,Estudiante,No especificado,SAN JUAN DE LA MAGUANA,23,256.4,55
2023,8,IQ512,Estudiante,No especificado,SAN PEDRO DE MACORIS,18,282.5,56
2023,8,IQ512,Estudiante,No especificado,SANTIAGO,39,478.1,109
2023,8,IQ512,Estudiante,No especificado,SANTO DOMINGO,204,4211.3,692
2023,8,IQ512,Estudiante,No especificado,Sin ubicación,1907,43797.2,6781
2023,8,IQP,Admin,No especificado,Sin ubicación,1,2.4,3
2023,8,IQP,Docente,1er grado,Sin ubicación,2,411.9,30
2023,8,IQP,Docente,3er grado,Sin ubicación,1,0.3,1
2023,8,IQP,Docente,4to grado,LA VEGA,1,0.3,1
2023,8,IQP,Docente,4to grado,SAN PEDRO DE MACORIS,1,0.9,1
2023,8,IQP,Docente,4to grado,SANTIAGO,2,4.4,2
2023,8,IQP,Docente,4to grado,SANTO DOMINGO,4,47.6,8
2023,8,IQP,Docente,4to grado,Sin ubicación,5,7.0,5
2023,8,IQP,Docente,6to grado,AZUA,1,2.1,2
2023,8,IQP,Docente,6to grado,BAHORUCO,1,1.4,1
2023,8,IQP,Docente,6to grado,BARAHONA,5,5.2,5
2023,8,IQP,Docente,6to grado,HIGUEY,1,0.5,1
2023,8,IQP,Docente,6to grado,LA VEGA,1,1.5,1
2023,8,IQP,Docente,6to grado,MONTE CRISTI,1,0.2,1
2023,8,IQP,Docente,6to grado,MONTE PLATA,3,22.0,6
2023,8,IQP,Docente,6to grado,NAGUA,1,13.4,2
2023,8,IQP,Docente,6to grado,PUERTO PLATA,5,10.9,7
2023,8,IQP,Docente,6to grado,SAN CRISTOBAL,2,5.0,3
2023,8,IQP,Docente,6to grado,SAN FRANCISCO DE MACORIS,3,2.6,3
2023,8,IQP,Docente,6to grado,SAN JUAN DE LA MAGUANA,1,1.5,1
2023,8,IQP,Docente,6to grado,SAN PEDRO DE MACORIS,2,0.9,3
2023,8,IQP,Docente,6to grado,SANTIAGO,2,2.3,2
2023,8,IQP,Docente,6to grado,SANTO DOMINGO,20,67.0,27
2023,8,IQP,Docente,6to grado,Sin ubicación,39,122.9,50
2023,8,IQP,Docente,No especificado,Sin ubicación,3,13.5,5
2023,8,IQP,Estudiante,1er grado,SANTO DOMINGO,1,0.8,1
2023,8,IQP,Estudiante,1er grado,Sin ubicación,5,22.8,7
2023,8,IQP,Estudiante,2do grado,HIGUEY,1,0.1,1
2023,8,IQP,Estudiante,2do grado,SANTO DOMINGO,3,2.2,3
2023,8,IQP,Estudiante,2do grado,Sin ubicación,5,25.0,11
2023,8,IQP,Estudiante,3er grado,AZUA,1,16.3,1
2023,8,IQP,Estudiante,3er grado,BARAHONA,1,1.3,1
2023,8,IQP,Estudiante,3er grado,HIGUEY,1,6.3,1
2023,8,IQP,Estudiante,3er grado,SAN CRISTOBAL,1,4.6,1
2023,8,IQP,Estudiante,3er grado,SANTO DOMINGO,3,12.2,5
2023,8,IQP,Estudiante,3er grado,Sin ubicación,7,3.3,7
2023,8,IQP,Estudiante,4to grado,SANTO DOMINGO,6,13.1,6
2023,8,IQP,Estudiante,4to grado,Sin ubicación,6,5.3,6
2023,8,IQP,Estudiante,5to grado,SANTO DOMINGO,4,0.8,4
2023,8,IQP,Estudiante,5to grado,Sin ubicación,1,5.1,1
2023,8,IQP,Estudiante,6to grado,AZUA,2,0.5,2
2023,8,IQP,Estudiante,6to grado,BAHORUCO,1,0.5,1
2023,8,IQP,Estudiante,6to grado,BARAHONA,1,0.2,1
2023,8,IQP,Estudiante,6to grado,COTUI,1,4.7,1
2023,8,IQP,Estudiante,6to grado,NAGUA,1,2.8,2
2023,8,IQP,Estudiante,6to grado,SAN CRISTOBAL,1,1.1,1
2023,8,IQP,Estudiante,6to grado,SAN FRANCISCO DE MACORIS,1,1.2,1
2023,8,IQP,Estudiante,6to grado,SANTO DOMINGO,24,62.4,36
2023,8,IQP,Estudiante,6to grado,Sin ubicación,27,153.0,47
2023,8,IQP,Parent,No especificado,Sin ubicación,2,0.9,2
2023,8,IQP,Sin rol,No especificado,Sin ubicación,1,234.9,22
2023,8,IQS,Admin,No especificado,Sin ubicación,1,16.8,4
2023,8,IQS,Docente,1er grado,AZUA,1,0.9,2
2023,8,IQS,Docente,1er grado,HIGUEY,1,1.3,2
2023,8,IQS,Docente,1er grado,LA VEGA,2,2.0,2
2023,8,IQS,Docente,1er grado,MONTE CRISTI,2,3.3,5
2023,8,IQS,Docente,1er grado,MONTE PLATA,3,31.0,5
2023,8,IQS,Docente,1er grado,PUERTO PLATA,1,0.6,1
2023,8,IQS,Docente,1er grado,SAN CRISTOBAL,1,1.3,1
2023,8,IQS,Docente,1er grado,SAN FRANCISCO DE MACORIS,1,0.7,1
2023,8,IQS,Docente,1er grado,SAN JUAN DE LA MAGUANA,1,0.5,2
2023,8,IQS,Docente,1er grado,SANTIAGO,4,11.7,8
2023,8,IQS,Docente,1er grado,SANTO DOMINGO,7,8.1,8
2023,8,IQS,Docente,1er grado,Sin ubicación,9,49.9,15
2023,8,IQS,Docente,4to grado,AZUA,2,5.8,3
2023,8,IQS,Docente,4to grado,BAHORUCO,1,3.9,1
2023,8,IQS,Docente,4to grado,BARAHONA,1,1.1,1
2023,8,IQS,Docente,4to grado,HIGUEY,1,1.1,1
2023,8,IQS,Docente,4to grado,LA VEGA,3,2.9,4
2023,8,IQS,Docente,4to grado,MAO,1,1.1,2
2023,8,IQS,Docente,4to grado,MONTE PLATA,4,8.2,5
2023,8,IQS,Docente,4to grado,NAGUA,3,11.5,6
2023,8,IQS,Docente,4to grado,PUERTO PLATA,1,0.3,1
2023,8,IQS,Docente,4to grado,SAN CRISTOBAL,2,2.9,3
2023,8,IQS,Docente,4to grado,SAN FRANCISCO DE MACORIS,3,11.0,4
2023,8,IQS,Docente,4to grado,SAN PEDRO DE MACORIS,3,2.5,4
2023,8,IQS,Docente,4to grado,SANTIAGO,6,30.3,11
2023,8,IQS,Docente,4to grado,SANTO DOMINGO,13,50.8,20
2023,8,IQS,Docente,4to grado,Sin ubicación,12,24.1,16
2023,8,IQS,Docente,6to grado,AZUA,2,3.6,2
2023,8,IQS,Docente,6to grado,COTUI,2,1.6,2
2023,8,IQS,Docente,6to grado,LA VEGA,10,20.3,10
2023,8,IQS,Docente,6to grado,MAO,1,0.5,1
2023,8,IQS,Docente,6to grado,MONTE CRISTI,4,13.5,4
2023,8,IQS,Docente,6to grado,MONTE PLATA,4,16.2,5
2023,8,IQS,Docente,6to grado,PUERTO PLATA,2,4.9,3
2023,8,IQS,Docente,6to grado,SAN CRISTOBAL,9,16.7,9
2023,8,IQS,Docente,6to grado,SAN FRANCISCO DE MACORIS,7,14.3,16
2023,8,IQS,Docente,6to grado,SAN JUAN DE LA MAGUANA,2,1.2,3
2023,8,IQS,Docente,6to grado,SAN PEDRO DE MACORIS,6,17.3,9
2023,8,IQS,Docente,6to grado,SANTIAGO,19,51.3,20
2023,8,IQS,Docente,6to grado,SANTO DOMINGO,41,63.0,50
2023,8,IQS,Docente,6to grado,Sin ubicación,51,178.7,71
2023,8,IQS,Docente,No especificado,MONTE PLATA,1,0.5,1
2023,8,IQS,Docente,No especificado,SAN CRISTOBAL,1,2.6,1
2023,8,IQS,Docente,No especificado,SANTO DOMINGO,2,2.0,9
2023,8,IQS,Docente,No especificado,Sin ubicación,2,0.9,4
2023,8,IQS,Editor,No especificado,SANTIAGO,1,96.5,13
2023,8,IQS,Estudiante,1er grado,BARAHONA,3,1.3,6
2023,8,IQS,Estudiante,1er grado,HIGUEY,1,1.6,8
2023,8,IQS,Estudiante,1er grado,MAO,1,0.5,2
2023,8,IQS,Estudiante,1er grado,MONTE PLATA,1,33.3,11
2023,8,IQS,Estudiante,1er grado,NAGUA,1,0.1,2
2023,8,IQS,Estudiante,1er grado,PUERTO PLATA,1,0.0,1
2023,8,IQS,Estudiante,1er grado,SAN CRISTOBAL,2,2.9,3
2023,8,IQS,Estudiante,1er grado,SAN FRANCISCO DE MACORIS,3,15.0,12
2023,8,IQS,Estudiante,1er grado,SANTIAGO,3,1.7,6
2023,8,IQS,Estudiante,1er grado,SANTO DOMINGO,10,15.8,21
2023,8,IQS,Estudiante,1er grado,Sin ubicación,14,26.9,43
2023,8,IQS,Estudiante,2do grado,AZUA,1,1.2,1
2023,8,IQS,Estudiante,2do grado,HIGUEY,1,0.5,2
2023,8,IQS,Estudiante,2do grado,MAO,1,4.2,1
2023,8,IQS,Estudiante,2do grado,MONTE PLATA,1,12.3,1
2023,8,IQS,Estudiante,2do grado,SAN JUAN DE LA MAGUANA,1,1.1,2
2023,8,IQS,Estudiante,2do grado,SAN PEDRO DE MACORIS,1,8.5,1
2023,8,IQS,Estudiante,2do grado,SANTIAGO,3,3.7,4
2023,8,IQS,Estudiante,2do grado,SANTO DOMINGO,14,31.4,20
2023,8,IQS,Estudiante,2do grado,Sin ubicación,20,128.2,44
2023,8,IQS,Estudiante,3er grado,AZUA,1,2.1,1
2023,8,IQS,Estudiante,3er grado,HIGUEY,1,0.1,1
2023,8,IQS,Estudiante,3er grado,MONTE PLATA,1,0.7,1
2023,8,IQS,Estudiante,3er grado,SANTO DOMINGO,5,20.2,14
2023,8,IQS,Estudiante,3er grado,Sin ubicación,3,3.0,3
2023,8,IQS,Estudiante,4to grado,BAHORUCO,1,0.5,1
2023,8,IQS,Estudiante,4to grado,BARAHONA,3,6.5,5
2023,8,IQS,Estudiante,4to grado,COTUI,1,0.3,2
2023,8,IQS,Estudiante,4to grado,HIGUEY,3,11.8,6
2023,8,IQS,Estudiante,4to grado,LA VEGA,2,1.4,3
2023,8,IQS,Estudiante,4to grado,MONTE CRISTI,1,0.3,2
2023,8,IQS,Estudiante,4to grado,PUERTO PLATA,1,0.7,1
2023,8,IQS,Estudiante,4to grado,SAN CRISTOBAL,2,0.8,4
2023,8,IQS,Estudiante,4to grado,SAN FRANCISCO DE MACORIS,1,16.2,3
2023,8,IQS,Estudiante,4to grado,SANTIAGO,6,5.5,14
2023,8,IQS,Estudiante,4to grado,SANTO DOMINGO,19,89.3,35
2023,8,IQS,Estudiante,4to grado,Sin ubicación,14,81.8,24
2023,8,IQS,Estudiante,5to grado,BARAHONA,1,0.2,1
2023,8,IQS,Estudiante,5to grado,LA VEGA,1,0.1,1
2023,8,IQS,Estudiante,5to grado,NAGUA,1,1.9,1
2023,8,IQS,Estudiante,5to grado,SAN FRANCISCO DE MACORIS,1,0.6,1
2023,8,IQS,Estudiante,5to grado,SAN PEDRO DE MACORIS,3,1.8,3
2023,8,IQS,Estudiante,5to grado,SANTIAGO,3,4.7,4
2023,8,IQS,Estudiante,5to grado,SANTO DOMINGO,20,206.8,48
2023,8,IQS,Estudiante,5to grado,Sin ubicación,7,30.9,14
2023,8,IQS,Estudiante,6to grado,AZUA,23,84.5,54
2023,8,IQS,Estudiante,6to grado,BAHORUCO,4,5.7,7
2023,8,IQS,Estudiante,6to grado,BARAHONA,10,14.2,23
2023,8,IQS,Estudiante,6to grado,COTUI,27,200.5,54
2023,8,IQS,Estudiante,6to grado,HIGUEY,38,149.4,94
2023,8,IQS,Estudiante,6to grado,LA VEGA,68,159.2,114
2023,8,IQS,Estudiante,6to grado,MAO,15,77.7,27
2023,8,IQS,Estudiante,6to grado,MONTE CRISTI,10,40.5,15
2023,8,IQS,Estudiante,6to grado,MONTE PLATA,16,46.2,24
2023,8,IQS,Estudiante,6to grado,NAGUA,12,35.0,20
2023,8,IQS,Estudiante,6to grado,PUERTO PLATA,20,78.0,28
2023,8,IQS,Estudiante,6to grado,SAN CRISTOBAL,39,121.8,81
2023,8,IQS,Estudiante,6to grado,SAN FRANCISCO DE MACORIS,29,125.8,79
2023,8,IQS,Estudiante,6to grado,SAN JUAN DE LA MAGUANA,15,34.3,33
2023,8,IQS,Estudiante,6to grado,SAN PEDRO DE MACORIS,53,250.4,108
2023,8,IQS,Estudiante,6to grado,SANTIAGO,127,525.7,264
2023,8,IQS,Estudiante,6to grado,SANTO DOMINGO,489,2232.4,947
2023,8,IQS,Estudiante,6to grado,Sin ubicación,305,1602.4,667
2023,8,IQS,Estudiante,No especificado,BARAHONA,2,1.6,2
2023,8,IQS,Estudiante,No especificado,HIGUEY,1,0.5,2
2023,8,IQS,Estudiante,No especificado,LA VEGA,3,3.6,6
2023,8,IQS,Estudiante,No especificado,MAO,2,0.7,6
2023,8,IQS,Estudiante,No especificado,SAN FRANCISCO DE MACORIS,2,11.2,12
2023,8,IQS,Estudiante,No especificado,SAN PEDRO DE MACORIS,3,5.5,4
2023,8,IQS,Estudiante,No especificado,SANTIAGO,1,0.3,2
2023,8,IQS,Estudiante,No especificado,SANTO DOMINGO,13,16.1,30
2023,8,IQS,Estudiante,No especificado,Sin ubicación,10,16.4,35
2023,8,IQS,Invitado,6to grado,Sin ubicación,132,766.2,269
2023,8,IQS,Invitado,No especificado,Sin ubicación,5,10.4,11
2023,9,IQ512,Admin,No especificado,Sin ubicación,2,51.1,13
2023,9,IQ512,Docente,No especificado,Sin ubicación,1,0.7,1
2023,9,IQ512,Editor,No especificado,Sin ubicación,1,32.6,6
2023,9,IQ512,Estudiante,No especificado,AZUA,15,41.6,25
2023,9,IQ512,Estudiante,No especificado,BAHORUCO,11,96.8,28
2023,9,IQ512,Estudiante,No especificado,BARAHONA,14,64.0,31
2023,9,IQ512,Estudiante,No especificado,COTUI,10,47.1,19
2023,9,IQ512,Estudiante,No especificado,HIGUEY,5,19.8,6
2023,9,IQ512,Estudiante,No especificado,LA VEGA,25,231.7,51
2023,9,IQ512,Estudiante,No especificado,MAO,10,26.0,22
2023,9,IQ512,Estudiante,No especificado,MONTE CRISTI,6,5.4,7
2023,9,IQ512,Estudiante,No especificado,MONTE PLATA,10,20.4,10
2023,9,IQ512,Estudiante,No especificado,NAGUA,8,69.8,16
2023,9,IQ512,Estudiante,No especificado,PUERTO PLATA,7,97.8,16
2023,9,IQ512,Estudiante,No especificado,SAN CRISTOBAL,19,138.1,42
2023,9,IQ512,Estudiante,No especificado,SAN FRANCISCO DE MACORIS,11,111.0,37
2023,9,IQ512,Estudiante,No especificado,SAN JUAN DE LA MAGUANA,11,64.4,16
2023,9,IQ512,Estudiante,No especificado,SAN PEDRO DE MACORIS,7,9.0,9
2023,9,IQ512,Estudiante,No especificado,SANTIAGO,17,94.7,25
2023,9,IQ512,Estudiante,No especificado,SANTO DOMINGO,80,809.4,167
2023,9,IQ512,Estudiante,No especificado,Sin ubicación,770,7906.4,1613
2023,9,IQP,Admin,No especificado,Sin ubicación,1,9.5,6
2023,9,IQP,Docente,1er grado,Sin ubicación,2,466.1,31
2023,9,IQP,Docente,3er grado,Sin ubicación,1,12.3,1
2023,9,IQP,Docente,4to grado,LA VEGA,4,15.7,4
2023,9,IQP,Docente,4to grado,MONTE CRISTI,1,20.2,3
2023,9,IQP,Docente,4to grado,PUERTO PLATA,1,7.8,1
2023,9,IQP,Docente,4to grado,SAN CRISTOBAL,1,5.5,1
2023,9,IQP,Docente,4to grado,SANTIAGO,3,22.3,6
2023,9,IQP,Docente,4to grado,SANTO DOMINGO,5,122.2,21
2023,9,IQP,Docente,4to grado,Sin ubicación,5,40.7,8
2023,9,IQP,Docente,6to grado,AZUA,1,1.8,1
2023,9,IQP,Docente,6to grado,BARAHONA,2,1.8,2
2023,9,IQP,Docente,6to grado,COTUI,1,38.5,4
2023,9,IQP,Docente,6to grado,HIGUEY,1,1.5,1
2023,9,IQP,Docente,6to grado,LA VEGA,7,24.0,7
2023,9,IQP,Docente,6to grado,MAO,4,31.4,4
2023,9,IQP,Docente,6to grado,MONTE CRISTI,2,2.0,2
2023,9,IQP,Docente,6to grado,MONTE PLATA,7,61.6,10
2023,9,IQP,Docente,6to grado,NAGUA,2,33.1,10
2023,9,IQP,Docente,6to grado,PUERTO PLATA,8,65.4,13
2023,9,IQP,Docente,6to grado,SAN CRISTOBAL,20,86.3,31
2023,9,IQP,Docente,6to grado,SAN JUAN DE LA MAGUANA,1,3.2,2
2023,9,IQP,Docente,6to grado,SAN PEDRO DE MACORIS,11,36.9,11
2023,9,IQP,Docente,6to grado,SANTIAGO,11,23.9,15
2023,9,IQP,Docente,6to grado,SANTO DOMINGO,43,127.8,50
2023,9,IQP,Docente,6to grado,Sin ubicación,67,202.5,89
2023,9,IQP,Docente,No especificado,Sin ubicación,1,4.5,1
2023,9,IQP,Estudiante,1er grado,NAGUA,1,1.6,1
2023,9,IQP,Estudiante,1er grado,SANTO DOMINGO,13,37.5,20
2023,9,IQP,Estudiante,1er grado,Sin ubicación,10,78.7,25
2023,9,IQP,Estudiante,2do grado,AZUA,1,0.7,2
2023,9,IQP,Estudiante,2do grado,BAHORUCO,1,13.8,1
2023,9,IQP,Estudiante,2do grado,MONTE CRISTI,1,2.9,2
2023,9,IQP,Estudiante,2do grado,SAN PEDRO DE MACORIS,1,0.5,1
2023,9,IQP,Estudiante,2do grado,SANTO DOMINGO,2,6.3,2
2023,9,IQP,Estudiante,2do grado,Sin ubicación,26,77.7,45
2023,9,IQP,Estudiante,3er grado,HIGUEY,1,2.4,1
2023,9,IQP,Estudiante,3er grado,MONTE CRISTI,1,1.6,2
2023,9,IQP,Estudiante,3er grado,SAN CRISTOBAL,1,1.2,1
2023,9,IQP,Estudiante,3er grado,SAN JUAN DE LA MAGUANA,1,1.1,1
2023,9,IQP,Estudiante,3er grado,SANTO DOMINGO,3,2.2,3
2023,9,IQP,Estudiante,3er grado,Sin ubicación,10,22.5,13
2023,9,IQP,Estudiante,4to grado,SANTO DOMINGO,5,10.8,5
2023,9,IQP,Estudiante,4to grado,Sin ubicación,11,62.0,21
2023,9,IQP,Estudiante,5to grado,AZUA,1,18.8,2
2023,9,IQP,Estudiante,5to grado,COTUI,8,7.1,11
2023,9,IQP,Estudiante,5to grado,MONTE CRISTI,1,0.4,1
2023,9,IQP,Estudiante,5to grado,PUERTO PLATA,9,31.2,10
2023,9,IQP,Estudiante,5to grado,SAN CRISTOBAL,187,137.7,192
2023,9,IQP,Estudiante,5to grado,SAN PEDRO DE MACORIS,9,4.4,9
2023,9,IQP,Estudiante,5to grado,SANTO DOMINGO,99,254.0,139
2023,9,IQP,Estudiante,5to grado,Sin ubicación,152,139.1,158
2023,9,IQP,Estudiante,6to grado,HIGUEY,1,0.1,1
2023,9,IQP,Estudiante,6to grado,PUERTO PLATA,1,33.4,1
2023,9,IQP,Estudiante,6to grado,SAN CRISTOBAL,1,1.3,1
2023,9,IQP,Estudiante,6to grado,SAN JUAN DE LA MAGUANA,2,0.9,2
2023,9,IQP,Estudiante,6to grado,SAN PEDRO DE MACORIS,1,0.3,1
2023,9,IQP,Estudiante,6to grado,SANTO DOMINGO,23,64.9,36
2023,9,IQP,Estudiante,6to grado,Sin ubicación,24,61.1,35
2023,9,IQP,Parent,No especificado,Sin ubicación,5,2.3,5
2023,9,IQP,Sin rol,No especificado,Sin ubicación,1,333.8,21
2023,9,IQS,Admin,No especificado,Sin ubicación,1,29.5,6
2023,9,IQS,Docente,1er grado,LA VEGA,3,23.9,7
2023,9,IQS,Docente,1er grado,MONTE CRISTI,1,8.7,1
2023,9,IQS,Docente,1er grado,MONTE PLATA,2,8.0,4
2023,9,IQS,Docente,1er grado,NAGUA,1,0.6,2
2023,9,IQS,Docente,1er grado,PUERTO PLATA,1,0.8,1
2023,9,IQS,Docente,1er grado,SAN CRISTOBAL,1,17.1,3
2023,9,IQS,Docente,1er grado,SAN FRANCISCO DE MACORIS,3,6.5,3
2023,9,IQS,Docente,1er grado,SAN PEDRO DE MACORIS,1,1.8,1
2023,9,IQS,Docente,1er grado,SANTIAGO,3,5.7,3
2023,9,IQS,Docente,1er grado,SANTO DOMINGO,6,65.5,16
2023,9,IQS,Docente,1er grado,Sin ubicación,5,30.2,6
2023,9,IQS,Docente,4to grado,AZUA,2,49.0,7
2023,9,IQS,Docente,4to grado,BAHORUCO,1,2.4,1
2023,9,IQS,Docente,4to grado,BARAHONA,1,6.2,2
2023,9,IQS,Docente,4to grado,COTUI,2,1.9,3
2023,9,IQS,Docente,4to grado,HIGUEY,2,0.7,2
2023,9,IQS,Docente,4to grado,LA VEGA,7,9.7,8
2023,9,IQS,Docente,4to grado,MAO,2,20.1,5
2023,9,IQS,Docente,4to grado,MONTE CRISTI,1,0.7,1
2023,9,IQS,Docente,4to grado,MONTE PLATA,3,4.0,3
2023,9,IQS,Docente,4to grado,NAGUA,2,1.7,3
2023,9,IQS,Docente,4to grado,PUERTO PLATA,4,10.9,7
2023,9,IQS,Docente,4to grado,SAN FRANCISCO DE MACORIS,4,11.9,4
2023,9,IQS,Docente,4to grado,SAN PEDRO DE MACORIS,6,50.6,11
2023,9,IQS,Docente,4to grado,SANTIAGO,4,14.5,9
2023,9,IQS,Docente,4to grado,SANTO DOMINGO,12,30.1,15
2023,9,IQS,Docente,4to grado,Sin ubicación,10,40.3,18
2023,9,IQS,Docente,6to grado,AZUA,1,0.6,1
2023,9,IQS,Docente,6to grado,BARAHONA,2,0.8,3
2023,9,IQS,Docente,6to grado,COTUI,17,103.7,36
2023,9,IQS,Docente,6to grado,HIGUEY,3,18.2,5
2023,9,IQS,Docente,6to grado,LA VEGA,6,45.4,9
2023,9,IQS,Docente,6to grado,MAO,3,11.7,4
2023,9,IQS,Docente,6to grado,MONTE CRISTI,3,11.4,6
2023,9,IQS,Docente,6to grado,MONTE PLATA,7,15.8,7
2023,9,IQS,Docente,6to grado,NAGUA,2,8.2,3
2023,9,IQS,Docente,6to grado,PUERTO PLATA,7,32.6,11
2023,9,IQS,Docente,6to grado,SAN CRISTOBAL,13,91.9,20
2023,9,IQS,Docente,6to grado,SAN FRANCISCO DE MACORIS,6,12.5,7
2023,9,IQS,Docente,6to grado,SAN JUAN DE LA MAGUANA,4,96.4,13
2023,9,IQS,Docente,6to grado,SAN PEDRO DE MACORIS,39,211.0,66
2023,9,IQS,Docente,6to grado,SANTIAGO,26,101.2,33
2023,9,IQS,Docente,6to grado,SANTO DOMINGO,54,330.0,102
2023,9,IQS,Docente,6to grado,Sin ubicación,72,290.2,106
2023,9,IQS,Docente,No especificado,Sin ubicación,1,0.5,1
2023,9,IQS,Editor,No especificado,SANTIAGO,1,89.6,16
2023,9,IQS,Estudiante,1er grado,AZUA,3,1.7,6
2023,9,IQS,Estudiante,1er grado,BAHORUCO,1,0.5,2
2023,9,IQS,Estudiante,1er grado,BARAHONA,1,0.2,2
2023,9,IQS,Estudiante,1er grado,MONTE PLATA,2,3.0,10
2023,9,IQS,Estudiante,1er grado,NAGUA,2,2.5,3
2023,9,IQS,Estudiante,1er grado,PUERTO PLATA,1,0.6,2
2023,9,IQS,Estudiante,1er grado,SAN FRANCISCO DE MACORIS,5,13.3,7
2023,9,IQS,Estudiante,1er grado,SANTIAGO,5,3.7,11
2023,9,IQS,Estudiante,1er grado,SANTO DOMINGO,108,688.5,203
2023,9,IQS,Estudiante,1er grado,Sin ubicación,32,31.8,63
2023,9,IQS,Estudiante,2do grado,COTUI,117,381.9,166
2023,9,IQS,Estudiante,2do grado,HIGUEY,1,0.2,2
2023,9,IQS,Estudiante,2do grado,LA VEGA,3,7.5,3
2023,9,IQS,Estudiante,2do grado,MAO,1,2.0,1
2023,9,IQS,Estudiante,2do grado,NAGUA,1,2.8,1
2023,9,IQS,Estudiante,2do grado,PUERTO PLATA,4,3.0,7
2023,9,IQS,Estudiante,2do grado,SAN CRISTOBAL,36,26.1,37
2023,9,IQS,Estudiante,2do grado,SAN FRANCISCO DE MACORIS,12,16.4,12
2023,9,IQS,Estudiante,2do grado,SAN JUAN DE LA MAGUANA,1,8.9,3
2023,9,IQS,Estudiante,2do grado,SAN PEDRO DE MACORIS,193,198.4,229
2023,9,IQS,Estudiante,2do grado,SANTIAGO,29,41.7,30
2023,9,IQS,Estudiante,2do grado,SANTO DOMINGO,246,631.4,416
2023,9,IQS,Estudiante,2do grado,Sin ubicación,196,317.7,297
2023,9,IQS,Estudiante,3er grado,COTUI,1,5.2,1
2023,9,IQS,Estudiante,3er grado,LA VEGA,1,0.2,1
2023,9,IQS,Estudiante,3er grado,MONTE CRISTI,1,7.3,1
2023,9,IQS,Estudiante,3er grado,NAGUA,1,1.8,1
2023,9,IQS,Estudiante,3er grado,SAN CRISTOBAL,1,0.3,1
2023,9,IQS,Estudiante,3er grado,SANTIAGO,4,3.7,4
2023,9,IQS,Estudiante,3er grado,SANTO DOMINGO,4,30.5,10
2023,9,IQS,Estudiante,3er grado,Sin ubicación,8,15.1,12
2023,9,IQS,Estudiante,4to grado,AZUA,2,9.1,4
2023,9,IQS,Estudiante,4to grado,HIGUEY,2,1.1,2
2023,9,IQS,Estudiante,4to grado,LA VEGA,2,2.1,2
2023,9,IQS,Estudiante,4to grado,MONTE CRISTI,1,1.0,2
2023,9,IQS,Estudiante,4to grado,MONTE PLATA,1,0.9,1
2023,9,IQS,Estudiante,4to grado,PUERTO PLATA,1,0.4,1
2023,9,IQS,Estudiante,4to grado,SAN CRISTOBAL,5,2.3,8
2023,9,IQS,Estudiante,4to grado,SAN PEDRO DE MACORIS,4,44.1,14
2023,9,IQS,Estudiante,4to grado,SANTIAGO,11,16.0,14
2023,9,IQS,Estudiante,4to grado,SANTO DOMINGO,58,254.2,143
2023,9,IQS,Estudiante,4to grado,Sin ubicación,74,386.3,108
2023,9,IQS,Estudiante,5to grado,AZUA,3,9.4,3
2023,9,IQS,Estudiante,5to grado,COTUI,1,4.6,2
2023,9,IQS,Estudiante,5to grado,HIGUEY,1,0.9,2
2023,9,IQS,Estudiante,5to grado,NAGUA,1,0.4,2
2023,9,IQS,Estudiante,5to grado,SAN CRISTOBAL,15,17.8,22
2023,9,IQS,Estudiante,5to grado,SAN PEDRO DE MACORIS,4,2.5,4
2023,9,IQS,Estudiante,5to grado,SANTIAGO,2,1.9,2
2023,9,IQS,Estudiante,5to grado,SANTO DOMINGO,38,85.0,99
2023,9,IQS,Estudiante,5to grado,Sin ubicación,82,410.0,101
2023,9,IQS,Estudiante,6to grado,AZUA,87,251.6,216
2023,9,IQS,Estudiante,6to grado,BAHORUCO,1,0.6,1
2023,9,IQS,Estudiante,6to grado,BARAHONA,6,4.2,18
2023,9,IQS,Estudiante,6to grado,COTUI,34,44.3,51
2023,9,IQS,Estudiante,6to grado,HIGUEY,9,11.4,15
2023,9,IQS,Estudiante,6to grado,LA VEGA,48,87.5,60
2023,9,IQS,Estudiante,6to grado,MAO,4,21.7,5
2023,9,IQS,Estudiante,6to grado,MONTE CRISTI,2,4.9,5
2023,9,IQS,Estudiante,6to grado,MONTE PLATA,3,4.9,4
2023,9,IQS,Estudiante,6to grado,NAGUA,8,8.6,19
2023,9,IQS,Estudiante,6to grado,PUERTO PLATA,8,3.2,15
2023,9,IQS,Estudiante,6to grado,SAN CRISTOBAL,28,54.6,49
2023,9,IQS,Estudiante,6to grado,SAN FRANCISCO DE MACORIS,20,22.6,35
2023,9,IQS,Estudiante,6to grado,SAN JUAN DE LA MAGUANA,9,26.0,16
2023,9,IQS,Estudiante,6to grado,SAN PEDRO DE MACORIS,164,2270.6,604
2023,9,IQS,Estudiante,6to grado,SANTIAGO,70,118.5,119
2023,9,IQS,Estudiante,6to grado,SANTO DOMINGO,227,706.4,393
2023,9,IQS,Estudiante,6to grado,Sin ubicación,190,527.4,356
2023,9,IQS,Estudiante,No especificado,SANTIAGO,1,0.9,1
2023,9,IQS,Estudiante,No especificado,SANTO DOMINGO,1,0.5,2
2023,9,IQS,Invitado,6to grado,COTUI,1,2.4,2
2023,9,IQS,Invitado,6to grado,SANTIAGO,2,4.4,2
2023,9,IQS,Invitado,6to grado,SANTO DOMINGO,1,2.4,1
2023,9,IQS,Invitado,6to grado,Sin ubicación,73,280.9,117
2023,10,IQ512,Admin,No especificado,Sin ubicación,2,10.8,2
2023,10,IQ512,Aliado de la Alianza,No especificado,Sin ubicación,1,5.8,2
2023,10,IQ512,Docente,No especificado,Sin ubicación,2,16.0,2
2023,10,IQ512,Estudiante,No especificado,AZUA,6,6.4,9
2023,10,IQ512,Estudiante,No especificado,BAHORUCO,5,31.5,7
2023,10,IQ512,Estudiante,No especificado,BARAHONA,8,21.3,18
2023,10,IQ512,Estudiante,No especificado,COTUI,6,27.6,9
2023,10,IQ512,Estudiante,No especificado,HIGUEY,6,17.7,9
2023,10,IQ512,Estudiante,No especificado,LA VEGA,10,28.0,14
2023,10,IQ512,Estudiante,No especificado,MAO,5,24.9,11
2023,10,IQ512,Estudiante,No especificado,MONTE CRISTI,4,5.4,9
2023,10,IQ512,Estudiante,No especificado,MONTE PLATA,2,1.5,2
2023,10,IQ512,Estudiante,No especificado,NAGUA,1,2.6,3
2023,10,IQ512,Estudiante,No especificado,PUERTO PLATA,4,5.7,7
2023,10,IQ512,Estudiante,No especificado,SAN CRISTOBAL,10,45.5,19
2023,10,IQ512,Estudiante,No especificado,SAN FRANCISCO DE MACORIS,7,17.7,16
2023,10,IQ512,Estudiante,No especificado,SAN JUAN DE LA MAGUANA,2,17.6,3
2023,10,IQ512,Estudiante,No especificado,SAN PEDRO DE MACORIS,5,57.4,5
2023,10,IQ512,Estudiante,No especificado,SANTIAGO,6,3.6,10
2023,10,IQ512,Estudiante,No especificado,SANTO DOMINGO,38,439.8,85
2023,10,IQ512,Estudiante,No especificado,Sin ubicación,280,1377.1,431
2023,10,IQP,Admin,No especificado,Sin ubicación,1,12.4,3
2023,10,IQP,Docente,1er grado,Sin ubicación,2,177.5,20
2023,10,IQP,Docente,2do grado,BAHORUCO,1,11.6,2
2023,10,IQP,Docente,2do grado,COTUI,4,93.9,19
2023,10,IQP,Docente,2do grado,HIGUEY,2,8.7,2
2023,10,IQP,Docente,2do grado,LA VEGA,8,109.2,16
2023,10,IQP,Docente,2do grado,NAGUA,1,49.3,4
2023,10,IQP,Docente,2do grado,PUERTO PLATA,1,11.0,2
2023,10,IQP,Docente,2do grado,SAN CRISTOBAL,3,43.2,8
2023,10,IQP,Docente,2do grado,SAN FRANCISCO DE MACORIS,1,9.3,2
2023,10,IQP,Docente,2do grado,SAN PEDRO DE MACORIS,2,38.9,5
2023,10,IQP,Docente,2do grado,SANTIAGO,10,388.1,62
2023,10,IQP,Docente,2do grado,SANTO DOMINGO,5,10.2,7
2023,10,IQP,Docente,2do grado,Sin ubicación,3,39.0,10
2023,10,IQP,Docente,3er grado,SANTIAGO,2,42.4,8
2023,10,IQP,Docente,3er grado,Sin ubicación,1,0.5,1
2023,10,IQP,Docente,4to grado,AZUA,1,90.9,7
2023,10,IQP,Docente,4to grado,COTUI,2,7.9,2
2023,10,IQP,Docente,4to grado,HIGUEY,1,5.2,3
2023,10,IQP,Docente,4to grado,LA VEGA,9,71.7,18
2023,10,IQP,Docente,4to grado,MAO,1,0.7,1
2023,10,IQP,Docente,4to grado,MONTE CRISTI,4,34.3,6
2023,10,IQP,Docente,4to grado,PUERTO PLATA,2,30.3,7
2023,10,IQP,Docente,4to grado,SAN CRISTOBAL,6,24.9,11
2023,10,IQP,Docente,4to grado,SAN FRANCISCO DE MACORIS,4,81.5,8
2023,10,IQP,Docente,4to grado,SAN PEDRO DE MACORIS,5,39.4,13
2023,10,IQP,Docente,4to grado,SANTIAGO,9,279.7,31
2023,10,IQP,Docente,4to grado,SANTO DOMINGO,24,318.0,65
2023,10,IQP,Docente,4to grado,Sin ubicación,39,260.8,67
2023,10,IQP,Docente,5to grado,AZUA,49,568.3,105
2023,10,IQP,Docente,5to grado,BAHORUCO,39,213.2,65
2023,10,IQP,Docente,5to grado,BARAHONA,5,18.3,7
2023,10,IQP,Docente,5to grado,COTUI,78,869.5,185
2023,10,IQP,Docente,5to grado,HIGUEY,155,1630.2,387
2023,10,IQP,Docente,5to grado,LA VEGA,85,881.0,163
2023,10,IQP,Docente,5to grado,MAO,10,57.3,18
2023,10,IQP,Docente,5to grado,MONTE CRISTI,39,164.4,57
2023,10,IQP,Docente,5to grado,MONTE PLATA,11,19.7,14
2023,10,IQP,Docente,5to grado,NAGUA,29,431.0,71
2023,10,IQP,Docente,5to grado,PUERTO PLATA,47,648.9,151
2023,10,IQP,Docente,5to grado,SAN CRISTOBAL,184,1682.2,383
2023,10,IQP,Docente,5to grado,SAN FRANCISCO DE MACORIS,56,539.5,139
2023,10,IQP,Docente,5to grado,SAN JUAN DE LA MAGUANA,17,93.2,32
2023,10,IQP,Docente,5to grado,SAN PEDRO DE MACORIS,284,3802.1,734
2023,10,IQP,Docente,5to grado,SANTIAGO,301,3758.0,743
2023,10,IQP,Docente,5to grado,SANTO DOMINGO,727,7476.3,1642
2023,10,IQP,Docente,5to grado,Sin ubicación,390,2197.6,630
2023,10,IQP,Docente,6to grado,AZUA,5,18.3,5
2023,10,IQP,Docente,6to grado,BARAHONA,1,0.6,1
2023,10,IQP,Docente,6to grado,COTUI,38,683.4,113
2023,10,IQP,Docente,6to grado,HIGUEY,25,547.8,108
2023,10,IQP,Docente,6to grado,LA VEGA,90,1027.5,230
2023,10,IQP,Docente,6to grado,MAO,15,265.2,50
2023,10,IQP,Docente,6to grado,MONTE CRISTI,4,16.6,7
2023,10,IQP,Docente,6to grado,MONTE PLATA,19,140.3,41
2023,10,IQP,Docente,6to grado,NAGUA,28,582.4,93
2023,10,IQP,Docente,6to grado,PUERTO PLATA,30,409.0,102
2023,10,IQP,Docente,6to grado,SAN CRISTOBAL,132,2229.5,499
2023,10,IQP,Docente,6to grado,SAN FRANCISCO DE MACORIS,87,910.2,239
2023,10,IQP,Docente,6to grado,SAN JUAN DE LA MAGUANA,5,15.5,10
2023,10,IQP,Docente,6to grado,SAN PEDRO DE MACORIS,42,885.1,145
2023,10,IQP,Docente,6to grado,SANTIAGO,73,1520.5,314
2023,10,IQP,Docente,6to grado,SANTO DOMINGO,238,2273.3,608
2023,10,IQP,Docente,6to grado,Sin ubicación,248,1633.9,467
2023,10,IQP,Docente,No especificado,AZUA,1,0.2,1
2023,10,IQP,Docente,No especificado,COTUI,2,31.6,5
2023,10,IQP,Docente,No especificado,HIGUEY,1,7.8,2
2023,10,IQP,Docente,No especificado,LA VEGA,7,73.1,18
2023,10,IQP,Docente,No especificado,MAO,1,3.0,1
2023,10,IQP,Docente,No especificado,PUERTO PLATA,1,45.9,6
2023,10,IQP,Docente,No especificado,SAN CRISTOBAL,7,66.5,16
2023,10,IQP,Docente,No especificado,SAN FRANCISCO DE MACORIS,3,6.0,4
2023,10,IQP,Docente,No especificado,SAN PEDRO DE MACORIS,4,26.1,6
2023,10,IQP,Docente,No especificado,SANTIAGO,7,45.9,10
2023,10,IQP,Docente,No especificado,SANTO DOMINGO,20,142.1,47
2023,10,IQP,Docente,No especificado,Sin ubicación,9,71.7,17
2023,10,IQP,Estudiante,1er grado,AZUA,1,1.4,1
2023,10,IQP,Estudiante,1er grado,COTUI,3,3.5,3
2023,10,IQP,Estudiante,1er grado,SAN CRISTOBAL,5,2.1,5
2023,10,IQP,Estudiante,1er grado,SAN FRANCISCO DE MACORIS,1,0.8,1
2023,10,IQP,Estudiante,1er grado,SAN PEDRO DE MACORIS,2,1.6,2
2023,10,IQP,Estudiante,1er grado,SANTIAGO,5,3.6,5
2023,10,IQP,Estudiante,1er grado,SANTO DOMINGO,22,160.6,36
2023,10,IQP,Estudiante,1er grado,Sin ubicación,19,74.9,31
2023,10,IQP,Estudiante,2do grado,AZUA,11,19.5,13
2023,10,IQP,Estudiante,2do grado,BAHORUCO,9,9.7,10
2023,10,IQP,Estudiante,2do grado,BARAHONA,2,5.3,3
2023,10,IQP,Estudiante,2do grado,COTUI,21,30.0,22
2023,10,IQP,Estudiante,2do grado,HIGUEY,31,66.5,35
2023,10,IQP,Estudiante,2do grado,LA VEGA,55,236.5,83
2023,10,IQP,Estudiante,2do grado,MAO,4,14.5,5
2023,10,IQP,Estudiante,2do grado,MONTE CRISTI,27,76.9,30
2023,10,IQP,Estudiante,2do grado,MONTE PLATA,21,55.3,24
2023,10,IQP,Estudiante,2do grado,NAGUA,12,19.0,13
2023,10,IQP,Estudiante,2do grado,PUERTO PLATA,7,20.1,7
2023,10,IQP,Estudiante,2do grado,SAN CRISTOBAL,126,304.8,175
2023,10,IQP,Estudiante,2do grado,SAN FRANCISCO DE MACORIS,26,66.0,30
2023,10,IQP,Estudiante,2do grado,SAN JUAN DE LA MAGUANA,15,37.2,15
2023,10,IQP,Estudiante,2do grado,SAN PEDRO DE MACORIS,118,247.6,134
2023,10,IQP,Estudiante,2do grado,SANTIAGO,84,141.1,97
2023,10,IQP,Estudiante,2do grado,SANTO DOMINGO,624,1379.1,688
2023,10,IQP,Estudiante,2do grado,Sin ubicación,537,1184.1,620
2023,10,IQP,Estudiante,3er grado,AZUA,1,2.9,2
2023,10,IQP,Estudiante,3er grado,COTUI,1,0.3,1
2023,10,IQP,Estudiante,3er grado,HIGUEY,3,17.0,6
2023,10,IQP,Estudiante,3er grado,LA VEGA,2,3.4,2
2023,10,IQP,Estudiante,3er grado,MONTE CRISTI,2,5.8,2
2023,10,IQP,Estudiante,3er grado,PUERTO PLATA,1,0.2,1
2023,10,IQP,Estudiante,3er grado,SAN CRISTOBAL,3,22.7,4
2023,10,IQP,Estudiante,3er grado,SAN FRANCISCO DE MACORIS,5,24.7,13
2023,10,IQP,Estudiante,3er grado,SAN PEDRO DE MACORIS,4,19.3,6
2023,10,IQP,Estudiante,3er grado,SANTIAGO,1,1.2,1
2023,10,IQP,Estudiante,3er grado,SANTO DOMINGO,32,76.8,37
2023,10,IQP,Estudiante,3er grado,Sin ubicación,18,58.3,23
2023,10,IQP,Estudiante,4to grado,AZUA,2,45.9,7
2023,10,IQP,Estudiante,4to grado,COTUI,5,10.4,5
2023,10,IQP,Estudiante,4to grado,HIGUEY,9,16.7,11
2023,10,IQP,Estudiante,4to grado,LA VEGA,3,4.0,3
2023,10,IQP,Estudiante,4to grado,MONTE CRISTI,1,1.4,1
2023,10,IQP,Estudiante,4to grado,NAGUA,1,3.7,2
2023,10,IQP,Estudiante,4to grado,PUERTO PLATA,1,0.7,1
2023,10,IQP,Estudiante,4to grado,SAN CRISTOBAL,4,19.9,10
2023,10,IQP,Estudiante,4to grado,SAN FRANCISCO DE MACORIS,5,11.4,10
2023,10,IQP,Estudiante,4to grado,SAN PEDRO DE MACORIS,5,8.9,6
2023,10,IQP,Estudiante,4to grado,SANTIAGO,56,165.4,76
2023,10,IQP,Estudiante,4to grado,SANTO DOMINGO,42,224.8,62
2023,10,IQP,Estudiante,4to grado,Sin ubicación,17,29.4,21
2023,10,IQP,Estudiante,5to grado,AZUA,352,2446.1,539
2023,10,IQP,Estudiante,5to grado,BAHORUCO,100,339.3,138
2023,10,IQP,Estudiante,5to grado,BARAHONA,6,12.3,9
2023,10,IQP,Estudiante,5to grado,COTUI,764,5346.5,1391
2023,10,IQP,Estudiante,5to grado,HIGUEY,2420,11859.3,3806
2023,10,IQP,Estudiante,5to grado,LA VEGA,1164,8100.4,2167
2023,10,IQP,Estudiante,5to grado,MAO,167,713.1,271
2023,10,IQP,Estudiante,5to grado,MONTE CRISTI,213,1051.0,247
2023,10,IQP,Estudiante,5to grado,MONTE PLATA,56,156.0,62
2023,10,IQP,Estudiante,5to grado,NAGUA,458,3851.5,835
2023,10,IQP,Estudiante,5to grado,PUERTO PLATA,697,5447.8,1421
2023,10,IQP,Estudiante,5to grado,SAN CRISTOBAL,4007,26842.8,7746
2023,10,IQP,Estudiante,5to grado,SAN FRANCISCO DE MACORIS,1041,8555.1,2130
2023,10,IQP,Estudiante,5to grado,SAN JUAN DE LA MAGUANA,164,1547.5,310
2023,10,IQP,Estudiante,5to grado,SAN PEDRO DE MACORIS,4357,27216.1,8009
2023,10,IQP,Estudiante,5to grado,SANTIAGO,4653,27279.9,8219
2023,10,IQP,Estudiante,5to grado,SANTO DOMINGO,10630,61443.0,18627
2023,10,IQP,Estudiante,5to grado,Sin ubicación,2656,14478.9,4564
2023,10,IQP,Estudiante,6to grado,AZUA,1,0.4,1
2023,10,IQP,Estudiante,6to grado,BAHORUCO,1,0.7,1
2023,10,IQP,Estudiante,6to grado,BARAHONA,1,1.0,1
2023,10,IQP,Estudiante,6to grado,COTUI,5,15.6,9
2023,10,IQP,Estudiante,6to grado,HIGUEY,16,33.5,20
2023,10,IQP,Estudiante,6to grado,LA VEGA,2,17.2,3
2023,10,IQP,Estudiante,6to grado,MAO,7,18.3,7
2023,10,IQP,Estudiante,6to grado,MONTE CRISTI,2,1.5,2
2023,10,IQP,Estudiante,6to grado,NAGUA,2,7.0,4
2023,10,IQP,Estudiante,6to grado,PUERTO PLATA,5,24.0,9
2023,10,IQP,Estudiante,6to grado,SAN CRISTOBAL,9,11.4,9
2023,10,IQP,Estudiante,6to grado,SAN FRANCISCO DE MACORIS,3,3.0,3
2023,10,IQP,Estudiante,6to grado,SAN PEDRO DE MACORIS,44,121.8,62
2023,10,IQP,Estudiante,6to grado,SANTIAGO,361,445.2,411
2023,10,IQP,Estudiante,6to grado,SANTO DOMINGO,81,199.5,107
2023,10,IQP,Estudiante,6to grado,Sin ubicación,45,115.8,53
2023,10,IQP,Estudiante,No especificado,Sin ubicación,2,15.6,3
2023,10,IQP,Parent,No especificado,PUERTO PLATA,1,0.5,1
2023,10,IQP,Parent,No especificado,Sin ubicación,18,21.8,23
2023,10,IQP,Sin rol,No especificado,Sin ubicación,1,93.3,11
2023,10,IQS,Admin,No especificado,Sin ubicación,1,24.9,2
2023,10,IQS,Docente,1er grado,AZUA,2,1.7,3
2023,10,IQS,Docente,1er grado,BAHORUCO,4,24.5,7
2023,10,IQS,Docente,1er grado,COTUI,2,13.3,4
2023,10,IQS,Docente,1er grado,HIGUEY,3,43.7,6
2023,10,IQS,Docente,1er grado,LA VEGA,6,45.6,18
2023,10,IQS,Docente,1er grado,MAO,2,5.4,4
2023,10,IQS,Docente,1er grado,MONTE CRISTI,3,3.6,4
2023,10,IQS,Docente,1er grado,NAGUA,1,0.7,1
2023,10,IQS,Docente,1er grado,PUERTO PLATA,3,63.2,17
2023,10,IQS,Docente,1er grado,SAN CRISTOBAL,5,160.4,19
2023,10,IQS,Docente,1er grado,SAN FRANCISCO DE MACORIS,7,27.8,13
2023,10,IQS,Docente,1er grado,SAN PEDRO DE MACORIS,3,30.4,8
2023,10,IQS,Docente,1er grado,SANTIAGO,8,182.2,32
2023,10,IQS,Docente,1er grado,SANTO DOMINGO,33,386.7,76
2023,10,IQS,Docente,1er grado,Sin ubicación,39,172.3,67
2023,10,IQS,Docente,4to grado,AZUA,42,343.5,96
2023,10,IQS,Docente,4to grado,BAHORUCO,27,161.5,51
2023,10,IQS,Docente,4to grado,BARAHONA,10,57.8,14
2023,10,IQS,Docente,4to grado,COTUI,70,568.6,154
2023,10,IQS,Docente,4to grado,HIGUEY,84,1342.3,232
2023,10,IQS,Docente,4to grado,LA VEGA,140,1785.9,373
2023,10,IQS,Docente,4to grado,MAO,15,126.6,25
2023,10,IQS,Docente,4to grado,MONTE CRISTI,42,372.1,84
2023,10,IQS,Docente,4to grado,MONTE PLATA,16,62.0,22
2023,10,IQS,Docente,4to grado,NAGUA,44,366.3,95
2023,10,IQS,Docente,4to grado,PUERTO PLATA,59,611.1,155
2023,10,IQS,Docente,4to grado,SAN CRISTOBAL,181,1743.2,472
2023,10,IQS,Docente,4to grado,SAN FRANCISCO DE MACORIS,72,559.4,153
2023,10,IQS,Docente,4to grado,SAN JUAN DE LA MAGUANA,15,104.7,34
2023,10,IQS,Docente,4to grado,SAN PEDRO DE MACORIS,284,3211.9,741
2023,10,IQS,Docente,4to grado,SANTIAGO,247,1814.8,525
2023,10,IQS,Docente,4to grado,SANTO DOMINGO,686,6737.8,1581
2023,10,IQS,Docente,4to grado,Sin ubicación,468,2693.8,916
2023,10,IQS,Docente,5to grado,LA VEGA,1,1.9,2
2023,10,IQS,Docente,5to grado,NAGUA,1,2.3,1
2023,10,IQS,Docente,5to grado,PUERTO PLATA,1,7.3,6
2023,10,IQS,Docente,5to grado,SAN FRANCISCO DE MACORIS,1,6.8,1
2023,10,IQS,Docente,5to grado,SAN PEDRO DE MACORIS,1,0.1,3
2023,10,IQS,Docente,6to grado,AZUA,2,4.8,4
2023,10,IQS,Docente,6to grado,COTUI,47,410.5,129
2023,10,IQS,Docente,6to grado,HIGUEY,7,64.9,15
2023,10,IQS,Docente,6to grado,LA VEGA,39,713.2,157
2023,10,IQS,Docente,6to grado,MAO,2,31.5,6
2023,10,IQS,Docente,6to grado,MONTE CRISTI,2,6.4,3
2023,10,IQS,Docente,6to grado,MONTE PLATA,23,141.4,36
2023,10,IQS,Docente,6to grado,NAGUA,4,124.1,18
2023,10,IQS,Docente,6to grado,PUERTO PLATA,28,405.0,80
2023,10,IQS,Docente,6to grado,SAN CRISTOBAL,84,1423.6,303
2023,10,IQS,Docente,6to grado,SAN FRANCISCO DE MACORIS,26,280.0,67
2023,10,IQS,Docente,6to grado,SAN JUAN DE LA MAGUANA,1,4.4,3
2023,10,IQS,Docente,6to grado,SAN PEDRO DE MACORIS,61,920.8,221
2023,10,IQS,Docente,6to grado,SANTIAGO,58,993.1,183
2023,10,IQS,Docente,6to grado,SANTO DOMINGO,133,1700.8,407
2023,10,IQS,Docente,6to grado,Sin ubicación,189,1751.8,529
2023,10,IQS,Docente,No especificado,AZUA,1,0.6,1
2023,10,IQS,Docente,No especificado,HIGUEY,1,1.8,1
2023,10,IQS,Docente,No especificado,LA VEGA,3,94.2,11
2023,10,IQS,Docente,No especificado,MONTE CRISTI,1,0.4,1
2023,10,IQS,Docente,No especificado,NAGUA,3,8.8,6
2023,10,IQS,Docente,No especificado,SAN CRISTOBAL,1,1.1,1
2023,10,IQS,Docente,No especificado,SAN PEDRO DE MACORIS,8,169.3,30
2023,10,IQS,Docente,No especificado,SANTIAGO,4,17.9,6
2023,10,IQS,Docente,No especificado,SANTO DOMINGO,11,160.1,39
2023,10,IQS,Docente,No especificado,Sin ubicación,10,49.7,20
2023,10,IQS,Editor,No especificado,SANTIAGO,1,134.3,11
2023,10,IQS,Estudiante,1er grado,AZUA,7,15.6,11
2023,10,IQS,Estudiante,1er grado,BAHORUCO,2,1.9,3
2023,10,IQS,Estudiante,1er grado,BARAHONA,3,1.5,3
2023,10,IQS,Estudiante,1er grado,COTUI,9,4.4,16
2023,10,IQS,Estudiante,1er grado,HIGUEY,9,12.2,12
2023,10,IQS,Estudiante,1er grado,LA VEGA,21,52.2,39
2023,10,IQS,Estudiante,1er grado,MAO,1,0.5,2
2023,10,IQS,Estudiante,1er grado,MONTE CRISTI,7,51.2,16
2023,10,IQS,Estudiante,1er grado,MONTE PLATA,1,3.0,7
2023,10,IQS,Estudiante,1er grado,NAGUA,14,18.8,21
2023,10,IQS,Estudiante,1er grado,PUERTO PLATA,15,30.7,39
2023,10,IQS,Estudiante,1er grado,SAN CRISTOBAL,85,299.4,168
2023,10,IQS,Estudiante,1er grado,SAN FRANCISCO DE MACORIS,9,8.3,19
2023,10,IQS,Estudiante,1er grado,SAN JUAN DE LA MAGUANA,1,4.6,1
2023,10,IQS,Estudiante,1er grado,SAN PEDRO DE MACORIS,32,78.2,67
2023,10,IQS,Estudiante,1er grado,SANTIAGO,37,215.9,78
2023,10,IQS,Estudiante,1er grado,SANTO DOMINGO,207,580.3,599
2023,10,IQS,Estudiante,1er grado,Sin ubicación,147,238.9,311
2023,10,IQS,Estudiante,2do grado,AZUA,352,1844.7,624
2023,10,IQS,Estudiante,2do grado,BAHORUCO,269,1245.0,344
2023,10,IQS,Estudiante,2do grado,BARAHONA,34,126.1,47
2023,10,IQS,Estudiante,2do grado,COTUI,1040,8434.1,2273
2023,10,IQS,Estudiante,2do grado,HIGUEY,1405,7115.5,2468
2023,10,IQS,Estudiante,2do grado,LA VEGA,2051,17034.2,4535
2023,10,IQS,Estudiante,2do grado,MAO,88,357.6,99
2023,10,IQS,Estudiante,2do grado,MONTE CRISTI,561,3515.2,796
2023,10,IQS,Estudiante,2do grado,MONTE PLATA,283,2023.4,472
2023,10,IQS,Estudiante,2do grado,NAGUA,466,1513.0,882
2023,10,IQS,Estudiante,2do grado,PUERTO PLATA,702,5244.8,1589
2023,10,IQS,Estudiante,2do grado,SAN CRISTOBAL,4330,32277.2,9811
2023,10,IQS,Estudiante,2do grado,SAN FRANCISCO DE MACORIS,461,4061.9,1156
2023,10,IQS,Estudiante,2do grado,SAN JUAN DE LA MAGUANA,246,1670.8,446
2023,10,IQS,Estudiante,2do grado,SAN PEDRO DE MACORIS,3621,30106.1,8685
2023,10,IQS,Estudiante,2do grado,SANTIAGO,3567,22282.5,7124
2023,10,IQS,Estudiante,2do grado,SANTO DOMINGO,13862,94086.1,28830
2023,10,IQS,Estudiante,2do grado,Sin ubicación,6755,42684.2,13786
2023,10,IQS,Estudiante,3er grado,AZUA,3,1.4,3
2023,10,IQS,Estudiante,3er grado,COTUI,2,5.3,2
2023,10,IQS,Estudiante,3er grado,HIGUEY,35,153.1,38
2023,10,IQS,Estudiante,3er grado,LA VEGA,7,15.6,9
2023,10,IQS,Estudiante,3er grado,MAO,1,0.3,3
2023,10,IQS,Estudiante,3er grado,MONTE PLATA,4,16.2,5
2023,10,IQS,Estudiante,3er grado,NAGUA,4,2.4,7
2023,10,IQS,Estudiante,3er grado,PUERTO PLATA,5,13.3,8
2023,10,IQS,Estudiante,3er grado,SAN CRISTOBAL,19,54.3,30
2023,10,IQS,Estudiante,3er grado,SAN FRANCISCO DE MACORIS,3,2.8,3
2023,10,IQS,Estudiante,3er grado,SAN PEDRO DE MACORIS,5,21.1,8
2023,10,IQS,Estudiante,3er grado,SANTIAGO,8,31.1,15
2023,10,IQS,Estudiante,3er grado,SANTO DOMINGO,90,371.7,173
2023,10,IQS,Estudiante,3er grado,Sin ubicación,48,73.9,78
2023,10,IQS,Estudiante,4to grado,AZUA,4,8.1,7
2023,10,IQS,Estudiante,4to grado,HIGUEY,3,5.6,4
2023,10,IQS,Estudiante,4to grado,LA VEGA,4,2.2,4
2023,10,IQS,Estudiante,4to grado,NAGUA,1,0.6,4
2023,10,IQS,Estudiante,4to grado,SAN CRISTOBAL,2,10.3,3
2023,10,IQS,Estudiante,4to grado,SAN FRANCISCO DE MACORIS,1,0.8,1
2023,10,IQS,Estudiante,4to grado,SAN PEDRO DE MACORIS,12,69.4,29
2023,10,IQS,Estudiante,4to grado,SANTIAGO,11,22.4,13
2023,10,IQS,Estudiante,4to grado,SANTO DOMINGO,36,123.5,46
2023,10,IQS,Estudiante,4to grado,Sin ubicación,27,96.7,42
2023,10,IQS,Estudiante,5to grado,AZUA,8,29.8,10
2023,10,IQS,Estudiante,5to grado,BAHORUCO,1,1.2,4
2023,10,IQS,Estudiante,5to grado,BARAHONA,1,1.7,1
2023,10,IQS,Estudiante,5to grado,COTUI,1,4.5,3
2023,10,IQS,Estudiante,5to grado,HIGUEY,11,21.4,15
2023,10,IQS,Estudiante,5to grado,LA VEGA,14,44.0,21
2023,10,IQS,Estudiante,5to grado,MAO,4,5.9,6
2023,10,IQS,Estudiante,5to grado,MONTE CRISTI,1,0.2,1
2023,10,IQS,Estudiante,5to grado,MONTE PLATA,7,16.3,12
2023,10,IQS,Estudiante,5to grado,NAGUA,1,7.1,1
2023,10,IQS,Estudiante,5to grado,PUERTO PLATA,10,19.6,19
2023,10,IQS,Estudiante,5to grado,SAN CRISTOBAL,305,2572.8,854
2023,10,IQS,Estudiante,5to grado,SAN FRANCISCO DE MACORIS,3,0.6,4
2023,10,IQS,Estudiante,5to grado,SAN PEDRO DE MACORIS,29,90.5,46
2023,10,IQS,Estudiante,5to grado,SANTIAGO,45,87.7,74
2023,10,IQS,Estudiante,5to grado,SANTO DOMINGO,187,438.8,298
2023,10,IQS,Estudiante,5to grado,Sin ubicación,200,512.0,303
2023,10,IQS,Estudiante,6to grado,AZUA,80,359.9,191
2023,10,IQS,Estudiante,6to grado,BAHORUCO,1,1.3,4
2023,10,IQS,Estudiante,6to grado,BARAHONA,4,1.7,7
2023,10,IQS,Estudiante,6to grado,COTUI,13,17.9,20
2023,10,IQS,Estudiante,6to grado,HIGUEY,21,19.2,47
2023,10,IQS,Estudiante,6to grado,LA VEGA,38,199.0,83
2023,10,IQS,Estudiante,6to grado,MAO,3,0.8,4
2023,10,IQS,Estudiante,6to grado,MONTE CRISTI,8,40.4,12
2023,10,IQS,Estudiante,6to grado,MONTE PLATA,5,2.5,6
2023,10,IQS,Estudiante,6to grado,NAGUA,4,4.1,6
2023,10,IQS,Estudiante,6to grado,PUERTO PLATA,9,151.4,25
2023,10,IQS,Estudiante,6to grado,SAN CRISTOBAL,30,57.9,47
2023,10,IQS,Estudiante,6to grado,SAN FRANCISCO DE MACORIS,25,46.4,42
2023,10,IQS,Estudiante,6to grado,SAN JUAN DE LA MAGUANA,2,1.7,2
2023,10,IQS,Estudiante,6to grado,SAN PEDRO DE MACORIS,84,981.1,263
2023,10,IQS,Estudiante,6to grado,SANTIAGO,85,178.4,138
2023,10,IQS,Estudiante,6to grado,SANTO DOMINGO,203,634.0,334
2023,10,IQS,Estudiante,6to grado,Sin ubicación,215,572.2,385
2023,10,IQS,Estudiante,No especificado,BAHORUCO,3,5.3,3
2023,10,IQS,Estudiante,No especificado,COTUI,8,19.2,11
2023,10,IQS,Estudiante,No especificado,HIGUEY,17,67.0,38
2023,10,IQS,Estudiante,No especificado,LA VEGA,30,166.1,41
2023,10,IQS,Estudiante,No especificado,MONTE CRISTI,2,16.0,4
2023,10,IQS,Estudiante,No especificado,MONTE PLATA,1,7.7,1
2023,10,IQS,Estudiante,No especificado,PUERTO PLATA,11,116.0,39
2023,10,IQS,Estudiante,No especificado,SAN CRISTOBAL,34,256.9,94
2023,10,IQS,Estudiante,No especificado,SAN FRANCISCO DE MACORIS,9,122.2,31
2023,10,IQS,Estudiante,No especificado,SAN JUAN DE LA MAGUANA,1,1.6,3
2023,10,IQS,Estudiante,No especificado,SAN PEDRO DE MACORIS,20,160.2,41
2023,10,IQS,Estudiante,No especificado,SANTIAGO,38,234.0,96
2023,10,IQS,Estudiante,No especificado,SANTO DOMINGO,109,717.7,217
2023,10,IQS,Estudiante,No especificado,Sin ubicación,57,513.9,144
2023,10,IQS,Invitado,4to grado,SAN CRISTOBAL,2,9.8,4
2023,10,IQS,Invitado,4to grado,SANTIAGO,1,3.5,2
2023,10,IQS,Invitado,4to grado,Sin ubicación,74,440.1,159
2023,10,IQS,Invitado,6to grado,HIGUEY,1,6.4,2
2023,10,IQS,Invitado,6to grado,LA VEGA,3,5.6,5
2023,10,IQS,Invitado,6to grado,MONTE CRISTI,1,1.5,1
2023,10,IQS,Invitado,6to grado,SAN CRISTOBAL,1,0.9,1
2023,10,IQS,Invitado,6to grado,SANTIAGO,1,3.1,3
2023,10,IQS,Invitado,6to grado,SANTO DOMINGO,9,43.4,18
2023,10,IQS,Invitado,6to grado,Sin ubicación,409,1392.2,572
2023,10,IQS,Invitado,No especificado,Sin ubicación,2,2.7,3
2023,11,IQ512,Admin,No especificado,Sin ubicación,2,1.8,3
2023,11,IQ512,Editor,No especificado,Sin ubicación,1,1.0,2
2023,11,IQ512,Estudiante,No especificado,AZUA,5,5.1,5
2023,11,IQ512,Estudiante,No especificado,BAHORUCO,3,3.0,4
2023,11,IQ512,Estudiante,No especificado,BARAHONA,5,4.9,14
2023,11,IQ512,Estudiante,No especificado,COTUI,3,2.0,5
2023,11,IQ512,Estudiante,No especificado,HIGUEY,4,1.7,4
2023,11,IQ512,Estudiante,No especificado,LA VEGA,7,3.3,8
2023,11,IQ512,Estudiante,No especificado,MAO,8,6.9,13
2023,11,IQ512,Estudiante,No especificado,MONTE CRISTI,3,2.7,5
2023,11,IQ512,Estudiante,No especificado,NAGUA,1,0.6,1
2023,11,IQ512,Estudiante,No especificado,PUERTO PLATA,2,0.6,2
2023,11,IQ512,Estudiante,No especificado,SAN CRISTOBAL,5,1.4,6
2023,11,IQ512,Estudiante,No especificado,SAN FRANCISCO DE MACORIS,8,5.9,11
2023,11,IQ512,Estudiante,No especificado,SAN JUAN DE LA MAGUANA,3,5.2,5
2023,11,IQ512,Estudiante,No especificado,SAN PEDRO DE MACORIS,4,1.7,5
2023,11,IQ512,Estudiante,No especificado,SANTIAGO,7,3.1,8
2023,11,IQ512,Estudiante,No especificado,SANTO DOMINGO,38,57.5,59
2023,11,IQ512,Estudiante,No especificado,Sin ubicación,200,293.3,298
2023,11,IQP,Admin,No especificado,Sin ubicación,1,1.3,4
2023,11,IQP,Docente,1er grado,Sin ubicación,2,52.6,22
2023,11,IQP,Docente,2do grado,COTUI,1,0.4,1
2023,11,IQP,Docente,2do grado,LA VEGA,1,2.3,1
2023,11,IQP,Docente,2do grado,SANTIAGO,2,8.0,4
2023,11,IQP,Docente,3er grado,BARAHONA,1,0.2,1
2023,11,IQP,Docente,4to grado,AZUA,1,5.3,1
2023,11,IQP,Docente,4to grado,BARAHONA,1,0.0,1
2023,11,IQP,Docente,4to grado,HIGUEY,1,10.6,6
2023,11,IQP,Docente,4to grado,LA VEGA,3,1.7,4
2023,11,IQP,Docente,4to grado,MONTE CRISTI,3,1.7,5
2023,11,IQP,Docente,4to grado,NAGUA,1,0.4,1
2023,11,IQP,Docente,4to grado,SAN CRISTOBAL,1,3.5,2
2023,11,IQP,Docente,4to grado,SAN FRANCISCO DE MACORIS,1,0.5,2
2023,11,IQP,Docente,4to grado,SAN PEDRO DE MACORIS,1,0.1,1
2023,11,IQP,Docente,4to grado,SANTIAGO,4,10.6,4
2023,11,IQP,Docente,4to grado,SANTO DOMINGO,13,97.7,45
2023,11,IQP,Docente,4to grado,Sin ubicación,11,44.6,24
2023,11,IQP,Docente,5to grado,AZUA,25,233.2,76
2023,11,IQP,Docente,5to grado,BAHORUCO,18,32.7,30
2023,11,IQP,Docente,5to grado,BARAHONA,4,2.5,4
2023,11,IQP,Docente,5to grado,COTUI,15,70.9,29
2023,11,IQP,Docente,5to grado,HIGUEY,152,1028.3,405
2023,11,IQP,Docente,5to grado,LA VEGA,15,25.8,23
2023,11,IQP,Docente,5to grado,MAO,17,26.1,26
2023,11,IQP,Docente,5to grado,MONTE CRISTI,5,52.4,17
2023,11,IQP,Docente,5to grado,NAGUA,20,122.7,61
2023,11,IQP,Docente,5to grado,PUERTO PLATA,14,29.2,24
2023,11,IQP,Docente,5to grado,SAN CRISTOBAL,21,76.5,31
2023,11,IQP,Docente,5to grado,SAN FRANCISCO DE MACORIS,18,40.0,37
2023,11,IQP,Docente,5to grado,SAN JUAN DE LA MAGUANA,7,11.0,8
2023,11,IQP,Docente,5to grado,SAN PEDRO DE MACORIS,124,633.4,292
2023,11,IQP,Docente,5to grado,SANTIAGO,131,926.9,320
2023,11,IQP,Docente,5to grado,SANTO DOMINGO,415,1904.7,872
2023,11,IQP,Docente,5to grado,Sin ubicación,151,536.7,279
2023,11,IQP,Docente,6to grado,AZUA,1,0.8,1
2023,11,IQP,Docente,6to grado,COTUI,5,56.5,10
2023,11,IQP,Docente,6to grado,HIGUEY,9,74.4,18
2023,11,IQP,Docente,6to grado,LA VEGA,5,105.9,17
2023,11,IQP,Docente,6to grado,MAO,3,25.7,18
2023,11,IQP,Docente,6to grado,MONTE CRISTI,1,9.1,2
2023,11,IQP,Docente,6to grado,MONTE PLATA,1,18.0,4
2023,11,IQP,Docente,6to grado,NAGUA,3,6.0,4
2023,11,IQP,Docente,6to grado,PUERTO PLATA,5,15.5,8
2023,11,IQP,Docente,6to grado,SAN CRISTOBAL,14,49.0,26
2023,11,IQP,Docente,6to grado,SAN FRANCISCO DE MACORIS,7,15.6,13
2023,11,IQP,Docente,6to grado,SAN PEDRO DE MACORIS,6,20.5,8
2023,11,IQP,Docente,6to grado,SANTIAGO,12,30.5,19
2023,11,IQP,Docente,6to grado,SANTO DOMINGO,22,131.8,39
2023,11,IQP,Docente,6to grado,Sin ubicación,27,53.8,51
2023,11,IQP,Docente,No especificado,LA VEGA,1,7.5,2
2023,11,IQP,Docente,No especificado,SAN FRANCISCO DE MACORIS,1,1.2,4
2023,11,IQP,Docente,No especificado,SANTIAGO,2,5.5,4
2023,11,IQP,Docente,No especificado,SANTO DOMINGO,4,10.5,6
2023,11,IQP,Docente,No especificado,Sin ubicación,2,1.3,2
2023,11,IQP,Estudiante,1er grado,BAHORUCO,1,0.8,1
2023,11,IQP,Estudiante,1er grado,HIGUEY,2,5.9,2
2023,11,IQP,Estudiante,1er grado,LA VEGA,1,0.2,1
2023,11,IQP,Estudiante,1er grado,MAO,1,0.3,1
2023,11,IQP,Estudiante,1er grado,MONTE CRISTI,1,1.9,2
2023,11,IQP,Estudiante,1er grado,SAN PEDRO DE MACORIS,1,1.9,1
2023,11,IQP,Estudiante,1er grado,SANTIAGO,2,0.9,2
2023,11,IQP,Estudiante,1er grado,SANTO DOMINGO,12,22.2,24
2023,11,IQP,Estudiante,1er grado,Sin ubicación,7,8.9,14
2023,11,IQP,Estudiante,2do grado,AZUA,9,3.3,9
2023,11,IQP,Estudiante,2do grado,BARAHONA,23,19.4,27
2023,11,IQP,Estudiante,2do grado,COTUI,1,6.8,2
2023,11,IQP,Estudiante,2do grado,HIGUEY,11,21.2,14
2023,11,IQP,Estudiante,2do grado,LA VEGA,3,2.0,3
2023,11,IQP,Estudiante,2do grado,MONTE CRISTI,4,7.8,7
2023,11,IQP,Estudiante,2do grado,MONTE PLATA,1,0.3,1
2023,11,IQP,Estudiante,2do grado,NAGUA,1,1.7,2
2023,11,IQP,Estudiante,2do grado,SAN CRISTOBAL,2,2.6,4
2023,11,IQP,Estudiante,2do grado,SAN JUAN DE LA MAGUANA,7,5.9,7
2023,11,IQP,Estudiante,2do grado,SAN PEDRO DE MACORIS,74,208.4,80
2023,11,IQP,Estudiante,2do grado,SANTIAGO,63,34.8,74
2023,11,IQP,Estudiante,2do grado,SANTO DOMINGO,215,283.8,233
2023,11,IQP,Estudiante,2do grado,Sin ubicación,148,150.4,173
2023,11,IQP,Estudiante,3er grado,AZUA,1,3.9,3
2023,11,IQP,Estudiante,3er grado,HIGUEY,4,10.0,5
2023,11,IQP,Estudiante,3er grado,SAN FRANCISCO DE MACORIS,1,1.3,1
2023,11,IQP,Estudiante,3er grado,SAN PEDRO DE MACORIS,1,0.2,1
2023,11,IQP,Estudiante,3er grado,SANTIAGO,2,1.3,2
2023,11,IQP,Estudiante,3er grado,SANTO DOMINGO,20,113.4,31
2023,11,IQP,Estudiante,3er grado,Sin ubicación,20,41.6,34
2023,11,IQP,Estudiante,4to grado,AZUA,3,0.9,3
2023,11,IQP,Estudiante,4to grado,HIGUEY,24,37.8,26
2023,11,IQP,Estudiante,4to grado,MAO,2,3.3,6
2023,11,IQP,Estudiante,4to grado,SAN CRISTOBAL,1,2.9,2
2023,11,IQP,Estudiante,4to grado,SAN PEDRO DE MACORIS,2,2.3,6
2023,11,IQP,Estudiante,4to grado,SANTIAGO,10,10.4,18
2023,11,IQP,Estudiante,4to grado,SANTO DOMINGO,29,57.8,41
2023,11,IQP,Estudiante,4to grado,Sin ubicación,11,12.7,20
2023,11,IQP,Estudiante,5to grado,AZUA,157,346.6,228
2023,11,IQP,Estudiante,5to grado,BAHORUCO,145,446.9,228
2023,11,IQP,Estudiante,5to grado,BARAHONA,3,8.6,7
2023,11,IQP,Estudiante,5to grado,COTUI,54,88.0,62
2023,11,IQP,Estudiante,5to grado,HIGUEY,2283,8465.4,3586
2023,11,IQP,Estudiante,5to grado,LA VEGA,80,351.3,116
2023,11,IQP,Estudiante,5to grado,MAO,19,21.9,28
2023,11,IQP,Estudiante,5to grado,MONTE CRISTI,124,627.0,240
2023,11,IQP,Estudiante,5to grado,MONTE PLATA,2,7.6,4
2023,11,IQP,Estudiante,5to grado,NAGUA,90,285.4,168
2023,11,IQP,Estudiante,5to grado,PUERTO PLATA,60,808.2,77
2023,11,IQP,Estudiante,5to grado,SAN CRISTOBAL,77,111.3,87
2023,11,IQP,Estudiante,5to grado,SAN FRANCISCO DE MACORIS,67,112.8,97
2023,11,IQP,Estudiante,5to grado,SAN JUAN DE LA MAGUANA,48,252.7,50
2023,11,IQP,Estudiante,5to grado,SAN PEDRO DE MACORIS,2240,8536.1,3478
2023,11,IQP,Estudiante,5to grado,SANTIAGO,2297,9257.6,3690
2023,11,IQP,Estudiante,5to grado,SANTO DOMINGO,4050,14291.3,6892
2023,11,IQP,Estudiante,5to grado,Sin ubicación,977,3900.5,1610
2023,11,IQP,Estudiante,6to grado,AZUA,96,217.4,191
2023,11,IQP,Estudiante,6to grado,BAHORUCO,2,0.7,2
2023,11,IQP,Estudiante,6to grado,COTUI,1,6.2,1
2023,11,IQP,Estudiante,6to grado,HIGUEY,7,26.1,13
2023,11,IQP,Estudiante,6to grado,MAO,5,4.0,8
2023,11,IQP,Estudiante,6to grado,MONTE CRISTI,1,7.6,1
2023,11,IQP,Estudiante,6to grado,PUERTO PLATA,1,1.2,2
2023,11,IQP,Estudiante,6to grado,SAN CRISTOBAL,1,0.8,1
2023,11,IQP,Estudiante,6to grado,SAN FRANCISCO DE MACORIS,2,0.6,2
2023,11,IQP,Estudiante,6to grado,SAN PEDRO DE MACORIS,47,99.7,58
2023,11,IQP,Estudiante,6to grado,SANTIAGO,215,898.0,223
2023,11,IQP,Estudiante,6to grado,SANTO DOMINGO,55,97.8,78
2023,11,IQP,Estudiante,6to grado,Sin ubicación,35,58.2,46
2023,11,IQP,Estudiante,No especificado,Sin ubicación,1,3.0,3
2023,11,IQP,Parent,No especificado,Sin ubicación,21,35.3,25
2023,11,IQP,Sin rol,No especificado,Sin ubicación,1,114.2,16
2023,11,IQS,Admin,No especificado,Sin ubicación,1,6.9,4
2023,11,IQS,Docente,1er grado,AZUA,3,20.6,12
2023,11,IQS,Docente,1er grado,BARAHONA,1,0.5,4
2023,11,IQS,Docente,1er grado,LA VEGA,1,0.9,1
2023,11,IQS,Docente,1er grado,MONTE CRISTI,1,8.0,1
2023,11,IQS,Docente,1er grado,PUERTO PLATA,3,1.4,3
2023,11,IQS,Docente,1er grado,SAN CRISTOBAL,3,4.5,6
2023,11,IQS,Docente,1er grado,SAN FRANCISCO DE MACORIS,1,1.1,2
2023,11,IQS,Docente,1er grado,SAN PEDRO DE MACORIS,3,1.8,4
2023,11,IQS,Docente,1er grado,SANTIAGO,7,25.5,13
2023,11,IQS,Docente,1er grado,SANTO DOMINGO,13,72.2,42
2023,11,IQS,Docente,1er grado,Sin ubicación,6,19.4,9
2023,11,IQS,Docente,4to grado,AZUA,35,103.7,77
2023,11,IQS,Docente,4to grado,BAHORUCO,17,60.4,34
2023,11,IQS,Docente,4to grado,BARAHONA,8,20.8,13
2023,11,IQS,Docente,4to grado,COTUI,10,42.6,15
2023,11,IQS,Docente,4to grado,HIGUEY,56,335.1,141
2023,11,IQS,Docente,4to grado,LA VEGA,11,159.0,31
2023,11,IQS,Docente,4to grado,MAO,10,14.4,20
2023,11,IQS,Docente,4to grado,MONTE CRISTI,26,249.5,92
2023,11,IQS,Docente,4to grado,MONTE PLATA,3,1.9,4
2023,11,IQS,Docente,4to grado,NAGUA,12,31.2,25
2023,11,IQS,Docente,4to grado,PUERTO PLATA,15,68.7,46
2023,11,IQS,Docente,4to grado,SAN CRISTOBAL,29,72.3,39
2023,11,IQS,Docente,4to grado,SAN FRANCISCO DE MACORIS,11,39.5,18
2023,11,IQS,Docente,4to grado,SAN JUAN DE LA MAGUANA,3,1.1,3
2023,11,IQS,Docente,4to grado,SAN PEDRO DE MACORIS,110,572.8,259
2023,11,IQS,Docente,4to grado,SANTIAGO,168,713.6,400
2023,11,IQS,Docente,4to grado,SANTO DOMINGO,487,2400.9,1203
2023,11,IQS,Docente,4to grado,Sin ubicación,201,723.4,421
2023,11,IQS,Docente,6to grado,AZUA,2,3.2,2
2023,11,IQS,Docente,6to grado,COTUI,1,0.3,1
2023,11,IQS,Docente,6to grado,HIGUEY,1,2.4,6
2023,11,IQS,Docente,6to grado,LA VEGA,5,5.5,5
2023,11,IQS,Docente,6to grado,SAN CRISTOBAL,10,13.4,18
2023,11,IQS,Docente,6to grado,SAN FRANCISCO DE MACORIS,2,1.8,3
2023,11,IQS,Docente,6to grado,SAN PEDRO DE MACORIS,16,25.5,20
2023,11,IQS,Docente,6to grado,SANTIAGO,15,48.9,43
2023,11,IQS,Docente,6to grado,SANTO DOMINGO,20,84.4,52
2023,11,IQS,Docente,6to grado,Sin ubicación,22,51.9,39
2023,11,IQS,Docente,No especificado,NAGUA,1,7.9,2
2023,11,IQS,Docente,No especificado,SAN PEDRO DE MACORIS,2,2.4,3
2023,11,IQS,Docente,No especificado,SANTIAGO,1,3.2,1
2023,11,IQS,Docente,No especificado,SANTO DOMINGO,5,10.9,7
2023,11,IQS,Docente,No especificado,Sin ubicación,4,10.0,5
2023,11,IQS,Editor,No especificado,SANTIAGO,1,47.8,10
2023,11,IQS,Estudiante,1er grado,AZUA,7,18.5,11
2023,11,IQS,Estudiante,1er grado,COTUI,1,1.0,2
2023,11,IQS,Estudiante,1er grado,HIGUEY,11,15.7,23
2023,11,IQS,Estudiante,1er grado,LA VEGA,1,0.5,2
2023,11,IQS,Estudiante,1er grado,MAO,1,0.2,2
2023,11,IQS,Estudiante,1er grado,MONTE CRISTI,9,18.0,37
2023,11,IQS,Estudiante,1er grado,MONTE PLATA,1,0.2,2
2023,11,IQS,Estudiante,1er grado,NAGUA,3,5.7,16
2023,11,IQS,Estudiante,1er grado,PUERTO PLATA,1,2.2,2
2023,11,IQS,Estudiante,1er grado,SAN CRISTOBAL,2,1.8,2
2023,11,IQS,Estudiante,1er grado,SAN PEDRO DE MACORIS,11,16.9,25
2023,11,IQS,Estudiante,1er grado,SANTIAGO,21,46.8,43
2023,11,IQS,Estudiante,1er grado,SANTO DOMINGO,101,113.7,233
2023,11,IQS,Estudiante,1er grado,Sin ubicación,45,37.4,81
2023,11,IQS,Estudiante,2do grado,AZUA,306,1395.0,576
2023,11,IQS,Estudiante,2do grado,BAHORUCO,144,1134.5,189
2023,11,IQS,Estudiante,2do grado,BARAHONA,12,16.5,20
2023,11,IQS,Estudiante,2do grado,COTUI,80,186.2,88
2023,11,IQS,Estudiante,2do grado,HIGUEY,931,2757.8,1666
2023,11,IQS,Estudiante,2do grado,LA VEGA,254,1340.2,562
2023,11,IQS,Estudiante,2do grado,MAO,51,115.3,119
2023,11,IQS,Estudiante,2do grado,MONTE CRISTI,423,2746.8,1366
2023,11,IQS,Estudiante,2do grado,MONTE PLATA,5,3.2,6
2023,11,IQS,Estudiante,2do grado,NAGUA,79,96.5,189
2023,11,IQS,Estudiante,2do grado,PUERTO PLATA,143,1824.2,255
2023,11,IQS,Estudiante,2do grado,SAN CRISTOBAL,99,244.4,110
2023,11,IQS,Estudiante,2do grado,SAN FRANCISCO DE MACORIS,139,304.3,181
2023,11,IQS,Estudiante,2do grado,SAN JUAN DE LA MAGUANA,38,63.7,39
2023,11,IQS,Estudiante,2do grado,SAN PEDRO DE MACORIS,1662,6854.2,2661
2023,11,IQS,Estudiante,2do grado,SANTIAGO,3767,8475.6,6885
2023,11,IQS,Estudiante,2do grado,SANTO DOMINGO,7288,26169.6,15862
2023,11,IQS,Estudiante,2do grado,Sin ubicación,2658,9352.5,5040
2023,11,IQS,Estudiante,3er grado,AZUA,6,15.0,27
2023,11,IQS,Estudiante,3er grado,COTUI,1,1.0,2
2023,11,IQS,Estudiante,3er grado,HIGUEY,5,25.0,6
2023,11,IQS,Estudiante,3er grado,LA VEGA,2,0.5,2
2023,11,IQS,Estudiante,3er grado,MONTE PLATA,1,0.4,1
2023,11,IQS,Estudiante,3er grado,NAGUA,1,0.4,2
2023,11,IQS,Estudiante,3er grado,SAN CRISTOBAL,2,1.4,4
2023,11,IQS,Estudiante,3er grado,SAN PEDRO DE MACORIS,3,3.2,4
2023,11,IQS,Estudiante,3er grado,SANTIAGO,6,2.8,6
2023,11,IQS,Estudiante,3er grado,SANTO DOMINGO,40,72.3,83
2023,11,IQS,Estudiante,3er grado,Sin ubicación,12,7.9,15
2023,11,IQS,Estudiante,4to grado,AZUA,9,9.2,17
2023,11,IQS,Estudiante,4to grado,BAHORUCO,1,0.2,2
2023,11,IQS,Estudiante,4to grado,COTUI,3,5.2,5
2023,11,IQS,Estudiante,4to grado,MONTE CRISTI,1,0.5,2
2023,11,IQS,Estudiante,4to grado,MONTE PLATA,1,0.1,1
2023,11,IQS,Estudiante,4to grado,PUERTO PLATA,1,0.4,1
2023,11,IQS,Estudiante,4to grado,SAN CRISTOBAL,1,0.2,1
2023,11,IQS,Estudiante,4to grado,SAN FRANCISCO DE MACORIS,1,0.6,1
2023,11,IQS,Estudiante,4to grado,SAN JUAN DE LA MAGUANA,1,2.2,2
2023,11,IQS,Estudiante,4to grado,SAN PEDRO DE MACORIS,2,0.5,3
2023,11,IQS,Estudiante,4to grado,SANTIAGO,11,17.0,14
2023,11,IQS,Estudiante,4to grado,SANTO DOMINGO,25,80.6,38
2023,11,IQS,Estudiante,4to grado,Sin ubicación,13,32.2,21
2023,11,IQS,Estudiante,5to grado,AZUA,4,2.2,6
2023,11,IQS,Estudiante,5to grado,COTUI,1,0.6,2
2023,11,IQS,Estudiante,5to grado,HIGUEY,19,20.2,36
2023,11,IQS,Estudiante,5to grado,MAO,1,1.5,3
2023,11,IQS,Estudiante,5to grado,MONTE CRISTI,2,1.3,3
2023,11,IQS,Estudiante,5to grado,MONTE PLATA,3,2.4,4
2023,11,IQS,Estudiante,5to grado,NAGUA,1,0.3,2
2023,11,IQS,Estudiante,5to grado,PUERTO PLATA,2,2.4,2
2023,11,IQS,Estudiante,5to grado,SAN CRISTOBAL,35,50.8,37
2023,11,IQS,Estudiante,5to grado,SAN FRANCISCO DE MACORIS,1,0.6,1
2023,11,IQS,Estudiante,5to grado,SAN PEDRO DE MACORIS,11,31.2,12
2023,11,IQS,Estudiante,5to grado,SANTIAGO,31,28.6,40
2023,11,IQS,Estudiante,5to grado,SANTO DOMINGO,45,44.5,64
2023,11,IQS,Estudiante,5to grado,Sin ubicación,51,55.9,118
2023,11,IQS,Estudiante,6to grado,AZUA,38,33.1,87
2023,11,IQS,Estudiante,6to grado,BAHORUCO,2,3.2,12
2023,11,IQS,Estudiante,6to grado,BARAHONA,3,1.7,7
2023,11,IQS,Estudiante,6to grado,COTUI,21,16.9,42
2023,11,IQS,Estudiante,6to grado,HIGUEY,18,16.8,33
2023,11,IQS,Estudiante,6to grado,LA VEGA,14,31.7,29
2023,11,IQS,Estudiante,6to grado,MONTE CRISTI,3,1.1,6
2023,11,IQS,Estudiante,6to grado,MONTE PLATA,3,3.9,3
2023,11,IQS,Estudiante,6to grado,NAGUA,4,3.9,8
2023,11,IQS,Estudiante,6to grado,PUERTO PLATA,4,1.4,6
2023,11,IQS,Estudiante,6to grado,SAN CRISTOBAL,8,5.5,11
2023,11,IQS,Estudiante,6to grado,SAN FRANCISCO DE MACORIS,11,11.5,27
2023,11,IQS,Estudiante,6to grado,SAN JUAN DE LA MAGUANA,2,0.6,3
2023,11,IQS,Estudiante,6to grado,SAN PEDRO DE MACORIS,53,86.1,112
2023,11,IQS,Estudiante,6to grado,SANTIAGO,42,82.1,59
2023,11,IQS,Estudiante,6to grado,SANTO DOMINGO,302,421.8,579
2023,11,IQS,Estudiante,6to grado,Sin ubicación,186,237.5,408
2023,11,IQS,Estudiante,No especificado,BAHORUCO,1,1.8,1
2023,11,IQS,Estudiante,No especificado,COTUI,1,0.6,1
2023,11,IQS,Estudiante,No especificado,HIGUEY,5,8.1,13
2023,11,IQS,Estudiante,No especificado,LA VEGA,1,7.9,3
2023,11,IQS,Estudiante,No especificado,SAN CRISTOBAL,3,0.3,3
2023,11,IQS,Estudiante,No especificado,SAN FRANCISCO DE MACORIS,1,2.0,1
2023,11,IQS,Estudiante,No especificado,SAN PEDRO DE MACORIS,4,14.7,4
2023,11,IQS,Estudiante,No especificado,SANTIAGO,5,3.9,6
2023,11,IQS,Estudiante,No especificado,SANTO DOMINGO,15,30.9,24
2023,11,IQS,Estudiante,No especificado,Sin ubicación,3,5.4,5
2023,11,IQS,Invitado,4to grado,Sin ubicación,5,28.5,9
2023,11,IQS,Invitado,6to grado,HIGUEY,1,3.3,2
2023,11,IQS,Invitado,6to grado,MONTE CRISTI,1,0.6,2
2023,11,IQS,Invitado,6to grado,SAN PEDRO DE MACORIS,1,18.3,4
2023,11,IQS,Invitado,6to grado,SANTIAGO,2,1.8,2
2023,11,IQS,Invitado,6to grado,SANTO DOMINGO,6,16.4,11
2023,11,IQS,Invitado,6to grado,Sin ubicación,224,557.7,323
2023,11,IQS,Invitado,No especificado,Sin ubicación,1,3.2,1
2023,12,IQ512,Admin,No especificado,Sin ubicación,2,1.6,2
2023,12,IQ512,Editor,No especificado,Sin ubicación,1,2.4,2
2023,12,IQ512,Estudiante,No especificado,AZUA,6,2.3,6
2023,12,IQ512,Estudiante,No especificado,BAHORUCO,2,0.6,2
2023,12,IQ512,Estudiante,No especificado,BARAHONA,2,2.0,6
2023,12,IQ512,Estudiante,No especificado,COTUI,4,3.1,6
2023,12,IQ512,Estudiante,No especificado,HIGUEY,3,1.4,4
2023,12,IQ512,Estudiante,No especificado,LA VEGA,8,5.5,10
2023,12,IQ512,Estudiante,No especificado,MAO,5,4.0,9
2023,12,IQ512,Estudiante,No especificado,MONTE CRISTI,2,0.6,2
2023,12,IQ512,Estudiante,No especificado,MONTE PLATA,1,0.1,1
2023,12,IQ512,Estudiante,No especificado,NAGUA,3,1.4,5
2023,12,IQ512,Estudiante,No especificado,PUERTO PLATA,2,0.9,2
2023,12,IQ512,Estudiante,No especificado,SAN CRISTOBAL,5,1.8,6
2023,12,IQ512,Estudiante,No especificado,SAN FRANCISCO DE MACORIS,5,2.2,5
2023,12,IQ512,Estudiante,No especificado,SAN JUAN DE LA MAGUANA,1,0.6,1
2023,12,IQ512,Estudiante,No especificado,SAN PEDRO DE MACORIS,3,1.3,3
2023,12,IQ512,Estudiante,No especificado,SANTIAGO,4,2.2,4
2023,12,IQ512,Estudiante,No especificado,SANTO DOMINGO,19,15.2,30
2023,12,IQ512,Estudiante,No especificado,Sin ubicación,101,58.1,144
2023,12,IQP,Admin,No especificado,Sin ubicación,1,1.2,5
2023,12,IQP,Docente,1er grado,Sin ubicación,2,23.7,14
2023,12,IQP,Docente,4to grado,HIGUEY,1,3.1,3
2023,12,IQP,Docente,4to grado,LA VEGA,2,1.4,2
2023,12,IQP,Docente,4to grado,MONTE CRISTI,2,0.9,2
2023,12,IQP,Docente,4to grado,SAN JUAN DE LA MAGUANA,1,3.6,3
2023,12,IQP,Docente,4to grado,SANTO DOMINGO,3,3.5,4
2023,12,IQP,Docente,4to grado,Sin ubicación,4,3.9,6
2023,12,IQP,Docente,5to grado,AZUA,3,3.3,6
2023,12,IQP,Docente,5to grado,BAHORUCO,1,0.5,1
2023,12,IQP,Docente,5to grado,COTUI,1,0.3,1
2023,12,IQP,Docente,5to grado,HIGUEY,24,25.7,36
2023,12,IQP,Docente,5to grado,MAO,5,3.3,6
2023,12,IQP,Docente,5to grado,MONTE PLATA,1,0.1,1
2023,12,IQP,Docente,5to grado,NAGUA,1,1.7,2
2023,12,IQP,Docente,5to grado,PUERTO PLATA,4,8.1,11
2023,12,IQP,Docente,5to grado,SAN CRISTOBAL,3,2.1,3
2023,12,IQP,Docente,5to grado,SAN FRANCISCO DE MACORIS,7,6.2,8
2023,12,IQP,Docente,5to grado,SAN JUAN DE LA MAGUANA,38,64.1,65
2023,12,IQP,Docente,5to grado,SAN PEDRO DE MACORIS,26,41.4,39
2023,12,IQP,Docente,5to grado,SANTIAGO,11,16.0,18
2023,12,IQP,Docente,5to grado,SANTO DOMINGO,60,74.3,94
2023,12,IQP,Docente,5to grado,Sin ubicación,31,32.1,44
2023,12,IQP,Docente,6to grado,COTUI,1,2.1,2
2023,12,IQP,Docente,6to grado,LA VEGA,2,3.0,5
2023,12,IQP,Docente,6to grado,MAO,1,1.4,4
2023,12,IQP,Docente,6to grado,PUERTO PLATA,2,2.0,2
2023,12,IQP,Docente,6to grado,SAN CRISTOBAL,2,1.5,2
2023,12,IQP,Docente,6to grado,SAN FRANCISCO DE MACORIS,2,5.6,6
2023,12,IQP,Docente,6to grado,SAN PEDRO DE MACORIS,1,1.5,1
2023,12,IQP,Docente,6to grado,SANTIAGO,3,2.0,5
2023,12,IQP,Docente,6to grado,SANTO DOMINGO,3,3.0,4
2023,12,IQP,Docente,6to grado,Sin ubicación,5,6.4,9
2023,12,IQP,Docente,No especificado,SAN PEDRO DE MACORIS,1,0.3,1
2023,12,IQP,Docente,No especificado,SANTO DOMINGO,1,4.3,5
2023,12,IQP,Estudiante,1er grado,SANTO DOMINGO,4,12.1,9
2023,12,IQP,Estudiante,1er grado,Sin ubicación,2,1.1,3
2023,12,IQP,Estudiante,2do grado,SAN JUAN DE LA MAGUANA,4,1.4,4
2023,12,IQP,Estudiante,2do grado,SAN PEDRO DE MACORIS,1,0.5,1
2023,12,IQP,Estudiante,2do grado,SANTIAGO,3,3.7,5
2023,12,IQP,Estudiante,2do grado,SANTO DOMINGO,14,4.3,15
2023,12,IQP,Estudiante,2do grado,Sin ubicación,12,6.9,14
2023,12,IQP,Estudiante,3er grado,SAN PEDRO DE MACORIS,1,0.3,1
2023,12,IQP,Estudiante,3er grado,SANTO DOMINGO,1,0.6,1
2023,12,IQP,Estudiante,3er grado,Sin ubicación,1,0.5,1
2023,12,IQP,Estudiante,4to grado,AZUA,1,1.3,3
2023,12,IQP,Estudiante,4to grado,SAN CRISTOBAL,1,0.4,1
2023,12,IQP,Estudiante,4to grado,SAN PEDRO DE MACORIS,1,1.0,1
2023,12,IQP,Estudiante,4to grado,SANTIAGO,1,0.3,1
2023,12,IQP,Estudiante,4to grado,SANTO DOMINGO,5,1.3,5
2023,12,IQP,Estudiante,4to grado,Sin ubicación,4,4.2,6
2023,12,IQP,Estudiante,5to grado,AZUA,4,1.5,4
2023,12,IQP,Estudiante,5to grado,BAHORUCO,4,2.2,4
2023,12,IQP,Estudiante,5to grado,BARAHONA,1,0.2,1
2023,12,IQP,Estudiante,5to grado,COTUI,2,1.2,2
2023,12,IQP,Estudiante,5to grado,HIGUEY,112,106.5,151
2023,12,IQP,Estudiante,5to grado,LA VEGA,5,2.1,6
2023,12,IQP,Estudiante,5to grado,MAO,7,4.0,9
2023,12,IQP,Estudiante,5to grado,MONTE CRISTI,1,0.8,1
2023,12,IQP,Estudiante,5to grado,NAGUA,3,0.5,3
2023,12,IQP,Estudiante,5to grado,PUERTO PLATA,2,1.1,2
2023,12,IQP,Estudiante,5to grado,SAN CRISTOBAL,9,7.4,11
2023,12,IQP,Estudiante,5to grado,SAN FRANCISCO DE MACORIS,7,2.4,8
2023,12,IQP,Estudiante,5to grado,SAN JUAN DE LA MAGUANA,134,150.6,190
2023,12,IQP,Estudiante,5to grado,SAN PEDRO DE MACORIS,52,63.8,68
2023,12,IQP,Estudiante,5to grado,SANTIAGO,37,47.1,53
2023,12,IQP,Estudiante,5to grado,SANTO DOMINGO,233,235.6,312
2023,12,IQP,Estudiante,5to grado,Sin ubicación,51,47.7,69
2023,12,IQP,Estudiante,6to grado,HIGUEY,1,0.3,1
2023,12,IQP,Estudiante,6to grado,NAGUA,1,0.2,1
2023,12,IQP,Estudiante,6to grado,SAN PEDRO DE MACORIS,2,0.8,2
2023,12,IQP,Estudiante,6to grado,SANTIAGO,2,1.0,3
2023,12,IQP,Estudiante,6to grado,SANTO DOMINGO,11,13.0,15
2023,12,IQP,Estudiante,6to grado,Sin ubicación,18,8.7,20
2023,12,IQP,Estudiante,No especificado,Sin ubicación,1,0.1,1
2023,12,IQP,Parent,No especificado,Sin ubicación,1,0.8,1
2023,12,IQP,Sin rol,No especificado,Sin ubicación,1,17.2,11
2023,12,IQS,Admin,No especificado,Sin ubicación,1,0.9,5
2023,12,IQS,Docente,1er grado,AZUA,2,2.4,4
2023,12,IQS,Docente,1er grado,MAO,1,0.1,2
2023,12,IQS,Docente,1er grado,PUERTO PLATA,1,0.7,1
2023,12,IQS,Docente,1er grado,SAN CRISTOBAL,2,2.9,5
2023,12,IQS,Docente,1er grado,SAN FRANCISCO DE MACORIS,1,0.7,1
2023,12,IQS,Docente,1er grado,SAN JUAN DE LA MAGUANA,1,0.9,1
2023,12,IQS,Docente,1er grado,SANTIAGO,3,18.1,9
2023,12,IQS,Docente,1er grado,SANTO DOMINGO,3,4.3,5
2023,12,IQS,Docente,4to grado,AZUA,4,3.9,5
2023,12,IQS,Docente,4to grado,BAHORUCO,5,4.4,5
2023,12,IQS,Docente,4to grado,COTUI,5,6.0,10
2023,12,IQS,Docente,4to grado,HIGUEY,13,11.2,20
2023,12,IQS,Docente,4to grado,LA VEGA,2,0.7,2
2023,12,IQS,Docente,4to grado,MONTE CRISTI,2,3.7,4
2023,12,IQS,Docente,4to grado,MONTE PLATA,1,0.3,1
2023,12,IQS,Docente,4to grado,NAGUA,9,15.3,21
2023,12,IQS,Docente,4to grado,PUERTO PLATA,2,1.0,3
2023,12,IQS,Docente,4to grado,SAN CRISTOBAL,9,10.3,14
2023,12,IQS,Docente,4to grado,SAN FRANCISCO DE MACORIS,5,6.4,12
2023,12,IQS,Docente,4to grado,SAN JUAN DE LA MAGUANA,22,68.3,45
2023,12,IQS,Docente,4to grado,SAN PEDRO DE MACORIS,13,17.9,23
2023,12,IQS,Docente,4to grado,SANTIAGO,14,15.6,25
2023,12,IQS,Docente,4to grado,SANTO DOMINGO,51,82.3,97
2023,12,IQS,Docente,4to grado,Sin ubicación,39,45.3,70
2023,12,IQS,Docente,6to grado,COTUI,1,0.5,1
2023,12,IQS,Docente,6to grado,SAN CRISTOBAL,1,0.5,1
2023,12,IQS,Docente,6to grado,SAN JUAN DE LA MAGUANA,1,5.6,3
2023,12,IQS,Docente,6to grado,SAN PEDRO DE MACORIS,1,0.0,1
2023,12,IQS,Docente,6to grado,SANTIAGO,1,0.3,1
2023,12,IQS,Docente,6to grado,SANTO DOMINGO,4,2.0,5
2023,12,IQS,Docente,6to grado,Sin ubicación,3,3.7,3
2023,12,IQS,Docente,No especificado,SAN FRANCISCO DE MACORIS,1,0.4,1
2023,12,IQS,Docente,No especificado,SANTO DOMINGO,1,0.3,1
2023,12,IQS,Editor,No especificado,SANTIAGO,1,2.6,5
2023,12,IQS,Estudiante,1er grado,BARAHONA,1,0.0,1
2023,12,IQS,Estudiante,1er grado,COTUI,1,0.3,1
2023,12,IQS,Estudiante,1er grado,LA VEGA,1,0.0,1
2023,12,IQS,Estudiante,1er grado,NAGUA,11,9.9,41
2023,12,IQS,Estudiante,1er grado,PUERTO PLATA,1,0.3,1
2023,12,IQS,Estudiante,1er grado,SAN JUAN DE LA MAGUANA,1,3.0,1
2023,12,IQS,Estudiante,1er grado,SAN PEDRO DE MACORIS,1,0.3,1
2023,12,IQS,Estudiante,1er grado,SANTIAGO,2,3.3,10
2023,12,IQS,Estudiante,1er grado,SANTO DOMINGO,3,1.2,6
2023,12,IQS,Estudiante,1er grado,Sin ubicación,14,10.4,28
2023,12,IQS,Estudiante,2do grado,AZUA,10,7.2,15
2023,12,IQS,Estudiante,2do grado,COTUI,4,3.6,4
2023,12,IQS,Estudiante,2do grado,HIGUEY,157,343.0,416
2023,12,IQS,Estudiante,2do grado,LA VEGA,7,2.4,10
2023,12,IQS,Estudiante,2do grado,MAO,3,2.7,4
2023,12,IQS,Estudiante,2do grado,MONTE CRISTI,45,22.2,50
2023,12,IQS,Estudiante,2do grado,MONTE PLATA,2,2.4,3
2023,12,IQS,Estudiante,2do grado,NAGUA,1,1.7,1
2023,12,IQS,Estudiante,2do grado,SAN CRISTOBAL,54,27.4,65
2023,12,IQS,Estudiante,2do grado,SAN FRANCISCO DE MACORIS,125,268.4,314
2023,12,IQS,Estudiante,2do grado,SAN JUAN DE LA MAGUANA,154,258.1,268
2023,12,IQS,Estudiante,2do grado,SAN PEDRO DE MACORIS,69,67.7,126
2023,12,IQS,Estudiante,2do grado,SANTIAGO,66,107.2,131
2023,12,IQS,Estudiante,2do grado,SANTO DOMINGO,379,523.6,716
2023,12,IQS,Estudiante,2do grado,Sin ubicación,152,224.0,271
2023,12,IQS,Estudiante,3er grado,COTUI,1,0.5,2
2023,12,IQS,Estudiante,3er grado,LA VEGA,1,0.0,1
2023,12,IQS,Estudiante,3er grado,NAGUA,7,3.6,8
2023,12,IQS,Estudiante,3er grado,SANTIAGO,2,0.5,2
2023,12,IQS,Estudiante,3er grado,SANTO DOMINGO,7,5.7,12
2023,12,IQS,Estudiante,3er grado,Sin ubicación,7,5.2,10
2023,12,IQS,Estudiante,4to grado,COTUI,1,0.8,1
2023,12,IQS,Estudiante,4to grado,NAGUA,1,0.3,2
2023,12,IQS,Estudiante,4to grado,SANTIAGO,3,1.5,4
2023,12,IQS,Estudiante,4to grado,SANTO DOMINGO,19,17.4,35
2023,12,IQS,Estudiante,4to grado,Sin ubicación,3,2.7,8
2023,12,IQS,Estudiante,5to grado,HIGUEY,2,1.1,4
2023,12,IQS,Estudiante,5to grado,LA VEGA,1,0.4,1
2023,12,IQS,Estudiante,5to grado,MONTE PLATA,2,2.1,2
2023,12,IQS,Estudiante,5to grado,NAGUA,10,10.2,15
2023,12,IQS,Estudiante,5to grado,SAN CRISTOBAL,1,0.8,2
2023,12,IQS,Estudiante,5to grado,SAN FRANCISCO DE MACORIS,1,0.3,1
2023,12,IQS,Estudiante,5to grado,SAN PEDRO DE MACORIS,5,2.8,7
2023,12,IQS,Estudiante,5to grado,SANTIAGO,2,0.6,2
2023,12,IQS,Estudiante,5to grado,SANTO DOMINGO,21,14.7,33
2023,12,IQS,Estudiante,5to grado,Sin ubicación,25,13.7,33
2023,12,IQS,Estudiante,6to grado,AZUA,42,32.3,47
2023,12,IQS,Estudiante,6to grado,BAHORUCO,1,0.0,1
2023,12,IQS,Estudiante,6to grado,BARAHONA,3,2.2,6
2023,12,IQS,Estudiante,6to grado,COTUI,6,4.5,10
2023,12,IQS,Estudiante,6to grado,HIGUEY,9,6.9,11
2023,12,IQS,Estudiante,6to grado,LA VEGA,18,10.6,22
2023,12,IQS,Estudiante,6to grado,MAO,1,0.7,1
2023,12,IQS,Estudiante,6to grado,MONTE CRISTI,1,0.1,1
2023,12,IQS,Estudiante,6to grado,MONTE PLATA,1,1.0,1
2023,12,IQS,Estudiante,6to grado,NAGUA,45,32.3,120
2023,12,IQS,Estudiante,6to grado,PUERTO PLATA,1,0.1,1
2023,12,IQS,Estudiante,6to grado,SAN CRISTOBAL,39,17.2,41
2023,12,IQS,Estudiante,6to grado,SAN FRANCISCO DE MACORIS,10,5.7,12
2023,12,IQS,Estudiante,6to grado,SAN JUAN DE LA MAGUANA,2,1.8,3
2023,12,IQS,Estudiante,6to grado,SAN PEDRO DE MACORIS,22,19.3,32
2023,12,IQS,Estudiante,6to grado,SANTIAGO,124,145.6,256
2023,12,IQS,Estudiante,6to grado,SANTO DOMINGO,303,225.6,435
2023,12,IQS,Estudiante,6to grado,Sin ubicación,107,63.2,164
2023,12,IQS,Estudiante,No especificado,SANTO DOMINGO,3,3.7,7
2023,12,IQS,Invitado,6to grado,SAN CRISTOBAL,1,0.5,1
2023,12,IQS,Invitado,6to grado,SANTIAGO,2,1.5,2
2023,12,IQS,Invitado,6to grado,Sin ubicación,57,41.0,73
2024,1,IQ512,Admin,No especificado,Sin ubicación,1,0.4,1
2024,1,IQ512,Editor,No especificado,Sin ubicación,1,0.2,1
2024,1,IQ512,Estudiante,No especificado,AZUA,7,4.1,10
2024,1,IQ512,Estudiante,No especificado,BAHORUCO,2,6.0,9
2024,1,IQ512,Estudiante,No especificado,BARAHONA,9,3.3,10
2024,1,IQ512,Estudiante,No especificado,COTUI,5,4.0,9
2024,1,IQ512,Estudiante,No especificado,HIGUEY,2,1.3,2
2024,1,IQ512,Estudiante,No especificado,LA VEGA,4,2.2,4
2024,1,IQ512,Estudiante,No especificado,MAO,4,1.8,5
2024,1,IQ512,Estudiante,No especificado,MONTE CRISTI,5,2.2,5
2024,1,IQ512,Estudiante,No especificado,MONTE PLATA,2,0.6,2
2024,1,IQ512,Estudiante,No especificado,NAGUA,3,2.7,3
2024,1,IQ512,Estudiante,No especificado,PUERTO PLATA,3,1.6,3
2024,1,IQ512,Estudiante,No especificado,SAN CRISTOBAL,2,1.1,2
2024,1,IQ512,Estudiante,No especificado,SAN FRANCISCO DE MACORIS,8,4.8,9
2024,1,IQ512,Estudiante,No especificado,SAN JUAN DE LA MAGUANA,3,0.9,3
2024,1,IQ512,Estudiante,No especificado,SAN PEDRO DE MACORIS,2,1.0,2
2024,1,IQ512,Estudiante,No especificado,SANTIAGO,3,2.4,4
2024,1,IQ512,Estudiante,No especificado,SANTO DOMINGO,31,19.3,42
2024,1,IQ512,Estudiante,No especificado,Sin ubicación,139,98.8,185
2024,1,IQP,Docente,1er grado,Sin ubicación,2,29.2,15
2024,1,IQP,Docente,2do grado,SAN CRISTOBAL,1,0.6,1
2024,1,IQP,Docente,2do grado,SANTIAGO,1,1.3,1
2024,1,IQP,Docente,4to grado,MONTE CRISTI,1,1.1,1
2024,1,IQP,Docente,4to grado,SAN FRANCISCO DE MACORIS,1,0.5,2
2024,1,IQP,Docente,4to grado,SANTIAGO,1,2.5,3
2024,1,IQP,Docente,4to grado,SANTO DOMINGO,3,3.1,4
2024,1,IQP,Docente,4to grado,Sin ubicación,6,7.4,10
2024,1,IQP,Docente,5to grado,AZUA,1,0.4,1
2024,1,IQP,Docente,5to grado,BAHORUCO,1,1.2,2
2024,1,IQP,Docente,5to grado,COTUI,3,5.5,5
2024,1,IQP,Docente,5to grado,HIGUEY,21,24.0,31
2024,1,IQP,Docente,5to grado,LA VEGA,3,3.3,3
2024,1,IQP,Docente,5to grado,MAO,2,1.0,3
2024,1,IQP,Docente,5to grado,NAGUA,1,0.5,1
2024,1,IQP,Docente,5to grado,PUERTO PLATA,2,0.7,2
2024,1,IQP,Docente,5to grado,SAN CRISTOBAL,6,5.6,6
2024,1,IQP,Docente,5to grado,SAN FRANCISCO DE MACORIS,11,10.3,17
2024,1,IQP,Docente,5to grado,SAN JUAN DE LA MAGUANA,1,0.2,1
2024,1,IQP,Docente,5to grado,SAN PEDRO DE MACORIS,23,20.6,28
2024,1,IQP,Docente,5to grado,SANTIAGO,15,21.3,24
2024,1,IQP,Docente,5to grado,SANTO DOMINGO,49,55.4,70
2024,1,IQP,Docente,5to grado,Sin ubicación,28,23.2,41
2024,1,IQP,Docente,6to grado,COTUI,4,11.3,14
2024,1,IQP,Docente,6to grado,HIGUEY,5,16.1,14
2024,1,IQP,Docente,6to grado,LA VEGA,2,17.1,15
2024,1,IQP,Docente,6to grado,MAO,1,1.2,2
2024,1,IQP,Docente,6to grado,MONTE CRISTI,1,1.3,2
2024,1,IQP,Docente,6to grado,PUERTO PLATA,1,0.4,1
2024,1,IQP,Docente,6to grado,SAN CRISTOBAL,22,22.7,33
2024,1,IQP,Docente,6to grado,SAN FRANCISCO DE MACORIS,5,3.6,5
2024,1,IQP,Docente,6to grado,SAN PEDRO DE MACORIS,2,1.6,2
2024,1,IQP,Docente,6to grado,SANTIAGO,4,2.8,5
2024,1,IQP,Docente,6to grado,SANTO DOMINGO,7,11.2,16
2024,1,IQP,Docente,6to grado,Sin ubicación,17,20.6,35
2024,1,IQP,Estudiante,1er grado,SAN PEDRO DE MACORIS,1,2.2,2
2024,1,IQP,Estudiante,1er grado,SANTO DOMINGO,2,7.3,6
2024,1,IQP,Estudiante,1er grado,Sin ubicación,8,5.9,9
2024,1,IQP,Estudiante,2do grado,BAHORUCO,1,0.5,1
2024,1,IQP,Estudiante,2do grado,LA VEGA,3,0.6,3
2024,1,IQP,Estudiante,2do grado,PUERTO PLATA,1,0.2,1
2024,1,IQP,Estudiante,2do grado,SAN FRANCISCO DE MACORIS,1,0.5,1
2024,1,IQP,Estudiante,2do grado,SANTO DOMINGO,16,9.1,16
2024,1,IQP,Estudiante,2do grado,Sin ubicación,7,1.6,7
2024,1,IQP,Estudiante,3er grado,HIGUEY,1,1.2,1
2024,1,IQP,Estudiante,3er grado,MONTE CRISTI,1,0.3,1
2024,1,IQP,Estudiante,3er grado,NAGUA,1,0.5,1
2024,1,IQP,Estudiante,3er grado,SAN CRISTOBAL,1,0.7,1
2024,1,IQP,Estudiante,3er grado,SAN FRANCISCO DE MACORIS,1,0.2,1
2024,1,IQP,Estudiante,3er grado,SANTO DOMINGO,1,0.1,1
2024,1,IQP,Estudiante,3er grado,Sin ubicación,5,1.8,6
2024,1,IQP,Estudiante,4to grado,AZUA,1,0.3,1
2024,1,IQP,Estudiante,4to grado,HIGUEY,1,0.3,1
2024,1,IQP,Estudiante,4to grado,MAO,1,1.6,2
2024,1,IQP,Estudiante,4to grado,SANTO DOMINGO,4,2.1,5
2024,1,IQP,Estudiante,4to grado,Sin ubicación,5,2.1,5
2024,1,IQP,Estudiante,5to grado,AZUA,1,0.2,1
2024,1,IQP,Estudiante,5to grado,BARAHONA,1,0.3,1
2024,1,IQP,Estudiante,5to grado,HIGUEY,46,39.0,60
2024,1,IQP,Estudiante,5to grado,LA VEGA,3,0.7,3
2024,1,IQP,Estudiante,5to grado,MAO,4,1.6,5
2024,1,IQP,Estudiante,5to grado,MONTE CRISTI,2,0.8,2
2024,1,IQP,Estudiante,5to grado,NAGUA,1,0.2,1
2024,1,IQP,Estudiante,5to grado,PUERTO PLATA,1,0.2,1
2024,1,IQP,Estudiante,5to grado,SAN CRISTOBAL,6,1.8,7
2024,1,IQP,Estudiante,5to grado,SAN FRANCISCO DE MACORIS,3,1.5,4
2024,1,IQP,Estudiante,5to grado,SAN JUAN DE LA MAGUANA,3,1.7,4
2024,1,IQP,Estudiante,5to grado,SAN PEDRO DE MACORIS,15,8.0,15
2024,1,IQP,Estudiante,5to grado,SANTIAGO,19,10.9,22
2024,1,IQP,Estudiante,5to grado,SANTO DOMINGO,148,97.0,185
2024,1,IQP,Estudiante,5to grado,Sin ubicación,25,16.0,32
2024,1,IQP,Estudiante,6to grado,AZUA,2,0.6,2
2024,1,IQP,Estudiante,6to grado,HIGUEY,2,3.3,3
2024,1,IQP,Estudiante,6to grado,MAO,1,0.5,1
2024,1,IQP,Estudiante,6to grado,NAGUA,4,4.5,8
2024,1,IQP,Estudiante,6to grado,SAN CRISTOBAL,3,2.3,3
2024,1,IQP,Estudiante,6to grado,SAN JUAN DE LA MAGUANA,1,0.5,1
2024,1,IQP,Estudiante,6to grado,SAN PEDRO DE MACORIS,9,2.6,9
2024,1,IQP,Estudiante,6to grado,SANTIAGO,14,5.8,14
2024,1,IQP,Estudiante,6to grado,SANTO DOMINGO,48,24.6,53
2024,1,IQP,Estudiante,6to grado,Sin ubicación,21,9.1,22
2024,1,IQP,Estudiante,No especificado,Sin ubicación,4,0.9,4
2024,1,IQP,Sin rol,No especificado,Sin ubicación,1,9.6,12
2024,1,IQS,Admin,No especificado,Sin ubicación,1,0.0,2
2024,1,IQS,Docente,1er grado,AZUA,2,1.1,2
2024,1,IQS,Docente,1er grado,HIGUEY,2,2.4,5
2024,1,IQS,Docente,1er grado,MAO,1,0.9,2
2024,1,IQS,Docente,1er grado,PUERTO PLATA,3,4.1,4
2024,1,IQS,Docente,1er grado,SAN CRISTOBAL,1,0.4,1
2024,1,IQS,Docente,1er grado,SAN JUAN DE LA MAGUANA,2,2.0,2
2024,1,IQS,Docente,1er grado,SANTIAGO,2,7.5,4
2024,1,IQS,Docente,1er grado,SANTO DOMINGO,2,2.0,2
2024,1,IQS,Docente,1er grado,Sin ubicación,5,5.2,10
2024,1,IQS,Docente,2do grado,SANTO DOMINGO,1,2.7,2
2024,1,IQS,Docente,4to grado,AZUA,8,7.4,11
2024,1,IQS,Docente,4to grado,BAHORUCO,2,2.6,3
2024,1,IQS,Docente,4to grado,BARAHONA,1,1.6,3
2024,1,IQS,Docente,4to grado,COTUI,7,6.6,11
2024,1,IQS,Docente,4to grado,HIGUEY,20,30.9,39
2024,1,IQS,Docente,4to grado,LA VEGA,7,12.4,11
2024,1,IQS,Docente,4to grado,MAO,1,0.3,1
2024,1,IQS,Docente,4to grado,MONTE CRISTI,3,1.1,5
2024,1,IQS,Docente,4to grado,MONTE PLATA,1,0.4,2
2024,1,IQS,Docente,4to grado,NAGUA,5,2.9,7
2024,1,IQS,Docente,4to grado,PUERTO PLATA,9,6.3,11
2024,1,IQS,Docente,4to grado,SAN CRISTOBAL,8,11.0,11
2024,1,IQS,Docente,4to grado,SAN FRANCISCO DE MACORIS,14,17.7,38
2024,1,IQS,Docente,4to grado,SAN JUAN DE LA MAGUANA,8,7.8,12
2024,1,IQS,Docente,4to grado,SAN PEDRO DE MACORIS,28,28.2,39
2024,1,IQS,Docente,4to grado,SANTIAGO,17,16.5,26
2024,1,IQS,Docente,4to grado,SANTO DOMINGO,46,54.5,83
2024,1,IQS,Docente,4to grado,Sin ubicación,46,56.1,89
2024,1,IQS,Docente,6to grado,AZUA,1,1.0,1
2024,1,IQS,Docente,6to grado,COTUI,1,0.6,1
2024,1,IQS,Docente,6to grado,HIGUEY,1,0.6,1
2024,1,IQS,Docente,6to grado,LA VEGA,1,0.0,1
2024,1,IQS,Docente,6to grado,MONTE CRISTI,1,0.6,2
2024,1,IQS,Docente,6to grado,NAGUA,1,2.2,3
2024,1,IQS,Docente,6to grado,PUERTO PLATA,1,0.5,1
2024,1,IQS,Docente,6to grado,SAN CRISTOBAL,11,14.4,17
2024,1,IQS,Docente,6to grado,SAN JUAN DE LA MAGUANA,1,0.5,1
2024,1,IQS,Docente,6to grado,SAN PEDRO DE MACORIS,3,3.5,3
2024,1,IQS,Docente,6to grado,SANTIAGO,2,9.2,4
2024,1,IQS,Docente,6to grado,SANTO DOMINGO,5,6.2,6
2024,1,IQS,Docente,6to grado,Sin ubicación,11,5.9,11
2024,1,IQS,Docente,No especificado,SANTIAGO,1,0.7,1
2024,1,IQS,Docente,No especificado,SANTO DOMINGO,2,3.1,5
2024,1,IQS,Editor,No especificado,SANTIAGO,1,14.9,8
2024,1,IQS,Estudiante,1er grado,COTUI,3,1.7,6
2024,1,IQS,Estudiante,1er grado,MONTE CRISTI,1,0.9,2
2024,1,IQS,Estudiante,1er grado,NAGUA,1,0.3,1
2024,1,IQS,Estudiante,1er grado,SAN CRISTOBAL,5,1.2,8
2024,1,IQS,Estudiante,1er grado,SAN FRANCISCO DE MACORIS,2,0.7,3
2024,1,IQS,Estudiante,1er grado,SAN JUAN DE LA MAGUANA,2,0.6,4
2024,1,IQS,Estudiante,1er grado,SAN PEDRO DE MACORIS,2,1.8,3
2024,1,IQS,Estudiante,1er grado,SANTIAGO,6,2.4,11
2024,1,IQS,Estudiante,1er grado,SANTO DOMINGO,28,25.3,72
2024,1,IQS,Estudiante,1er grado,Sin ubicación,17,11.9,37
2024,1,IQS,Estudiante,2do grado,AZUA,2,1.0,2
2024,1,IQS,Estudiante,2do grado,COTUI,28,16.0,32
2024,1,IQS,Estudiante,2do grado,HIGUEY,24,21.2,33
2024,1,IQS,Estudiante,2do grado,LA VEGA,51,16.2,51
2024,1,IQS,Estudiante,2do grado,MONTE CRISTI,1,0.8,1
2024,1,IQS,Estudiante,2do grado,MONTE PLATA,1,0.4,1
2024,1,IQS,Estudiante,2do grado,NAGUA,1,0.2,1
2024,1,IQS,Estudiante,2do grado,PUERTO PLATA,1,0.2,1
2024,1,IQS,Estudiante,2do grado,SAN CRISTOBAL,11,5.3,15
2024,1,IQS,Estudiante,2do grado,SAN FRANCISCO DE MACORIS,6,1.1,8
2024,1,IQS,Estudiante,2do grado,SAN JUAN DE LA MAGUANA,27,33.9,50
2024,1,IQS,Estudiante,2do grado,SAN PEDRO DE MACORIS,32,15.2,39
2024,1,IQS,Estudiante,2do grado,SANTIAGO,28,21.7,36
2024,1,IQS,Estudiante,2do grado,SANTO DOMINGO,424,348.9,658
2024,1,IQS,Estudiante,2do grado,Sin ubicación,149,258.5,346
2024,1,IQS,Estudiante,3er grado,AZUA,1,0.4,1
2024,1,IQS,Estudiante,3er grado,SANTIAGO,4,9.7,8
2024,1,IQS,Estudiante,3er grado,SANTO DOMINGO,7,7.9,14
2024,1,IQS,Estudiante,3er grado,Sin ubicación,8,48.5,37
2024,1,IQS,Estudiante,4to grado,MONTE CRISTI,1,0.4,2
2024,1,IQS,Estudiante,4to grado,MONTE PLATA,2,6.0,3
2024,1,IQS,Estudiante,4to grado,NAGUA,3,1.5,7
2024,1,IQS,Estudiante,4to grado,SAN CRISTOBAL,1,0.6,1
2024,1,IQS,Estudiante,4to grado,SAN FRANCISCO DE MACORIS,3,1.8,3
2024,1,IQS,Estudiante,4to grado,SAN JUAN DE LA MAGUANA,1,0.1,1
2024,1,IQS,Estudiante,4to grado,SAN PEDRO DE MACORIS,7,8.5,21
2024,1,IQS,Estudiante,4to grado,SANTIAGO,14,13.2,20
2024,1,IQS,Estudiante,4to grado,SANTO DOMINGO,9,6.4,15
2024,1,IQS,Estudiante,4to grado,Sin ubicación,8,38.9,44
2024,1,IQS,Estudiante,5to grado,AZUA,2,1.3,3
2024,1,IQS,Estudiante,5to grado,HIGUEY,1,0.4,2
2024,1,IQS,Estudiante,5to grado,LA VEGA,1,0.9,5
2024,1,IQS,Estudiante,5to grado,MAO,1,0.3,1
2024,1,IQS,Estudiante,5to grado,NAGUA,1,0.2,2
2024,1,IQS,Estudiante,5to grado,SAN JUAN DE LA MAGUANA,1,1.2,7
2024,1,IQS,Estudiante,5to grado,SAN PEDRO DE MACORIS,2,1.1,3
2024,1,IQS,Estudiante,5to grado,SANTIAGO,10,9.4,16
2024,1,IQS,Estudiante,5to grado,SANTO DOMINGO,19,16.6,28
2024,1,IQS,Estudiante,5to grado,Sin ubicación,14,30.4,42
2024,1,IQS,Estudiante,6to grado,AZUA,86,106.1,171
2024,1,IQS,Estudiante,6to grado,BARAHONA,3,1.8,4
2024,1,IQS,Estudiante,6to grado,COTUI,39,50.4,126
2024,1,IQS,Estudiante,6to grado,HIGUEY,20,11.2,39
2024,1,IQS,Estudiante,6to grado,LA VEGA,16,11.0,28
2024,1,IQS,Estudiante,6to grado,MAO,1,0.2,2
2024,1,IQS,Estudiante,6to grado,MONTE CRISTI,38,38.9,71
2024,1,IQS,Estudiante,6to grado,MONTE PLATA,5,3.2,8
2024,1,IQS,Estudiante,6to grado,NAGUA,43,30.4,75
2024,1,IQS,Estudiante,6to grado,PUERTO PLATA,41,43.4,96
2024,1,IQS,Estudiante,6to grado,SAN CRISTOBAL,46,62.4,134
2024,1,IQS,Estudiante,6to grado,SAN FRANCISCO DE MACORIS,117,141.2,305
2024,1,IQS,Estudiante,6to grado,SAN JUAN DE LA MAGUANA,59,63.8,211
2024,1,IQS,Estudiante,6to grado,SAN PEDRO DE MACORIS,26,31.6,68
2024,1,IQS,Estudiante,6to grado,SANTIAGO,213,240.9,480
2024,1,IQS,Estudiante,6to grado,SANTO DOMINGO,250,204.8,453
2024,1,IQS,Estudiante,6to grado,Sin ubicación,208,175.1,482
2024,1,IQS,Estudiante,No especificado,SANTO DOMINGO,2,0.8,2
2024,1,IQS,Estudiante,No especificado,Sin ubicación,1,0.1,2
2024,1,IQS,Invitado,4to grado,Sin ubicación,1,3.2,4
2024,1,IQS,Invitado,6to grado,COTUI,1,0.2,1
2024,1,IQS,Invitado,6to grado,SANTIAGO,1,0.2,1
2024,1,IQS,Invitado,6to grado,Sin ubicación,69,70.1,113
2024,2,IQ512,Editor,No especificado,Sin ubicación,1,1.5,2
2024,2,IQ512,Estudiante,No especificado,AZUA,5,4.9,9
2024,2,IQ512,Estudiante,No especificado,BAHORUCO,1,1.6,5
2024,2,IQ512,Estudiante,No especificado,BARAHONA,7,3.4,8
2024,2,IQ512,Estudiante,No especificado,COTUI,6,4.6,7
2024,2,IQ512,Estudiante,No especificado,HIGUEY,2,1.2,3
2024,2,IQ512,Estudiante,No especificado,LA VEGA,10,6.3,12
2024,2,IQ512,Estudiante,No especificado,MAO,5,2.6,6
2024,2,IQ512,Estudiante,No especificado,MONTE CRISTI,4,2.0,5
2024,2,IQ512,Estudiante,No especificado,NAGUA,3,2.5,4
2024,2,IQ512,Estudiante,No especificado,PUERTO PLATA,3,1.4,3
2024,2,IQ512,Estudiante,No especificado,SAN CRISTOBAL,5,3.1,6
2024,2,IQ512,Estudiante,No especificado,SAN FRANCISCO DE MACORIS,4,2.5,4
2024,2,IQ512,Estudiante,No especificado,SAN JUAN DE LA MAGUANA,2,1.1,3
2024,2,IQ512,Estudiante,No especificado,SAN PEDRO DE MACORIS,4,5.4,7
2024,2,IQ512,Estudiante,No especificado,SANTIAGO,7,4.0,8
2024,2,IQ512,Estudiante,No especificado,SANTO DOMINGO,31,17.4,39
2024,2,IQ512,Estudiante,No especificado,Sin ubicación,136,104.0,192
2024,2,IQP,Admin,No especificado,Sin ubicación,1,0.5,4
2024,2,IQP,Docente,1er grado,Sin ubicación,2,17.9,17
2024,2,IQP,Docente,2do grado,LA VEGA,1,0.9,1
2024,2,IQP,Docente,4to grado,AZUA,1,0.7,2
2024,2,IQP,Docente,4to grado,MONTE CRISTI,1,0.0,1
2024,2,IQP,Docente,4to grado,SANTIAGO,1,1.0,1
2024,2,IQP,Docente,4to grado,SANTO DOMINGO,5,1.6,5
2024,2,IQP,Docente,4to grado,Sin ubicación,4,4.2,11
2024,2,IQP,Docente,5to grado,AZUA,3,2.0,3
2024,2,IQP,Docente,5to grado,COTUI,6,8.1,14
2024,2,IQP,Docente,5to grado,HIGUEY,18,18.0,26
2024,2,IQP,Docente,5to grado,LA VEGA,3,0.7,3
2024,2,IQP,Docente,5to grado,MAO,5,2.8,8
2024,2,IQP,Docente,5to grado,MONTE CRISTI,2,1.1,2
2024,2,IQP,Docente,5to grado,MONTE PLATA,1,0.0,1
2024,2,IQP,Docente,5to grado,PUERTO PLATA,2,4.6,7
2024,2,IQP,Docente,5to grado,SAN CRISTOBAL,4,0.6,4
2024,2,IQP,Docente,5to grado,SAN FRANCISCO DE MACORIS,5,2.3,7
2024,2,IQP,Docente,5to grado,SAN PEDRO DE MACORIS,6,4.2,7
2024,2,IQP,Docente,5to grado,SANTIAGO,24,25.0,42
2024,2,IQP,Docente,5to grado,SANTO DOMINGO,48,48.7,84
2024,2,IQP,Docente,5to grado,Sin ubicación,35,36.8,64
2024,2,IQP,Docente,6to grado,BAHORUCO,1,0.2,1
2024,2,IQP,Docente,6to grado,COTUI,2,0.5,2
2024,2,IQP,Docente,6to grado,HIGUEY,3,3.3,5
2024,2,IQP,Docente,6to grado,LA VEGA,3,9.6,14
2024,2,IQP,Docente,6to grado,MAO,1,0.4,2
2024,2,IQP,Docente,6to grado,NAGUA,1,0.2,1
2024,2,IQP,Docente,6to grado,SAN CRISTOBAL,11,10.5,14
2024,2,IQP,Docente,6to grado,SAN FRANCISCO DE MACORIS,2,4.0,4
2024,2,IQP,Docente,6to grado,SANTIAGO,8,6.4,11
2024,2,IQP,Docente,6to grado,SANTO DOMINGO,5,3.1,7
2024,2,IQP,Docente,6to grado,Sin ubicación,8,11.4,14
2024,2,IQP,Docente,No especificado,Sin ubicación,1,1.5,2
2024,2,IQP,Estudiante,1er grado,SANTO DOMINGO,4,15.8,14
2024,2,IQP,Estudiante,1er grado,Sin ubicación,7,4.1,11
2024,2,IQP,Estudiante,2do grado,AZUA,1,0.9,1
2024,2,IQP,Estudiante,2do grado,MONTE CRISTI,1,0.2,1
2024,2,IQP,Estudiante,2do grado,SAN CRISTOBAL,1,0.4,1
2024,2,IQP,Estudiante,2do grado,SAN FRANCISCO DE MACORIS,13,7.3,17
2024,2,IQP,Estudiante,2do grado,SAN PEDRO DE MACORIS,1,0.5,1
2024,2,IQP,Estudiante,2do grado,SANTIAGO,1,0.6,2
2024,2,IQP,Estudiante,2do grado,SANTO DOMINGO,8,3.6,8
2024,2,IQP,Estudiante,2do grado,Sin ubicación,12,6.3,12
2024,2,IQP,Estudiante,3er grado,HIGUEY,1,1.1,1
2024,2,IQP,Estudiante,3er grado,PUERTO PLATA,1,0.5,1
2024,2,IQP,Estudiante,3er grado,SANTIAGO,5,2.8,5
2024,2,IQP,Estudiante,3er grado,SANTO DOMINGO,6,7.8,7
2024,2,IQP,Estudiante,3er grado,Sin ubicación,6,4.9,9
2024,2,IQP,Estudiante,4to grado,AZUA,1,0.3,1
2024,2,IQP,Estudiante,4to grado,MONTE PLATA,1,0.4,1
2024,2,IQP,Estudiante,4to grado,SAN CRISTOBAL,1,0.3,1
2024,2,IQP,Estudiante,4to grado,SANTO DOMINGO,5,16.6,17
2024,2,IQP,Estudiante,4to grado,Sin ubicación,3,0.9,3
2024,2,IQP,Estudiante,5to grado,AZUA,16,12.0,16
2024,2,IQP,Estudiante,5to grado,BAHORUCO,1,0.5,1
2024,2,IQP,Estudiante,5to grado,BARAHONA,1,0.4,1
2024,2,IQP,Estudiante,5to grado,COTUI,14,6.9,15
2024,2,IQP,Estudiante,5to grado,HIGUEY,87,96.8,111
2024,2,IQP,Estudiante,5to grado,LA VEGA,2,1.0,2
2024,2,IQP,Estudiante,5to grado,MAO,3,3.2,4
2024,2,IQP,Estudiante,5to grado,MONTE CRISTI,1,0.8,1
2024,2,IQP,Estudiante,5to grado,SAN CRISTOBAL,1,0.3,1
2024,2,IQP,Estudiante,5to grado,SAN FRANCISCO DE MACORIS,3,3.1,5
2024,2,IQP,Estudiante,5to grado,SAN JUAN DE LA MAGUANA,1,0.0,1
2024,2,IQP,Estudiante,5to grado,SAN PEDRO DE MACORIS,3,0.9,3
2024,2,IQP,Estudiante,5to grado,SANTIAGO,14,3.5,14
2024,2,IQP,Estudiante,5to grado,SANTO DOMINGO,220,174.7,386
2024,2,IQP,Estudiante,5to grado,Sin ubicación,24,22.2,46
2024,2,IQP,Estudiante,6to grado,AZUA,1,0.4,1
2024,2,IQP,Estudiante,6to grado,BAHORUCO,1,0.1,1
2024,2,IQP,Estudiante,6to grado,LA VEGA,1,0.5,1
2024,2,IQP,Estudiante,6to grado,MONTE CRISTI,2,0.8,2
2024,2,IQP,Estudiante,6to grado,MONTE PLATA,1,0.9,2
2024,2,IQP,Estudiante,6to grado,NAGUA,2,5.0,9
2024,2,IQP,Estudiante,6to grado,PUERTO PLATA,2,0.7,2
2024,2,IQP,Estudiante,6to grado,SAN CRISTOBAL,2,1.2,2
2024,2,IQP,Estudiante,6to grado,SAN FRANCISCO DE MACORIS,1,0.5,1
2024,2,IQP,Estudiante,6to grado,SAN PEDRO DE MACORIS,3,1.0,3
2024,2,IQP,Estudiante,6to grado,SANTIAGO,200,151.0,320
2024,2,IQP,Estudiante,6to grado,SANTO DOMINGO,90,163.4,184
2024,2,IQP,Estudiante,6to grado,Sin ubicación,129,144.8,247
2024,2,IQP,Estudiante,No especificado,Sin ubicación,1,0.3,1
2024,2,IQP,Parent,6to grado,Sin ubicación,2,0.9,3
2024,2,IQP,Parent,No especificado,Sin ubicación,1,0.0,1
2024,2,IQP,Sin rol,No especificado,Sin ubicación,1,15.9,15
2024,2,IQS,Admin,No especificado,Sin ubicación,1,0.8,3
2024,2,IQS,Docente,1er grado,COTUI,1,0.3,3
2024,2,IQS,Docente,1er grado,MAO,2,0.4,3
2024,2,IQS,Docente,1er grado,MONTE CRISTI,4,2.5,4
2024,2,IQS,Docente,1er grado,PUERTO PLATA,1,0.8,1
2024,2,IQS,Docente,1er grado,SAN FRANCISCO DE MACORIS,2,2.3,3
2024,2,IQS,Docente,1er grado,SANTIAGO,2,9.5,13
2024,2,IQS,Docente,1er grado,SANTO DOMINGO,6,3.2,11
2024,2,IQS,Docente,1er grado,Sin ubicación,7,18.6,18
2024,2,IQS,Docente,4to grado,AZUA,12,21.2,36
2024,2,IQS,Docente,4to grado,COTUI,16,10.4,19
2024,2,IQS,Docente,4to grado,HIGUEY,16,18.8,30
2024,2,IQS,Docente,4to grado,LA VEGA,3,4.1,7
2024,2,IQS,Docente,4to grado,MAO,3,1.8,3
2024,2,IQS,Docente,4to grado,MONTE CRISTI,7,3.9,8
2024,2,IQS,Docente,4to grado,NAGUA,4,4.9,5
2024,2,IQS,Docente,4to grado,PUERTO PLATA,7,9.9,13
2024,2,IQS,Docente,4to grado,SAN CRISTOBAL,8,10.5,20
2024,2,IQS,Docente,4to grado,SAN FRANCISCO DE MACORIS,14,23.9,33
2024,2,IQS,Docente,4to grado,SAN JUAN DE LA MAGUANA,4,5.4,10
2024,2,IQS,Docente,4to grado,SAN PEDRO DE MACORIS,7,5.0,11
2024,2,IQS,Docente,4to grado,SANTIAGO,26,15.6,35
2024,2,IQS,Docente,4to grado,SANTO DOMINGO,62,74.6,98
2024,2,IQS,Docente,4to grado,Sin ubicación,48,32.5,75
2024,2,IQS,Docente,6to grado,AZUA,2,1.7,5
2024,2,IQS,Docente,6to grado,COTUI,3,0.4,3
2024,2,IQS,Docente,6to grado,HIGUEY,2,1.9,3
2024,2,IQS,Docente,6to grado,MONTE CRISTI,2,1.1,2
2024,2,IQS,Docente,6to grado,SAN CRISTOBAL,5,1.6,5
2024,2,IQS,Docente,6to grado,SAN PEDRO DE MACORIS,2,4.4,8
2024,2,IQS,Docente,6to grado,SANTIAGO,10,6.4,10
2024,2,IQS,Docente,6to grado,SANTO DOMINGO,6,7.0,7
2024,2,IQS,Docente,6to grado,Sin ubicación,4,1.5,5
2024,2,IQS,Docente,No especificado,SANTO DOMINGO,1,1.2,1
2024,2,IQS,Docente,No especificado,Sin ubicación,1,0.4,1
2024,2,IQS,Editor,No especificado,SANTIAGO,1,55.6,20
2024,2,IQS,Estudiante,1er grado,AZUA,1,0.0,2
2024,2,IQS,Estudiante,1er grado,COTUI,1,2.7,10
2024,2,IQS,Estudiante,1er grado,HIGUEY,5,0.9,7
2024,2,IQS,Estudiante,1er grado,MAO,1,0.1,2
2024,2,IQS,Estudiante,1er grado,PUERTO PLATA,1,0.2,3
2024,2,IQS,Estudiante,1er grado,SAN CRISTOBAL,1,0.2,2
2024,2,IQS,Estudiante,1er grado,SAN FRANCISCO DE MACORIS,3,1.5,9
2024,2,IQS,Estudiante,1er grado,SAN JUAN DE LA MAGUANA,3,1.1,5
2024,2,IQS,Estudiante,1er grado,SAN PEDRO DE MACORIS,5,3.4,13
2024,2,IQS,Estudiante,1er grado,SANTIAGO,21,8.6,37
2024,2,IQS,Estudiante,1er grado,SANTO DOMINGO,20,14.2,40
2024,2,IQS,Estudiante,1er grado,Sin ubicación,14,6.3,22
2024,2,IQS,Estudiante,2do grado,AZUA,91,112.0,275
2024,2,IQS,Estudiante,2do grado,BAHORUCO,1,1.0,1
2024,2,IQS,Estudiante,2do grado,COTUI,82,202.6,199
2024,2,IQS,Estudiante,2do grado,HIGUEY,56,65.6,64
2024,2,IQS,Estudiante,2do grado,LA VEGA,3,1.3,4
2024,2,IQS,Estudiante,2do grado,MAO,12,5.5,14
2024,2,IQS,Estudiante,2do grado,MONTE CRISTI,22,8.7,22
2024,2,IQS,Estudiante,2do grado,NAGUA,1,0.4,2
2024,2,IQS,Estudiante,2do grado,PUERTO PLATA,3,0.5,3
2024,2,IQS,Estudiante,2do grado,SAN CRISTOBAL,81,53.4,93
2024,2,IQS,Estudiante,2do grado,SAN FRANCISCO DE MACORIS,1,0.6,1
2024,2,IQS,Estudiante,2do grado,SAN JUAN DE LA MAGUANA,3,1.0,4
2024,2,IQS,Estudiante,2do grado,SAN PEDRO DE MACORIS,15,11.2,29
2024,2,IQS,Estudiante,2do grado,SANTIAGO,113,82.1,114
2024,2,IQS,Estudiante,2do grado,SANTO DOMINGO,393,387.6,777
2024,2,IQS,Estudiante,2do grado,Sin ubicación,85,74.0,136
2024,2,IQS,Estudiante,3er grado,COTUI,1,0.3,2
2024,2,IQS,Estudiante,3er grado,HIGUEY,3,1.6,3
2024,2,IQS,Estudiante,3er grado,NAGUA,1,0.3,1
2024,2,IQS,Estudiante,3er grado,PUERTO PLATA,1,0.3,2
2024,2,IQS,Estudiante,3er grado,SAN FRANCISCO DE MACORIS,1,0.6,1
2024,2,IQS,Estudiante,3er grado,SANTIAGO,29,23.8,39
2024,2,IQS,Estudiante,3er grado,SANTO DOMINGO,9,8.6,20
2024,2,IQS,Estudiante,3er grado,Sin ubicación,22,30.2,41
2024,2,IQS,Estudiante,4to grado,BAHORUCO,1,1.3,1
2024,2,IQS,Estudiante,4to grado,HIGUEY,2,0.2,5
2024,2,IQS,Estudiante,4to grado,LA VEGA,1,0.0,1
2024,2,IQS,Estudiante,4to grado,MONTE CRISTI,3,1.0,5
2024,2,IQS,Estudiante,4to grado,MONTE PLATA,1,0.1,1
2024,2,IQS,Estudiante,4to grado,NAGUA,2,1.2,4
2024,2,IQS,Estudiante,4to grado,SAN FRANCISCO DE MACORIS,4,1.4,4
2024,2,IQS,Estudiante,4to grado,SAN PEDRO DE MACORIS,12,15.0,32
2024,2,IQS,Estudiante,4to grado,SANTIAGO,23,17.4,44
2024,2,IQS,Estudiante,4to grado,SANTO DOMINGO,7,3.7,10
2024,2,IQS,Estudiante,4to grado,Sin ubicación,21,23.6,56
2024,2,IQS,Estudiante,5to grado,AZUA,1,0.6,1
2024,2,IQS,Estudiante,5to grado,BAHORUCO,1,0.8,2
2024,2,IQS,Estudiante,5to grado,BARAHONA,1,0.6,1
2024,2,IQS,Estudiante,5to grado,HIGUEY,2,1.6,4
2024,2,IQS,Estudiante,5to grado,LA VEGA,3,1.2,3
2024,2,IQS,Estudiante,5to grado,NAGUA,2,0.5,3
2024,2,IQS,Estudiante,5to grado,SAN CRISTOBAL,1,0.3,1
2024,2,IQS,Estudiante,5to grado,SAN JUAN DE LA MAGUANA,2,1.7,4
2024,2,IQS,Estudiante,5to grado,SAN PEDRO DE MACORIS,2,1.5,6
2024,2,IQS,Estudiante,5to grado,SANTIAGO,13,6.3,21
2024,2,IQS,Estudiante,5to grado,SANTO DOMINGO,23,13.8,41
2024,2,IQS,Estudiante,5to grado,Sin ubicación,18,28.3,42
2024,2,IQS,Estudiante,6to grado,AZUA,67,57.0,140
2024,2,IQS,Estudiante,6to grado,BAHORUCO,3,1.8,4
2024,2,IQS,Estudiante,6to grado,BARAHONA,2,3.1,4
2024,2,IQS,Estudiante,6to grado,COTUI,42,29.0,107
2024,2,IQS,Estudiante,6to grado,HIGUEY,55,29.2,76
2024,2,IQS,Estudiante,6to grado,LA VEGA,19,9.4,35
2024,2,IQS,Estudiante,6to grado,MAO,2,2.1,2
2024,2,IQS,Estudiante,6to grado,MONTE CRISTI,43,34.2,92
2024,2,IQS,Estudiante,6to grado,MONTE PLATA,9,23.8,45
2024,2,IQS,Estudiante,6to grado,NAGUA,51,32.9,65
2024,2,IQS,Estudiante,6to grado,PUERTO PLATA,85,110.8,180
2024,2,IQS,Estudiante,6to grado,SAN CRISTOBAL,27,31.3,61
2024,2,IQS,Estudiante,6to grado,SAN FRANCISCO DE MACORIS,223,239.1,461
2024,2,IQS,Estudiante,6to grado,SAN JUAN DE LA MAGUANA,38,31.7,127
2024,2,IQS,Estudiante,6to grado,SAN PEDRO DE MACORIS,73,125.1,148
2024,2,IQS,Estudiante,6to grado,SANTIAGO,279,331.8,760
2024,2,IQS,Estudiante,6to grado,SANTO DOMINGO,275,229.2,499
2024,2,IQS,Estudiante,6to grado,Sin ubicación,290,225.8,554
2024,2,IQS,Estudiante,No especificado,SANTO DOMINGO,6,8.9,14
2024,2,IQS,Invitado,6to grado,MONTE CRISTI,1,0.6,1
2024,2,IQS,Invitado,6to grado,SAN JUAN DE LA MAGUANA,1,0.4,2
2024,2,IQS,Invitado,6to grado,SANTO DOMINGO,2,0.9,4
2024,2,IQS,Invitado,6to grado,Sin ubicación,87,114.2,186
2024,3,IQ512,Admin,No especificado,Sin ubicación,1,0.4,4
2024,3,IQ512,Editor,No especificado,Sin ubicación,1,4.3,3
2024,3,IQ512,Estudiante,No especificado,AZUA,5,13.5,18
2024,3,IQ512,Estudiante,No especificado,BAHORUCO,2,3.3,7
2024,3,IQ512,Estudiante,No especificado,BARAHONA,5,5.8,17
2024,3,IQ512,Estudiante,No especificado,COTUI,5,4.2,7
2024,3,IQ512,Estudiante,No especificado,HIGUEY,4,1.7,4
2024,3,IQ512,Estudiante,No especificado,LA VEGA,9,3.2,9
2024,3,IQ512,Estudiante,No especificado,MAO,2,2.1,5
2024,3,IQ512,Estudiante,No especificado,MONTE CRISTI,3,3.2,8
2024,3,IQ512,Estudiante,No especificado,MONTE PLATA,1,0.3,1
2024,3,IQ512,Estudiante,No especificado,NAGUA,6,2.9,8
2024,3,IQ512,Estudiante,No especificado,PUERTO PLATA,4,2.5,5
2024,3,IQ512,Estudiante,No especificado,SAN CRISTOBAL,6,1.5,7
2024,3,IQ512,Estudiante,No especificado,SAN FRANCISCO DE MACORIS,8,12.4,22
2024,3,IQ512,Estudiante,No especificado,SAN JUAN DE LA MAGUANA,3,2.2,3
2024,3,IQ512,Estudiante,No especificado,SAN PEDRO DE MACORIS,5,13.4,14
2024,3,IQ512,Estudiante,No especificado,SANTIAGO,4,2.9,5
2024,3,IQ512,Estudiante,No especificado,SANTO DOMINGO,40,57.2,68
2024,3,IQ512,Estudiante,No especificado,Sin ubicación,190,171.6,272
2024,3,IQP,Admin,No especificado,Sin ubicación,2,0.1,3
2024,3,IQP,Docente,1er grado,Sin ubicación,1,27.4,17
2024,3,IQP,Docente,2do grado,COTUI,1,0.9,1
2024,3,IQP,Docente,2do grado,SANTIAGO,3,12.5,14
2024,3,IQP,Docente,3er grado,MAO,1,1.6,2
2024,3,IQP,Docente,4to grado,AZUA,1,0.3,1
2024,3,IQP,Docente,4to grado,MONTE CRISTI,1,0.2,1
2024,3,IQP,Docente,4to grado,SAN PEDRO DE MACORIS,1,0.3,1
2024,3,IQP,Docente,4to grado,SANTIAGO,4,2.0,5
2024,3,IQP,Docente,4to grado,SANTO DOMINGO,2,0.4,2
2024,3,IQP,Docente,4to grado,Sin ubicación,6,8.2,12
2024,3,IQP,Docente,5to grado,AZUA,7,10.4,14
2024,3,IQP,Docente,5to grado,COTUI,5,6.1,8
2024,3,IQP,Docente,5to grado,HIGUEY,19,33.2,37
2024,3,IQP,Docente,5to grado,LA VEGA,3,3.1,4
2024,3,IQP,Docente,5to grado,MAO,1,1.4,3
2024,3,IQP,Docente,5to grado,MONTE CRISTI,2,1.0,2
2024,3,IQP,Docente,5to grado,MONTE PLATA,1,0.6,1
2024,3,IQP,Docente,5to grado,NAGUA,2,9.6,4
2024,3,IQP,Docente,5to grado,PUERTO PLATA,4,7.9,8
2024,3,IQP,Docente,5to grado,SAN CRISTOBAL,4,3.5,5
2024,3,IQP,Docente,5to grado,SAN FRANCISCO DE MACORIS,2,3.2,4
2024,3,IQP,Docente,5to grado,SAN JUAN DE LA MAGUANA,2,0.8,2
2024,3,IQP,Docente,5to grado,SAN PEDRO DE MACORIS,5,6.4,7
2024,3,IQP,Docente,5to grado,SANTIAGO,29,58.5,86
2024,3,IQP,Docente,5to grado,SANTO DOMINGO,81,149.2,140
2024,3,IQP,Docente,5to grado,Sin ubicación,67,68.0,93
2024,3,IQP,Docente,6to grado,COTUI,4,5.5,8
2024,3,IQP,Docente,6to grado,HIGUEY,4,12.9,10
2024,3,IQP,Docente,6to grado,LA VEGA,2,6.0,8
2024,3,IQP,Docente,6to grado,MAO,2,1.2,2
2024,3,IQP,Docente,6to grado,MONTE PLATA,1,0.6,1
2024,3,IQP,Docente,6to grado,NAGUA,3,11.2,6
2024,3,IQP,Docente,6to grado,PUERTO PLATA,1,2.0,2
2024,3,IQP,Docente,6to grado,SAN CRISTOBAL,14,16.8,22
2024,3,IQP,Docente,6to grado,SAN FRANCISCO DE MACORIS,1,0.8,2
2024,3,IQP,Docente,6to grado,SANTIAGO,14,25.7,31
2024,3,IQP,Docente,6to grado,SANTO DOMINGO,13,13.4,18
2024,3,IQP,Docente,6to grado,Sin ubicación,9,11.8,15
2024,3,IQP,Docente,No especificado,SAN FRANCISCO DE MACORIS,1,0.6,1
2024,3,IQP,Estudiante,1er grado,SANTO DOMINGO,7,9.6,13
2024,3,IQP,Estudiante,1er grado,Sin ubicación,8,7.7,11
2024,3,IQP,Estudiante,2do grado,AZUA,2,1.2,2
2024,3,IQP,Estudiante,2do grado,HIGUEY,2,1.1,2
2024,3,IQP,Estudiante,2do grado,SAN CRISTOBAL,3,1.4,4
2024,3,IQP,Estudiante,2do grado,SAN FRANCISCO DE MACORIS,2,1.9,2
2024,3,IQP,Estudiante,2do grado,SANTIAGO,1,0.6,1
2024,3,IQP,Estudiante,2do grado,SANTO DOMINGO,11,6.4,11
2024,3,IQP,Estudiante,2do grado,Sin ubicación,28,12.2,32
2024,3,IQP,Estudiante,3er grado,HIGUEY,1,0.6,1
2024,3,IQP,Estudiante,3er grado,SANTO DOMINGO,2,1.9,2
2024,3,IQP,Estudiante,3er grado,Sin ubicación,11,8.8,17
2024,3,IQP,Estudiante,4to grado,HIGUEY,1,0.2,1
2024,3,IQP,Estudiante,4to grado,SANTIAGO,1,1.8,2
2024,3,IQP,Estudiante,4to grado,SANTO DOMINGO,9,26.6,21
2024,3,IQP,Estudiante,4to grado,Sin ubicación,11,4.2,12
2024,3,IQP,Estudiante,5to grado,AZUA,11,32.3,22
2024,3,IQP,Estudiante,5to grado,BAHORUCO,2,2.4,3
2024,3,IQP,Estudiante,5to grado,BARAHONA,1,0.2,1
2024,3,IQP,Estudiante,5to grado,COTUI,14,37.0,26
2024,3,IQP,Estudiante,5to grado,HIGUEY,265,299.9,373
2024,3,IQP,Estudiante,5to grado,LA VEGA,5,5.1,7
2024,3,IQP,Estudiante,5to grado,MAO,2,0.8,2
2024,3,IQP,Estudiante,5to grado,NAGUA,67,138.6,89
2024,3,IQP,Estudiante,5to grado,PUERTO PLATA,34,42.5,67
2024,3,IQP,Estudiante,5to grado,SAN CRISTOBAL,177,202.4,242
2024,3,IQP,Estudiante,5to grado,SAN FRANCISCO DE MACORIS,4,3.9,4
2024,3,IQP,Estudiante,5to grado,SAN PEDRO DE MACORIS,5,2.9,5
2024,3,IQP,Estudiante,5to grado,SANTIAGO,453,736.3,784
2024,3,IQP,Estudiante,5to grado,SANTO DOMINGO,699,1240.4,1247
2024,3,IQP,Estudiante,5to grado,Sin ubicación,147,232.8,212
2024,3,IQP,Estudiante,6to grado,AZUA,2,0.9,2
2024,3,IQP,Estudiante,6to grado,COTUI,1,2.5,2
2024,3,IQP,Estudiante,6to grado,HIGUEY,29,14.7,34
2024,3,IQP,Estudiante,6to grado,MONTE CRISTI,1,0.4,1
2024,3,IQP,Estudiante,6to grado,MONTE PLATA,1,0.7,1
2024,3,IQP,Estudiante,6to grado,NAGUA,2,3.3,3
2024,3,IQP,Estudiante,6to grado,SAN FRANCISCO DE MACORIS,1,0.2,1
2024,3,IQP,Estudiante,6to grado,SAN JUAN DE LA MAGUANA,1,0.3,1
2024,3,IQP,Estudiante,6to grado,SAN PEDRO DE MACORIS,1,0.1,1
2024,3,IQP,Estudiante,6to grado,SANTIAGO,300,522.2,705
2024,3,IQP,Estudiante,6to grado,SANTO DOMINGO,124,194.3,211
2024,3,IQP,Estudiante,6to grado,Sin ubicación,255,269.8,388
2024,3,IQP,Estudiante,No especificado,Sin ubicación,1,0.3,1
2024,3,IQP,Parent,6to grado,Sin ubicación,4,1.3,5
2024,3,IQP,Sin rol,No especificado,Sin ubicación,1,11.4,12
2024,3,IQS,Admin,No especificado,Sin ubicación,1,1.9,6
2024,3,IQS,Docente,1er grado,AZUA,1,0.4,1
2024,3,IQS,Docente,1er grado,BAHORUCO,2,1.1,2
2024,3,IQS,Docente,1er grado,HIGUEY,3,13.8,13
2024,3,IQS,Docente,1er grado,LA VEGA,2,1.5,2
2024,3,IQS,Docente,1er grado,MONTE CRISTI,5,6.3,7
2024,3,IQS,Docente,1er grado,PUERTO PLATA,4,8.7,6
2024,3,IQS,Docente,1er grado,SAN CRISTOBAL,1,0.1,2
2024,3,IQS,Docente,1er grado,SAN FRANCISCO DE MACORIS,2,0.6,2
2024,3,IQS,Docente,1er grado,SANTIAGO,3,14.7,12
2024,3,IQS,Docente,1er grado,SANTO DOMINGO,9,10.7,16
2024,3,IQS,Docente,1er grado,Sin ubicación,7,9.4,11
2024,3,IQS,Docente,2do grado,SANTO DOMINGO,1,3.2,3
2024,3,IQS,Docente,4to grado,AZUA,19,11.9,28
2024,3,IQS,Docente,4to grado,BAHORUCO,1,0.4,1
2024,3,IQS,Docente,4to grado,COTUI,5,10.7,11
2024,3,IQS,Docente,4to grado,HIGUEY,36,71.5,82
2024,3,IQS,Docente,4to grado,LA VEGA,5,2.7,9
2024,3,IQS,Docente,4to grado,MAO,5,4.0,6
2024,3,IQS,Docente,4to grado,MONTE CRISTI,9,10.5,14
2024,3,IQS,Docente,4to grado,MONTE PLATA,6,4.0,7
2024,3,IQS,Docente,4to grado,NAGUA,9,6.0,13
2024,3,IQS,Docente,4to grado,PUERTO PLATA,14,29.1,32
2024,3,IQS,Docente,4to grado,SAN CRISTOBAL,9,11.0,13
2024,3,IQS,Docente,4to grado,SAN FRANCISCO DE MACORIS,8,8.2,11
2024,3,IQS,Docente,4to grado,SAN JUAN DE LA MAGUANA,2,3.0,9
2024,3,IQS,Docente,4to grado,SAN PEDRO DE MACORIS,13,9.5,20
2024,3,IQS,Docente,4to grado,SANTIAGO,31,41.5,67
2024,3,IQS,Docente,4to grado,SANTO DOMINGO,83,155.9,157
2024,3,IQS,Docente,4to grado,Sin ubicación,75,104.8,141
2024,3,IQS,Docente,5to grado,SAN PEDRO DE MACORIS,1,0.2,2
2024,3,IQS,Docente,6to grado,AZUA,1,1.7,4
2024,3,IQS,Docente,6to grado,HIGUEY,2,6.9,5
2024,3,IQS,Docente,6to grado,LA VEGA,3,4.6,5
2024,3,IQS,Docente,6to grado,MONTE CRISTI,1,3.8,5
2024,3,IQS,Docente,6to grado,MONTE PLATA,1,7.1,5
2024,3,IQS,Docente,6to grado,NAGUA,2,1.8,3
2024,3,IQS,Docente,6to grado,PUERTO PLATA,1,0.8,1
2024,3,IQS,Docente,6to grado,SAN CRISTOBAL,2,0.7,2
2024,3,IQS,Docente,6to grado,SAN PEDRO DE MACORIS,1,1.3,3
2024,3,IQS,Docente,6to grado,SANTIAGO,9,8.2,13
2024,3,IQS,Docente,6to grado,SANTO DOMINGO,8,16.8,17
2024,3,IQS,Docente,6to grado,Sin ubicación,8,4.9,13
2024,3,IQS,Docente,No especificado,SAN CRISTOBAL,1,0.4,1
2024,3,IQS,Docente,No especificado,SANTO DOMINGO,1,0.0,1
2024,3,IQS,Docente,No especificado,Sin ubicación,3,1.0,3
2024,3,IQS,Editor,No especificado,SANTIAGO,1,72.4,19
2024,3,IQS,Estudiante,1er grado,AZUA,1,0.5,2
2024,3,IQS,Estudiante,1er grado,BARAHONA,1,0.4,2
2024,3,IQS,Estudiante,1er grado,COTUI,2,0.6,4
2024,3,IQS,Estudiante,1er grado,HIGUEY,5,2.7,11
2024,3,IQS,Estudiante,1er grado,LA VEGA,4,2.8,12
2024,3,IQS,Estudiante,1er grado,MONTE PLATA,1,0.2,2
2024,3,IQS,Estudiante,1er grado,PUERTO PLATA,3,1.7,6
2024,3,IQS,Estudiante,1er grado,SAN CRISTOBAL,2,2.1,4
2024,3,IQS,Estudiante,1er grado,SAN FRANCISCO DE MACORIS,1,0.2,2
2024,3,IQS,Estudiante,1er grado,SAN PEDRO DE MACORIS,2,2.0,7
2024,3,IQS,Estudiante,1er grado,SANTIAGO,28,19.0,68
2024,3,IQS,Estudiante,1er grado,SANTO DOMINGO,19,9.6,36
2024,3,IQS,Estudiante,1er grado,Sin ubicación,37,27.3,80
2024,3,IQS,Estudiante,2do grado,AZUA,54,92.4,88
2024,3,IQS,Estudiante,2do grado,BAHORUCO,26,32.3,44
2024,3,IQS,Estudiante,2do grado,COTUI,2,1.2,2
2024,3,IQS,Estudiante,2do grado,HIGUEY,186,235.6,211
2024,3,IQS,Estudiante,2do grado,LA VEGA,2,1.0,2
2024,3,IQS,Estudiante,2do grado,MONTE CRISTI,22,9.8,23
2024,3,IQS,Estudiante,2do grado,PUERTO PLATA,43,85.7,135
2024,3,IQS,Estudiante,2do grado,SAN CRISTOBAL,184,271.0,272
2024,3,IQS,Estudiante,2do grado,SAN FRANCISCO DE MACORIS,34,41.4,44
2024,3,IQS,Estudiante,2do grado,SAN JUAN DE LA MAGUANA,4,2.2,7
2024,3,IQS,Estudiante,2do grado,SAN PEDRO DE MACORIS,4,6.6,12
2024,3,IQS,Estudiante,2do grado,SANTIAGO,405,761.3,754
2024,3,IQS,Estudiante,2do grado,SANTO DOMINGO,595,1067.9,1082
2024,3,IQS,Estudiante,2do grado,Sin ubicación,220,325.4,315
2024,3,IQS,Estudiante,3er grado,COTUI,1,1.5,1
2024,3,IQS,Estudiante,3er grado,HIGUEY,33,21.6,37
2024,3,IQS,Estudiante,3er grado,NAGUA,3,3.7,4
2024,3,IQS,Estudiante,3er grado,PUERTO PLATA,2,0.3,3
2024,3,IQS,Estudiante,3er grado,SAN CRISTOBAL,1,0.3,1
2024,3,IQS,Estudiante,3er grado,SAN FRANCISCO DE MACORIS,1,0.1,1
2024,3,IQS,Estudiante,3er grado,SAN JUAN DE LA MAGUANA,1,0.6,2
2024,3,IQS,Estudiante,3er grado,SANTIAGO,71,47.3,144
2024,3,IQS,Estudiante,3er grado,SANTO DOMINGO,12,12.7,24
2024,3,IQS,Estudiante,3er grado,Sin ubicación,66,62.8,108
2024,3,IQS,Estudiante,4to grado,AZUA,5,5.4,12
2024,3,IQS,Estudiante,4to grado,COTUI,3,2.3,4
2024,3,IQS,Estudiante,4to grado,HIGUEY,2,3.6,10
2024,3,IQS,Estudiante,4to grado,LA VEGA,4,4.5,8
2024,3,IQS,Estudiante,4to grado,MAO,1,0.7,1
2024,3,IQS,Estudiante,4to grado,MONTE CRISTI,4,2.8,7
2024,3,IQS,Estudiante,4to grado,NAGUA,1,0.0,1
2024,3,IQS,Estudiante,4to grado,SAN FRANCISCO DE MACORIS,1,0.4,1
2024,3,IQS,Estudiante,4to grado,SAN PEDRO DE MACORIS,6,4.2,8
2024,3,IQS,Estudiante,4to grado,SANTIAGO,11,39.3,34
2024,3,IQS,Estudiante,4to grado,SANTO DOMINGO,12,14.9,18
2024,3,IQS,Estudiante,4to grado,Sin ubicación,62,44.4,91
2024,3,IQS,Estudiante,5to grado,BAHORUCO,1,0.7,1
2024,3,IQS,Estudiante,5to grado,COTUI,1,0.5,1
2024,3,IQS,Estudiante,5to grado,HIGUEY,1,3.0,1
2024,3,IQS,Estudiante,5to grado,LA VEGA,3,1.0,4
2024,3,IQS,Estudiante,5to grado,NAGUA,1,1.0,2
2024,3,IQS,Estudiante,5to grado,PUERTO PLATA,1,0.4,1
2024,3,IQS,Estudiante,5to grado,SAN FRANCISCO DE MACORIS,1,0.3,1
2024,3,IQS,Estudiante,5to grado,SAN JUAN DE LA MAGUANA,3,5.9,3
2024,3,IQS,Estudiante,5to grado,SAN PEDRO DE MACORIS,2,1.2,2
2024,3,IQS,Estudiante,5to grado,SANTIAGO,6,5.5,14
2024,3,IQS,Estudiante,5to grado,SANTO DOMINGO,21,27.2,44
2024,3,IQS,Estudiante,5to grado,Sin ubicación,30,23.8,60
2024,3,IQS,Estudiante,6to grado,AZUA,99,75.8,153
2024,3,IQS,Estudiante,6to grado,BAHORUCO,13,13.7,27
2024,3,IQS,Estudiante,6to grado,BARAHONA,3,1.7,5
2024,3,IQS,Estudiante,6to grado,COTUI,62,54.0,149
2024,3,IQS,Estudiante,6to grado,HIGUEY,303,450.5,840
2024,3,IQS,Estudiante,6to grado,LA VEGA,48,39.7,124
2024,3,IQS,Estudiante,6to grado,MONTE CRISTI,132,158.3,321
2024,3,IQS,Estudiante,6to grado,MONTE PLATA,12,26.3,47
2024,3,IQS,Estudiante,6to grado,NAGUA,74,135.9,155
2024,3,IQS,Estudiante,6to grado,PUERTO PLATA,72,67.7,166
2024,3,IQS,Estudiante,6to grado,SAN CRISTOBAL,29,28.8,51
2024,3,IQS,Estudiante,6to grado,SAN FRANCISCO DE MACORIS,99,112.9,208
2024,3,IQS,Estudiante,6to grado,SAN JUAN DE LA MAGUANA,65,58.3,154
2024,3,IQS,Estudiante,6to grado,SAN PEDRO DE MACORIS,151,305.9,427
2024,3,IQS,Estudiante,6to grado,SANTIAGO,228,459.8,811
2024,3,IQS,Estudiante,6to grado,SANTO DOMINGO,619,685.2,1112
2024,3,IQS,Estudiante,6to grado,Sin ubicación,731,824.6,1508
2024,3,IQS,Estudiante,No especificado,SAN CRISTOBAL,2,2.4,3
2024,3,IQS,Estudiante,No especificado,SANTIAGO,3,1.3,3
2024,3,IQS,Estudiante,No especificado,SANTO DOMINGO,1,0.5,3
2024,3,IQS,Estudiante,No especificado,Sin ubicación,2,8.5,4
2024,3,IQS,Invitado,4to grado,Sin ubicación,1,0.9,2
2024,3,IQS,Invitado,6to grado,MONTE CRISTI,1,1.4,2
2024,3,IQS,Invitado,6to grado,SAN CRISTOBAL,1,0.6,1
2024,3,IQS,Invitado,6to grado,SANTIAGO,2,2.4,5
2024,3,IQS,Invitado,6to grado,SANTO DOMINGO,2,2.1,3
2024,3,IQS,Invitado,6to grado,Sin ubicación,195,208.5,331
2024,4,IQ512,Admin,No especificado,Sin ubicación,1,0.0,1
2024,4,IQ512,Editor,No especificado,Sin ubicación,1,2.2,2
2024,4,IQ512,Estudiante,No especificado,AZUA,6,7.6,13
2024,4,IQ512,Estudiante,No especificado,BAHORUCO,3,2.6,5
2024,4,IQ512,Estudiante,No especificado,BARAHONA,13,11.0,24
2024,4,IQ512,Estudiante,No especificado,COTUI,4,2.7,6
2024,4,IQ512,Estudiante,No especificado,HIGUEY,1,1.0,2
2024,4,IQ512,Estudiante,No especificado,LA VEGA,7,9.3,11
2024,4,IQ512,Estudiante,No especificado,MAO,5,4.6,9
2024,4,IQ512,Estudiante,No especificado,MONTE CRISTI,4,2.3,5
2024,4,IQ512,Estudiante,No especificado,MONTE PLATA,4,2.7,4
2024,4,IQ512,Estudiante,No especificado,NAGUA,5,2.7,8
2024,4,IQ512,Estudiante,No especificado,PUERTO PLATA,4,3.3,6
2024,4,IQ512,Estudiante,No especificado,SAN CRISTOBAL,5,6.3,11
2024,4,IQ512,Estudiante,No especificado,SAN FRANCISCO DE MACORIS,9,9.5,24
2024,4,IQ512,Estudiante,No especificado,SAN JUAN DE LA MAGUANA,5,4.2,9
2024,4,IQ512,Estudiante,No especificado,SAN PEDRO DE MACORIS,7,9.6,14
2024,4,IQ512,Estudiante,No especificado,SANTIAGO,8,5.5,11
2024,4,IQ512,Estudiante,No especificado,SANTO DOMINGO,41,47.5,72
2024,4,IQ512,Estudiante,No especificado,Sin ubicación,241,254.1,380
2024,4,IQP,Coordinador,6to grado,Sin ubicación,1,0.0,1
2024,4,IQP,Docente,1er grado,Sin ubicación,2,33.8,22
2024,4,IQP,Docente,2do grado,SAN FRANCISCO DE MACORIS,1,0.2,1
2024,4,IQP,Docente,2do grado,SAN PEDRO DE MACORIS,1,1.0,1
2024,4,IQP,Docente,2do grado,SANTIAGO,4,3.4,7
2024,4,IQP,Docente,3er grado,Sin ubicación,1,0.1,1
2024,4,IQP,Docente,4to grado,AZUA,1,0.6,1
2024,4,IQP,Docente,4to grado,HIGUEY,2,9.1,7
2024,4,IQP,Docente,4to grado,LA VEGA,2,9.7,4
2024,4,IQP,Docente,4to grado,MONTE CRISTI,2,1.2,2
2024,4,IQP,Docente,4to grado,SAN FRANCISCO DE MACORIS,3,1.7,4
2024,4,IQP,Docente,4to grado,SANTIAGO,3,3.0,4
2024,4,IQP,Docente,4to grado,SANTO DOMINGO,4,3.2,5
2024,4,IQP,Docente,4to grado,Sin ubicación,11,6.7,13
2024,4,IQP,Docente,5to grado,AZUA,5,4.0,6
2024,4,IQP,Docente,5to grado,BARAHONA,1,0.4,1
2024,4,IQP,Docente,5to grado,COTUI,4,8.8,10
2024,4,IQP,Docente,5to grado,HIGUEY,62,114.0,127
2024,4,IQP,Docente,5to grado,LA VEGA,6,8.5,13
2024,4,IQP,Docente,5to grado,MONTE CRISTI,10,11.4,14
2024,4,IQP,Docente,5to grado,MONTE PLATA,6,11.6,7
2024,4,IQP,Docente,5to grado,NAGUA,8,7.1,10
2024,4,IQP,Docente,5to grado,PUERTO PLATA,8,9.2,14
2024,4,IQP,Docente,5to grado,SAN CRISTOBAL,10,10.3,15
2024,4,IQP,Docente,5to grado,SAN FRANCISCO DE MACORIS,15,15.7,21
2024,4,IQP,Docente,5to grado,SAN PEDRO DE MACORIS,14,15.1,18
2024,4,IQP,Docente,5to grado,SANTIAGO,36,78.5,84
2024,4,IQP,Docente,5to grado,SANTO DOMINGO,80,138.0,159
2024,4,IQP,Docente,5to grado,Sin ubicación,152,220.8,275
2024,4,IQP,Docente,6to grado,COTUI,1,1.3,1
2024,4,IQP,Docente,6to grado,HIGUEY,7,15.4,23
2024,4,IQP,Docente,6to grado,LA VEGA,6,12.3,16
2024,4,IQP,Docente,6to grado,MAO,3,4.2,5
2024,4,IQP,Docente,6to grado,MONTE CRISTI,2,1.7,3
2024,4,IQP,Docente,6to grado,MONTE PLATA,3,5.3,8
2024,4,IQP,Docente,6to grado,NAGUA,5,9.8,9
2024,4,IQP,Docente,6to grado,PUERTO PLATA,2,6.0,8
2024,4,IQP,Docente,6to grado,SAN CRISTOBAL,26,40.8,46
2024,4,IQP,Docente,6to grado,SAN FRANCISCO DE MACORIS,17,19.4,26
2024,4,IQP,Docente,6to grado,SAN PEDRO DE MACORIS,2,0.4,2
2024,4,IQP,Docente,6to grado,SANTIAGO,8,24.8,21
2024,4,IQP,Docente,6to grado,SANTO DOMINGO,15,18.2,24
2024,4,IQP,Docente,6to grado,Sin ubicación,20,17.1,31
2024,4,IQP,Docente,No especificado,MONTE PLATA,1,0.8,2
2024,4,IQP,Docente,No especificado,SAN CRISTOBAL,1,0.2,1
2024,4,IQP,Docente,No especificado,SANTIAGO,1,2.1,1
2024,4,IQP,Docente,No especificado,Sin ubicación,2,1.0,2
2024,4,IQP,Estudiante,1er grado,BAHORUCO,1,0.6,1
2024,4,IQP,Estudiante,1er grado,SANTIAGO,1,0.4,1
2024,4,IQP,Estudiante,1er grado,SANTO DOMINGO,4,3.2,4
2024,4,IQP,Estudiante,1er grado,Sin ubicación,10,7.4,12
2024,4,IQP,Estudiante,2do grado,COTUI,1,2.5,1
2024,4,IQP,Estudiante,2do grado,HIGUEY,1,0.7,1
2024,4,IQP,Estudiante,2do grado,LA VEGA,1,1.1,1
2024,4,IQP,Estudiante,2do grado,SAN CRISTOBAL,5,3.3,7
2024,4,IQP,Estudiante,2do grado,SAN FRANCISCO DE MACORIS,13,8.1,17
2024,4,IQP,Estudiante,2do grado,SANTIAGO,2,3.0,4
2024,4,IQP,Estudiante,2do grado,SANTO DOMINGO,17,8.9,17
2024,4,IQP,Estudiante,2do grado,Sin ubicación,43,27.3,47
2024,4,IQP,Estudiante,3er grado,BAHORUCO,2,0.8,2
2024,4,IQP,Estudiante,3er grado,BARAHONA,1,0.2,1
2024,4,IQP,Estudiante,3er grado,MONTE PLATA,1,0.4,1
2024,4,IQP,Estudiante,3er grado,SAN CRISTOBAL,1,1.1,1
2024,4,IQP,Estudiante,3er grado,SANTIAGO,1,0.3,1
2024,4,IQP,Estudiante,3er grado,SANTO DOMINGO,1,0.7,2
2024,4,IQP,Estudiante,3er grado,Sin ubicación,8,5.3,15
2024,4,IQP,Estudiante,4to grado,BAHORUCO,1,0.2,1
2024,4,IQP,Estudiante,4to grado,SANTIAGO,1,0.3,1
2024,4,IQP,Estudiante,4to grado,SANTO DOMINGO,8,13.2,17
2024,4,IQP,Estudiante,4to grado,Sin ubicación,11,7.6,13
2024,4,IQP,Estudiante,5to grado,BAHORUCO,2,1.3,2
2024,4,IQP,Estudiante,5to grado,BARAHONA,1,0.5,1
2024,4,IQP,Estudiante,5to grado,COTUI,6,4.2,6
2024,4,IQP,Estudiante,5to grado,HIGUEY,528,791.0,798
2024,4,IQP,Estudiante,5to grado,LA VEGA,69,83.0,89
2024,4,IQP,Estudiante,5to grado,MAO,3,1.3,3
2024,4,IQP,Estudiante,5to grado,MONTE CRISTI,1,0.4,1
2024,4,IQP,Estudiante,5to grado,MONTE PLATA,37,19.5,37
2024,4,IQP,Estudiante,5to grado,NAGUA,51,62.5,62
2024,4,IQP,Estudiante,5to grado,PUERTO PLATA,117,149.5,149
2024,4,IQP,Estudiante,5to grado,SAN CRISTOBAL,690,1178.6,1130
2024,4,IQP,Estudiante,5to grado,SAN FRANCISCO DE MACORIS,267,314.9,351
2024,4,IQP,Estudiante,5to grado,SAN PEDRO DE MACORIS,5,4.0,6
2024,4,IQP,Estudiante,5to grado,SANTIAGO,116,180.1,178
2024,4,IQP,Estudiante,5to grado,SANTO DOMINGO,1028,1433.7,1519
2024,4,IQP,Estudiante,5to grado,Sin ubicación,521,506.6,761
2024,4,IQP,Estudiante,6to grado,AZUA,3,1.0,3
2024,4,IQP,Estudiante,6to grado,BAHORUCO,1,1.8,2
2024,4,IQP,Estudiante,6to grado,BARAHONA,7,13.5,14
2024,4,IQP,Estudiante,6to grado,COTUI,1,3.3,2
2024,4,IQP,Estudiante,6to grado,HIGUEY,155,628.7,622
2024,4,IQP,Estudiante,6to grado,LA VEGA,2,1.0,2
2024,4,IQP,Estudiante,6to grado,MAO,2,1.3,2
2024,4,IQP,Estudiante,6to grado,MONTE CRISTI,4,6.7,6
2024,4,IQP,Estudiante,6to grado,MONTE PLATA,2,1.4,2
2024,4,IQP,Estudiante,6to grado,NAGUA,4,4.6,4
2024,4,IQP,Estudiante,6to grado,PUERTO PLATA,5,3.0,5
2024,4,IQP,Estudiante,6to grado,SAN CRISTOBAL,5,2.3,5
2024,4,IQP,Estudiante,6to grado,SAN FRANCISCO DE MACORIS,6,4.5,8
2024,4,IQP,Estudiante,6to grado,SAN JUAN DE LA MAGUANA,3,2.3,3
2024,4,IQP,Estudiante,6to grado,SAN PEDRO DE MACORIS,3,3.0,4
2024,4,IQP,Estudiante,6to grado,SANTIAGO,358,477.6,599
2024,4,IQP,Estudiante,6to grado,SANTO DOMINGO,390,718.7,837
2024,4,IQP,Estudiante,6to grado,Sin ubicación,816,1283.0,1621
2024,4,IQP,Estudiante,No especificado,Sin ubicación,1,0.2,1
2024,4,IQP,Parent,6to grado,Sin ubicación,2,0.9,3
2024,4,IQP,Sin rol,No especificado,Sin ubicación,1,5.7,5
2024,4,IQS,Docente,1er grado,AZUA,3,2.0,5
2024,4,IQS,Docente,1er grado,BAHORUCO,2,3.5,7
2024,4,IQS,Docente,1er grado,COTUI,1,1.7,1
2024,4,IQS,Docente,1er grado,HIGUEY,1,2.4,6
2024,4,IQS,Docente,1er grado,LA VEGA,4,5.1,5
2024,4,IQS,Docente,1er grado,MAO,2,0.8,3
2024,4,IQS,Docente,1er grado,MONTE CRISTI,8,19.7,22
2024,4,IQS,Docente,1er grado,MONTE PLATA,1,0.3,2
2024,4,IQS,Docente,1er grado,PUERTO PLATA,2,2.2,5
2024,4,IQS,Docente,1er grado,SAN CRISTOBAL,3,14.7,18
2024,4,IQS,Docente,1er grado,SAN FRANCISCO DE MACORIS,4,3.0,7
2024,4,IQS,Docente,1er grado,SAN JUAN DE LA MAGUANA,2,1.8,5
2024,4,IQS,Docente,1er grado,SANTIAGO,10,26.4,26
2024,4,IQS,Docente,1er grado,SANTO DOMINGO,18,35.5,43
2024,4,IQS,Docente,1er grado,Sin ubicación,14,9.2,22
2024,4,IQS,Docente,2do grado,SANTO DOMINGO,1,0.7,1
2024,4,IQS,Docente,4to grado,AZUA,10,12.2,23
2024,4,IQS,Docente,4to grado,BAHORUCO,7,5.1,7
2024,4,IQS,Docente,4to grado,BARAHONA,5,4.2,10
2024,4,IQS,Docente,4to grado,COTUI,23,42.8,47
2024,4,IQS,Docente,4to grado,HIGUEY,26,26.0,44
2024,4,IQS,Docente,4to grado,LA VEGA,37,63.6,89
2024,4,IQS,Docente,4to grado,MAO,11,13.3,17
2024,4,IQS,Docente,4to grado,MONTE CRISTI,29,66.5,69
2024,4,IQS,Docente,4to grado,MONTE PLATA,5,2.2,7
2024,4,IQS,Docente,4to grado,NAGUA,21,30.0,40
2024,4,IQS,Docente,4to grado,PUERTO PLATA,25,34.1,50
2024,4,IQS,Docente,4to grado,SAN CRISTOBAL,55,130.7,137
2024,4,IQS,Docente,4to grado,SAN FRANCISCO DE MACORIS,50,86.2,105
2024,4,IQS,Docente,4to grado,SAN JUAN DE LA MAGUANA,14,12.2,22
2024,4,IQS,Docente,4to grado,SAN PEDRO DE MACORIS,33,44.2,58
2024,4,IQS,Docente,4to grado,SANTIAGO,64,97.6,135
2024,4,IQS,Docente,4to grado,SANTO DOMINGO,147,235.6,281
2024,4,IQS,Docente,4to grado,Sin ubicación,199,195.3,329
2024,4,IQS,Docente,6to grado,AZUA,1,0.6,1
2024,4,IQS,Docente,6to grado,BAHORUCO,1,1.3,3
2024,4,IQS,Docente,6to grado,COTUI,2,3.1,4
2024,4,IQS,Docente,6to grado,HIGUEY,1,9.1,5
2024,4,IQS,Docente,6to grado,LA VEGA,2,0.9,2
2024,4,IQS,Docente,6to grado,MAO,1,0.4,1
2024,4,IQS,Docente,6to grado,MONTE CRISTI,1,3.5,2
2024,4,IQS,Docente,6to grado,MONTE PLATA,2,1.3,4
2024,4,IQS,Docente,6to grado,NAGUA,2,2.3,5
2024,4,IQS,Docente,6to grado,PUERTO PLATA,1,0.8,2
2024,4,IQS,Docente,6to grado,SAN CRISTOBAL,5,1.3,6
2024,4,IQS,Docente,6to grado,SAN FRANCISCO DE MACORIS,5,12.0,9
2024,4,IQS,Docente,6to grado,SAN JUAN DE LA MAGUANA,1,1.2,3
2024,4,IQS,Docente,6to grado,SAN PEDRO DE MACORIS,1,0.9,1
2024,4,IQS,Docente,6to grado,SANTIAGO,8,10.1,18
2024,4,IQS,Docente,6to grado,SANTO DOMINGO,11,8.6,15
2024,4,IQS,Docente,6to grado,Sin ubicación,8,4.1,10
2024,4,IQS,Docente,No especificado,MONTE CRISTI,1,2.8,4
2024,4,IQS,Docente,No especificado,NAGUA,1,2.9,1
2024,4,IQS,Docente,No especificado,SAN PEDRO DE MACORIS,1,0.0,1
2024,4,IQS,Docente,No especificado,SANTIAGO,2,0.6,2
2024,4,IQS,Docente,No especificado,SANTO DOMINGO,1,7.2,5
2024,4,IQS,Docente,No especificado,Sin ubicación,4,4.6,5
2024,4,IQS,Editor,No especificado,SANTIAGO,1,71.9,22
2024,4,IQS,Estudiante,1er grado,AZUA,2,0.7,4
2024,4,IQS,Estudiante,1er grado,BAHORUCO,6,3.4,8
2024,4,IQS,Estudiante,1er grado,BARAHONA,1,0.2,2
2024,4,IQS,Estudiante,1er grado,COTUI,2,6.5,5
2024,4,IQS,Estudiante,1er grado,HIGUEY,3,2.4,4
2024,4,IQS,Estudiante,1er grado,LA VEGA,1,4.1,7
2024,4,IQS,Estudiante,1er grado,MAO,3,1.4,8
2024,4,IQS,Estudiante,1er grado,MONTE CRISTI,5,8.3,19
2024,4,IQS,Estudiante,1er grado,MONTE PLATA,5,5.0,15
2024,4,IQS,Estudiante,1er grado,NAGUA,2,1.3,5
2024,4,IQS,Estudiante,1er grado,PUERTO PLATA,9,5.0,23
2024,4,IQS,Estudiante,1er grado,SAN CRISTOBAL,38,21.9,94
2024,4,IQS,Estudiante,1er grado,SAN FRANCISCO DE MACORIS,7,9.8,29
2024,4,IQS,Estudiante,1er grado,SAN JUAN DE LA MAGUANA,7,6.2,24
2024,4,IQS,Estudiante,1er grado,SAN PEDRO DE MACORIS,5,3.4,14
2024,4,IQS,Estudiante,1er grado,SANTIAGO,36,28.3,92
2024,4,IQS,Estudiante,1er grado,SANTO DOMINGO,49,52.5,152
2024,4,IQS,Estudiante,1er grado,Sin ubicación,92,57.6,191
2024,4,IQS,Estudiante,2do grado,AZUA,5,2.1,8
2024,4,IQS,Estudiante,2do grado,BAHORUCO,2,0.3,3
2024,4,IQS,Estudiante,2do grado,BARAHONA,1,6.0,6
2024,4,IQS,Estudiante,2do grado,COTUI,35,74.8,47
2024,4,IQS,Estudiante,2do grado,HIGUEY,11,8.2,11
2024,4,IQS,Estudiante,2do grado,LA VEGA,250,232.9,364
2024,4,IQS,Estudiante,2do grado,MAO,1,0.6,1
2024,4,IQS,Estudiante,2do grado,MONTE CRISTI,140,363.0,538
2024,4,IQS,Estudiante,2do grado,MONTE PLATA,38,57.3,51
2024,4,IQS,Estudiante,2do grado,NAGUA,32,45.8,53
2024,4,IQS,Estudiante,2do grado,PUERTO PLATA,99,258.9,228
2024,4,IQS,Estudiante,2do grado,SAN CRISTOBAL,855,1610.7,1879
2024,4,IQS,Estudiante,2do grado,SAN FRANCISCO DE MACORIS,415,758.5,913
2024,4,IQS,Estudiante,2do grado,SAN PEDRO DE MACORIS,42,44.3,65
2024,4,IQS,Estudiante,2do grado,SANTIAGO,359,611.0,870
2024,4,IQS,Estudiante,2do grado,SANTO DOMINGO,522,871.3,869
2024,4,IQS,Estudiante,2do grado,Sin ubicación,946,1623.4,1876
2024,4,IQS,Estudiante,3er grado,AZUA,2,4.9,4
2024,4,IQS,Estudiante,3er grado,BAHORUCO,44,28.6,57
2024,4,IQS,Estudiante,3er grado,COTUI,1,0.7,1
2024,4,IQS,Estudiante,3er grado,HIGUEY,53,23.7,55
2024,4,IQS,Estudiante,3er grado,LA VEGA,2,8.1,13
2024,4,IQS,Estudiante,3er grado,MAO,1,0.4,1
2024,4,IQS,Estudiante,3er grado,MONTE CRISTI,1,0.5,1
2024,4,IQS,Estudiante,3er grado,NAGUA,2,3.5,7
2024,4,IQS,Estudiante,3er grado,PUERTO PLATA,10,4.7,22
2024,4,IQS,Estudiante,3er grado,SAN CRISTOBAL,5,6.0,9
2024,4,IQS,Estudiante,3er grado,SAN FRANCISCO DE MACORIS,6,6.4,8
2024,4,IQS,Estudiante,3er grado,SANTIAGO,75,242.4,314
2024,4,IQS,Estudiante,3er grado,SANTO DOMINGO,27,26.1,42
2024,4,IQS,Estudiante,3er grado,Sin ubicación,117,164.1,250
2024,4,IQS,Estudiante,4to grado,AZUA,47,85.6,74
2024,4,IQS,Estudiante,4to grado,BAHORUCO,1,0.4,1
2024,4,IQS,Estudiante,4to grado,COTUI,5,4.2,9
2024,4,IQS,Estudiante,4to grado,HIGUEY,7,5.3,9
2024,4,IQS,Estudiante,4to grado,LA VEGA,6,8.6,17
2024,4,IQS,Estudiante,4to grado,MAO,3,4.4,4
2024,4,IQS,Estudiante,4to grado,MONTE CRISTI,2,1.1,2
2024,4,IQS,Estudiante,4to grado,MONTE PLATA,5,4.1,16
2024,4,IQS,Estudiante,4to grado,NAGUA,3,1.7,5
2024,4,IQS,Estudiante,4to grado,PUERTO PLATA,2,1.0,3
2024,4,IQS,Estudiante,4to grado,SAN CRISTOBAL,11,16.6,28
2024,4,IQS,Estudiante,4to grado,SAN FRANCISCO DE MACORIS,6,6.4,10
2024,4,IQS,Estudiante,4to grado,SAN JUAN DE LA MAGUANA,9,7.0,22
2024,4,IQS,Estudiante,4to grado,SAN PEDRO DE MACORIS,11,3.3,23
2024,4,IQS,Estudiante,4to grado,SANTIAGO,13,10.1,27
2024,4,IQS,Estudiante,4to grado,SANTO DOMINGO,60,60.7,115
2024,4,IQS,Estudiante,4to grado,Sin ubicación,80,65.2,167
2024,4,IQS,Estudiante,5to grado,AZUA,19,12.2,25
2024,4,IQS,Estudiante,5to grado,BARAHONA,1,0.4,1
2024,4,IQS,Estudiante,5to grado,COTUI,1,0.4,1
2024,4,IQS,Estudiante,5to grado,HIGUEY,2,3.0,2
2024,4,IQS,Estudiante,5to grado,LA VEGA,1,1.4,2
2024,4,IQS,Estudiante,5to grado,MONTE CRISTI,3,1.8,5
2024,4,IQS,Estudiante,5to grado,MONTE PLATA,1,0.3,2
2024,4,IQS,Estudiante,5to grado,PUERTO PLATA,1,1.1,1
2024,4,IQS,Estudiante,5to grado,SAN FRANCISCO DE MACORIS,1,0.8,2
2024,4,IQS,Estudiante,5to grado,SAN JUAN DE LA MAGUANA,2,1.0,3
2024,4,IQS,Estudiante,5to grado,SAN PEDRO DE MACORIS,3,1.9,3
2024,4,IQS,Estudiante,5to grado,SANTIAGO,3,1.2,4
2024,4,IQS,Estudiante,5to grado,SANTO DOMINGO,44,68.1,91
2024,4,IQS,Estudiante,5to grado,Sin ubicación,35,31.8,63
2024,4,IQS,Estudiante,6to grado,AZUA,149,155.9,245
2024,4,IQS,Estudiante,6to grado,BAHORUCO,76,92.6,205
2024,4,IQS,Estudiante,6to grado,BARAHONA,25,19.0,48
2024,4,IQS,Estudiante,6to grado,COTUI,205,364.0,655
2024,4,IQS,Estudiante,6to grado,HIGUEY,177,187.6,414
2024,4,IQS,Estudiante,6to grado,LA VEGA,162,212.6,444
2024,4,IQS,Estudiante,6to grado,MAO,48,35.3,98
2024,4,IQS,Estudiante,6to grado,MONTE CRISTI,171,263.5,427
2024,4,IQS,Estudiante,6to grado,MONTE PLATA,21,14.0,46
2024,4,IQS,Estudiante,6to grado,NAGUA,169,186.0,335
2024,4,IQS,Estudiante,6to grado,PUERTO PLATA,173,169.0,321
2024,4,IQS,Estudiante,6to grado,SAN CRISTOBAL,390,452.3,923
2024,4,IQS,Estudiante,6to grado,SAN FRANCISCO DE MACORIS,288,296.6,570
2024,4,IQS,Estudiante,6to grado,SAN JUAN DE LA MAGUANA,66,133.5,238
2024,4,IQS,Estudiante,6to grado,SAN PEDRO DE MACORIS,260,306.1,494
2024,4,IQS,Estudiante,6to grado,SANTIAGO,623,622.5,1451
2024,4,IQS,Estudiante,6to grado,SANTO DOMINGO,1304,2219.0,3121
2024,4,IQS,Estudiante,6to grado,Sin ubicación,1777,2083.2,3702
2024,4,IQS,Estudiante,No especificado,LA VEGA,1,0.2,1
2024,4,IQS,Estudiante,No especificado,SAN CRISTOBAL,5,3.6,10
2024,4,IQS,Estudiante,No especificado,SAN FRANCISCO DE MACORIS,2,0.9,2
2024,4,IQS,Estudiante,No especificado,SANTIAGO,8,10.8,14
2024,4,IQS,Estudiante,No especificado,SANTO DOMINGO,7,9.6,19
2024,4,IQS,Estudiante,No especificado,Sin ubicación,5,7.0,7
2024,4,IQS,Invitado,4to grado,SAN CRISTOBAL,1,0.3,2
2024,4,IQS,Invitado,4to grado,Sin ubicación,2,3.1,4
2024,4,IQS,Invitado,6to grado,LA VEGA,1,3.1,1
2024,4,IQS,Invitado,6to grado,MONTE CRISTI,1,2.1,5
2024,4,IQS,Invitado,6to grado,SAN CRISTOBAL,1,0.0,1
2024,4,IQS,Invitado,6to grado,SANTIAGO,9,8.0,10
2024,4,IQS,Invitado,6to grado,SANTO DOMINGO,1,0.5,2
2024,4,IQS,Invitado,6to grado,Sin ubicación,371,359.2,591
2024,5,IQ512,Admin,No especificado,Sin ubicación,1,1.0,1
2024,5,IQ512,Coordinador,No especificado,Sin ubicación,1,1.5,2
2024,5,IQ512,Editor,No especificado,Sin ubicación,1,39.6,7
2024,5,IQ512,Estudiante,No especificado,AZUA,6,9.0,12
2024,5,IQ512,Estudiante,No especificado,BAHORUCO,1,0.3,1
2024,5,IQ512,Estudiante,No especificado,BARAHONA,8,7.4,16
2024,5,IQ512,Estudiante,No especificado,COTUI,5,10.1,10
2024,5,IQ512,Estudiante,No especificado,HIGUEY,6,4.4,6
2024,5,IQ512,Estudiante,No especificado,LA VEGA,6,3.4,6
2024,5,IQ512,Estudiante,No especificado,MAO,5,3.3,7
2024,5,IQ512,Estudiante,No especificado,MONTE CRISTI,2,1.3,3
2024,5,IQ512,Estudiante,No especificado,NAGUA,8,4.9,9
2024,5,IQ512,Estudiante,No especificado,PUERTO PLATA,2,2.8,5
2024,5,IQ512,Estudiante,No especificado,SAN CRISTOBAL,10,9.1,15
2024,5,IQ512,Estudiante,No especificado,SAN FRANCISCO DE MACORIS,7,4.3,9
2024,5,IQ512,Estudiante,No especificado,SAN JUAN DE LA MAGUANA,4,2.5,6
2024,5,IQ512,Estudiante,No especificado,SAN PEDRO DE MACORIS,7,9.1,17
2024,5,IQ512,Estudiante,No especificado,SANTIAGO,5,4.7,8
2024,5,IQ512,Estudiante,No especificado,SANTO DOMINGO,34,23.2,47
2024,5,IQ512,Estudiante,No especificado,Sin ubicación,232,326.7,396
2024,5,IQP,Admin,No especificado,Sin ubicación,1,0.5,2
2024,5,IQP,Docente,1er grado,Sin ubicación,2,37.5,26
2024,5,IQP,Docente,3er grado,BARAHONA,1,0.1,1
2024,5,IQP,Docente,4to grado,LA VEGA,1,0.5,1
2024,5,IQP,Docente,4to grado,MONTE CRISTI,1,0.4,1
2024,5,IQP,Docente,4to grado,PUERTO PLATA,1,0.8,1
2024,5,IQP,Docente,4to grado,SAN PEDRO DE MACORIS,2,0.7,2
2024,5,IQP,Docente,4to grado,SANTIAGO,1,0.3,1
2024,5,IQP,Docente,4to grado,SANTO DOMINGO,4,6.0,8
2024,5,IQP,Docente,4to grado,Sin ubicación,11,9.5,15
2024,5,IQP,Docente,5to grado,AZUA,9,3.6,9
2024,5,IQP,Docente,5to grado,BAHORUCO,2,1.0,2
2024,5,IQP,Docente,5to grado,BARAHONA,6,3.7,6
2024,5,IQP,Docente,5to grado,COTUI,11,16.1,22
2024,5,IQP,Docente,5to grado,HIGUEY,19,17.1,25
2024,5,IQP,Docente,5to grado,LA VEGA,6,7.7,11
2024,5,IQP,Docente,5to grado,MAO,6,5.5,10
2024,5,IQP,Docente,5to grado,MONTE CRISTI,5,2.5,5
2024,5,IQP,Docente,5to grado,MONTE PLATA,6,2.6,6
2024,5,IQP,Docente,5to grado,NAGUA,8,5.3,9
2024,5,IQP,Docente,5to grado,PUERTO PLATA,7,12.3,15
2024,5,IQP,Docente,5to grado,SAN CRISTOBAL,8,3.6,9
2024,5,IQP,Docente,5to grado,SAN FRANCISCO DE MACORIS,12,8.9,15
2024,5,IQP,Docente,5to grado,SAN JUAN DE LA MAGUANA,8,3.9,10
2024,5,IQP,Docente,5to grado,SAN PEDRO DE MACORIS,14,10.1,18
2024,5,IQP,Docente,5to grado,SANTIAGO,25,17.1,29
2024,5,IQP,Docente,5to grado,SANTO DOMINGO,63,34.7,71
2024,5,IQP,Docente,5to grado,Sin ubicación,95,75.3,121
2024,5,IQP,Docente,6to grado,COTUI,2,1.1,2
2024,5,IQP,Docente,6to grado,HIGUEY,3,3.0,6
2024,5,IQP,Docente,6to grado,LA VEGA,1,0.6,1
2024,5,IQP,Docente,6to grado,MAO,2,1.2,3
2024,5,IQP,Docente,6to grado,MONTE PLATA,2,1.0,3
2024,5,IQP,Docente,6to grado,NAGUA,4,1.5,4
2024,5,IQP,Docente,6to grado,SAN CRISTOBAL,3,4.0,5
2024,5,IQP,Docente,6to grado,SAN FRANCISCO DE MACORIS,2,5.5,2
2024,5,IQP,Docente,6to grado,SANTIAGO,3,1.8,5
2024,5,IQP,Docente,6to grado,SANTO DOMINGO,2,1.8,2
2024,5,IQP,Docente,6to grado,Sin ubicación,6,3.5,6
2024,5,IQP,Estudiante,1er grado,BAHORUCO,1,0.4,1
2024,5,IQP,Estudiante,1er grado,COTUI,1,1.4,1
2024,5,IQP,Estudiante,1er grado,SAN JUAN DE LA MAGUANA,1,3.3,4
2024,5,IQP,Estudiante,1er grado,SAN PEDRO DE MACORIS,1,0.3,1
2024,5,IQP,Estudiante,1er grado,SANTIAGO,1,0.4,1
2024,5,IQP,Estudiante,1er grado,SANTO DOMINGO,3,1.7,3
2024,5,IQP,Estudiante,1er grado,Sin ubicación,4,8.1,8
2024,5,IQP,Estudiante,2do grado,COTUI,1,0.4,1
2024,5,IQP,Estudiante,2do grado,SAN CRISTOBAL,1,0.1,1
2024,5,IQP,Estudiante,2do grado,SANTIAGO,2,1.0,2
2024,5,IQP,Estudiante,2do grado,SANTO DOMINGO,1,0.2,1
2024,5,IQP,Estudiante,2do grado,Sin ubicación,11,11.2,13
2024,5,IQP,Estudiante,3er grado,AZUA,2,1.4,3
2024,5,IQP,Estudiante,3er grado,SAN CRISTOBAL,1,0.5,1
2024,5,IQP,Estudiante,3er grado,SANTIAGO,2,0.5,2
2024,5,IQP,Estudiante,3er grado,SANTO DOMINGO,3,1.1,3
2024,5,IQP,Estudiante,3er grado,Sin ubicación,4,1.9,5
2024,5,IQP,Estudiante,4to grado,AZUA,3,1.3,3
2024,5,IQP,Estudiante,4to grado,BARAHONA,2,2.6,3
2024,5,IQP,Estudiante,4to grado,COTUI,1,0.7,1
2024,5,IQP,Estudiante,4to grado,LA VEGA,2,1.6,3
2024,5,IQP,Estudiante,4to grado,MAO,1,0.4,1
2024,5,IQP,Estudiante,4to grado,MONTE CRISTI,1,3.4,4
2024,5,IQP,Estudiante,4to grado,PUERTO PLATA,3,1.5,4
2024,5,IQP,Estudiante,4to grado,SAN FRANCISCO DE MACORIS,1,0.4,1
2024,5,IQP,Estudiante,4to grado,SAN JUAN DE LA MAGUANA,1,0.5,1
2024,5,IQP,Estudiante,4to grado,SAN PEDRO DE MACORIS,5,2.5,6
2024,5,IQP,Estudiante,4to grado,SANTIAGO,3,1.4,4
2024,5,IQP,Estudiante,4to grado,SANTO DOMINGO,13,16.2,19
2024,5,IQP,Estudiante,4to grado,Sin ubicación,16,6.0,19
2024,5,IQP,Estudiante,5to grado,BARAHONA,4,6.9,5
2024,5,IQP,Estudiante,5to grado,HIGUEY,10,7.4,12
2024,5,IQP,Estudiante,5to grado,LA VEGA,19,22.6,30
2024,5,IQP,Estudiante,5to grado,MAO,1,0.5,1
2024,5,IQP,Estudiante,5to grado,NAGUA,2,1.0,3
2024,5,IQP,Estudiante,5to grado,SAN CRISTOBAL,6,4.6,7
2024,5,IQP,Estudiante,5to grado,SAN FRANCISCO DE MACORIS,15,11.5,19
2024,5,IQP,Estudiante,5to grado,SAN JUAN DE LA MAGUANA,2,3.7,3
2024,5,IQP,Estudiante,5to grado,SAN PEDRO DE MACORIS,3,2.0,3
2024,5,IQP,Estudiante,5to grado,SANTIAGO,13,6.4,14
2024,5,IQP,Estudiante,5to grado,SANTO DOMINGO,46,34.6,51
2024,5,IQP,Estudiante,5to grado,Sin ubicación,19,9.1,20
2024,5,IQP,Estudiante,6to grado,AZUA,27,24.0,30
2024,5,IQP,Estudiante,6to grado,BAHORUCO,8,3.4,9
2024,5,IQP,Estudiante,6to grado,BARAHONA,14,5.3,15
2024,5,IQP,Estudiante,6to grado,COTUI,31,22.0,41
2024,5,IQP,Estudiante,6to grado,HIGUEY,111,185.6,204
2024,5,IQP,Estudiante,6to grado,LA VEGA,34,21.3,37
2024,5,IQP,Estudiante,6to grado,MAO,11,3.3,11
2024,5,IQP,Estudiante,6to grado,MONTE CRISTI,10,6.6,12
2024,5,IQP,Estudiante,6to grado,MONTE PLATA,4,2.1,4
2024,5,IQP,Estudiante,6to grado,NAGUA,8,7.9,11
2024,5,IQP,Estudiante,6to grado,PUERTO PLATA,10,4.6,10
2024,5,IQP,Estudiante,6to grado,SAN CRISTOBAL,30,18.9,34
2024,5,IQP,Estudiante,6to grado,SAN FRANCISCO DE MACORIS,24,12.1,25
2024,5,IQP,Estudiante,6to grado,SAN JUAN DE LA MAGUANA,21,9.5,23
2024,5,IQP,Estudiante,6to grado,SAN PEDRO DE MACORIS,64,46.4,74
2024,5,IQP,Estudiante,6to grado,SANTIAGO,105,91.1,135
2024,5,IQP,Estudiante,6to grado,SANTO DOMINGO,225,159.6,272
2024,5,IQP,Estudiante,6to grado,Sin ubicación,400,301.3,505
2024,5,IQP,Sin rol,No especificado,Sin ubicación,1,11.9,7
2024,5,IQS,Admin,6to grado,Sin ubicación,1,1.7,2
2024,5,IQS,Docente,1er grado,AZUA,5,12.9,21
2024,5,IQS,Docente,1er grado,BAHORUCO,1,1.8,2
2024,5,IQS,Docente,1er grado,BARAHONA,1,2.1,2
2024,5,IQS,Docente,1er grado,COTUI,3,5.2,12
2024,5,IQS,Docente,1er grado,HIGUEY,3,3.0,14
2024,5,IQS,Docente,1er grado,LA VEGA,6,12.0,12
2024,5,IQS,Docente,1er grado,MAO,3,6.9,7
2024,5,IQS,Docente,1er grado,MONTE CRISTI,5,5.8,10
2024,5,IQS,Docente,1er grado,PUERTO PLATA,6,15.2,27
2024,5,IQS,Docente,1er grado,SAN CRISTOBAL,3,2.1,6
2024,5,IQS,Docente,1er grado,SAN FRANCISCO DE MACORIS,4,12.1,16
2024,5,IQS,Docente,1er grado,SAN JUAN DE LA MAGUANA,3,1.0,5
2024,5,IQS,Docente,1er grado,SAN PEDRO DE MACORIS,2,0.8,4
2024,5,IQS,Docente,1er grado,SANTIAGO,7,11.1,16
2024,5,IQS,Docente,1er grado,SANTO DOMINGO,27,30.2,48
2024,5,IQS,Docente,1er grado,Sin ubicación,28,55.6,68
2024,5,IQS,Docente,2do grado,SANTO DOMINGO,1,1.2,2
2024,5,IQS,Docente,4to grado,AZUA,105,217.8,264
2024,5,IQS,Docente,4to grado,BAHORUCO,17,34.2,35
2024,5,IQS,Docente,4to grado,BARAHONA,40,81.9,109
2024,5,IQS,Docente,4to grado,COTUI,108,193.7,242
2024,5,IQS,Docente,4to grado,HIGUEY,115,227.0,315
2024,5,IQS,Docente,4to grado,LA VEGA,146,266.8,298
2024,5,IQS,Docente,4to grado,MAO,55,128.8,151
2024,5,IQS,Docente,4to grado,MONTE CRISTI,132,318.8,374
2024,5,IQS,Docente,4to grado,MONTE PLATA,88,148.8,195
2024,5,IQS,Docente,4to grado,NAGUA,81,190.1,216
2024,5,IQS,Docente,4to grado,PUERTO PLATA,93,169.6,232
2024,5,IQS,Docente,4to grado,SAN CRISTOBAL,168,289.4,380
2024,5,IQS,Docente,4to grado,SAN FRANCISCO DE MACORIS,102,170.0,188
2024,5,IQS,Docente,4to grado,SAN JUAN DE LA MAGUANA,84,140.8,215
2024,5,IQS,Docente,4to grado,SAN PEDRO DE MACORIS,197,353.7,416
2024,5,IQS,Docente,4to grado,SANTIAGO,207,414.5,444
2024,5,IQS,Docente,4to grado,SANTO DOMINGO,743,1385.2,1688
2024,5,IQS,Docente,4to grado,Sin ubicación,606,857.3,1256
2024,5,IQS,Docente,6to grado,AZUA,5,4.4,6
2024,5,IQS,Docente,6to grado,COTUI,7,11.2,12
2024,5,IQS,Docente,6to grado,HIGUEY,5,13.8,12
2024,5,IQS,Docente,6to grado,LA VEGA,7,21.1,21
2024,5,IQS,Docente,6to grado,MAO,2,7.0,8
2024,5,IQS,Docente,6to grado,MONTE CRISTI,2,6.3,5
2024,5,IQS,Docente,6to grado,MONTE PLATA,2,1.1,2
2024,5,IQS,Docente,6to grado,NAGUA,2,2.6,4
2024,5,IQS,Docente,6to grado,PUERTO PLATA,4,6.9,11
2024,5,IQS,Docente,6to grado,SAN CRISTOBAL,8,11.8,15
2024,5,IQS,Docente,6to grado,SAN FRANCISCO DE MACORIS,5,9.5,8
2024,5,IQS,Docente,6to grado,SAN JUAN DE LA MAGUANA,2,2.1,2
2024,5,IQS,Docente,6to grado,SAN PEDRO DE MACORIS,9,17.7,20
2024,5,IQS,Docente,6to grado,SANTIAGO,10,14.2,25
2024,5,IQS,Docente,6to grado,SANTO DOMINGO,28,60.4,54
2024,5,IQS,Docente,6to grado,Sin ubicación,39,44.9,78
2024,5,IQS,Docente,No especificado,COTUI,1,5.6,4
2024,5,IQS,Docente,No especificado,HIGUEY,1,0.6,1
2024,5,IQS,Docente,No especificado,MONTE CRISTI,1,13.2,13
2024,5,IQS,Docente,No especificado,PUERTO PLATA,1,0.6,4
2024,5,IQS,Docente,No especificado,SAN CRISTOBAL,1,0.3,1
2024,5,IQS,Docente,No especificado,SAN JUAN DE LA MAGUANA,1,1.1,2
2024,5,IQS,Docente,No especificado,SAN PEDRO DE MACORIS,2,2.4,3
2024,5,IQS,Docente,No especificado,SANTIAGO,1,0.9,1
2024,5,IQS,Docente,No especificado,SANTO DOMINGO,4,2.1,5
2024,5,IQS,Docente,No especificado,Sin ubicación,11,12.9,27
2024,5,IQS,Editor,No especificado,SANTIAGO,1,53.4,18
2024,5,IQS,Estudiante,1er grado,AZUA,35,39.4,117
2024,5,IQS,Estudiante,1er grado,BAHORUCO,1,1.2,4
2024,5,IQS,Estudiante,1er grado,BARAHONA,25,24.5,66
2024,5,IQS,Estudiante,1er grado,COTUI,20,16.9,52
2024,5,IQS,Estudiante,1er grado,HIGUEY,12,14.6,40
2024,5,IQS,Estudiante,1er grado,LA VEGA,17,17.0,49
2024,5,IQS,Estudiante,1er grado,MAO,3,1.4,6
2024,5,IQS,Estudiante,1er grado,MONTE CRISTI,19,15.0,52
2024,5,IQS,Estudiante,1er grado,MONTE PLATA,12,9.4,38
2024,5,IQS,Estudiante,1er grado,NAGUA,16,13.2,48
2024,5,IQS,Estudiante,1er grado,PUERTO PLATA,19,14.3,43
2024,5,IQS,Estudiante,1er grado,SAN CRISTOBAL,59,59.7,172
2024,5,IQS,Estudiante,1er grado,SAN FRANCISCO DE MACORIS,10,19.4,42
2024,5,IQS,Estudiante,1er grado,SAN JUAN DE LA MAGUANA,12,5.4,32
2024,5,IQS,Estudiante,1er grado,SAN PEDRO DE MACORIS,18,19.8,45
2024,5,IQS,Estudiante,1er grado,SANTIAGO,59,47.7,147
2024,5,IQS,Estudiante,1er grado,SANTO DOMINGO,157,170.8,510
2024,5,IQS,Estudiante,1er grado,Sin ubicación,168,165.4,504
2024,5,IQS,Estudiante,2do grado,AZUA,12,7.6,20
2024,5,IQS,Estudiante,2do grado,BAHORUCO,4,3.6,14
2024,5,IQS,Estudiante,2do grado,BARAHONA,12,9.8,30
2024,5,IQS,Estudiante,2do grado,COTUI,17,14.1,25
2024,5,IQS,Estudiante,2do grado,HIGUEY,41,67.8,78
2024,5,IQS,Estudiante,2do grado,LA VEGA,90,172.2,115
2024,5,IQS,Estudiante,2do grado,MAO,5,6.6,12
2024,5,IQS,Estudiante,2do grado,MONTE CRISTI,12,14.0,33
2024,5,IQS,Estudiante,2do grado,MONTE PLATA,7,4.6,12
2024,5,IQS,Estudiante,2do grado,NAGUA,13,8.7,19
2024,5,IQS,Estudiante,2do grado,PUERTO PLATA,18,28.3,29
2024,5,IQS,Estudiante,2do grado,SAN CRISTOBAL,258,335.5,469
2024,5,IQS,Estudiante,2do grado,SAN FRANCISCO DE MACORIS,138,204.5,280
2024,5,IQS,Estudiante,2do grado,SAN JUAN DE LA MAGUANA,12,9.7,23
2024,5,IQS,Estudiante,2do grado,SAN PEDRO DE MACORIS,35,58.7,88
2024,5,IQS,Estudiante,2do grado,SANTIAGO,37,53.5,77
2024,5,IQS,Estudiante,2do grado,SANTO DOMINGO,83,107.8,169
2024,5,IQS,Estudiante,2do grado,Sin ubicación,144,140.2,275
2024,5,IQS,Estudiante,3er grado,AZUA,6,6.8,12
2024,5,IQS,Estudiante,3er grado,BAHORUCO,5,4.0,5
2024,5,IQS,Estudiante,3er grado,COTUI,4,3.6,8
2024,5,IQS,Estudiante,3er grado,HIGUEY,10,17.0,12
2024,5,IQS,Estudiante,3er grado,LA VEGA,3,3.7,3
2024,5,IQS,Estudiante,3er grado,MONTE CRISTI,1,0.5,1
2024,5,IQS,Estudiante,3er grado,MONTE PLATA,1,0.4,2
2024,5,IQS,Estudiante,3er grado,NAGUA,1,1.1,1
2024,5,IQS,Estudiante,3er grado,PUERTO PLATA,1,0.4,3
2024,5,IQS,Estudiante,3er grado,SAN CRISTOBAL,1,2.4,3
2024,5,IQS,Estudiante,3er grado,SAN FRANCISCO DE MACORIS,6,6.3,10
2024,5,IQS,Estudiante,3er grado,SAN JUAN DE LA MAGUANA,2,0.8,3
2024,5,IQS,Estudiante,3er grado,SAN PEDRO DE MACORIS,14,12.0,28
2024,5,IQS,Estudiante,3er grado,SANTIAGO,23,21.7,35
2024,5,IQS,Estudiante,3er grado,SANTO DOMINGO,23,30.8,43
2024,5,IQS,Estudiante,3er grado,Sin ubicación,31,21.1,47
2024,5,IQS,Estudiante,4to grado,AZUA,38,55.1,96
2024,5,IQS,Estudiante,4to grado,BAHORUCO,5,2.4,6
2024,5,IQS,Estudiante,4to grado,BARAHONA,6,3.1,9
2024,5,IQS,Estudiante,4to grado,COTUI,23,17.3,41
2024,5,IQS,Estudiante,4to grado,HIGUEY,43,88.1,139
2024,5,IQS,Estudiante,4to grado,LA VEGA,19,28.2,35
2024,5,IQS,Estudiante,4to grado,MAO,5,3.7,8
2024,5,IQS,Estudiante,4to grado,MONTE CRISTI,6,19.1,21
2024,5,IQS,Estudiante,4to grado,MONTE PLATA,9,7.0,20
2024,5,IQS,Estudiante,4to grado,NAGUA,10,14.4,30
2024,5,IQS,Estudiante,4to grado,PUERTO PLATA,20,22.0,29
2024,5,IQS,Estudiante,4to grado,SAN CRISTOBAL,29,27.5,57
2024,5,IQS,Estudiante,4to grado,SAN FRANCISCO DE MACORIS,42,27.7,59
2024,5,IQS,Estudiante,4to grado,SAN JUAN DE LA MAGUANA,14,18.1,27
2024,5,IQS,Estudiante,4to grado,SAN PEDRO DE MACORIS,42,37.3,76
2024,5,IQS,Estudiante,4to grado,SANTIAGO,62,85.0,144
2024,5,IQS,Estudiante,4to grado,SANTO DOMINGO,185,263.2,385
2024,5,IQS,Estudiante,4to grado,Sin ubicación,164,187.7,365
2024,5,IQS,Estudiante,5to grado,AZUA,12,12.0,23
2024,5,IQS,Estudiante,5to grado,BAHORUCO,2,4.2,3
2024,5,IQS,Estudiante,5to grado,BARAHONA,2,0.8,3
2024,5,IQS,Estudiante,5to grado,COTUI,7,6.6,13
2024,5,IQS,Estudiante,5to grado,HIGUEY,18,31.0,68
2024,5,IQS,Estudiante,5to grado,LA VEGA,10,11.3,23
2024,5,IQS,Estudiante,5to grado,MAO,2,1.8,4
2024,5,IQS,Estudiante,5to grado,MONTE CRISTI,4,3.2,6
2024,5,IQS,Estudiante,5to grado,MONTE PLATA,4,11.1,6
2024,5,IQS,Estudiante,5to grado,NAGUA,3,3.1,7
2024,5,IQS,Estudiante,5to grado,PUERTO PLATA,8,6.9,17
2024,5,IQS,Estudiante,5to grado,SAN CRISTOBAL,15,13.1,17
2024,5,IQS,Estudiante,5to grado,SAN FRANCISCO DE MACORIS,7,5.6,8
2024,5,IQS,Estudiante,5to grado,SAN JUAN DE LA MAGUANA,10,12.0,40
2024,5,IQS,Estudiante,5to grado,SAN PEDRO DE MACORIS,29,28.0,45
2024,5,IQS,Estudiante,5to grado,SANTIAGO,15,12.4,18
2024,5,IQS,Estudiante,5to grado,SANTO DOMINGO,109,114.2,202
2024,5,IQS,Estudiante,5to grado,Sin ubicación,53,59.8,118
2024,5,IQS,Estudiante,6to grado,AZUA,1047,1663.8,2822
2024,5,IQS,Estudiante,6to grado,BAHORUCO,188,331.3,530
2024,5,IQS,Estudiante,6to grado,BARAHONA,518,607.6,1195
2024,5,IQS,Estudiante,6to grado,COTUI,1038,1644.0,2952
2024,5,IQS,Estudiante,6to grado,HIGUEY,1415,2873.7,4266
2024,5,IQS,Estudiante,6to grado,LA VEGA,1155,1729.4,2922
2024,5,IQS,Estudiante,6to grado,MAO,482,583.8,1103
2024,5,IQS,Estudiante,6to grado,MONTE CRISTI,749,1931.4,2676
2024,5,IQS,Estudiante,6to grado,MONTE PLATA,420,422.6,994
2024,5,IQS,Estudiante,6to grado,NAGUA,696,986.9,1741
2024,5,IQS,Estudiante,6to grado,PUERTO PLATA,814,1185.4,2222
2024,5,IQS,Estudiante,6to grado,SAN CRISTOBAL,1555,2075.2,4155
2024,5,IQS,Estudiante,6to grado,SAN FRANCISCO DE MACORIS,1043,1737.1,2578
2024,5,IQS,Estudiante,6to grado,SAN JUAN DE LA MAGUANA,638,867.9,1518
2024,5,IQS,Estudiante,6to grado,SAN PEDRO DE MACORIS,1601,2773.3,4429
2024,5,IQS,Estudiante,6to grado,SANTIAGO,2516,3442.3,6457
2024,5,IQS,Estudiante,6to grado,SANTO DOMINGO,8466,13781.9,21332
2024,5,IQS,Estudiante,6to grado,Sin ubicación,5969,7851.2,15488
2024,5,IQS,Estudiante,No especificado,COTUI,1,5.2,6
2024,5,IQS,Estudiante,No especificado,LA VEGA,1,0.8,1
2024,5,IQS,Estudiante,No especificado,MONTE PLATA,1,0.4,1
2024,5,IQS,Estudiante,No especificado,SAN CRISTOBAL,4,3.6,6
2024,5,IQS,Estudiante,No especificado,SAN JUAN DE LA MAGUANA,1,0.3,1
2024,5,IQS,Estudiante,No especificado,SANTIAGO,3,3.7,3
2024,5,IQS,Estudiante,No especificado,SANTO DOMINGO,8,7.5,16
2024,5,IQS,Estudiante,No especificado,Sin ubicación,3,3.2,5
2024,5,IQS,Invitado,4to grado,SAN CRISTOBAL,1,2.2,1
2024,5,IQS,Invitado,4to grado,Sin ubicación,1,0.1,2
2024,5,IQS,Invitado,6to grado,BARAHONA,6,8.3,21
2024,5,IQS,Invitado,6to grado,COTUI,1,0.7,3
2024,5,IQS,Invitado,6to grado,HIGUEY,2,5.3,7
2024,5,IQS,Invitado,6to grado,MAO,1,1.5,4
2024,5,IQS,Invitado,6to grado,MONTE CRISTI,5,23.0,25
2024,5,IQS,Invitado,6to grado,MONTE PLATA,1,0.6,1
2024,5,IQS,Invitado,6to grado,PUERTO PLATA,2,3.2,4
2024,5,IQS,Invitado,6to grado,SAN CRISTOBAL,1,0.2,1
2024,5,IQS,Invitado,6to grado,SAN FRANCISCO DE MACORIS,1,1.4,1
2024,5,IQS,Invitado,6to grado,SAN JUAN DE LA MAGUANA,2,4.9,5
2024,5,IQS,Invitado,6to grado,SANTIAGO,8,16.6,26
2024,5,IQS,Invitado,6to grado,SANTO DOMINGO,29,65.5,81
2024,5,IQS,Invitado,6to grado,Sin ubicación,871,988.4,1551
2024,5,IQS,Invitado,No especificado,Sin ubicación,2,0.3,3
2024,6,IQ512,Admin,No especificado,Sin ubicación,1,0.3,1
2024,6,IQ512,Coordinador,No especificado,Sin ubicación,1,0.0,1
2024,6,IQ512,Editor,No especificado,Sin ubicación,1,19.5,9
2024,6,IQ512,Estudiante,No especificado,AZUA,11,15.6,22
2024,6,IQ512,Estudiante,No especificado,BAHORUCO,3,2.8,5
2024,6,IQ512,Estudiante,No especificado,BARAHONA,11,17.3,30
2024,6,IQ512,Estudiante,No especificado,COTUI,6,4.0,10
2024,6,IQ512,Estudiante,No especificado,HIGUEY,4,5.5,12
2024,6,IQ512,Estudiante,No especificado,LA VEGA,21,15.1,24
2024,6,IQ512,Estudiante,No especificado,MAO,8,8.1,14
2024,6,IQ512,Estudiante,No especificado,MONTE CRISTI,5,3.4,6
2024,6,IQ512,Estudiante,No especificado,MONTE PLATA,5,3.7,8
2024,6,IQ512,Estudiante,No especificado,NAGUA,4,8.2,13
2024,6,IQ512,Estudiante,No especificado,PUERTO PLATA,3,3.0,7
2024,6,IQ512,Estudiante,No especificado,SAN CRISTOBAL,13,8.7,19
2024,6,IQ512,Estudiante,No especificado,SAN FRANCISCO DE MACORIS,10,20.9,29
2024,6,IQ512,Estudiante,No especificado,SAN JUAN DE LA MAGUANA,10,11.2,14
2024,6,IQ512,Estudiante,No especificado,SAN PEDRO DE MACORIS,4,3.8,7
2024,6,IQ512,Estudiante,No especificado,SANTIAGO,7,2.3,9
2024,6,IQ512,Estudiante,No especificado,SANTO DOMINGO,58,55.6,94
2024,6,IQ512,Estudiante,No especificado,Sin ubicación,509,621.6,845
2024,6,IQP,Admin,No especificado,Sin ubicación,1,0.3,1
2024,6,IQP,Coordinador,6to grado,Sin ubicación,1,0.0,1
2024,6,IQP,Docente,1er grado,Sin ubicación,1,10.8,16
2024,6,IQP,Docente,4to grado,COTUI,1,0.0,1
2024,6,IQP,Docente,4to grado,MONTE CRISTI,1,0.6,1
2024,6,IQP,Docente,4to grado,SAN CRISTOBAL,1,0.0,1
2024,6,IQP,Docente,4to grado,Sin ubicación,2,1.0,2
2024,6,IQP,Docente,5to grado,AZUA,4,2.5,5
2024,6,IQP,Docente,5to grado,BAHORUCO,3,2.1,5
2024,6,IQP,Docente,5to grado,BARAHONA,1,0.4,1
2024,6,IQP,Docente,5to grado,COTUI,1,0.9,1
2024,6,IQP,Docente,5to grado,HIGUEY,8,8.6,12
2024,6,IQP,Docente,5to grado,LA VEGA,4,2.1,6
2024,6,IQP,Docente,5to grado,MAO,1,1.6,1
2024,6,IQP,Docente,5to grado,MONTE PLATA,3,2.3,4
2024,6,IQP,Docente,5to grado,NAGUA,2,0.9,2
2024,6,IQP,Docente,5to grado,PUERTO PLATA,1,1.1,3
2024,6,IQP,Docente,5to grado,SAN CRISTOBAL,2,1.3,2
2024,6,IQP,Docente,5to grado,SAN FRANCISCO DE MACORIS,7,6.0,9
2024,6,IQP,Docente,5to grado,SAN JUAN DE LA MAGUANA,1,0.4,1
2024,6,IQP,Docente,5to grado,SAN PEDRO DE MACORIS,4,0.9,4
2024,6,IQP,Docente,5to grado,SANTIAGO,5,1.6,5
2024,6,IQP,Docente,5to grado,SANTO DOMINGO,23,12.9,24
2024,6,IQP,Docente,5to grado,Sin ubicación,21,10.7,21
2024,6,IQP,Docente,6to grado,COTUI,2,3.3,3
2024,6,IQP,Docente,6to grado,SAN CRISTOBAL,2,2.2,3
2024,6,IQP,Docente,6to grado,SAN PEDRO DE MACORIS,1,2.3,2
2024,6,IQP,Docente,6to grado,SANTO DOMINGO,4,2.4,4
2024,6,IQP,Docente,6to grado,Sin ubicación,2,1.0,2
2024,6,IQP,Estudiante,1er grado,AZUA,1,0.6,1
2024,6,IQP,Estudiante,1er grado,COTUI,2,1.9,3
2024,6,IQP,Estudiante,1er grado,SAN JUAN DE LA MAGUANA,3,4.9,5
2024,6,IQP,Estudiante,1er grado,SANTO DOMINGO,1,1.0,2
2024,6,IQP,Estudiante,1er grado,Sin ubicación,7,2.1,7
2024,6,IQP,Estudiante,2do grado,BAHORUCO,1,0.5,1
2024,6,IQP,Estudiante,2do grado,MONTE CRISTI,1,1.3,2
2024,6,IQP,Estudiante,2do grado,MONTE PLATA,1,0.2,1
2024,6,IQP,Estudiante,2do grado,PUERTO PLATA,1,0.1,1
2024,6,IQP,Estudiante,2do grado,SAN CRISTOBAL,1,0.5,1
2024,6,IQP,Estudiante,2do grado,SAN JUAN DE LA MAGUANA,1,1.6,1
2024,6,IQP,Estudiante,2do grado,SAN PEDRO DE MACORIS,3,1.5,3
2024,6,IQP,Estudiante,2do grado,SANTIAGO,1,1.2,1
2024,6,IQP,Estudiante,2do grado,SANTO DOMINGO,3,3.1,5
2024,6,IQP,Estudiante,2do grado,Sin ubicación,6,7.1,10
2024,6,IQP,Estudiante,3er grado,AZUA,1,0.7,1
2024,6,IQP,Estudiante,3er grado,HIGUEY,1,0.2,1
2024,6,IQP,Estudiante,3er grado,LA VEGA,1,0.2,1
2024,6,IQP,Estudiante,3er grado,MONTE CRISTI,1,0.6,1
2024,6,IQP,Estudiante,3er grado,SAN CRISTOBAL,1,0.3,1
2024,6,IQP,Estudiante,3er grado,SANTIAGO,1,1.2,1
2024,6,IQP,Estudiante,3er grado,SANTO DOMINGO,3,2.1,3
2024,6,IQP,Estudiante,3er grado,Sin ubicación,4,2.5,4
2024,6,IQP,Estudiante,4to grado,AZUA,4,6.0,6
2024,6,IQP,Estudiante,4to grado,COTUI,1,0.5,1
2024,6,IQP,Estudiante,4to grado,HIGUEY,1,0.1,1
2024,6,IQP,Estudiante,4to grado,LA VEGA,1,0.5,1
2024,6,IQP,Estudiante,4to grado,MONTE PLATA,2,0.7,2
2024,6,IQP,Estudiante,4to grado,SAN CRISTOBAL,1,0.4,1
2024,6,IQP,Estudiante,4to grado,SAN FRANCISCO DE MACORIS,1,0.3,1
2024,6,IQP,Estudiante,4to grado,SAN JUAN DE LA MAGUANA,1,0.2,1
2024,6,IQP,Estudiante,4to grado,SAN PEDRO DE MACORIS,2,1.1,3
2024,6,IQP,Estudiante,4to grado,SANTO DOMINGO,8,3.2,9
2024,6,IQP,Estudiante,4to grado,Sin ubicación,8,4.5,10
2024,6,IQP,Estudiante,5to grado,AZUA,1,0.2,1
2024,6,IQP,Estudiante,5to grado,BARAHONA,2,0.4,2
2024,6,IQP,Estudiante,5to grado,COTUI,4,1.2,4
2024,6,IQP,Estudiante,5to grado,HIGUEY,2,0.5,2
2024,6,IQP,Estudiante,5to grado,LA VEGA,5,2.1,5
2024,6,IQP,Estudiante,5to grado,NAGUA,1,0.0,1
2024,6,IQP,Estudiante,5to grado,SAN CRISTOBAL,4,1.5,4
2024,6,IQP,Estudiante,5to grado,SAN JUAN DE LA MAGUANA,4,3.8,5
2024,6,IQP,Estudiante,5to grado,SAN PEDRO DE MACORIS,2,4.2,3
2024,6,IQP,Estudiante,5to grado,SANTO DOMINGO,12,13.8,20
2024,6,IQP,Estudiante,5to grado,Sin ubicación,2,0.9,2
2024,6,IQP,Estudiante,6to grado,AZUA,17,10.6,20
2024,6,IQP,Estudiante,6to grado,BAHORUCO,3,2.5,4
2024,6,IQP,Estudiante,6to grado,BARAHONA,4,2.3,4
2024,6,IQP,Estudiante,6to grado,COTUI,6,3.4,8
2024,6,IQP,Estudiante,6to grado,HIGUEY,16,8.0,20
2024,6,IQP,Estudiante,6to grado,LA VEGA,8,4.8,8
2024,6,IQP,Estudiante,6to grado,MAO,3,1.5,3
2024,6,IQP,Estudiante,6to grado,MONTE CRISTI,5,4.1,5
2024,6,IQP,Estudiante,6to grado,MONTE PLATA,6,3.9,8
2024,6,IQP,Estudiante,6to grado,NAGUA,2,1.2,3
2024,6,IQP,Estudiante,6to grado,PUERTO PLATA,1,0.3,1
2024,6,IQP,Estudiante,6to grado,SAN CRISTOBAL,22,8.3,22
2024,6,IQP,Estudiante,6to grado,SAN FRANCISCO DE MACORIS,9,2.9,10
2024,6,IQP,Estudiante,6to grado,SAN JUAN DE LA MAGUANA,9,6.4,10
2024,6,IQP,Estudiante,6to grado,SAN PEDRO DE MACORIS,31,22.9,34
2024,6,IQP,Estudiante,6to grado,SANTIAGO,27,19.2,29
2024,6,IQP,Estudiante,6to grado,SANTO DOMINGO,117,70.1,129
2024,6,IQP,Estudiante,6to grado,Sin ubicación,152,103.9,170
2024,6,IQP,Parent,6to grado,Sin ubicación,2,0.5,2
2024,6,IQP,Parent,No especificado,Sin ubicación,2,0.7,2
2024,6,IQP,Sin rol,No especificado,Sin ubicación,1,4.9,8
2024,6,IQS,Admin,6to grado,Sin ubicación,1,0.0,1
2024,6,IQS,Admin,No especificado,Sin ubicación,1,1.1,4
2024,6,IQS,Docente,1er grado,AZUA,2,0.8,2
2024,6,IQS,Docente,1er grado,BAHORUCO,1,0.5,1
2024,6,IQS,Docente,1er grado,BARAHONA,1,1.6,2
2024,6,IQS,Docente,1er grado,COTUI,2,4.9,10
2024,6,IQS,Docente,1er grado,HIGUEY,3,10.6,15
2024,6,IQS,Docente,1er grado,LA VEGA,2,0.4,3
2024,6,IQS,Docente,1er grado,MAO,1,0.3,1
2024,6,IQS,Docente,1er grado,MONTE CRISTI,3,2.5,3
2024,6,IQS,Docente,1er grado,PUERTO PLATA,4,3.1,7
2024,6,IQS,Docente,1er grado,SAN FRANCISCO DE MACORIS,2,3.9,4
2024,6,IQS,Docente,1er grado,SAN JUAN DE LA MAGUANA,1,0.0,1
2024,6,IQS,Docente,1er grado,SAN PEDRO DE MACORIS,2,2.7,4
2024,6,IQS,Docente,1er grado,SANTIAGO,1,0.3,1
2024,6,IQS,Docente,1er grado,SANTO DOMINGO,13,14.7,22
2024,6,IQS,Docente,1er grado,Sin ubicación,18,16.2,35
2024,6,IQS,Docente,2do grado,SANTO DOMINGO,1,1.5,2
2024,6,IQS,Docente,4to grado,AZUA,38,55.6,71
2024,6,IQS,Docente,4to grado,BAHORUCO,6,11.7,12
2024,6,IQS,Docente,4to grado,BARAHONA,21,32.4,41
2024,6,IQS,Docente,4to grado,COTUI,29,32.7,56
2024,6,IQS,Docente,4to grado,HIGUEY,41,56.5,98
2024,6,IQS,Docente,4to grado,LA VEGA,51,61.4,86
2024,6,IQS,Docente,4to grado,MAO,15,13.8,20
2024,6,IQS,Docente,4to grado,MONTE CRISTI,43,94.1,103
2024,6,IQS,Docente,4to grado,MONTE PLATA,26,41.3,52
2024,6,IQS,Docente,4to grado,NAGUA,19,27.9,35
2024,6,IQS,Docente,4to grado,PUERTO PLATA,33,63.5,70
2024,6,IQS,Docente,4to grado,SAN CRISTOBAL,50,98.4,115
2024,6,IQS,Docente,4to grado,SAN FRANCISCO DE MACORIS,58,96.2,101
2024,6,IQS,Docente,4to grado,SAN JUAN DE LA MAGUANA,17,42.4,69
2024,6,IQS,Docente,4to grado,SAN PEDRO DE MACORIS,69,141.9,167
2024,6,IQS,Docente,4to grado,SANTIAGO,81,181.3,170
2024,6,IQS,Docente,4to grado,SANTO DOMINGO,262,417.5,502
2024,6,IQS,Docente,4to grado,Sin ubicación,158,244.6,332
2024,6,IQS,Docente,6to grado,AZUA,1,0.6,2
2024,6,IQS,Docente,6to grado,BAHORUCO,1,0.0,1
2024,6,IQS,Docente,6to grado,BARAHONA,1,0.6,1
2024,6,IQS,Docente,6to grado,COTUI,1,0.8,1
2024,6,IQS,Docente,6to grado,HIGUEY,1,0.2,1
2024,6,IQS,Docente,6to grado,LA VEGA,4,8.3,11
2024,6,IQS,Docente,6to grado,SAN CRISTOBAL,2,3.0,4
2024,6,IQS,Docente,6to grado,SAN FRANCISCO DE MACORIS,1,0.9,2
2024,6,IQS,Docente,6to grado,SAN JUAN DE LA MAGUANA,1,0.3,1
2024,6,IQS,Docente,6to grado,SAN PEDRO DE MACORIS,3,2.0,4
2024,6,IQS,Docente,6to grado,SANTIAGO,2,2.5,3
2024,6,IQS,Docente,6to grado,SANTO DOMINGO,9,16.7,22
2024,6,IQS,Docente,6to grado,Sin ubicación,7,3.9,10
2024,6,IQS,Docente,No especificado,AZUA,1,0.8,1
2024,6,IQS,Docente,No especificado,HIGUEY,1,0.6,1
2024,6,IQS,Docente,No especificado,MONTE CRISTI,1,0.9,1
2024,6,IQS,Docente,No especificado,SAN PEDRO DE MACORIS,1,1.0,2
2024,6,IQS,Docente,No especificado,SANTIAGO,3,4.2,4
2024,6,IQS,Docente,No especificado,Sin ubicación,5,3.6,9
2024,6,IQS,Editor,No especificado,SANTIAGO,1,27.9,12
2024,6,IQS,Estudiante,1er grado,AZUA,17,20.2,58
2024,6,IQS,Estudiante,1er grado,BAHORUCO,2,0.7,3
2024,6,IQS,Estudiante,1er grado,BARAHONA,18,14.3,41
2024,6,IQS,Estudiante,1er grado,COTUI,9,9.0,32
2024,6,IQS,Estudiante,1er grado,HIGUEY,12,18.8,53
2024,6,IQS,Estudiante,1er grado,LA VEGA,25,29.8,67
2024,6,IQS,Estudiante,1er grado,MAO,1,1.4,2
2024,6,IQS,Estudiante,1er grado,MONTE CRISTI,10,7.3,29
2024,6,IQS,Estudiante,1er grado,MONTE PLATA,7,8.8,24
2024,6,IQS,Estudiante,1er grado,NAGUA,11,14.4,42
2024,6,IQS,Estudiante,1er grado,PUERTO PLATA,14,23.2,73
2024,6,IQS,Estudiante,1er grado,SAN CRISTOBAL,29,29.9,101
2024,6,IQS,Estudiante,1er grado,SAN FRANCISCO DE MACORIS,13,31.2,50
2024,6,IQS,Estudiante,1er grado,SAN JUAN DE LA MAGUANA,6,4.3,14
2024,6,IQS,Estudiante,1er grado,SAN PEDRO DE MACORIS,22,33.4,56
2024,6,IQS,Estudiante,1er grado,SANTIAGO,37,28.2,86
2024,6,IQS,Estudiante,1er grado,SANTO DOMINGO,123,216.0,482
2024,6,IQS,Estudiante,1er grado,Sin ubicación,126,153.6,386
2024,6,IQS,Estudiante,2do grado,AZUA,7,9.2,14
2024,6,IQS,Estudiante,2do grado,BAHORUCO,5,5.4,14
2024,6,IQS,Estudiante,2do grado,BARAHONA,7,9.1,21
2024,6,IQS,Estudiante,2do grado,COTUI,8,7.8,14
2024,6,IQS,Estudiante,2do grado,HIGUEY,5,7.9,9
2024,6,IQS,Estudiante,2do grado,LA VEGA,14,35.2,37
2024,6,IQS,Estudiante,2do grado,MAO,1,5.7,4
2024,6,IQS,Estudiante,2do grado,MONTE CRISTI,5,3.0,9
2024,6,IQS,Estudiante,2do grado,NAGUA,5,16.2,12
2024,6,IQS,Estudiante,2do grado,PUERTO PLATA,2,1.3,4
2024,6,IQS,Estudiante,2do grado,SAN CRISTOBAL,11,8.3,13
2024,6,IQS,Estudiante,2do grado,SAN FRANCISCO DE MACORIS,91,71.8,116
2024,6,IQS,Estudiante,2do grado,SAN JUAN DE LA MAGUANA,3,1.3,6
2024,6,IQS,Estudiante,2do grado,SAN PEDRO DE MACORIS,18,26.2,39
2024,6,IQS,Estudiante,2do grado,SANTIAGO,20,48.2,65
2024,6,IQS,Estudiante,2do grado,SANTO DOMINGO,60,85.6,137
2024,6,IQS,Estudiante,2do grado,Sin ubicación,51,86.7,159
2024,6,IQS,Estudiante,3er grado,AZUA,3,2.1,3
2024,6,IQS,Estudiante,3er grado,BAHORUCO,1,0.3,1
2024,6,IQS,Estudiante,3er grado,BARAHONA,4,4.9,8
2024,6,IQS,Estudiante,3er grado,COTUI,2,7.4,4
2024,6,IQS,Estudiante,3er grado,HIGUEY,3,1.8,5
2024,6,IQS,Estudiante,3er grado,LA VEGA,8,17.5,24
2024,6,IQS,Estudiante,3er grado,MAO,2,0.2,3
2024,6,IQS,Estudiante,3er grado,MONTE CRISTI,3,14.9,8
2024,6,IQS,Estudiante,3er grado,MONTE PLATA,3,3.2,5
2024,6,IQS,Estudiante,3er grado,NAGUA,1,0.7,1
2024,6,IQS,Estudiante,3er grado,PUERTO PLATA,3,4.6,6
2024,6,IQS,Estudiante,3er grado,SAN CRISTOBAL,3,3.6,4
2024,6,IQS,Estudiante,3er grado,SAN FRANCISCO DE MACORIS,5,3.0,6
2024,6,IQS,Estudiante,3er grado,SAN JUAN DE LA MAGUANA,1,0.5,1
2024,6,IQS,Estudiante,3er grado,SAN PEDRO DE MACORIS,1,0.3,2
2024,6,IQS,Estudiante,3er grado,SANTIAGO,7,7.8,12
2024,6,IQS,Estudiante,3er grado,SANTO DOMINGO,36,91.8,89
2024,6,IQS,Estudiante,3er grado,Sin ubicación,25,40.2,60
2024,6,IQS,Estudiante,4to grado,AZUA,25,30.8,55
2024,6,IQS,Estudiante,4to grado,BAHORUCO,6,11.8,15
2024,6,IQS,Estudiante,4to grado,BARAHONA,6,4.7,9
2024,6,IQS,Estudiante,4to grado,COTUI,21,26.0,56
2024,6,IQS,Estudiante,4to grado,HIGUEY,28,56.8,93
2024,6,IQS,Estudiante,4to grado,LA VEGA,24,39.2,54
2024,6,IQS,Estudiante,4to grado,MAO,4,4.7,8
2024,6,IQS,Estudiante,4to grado,MONTE CRISTI,5,10.9,18
2024,6,IQS,Estudiante,4to grado,MONTE PLATA,2,0.4,4
2024,6,IQS,Estudiante,4to grado,NAGUA,44,63.8,74
2024,6,IQS,Estudiante,4to grado,PUERTO PLATA,7,3.2,11
2024,6,IQS,Estudiante,4to grado,SAN CRISTOBAL,9,7.7,19
2024,6,IQS,Estudiante,4to grado,SAN FRANCISCO DE MACORIS,18,17.8,30
2024,6,IQS,Estudiante,4to grado,SAN JUAN DE LA MAGUANA,11,12.2,22
2024,6,IQS,Estudiante,4to grado,SAN PEDRO DE MACORIS,22,35.9,67
2024,6,IQS,Estudiante,4to grado,SANTIAGO,72,150.8,179
2024,6,IQS,Estudiante,4to grado,SANTO DOMINGO,187,454.0,509
2024,6,IQS,Estudiante,4to grado,Sin ubicación,129,269.7,374
2024,6,IQS,Estudiante,5to grado,AZUA,7,27.4,27
2024,6,IQS,Estudiante,5to grado,BAHORUCO,4,3.2,8
2024,6,IQS,Estudiante,5to grado,BARAHONA,13,41.1,33
2024,6,IQS,Estudiante,5to grado,COTUI,6,5.3,10
2024,6,IQS,Estudiante,5to grado,HIGUEY,13,21.8,40
2024,6,IQS,Estudiante,5to grado,LA VEGA,12,39.2,38
2024,6,IQS,Estudiante,5to grado,MAO,4,17.0,7
2024,6,IQS,Estudiante,5to grado,MONTE CRISTI,3,19.7,28
2024,6,IQS,Estudiante,5to grado,MONTE PLATA,4,3.5,5
2024,6,IQS,Estudiante,5to grado,NAGUA,2,7.1,22
2024,6,IQS,Estudiante,5to grado,PUERTO PLATA,7,13.2,12
2024,6,IQS,Estudiante,5to grado,SAN CRISTOBAL,3,3.2,5
2024,6,IQS,Estudiante,5to grado,SAN FRANCISCO DE MACORIS,3,6.3,10
2024,6,IQS,Estudiante,5to grado,SAN JUAN DE LA MAGUANA,3,5.3,15
2024,6,IQS,Estudiante,5to grado,SAN PEDRO DE MACORIS,12,13.2,28
2024,6,IQS,Estudiante,5to grado,SANTIAGO,21,42.6,51
2024,6,IQS,Estudiante,5to grado,SANTO DOMINGO,105,230.0,282
2024,6,IQS,Estudiante,5to grado,Sin ubicación,54,155.7,192
2024,6,IQS,Estudiante,6to grado,AZUA,834,1541.9,2404
2024,6,IQS,Estudiante,6to grado,BAHORUCO,181,313.9,501
2024,6,IQS,Estudiante,6to grado,BARAHONA,396,714.5,1235
2024,6,IQS,Estudiante,6to grado,COTUI,616,1074.3,1824
2024,6,IQS,Estudiante,6to grado,HIGUEY,856,2145.6,2893
2024,6,IQS,Estudiante,6to grado,LA VEGA,934,1907.3,2570
2024,6,IQS,Estudiante,6to grado,MAO,296,618.3,880
2024,6,IQS,Estudiante,6to grado,MONTE CRISTI,507,1338.8,1717
2024,6,IQS,Estudiante,6to grado,MONTE PLATA,307,469.0,817
2024,6,IQS,Estudiante,6to grado,NAGUA,321,676.7,989
2024,6,IQS,Estudiante,6to grado,PUERTO PLATA,605,1347.9,2145
2024,6,IQS,Estudiante,6to grado,SAN CRISTOBAL,1064,2580.0,3220
2024,6,IQS,Estudiante,6to grado,SAN FRANCISCO DE MACORIS,897,1824.3,2501
2024,6,IQS,Estudiante,6to grado,SAN JUAN DE LA MAGUANA,383,749.0,1220
2024,6,IQS,Estudiante,6to grado,SAN PEDRO DE MACORIS,1307,3229.0,4199
2024,6,IQS,Estudiante,6to grado,SANTIAGO,2171,4858.7,6485
2024,6,IQS,Estudiante,6to grado,SANTO DOMINGO,7389,19063.7,22027
2024,6,IQS,Estudiante,6to grado,Sin ubicación,4992,10832.7,15300
2024,6,IQS,Estudiante,No especificado,COTUI,1,0.9,4
2024,6,IQS,Estudiante,No especificado,SAN CRISTOBAL,1,7.8,11
2024,6,IQS,Estudiante,No especificado,SAN JUAN DE LA MAGUANA,1,2.9,3
2024,6,IQS,Estudiante,No especificado,SANTIAGO,1,0.6,3
2024,6,IQS,Estudiante,No especificado,SANTO DOMINGO,5,9.6,10
2024,6,IQS,Estudiante,No especificado,Sin ubicación,1,0.5,1
2024,6,IQS,Invitado,4to grado,Sin ubicación,1,0.4,2
2024,6,IQS,Invitado,6to grado,BARAHONA,3,5.9,7
2024,6,IQS,Invitado,6to grado,COTUI,1,2.5,1
2024,6,IQS,Invitado,6to grado,MONTE CRISTI,2,4.3,10
2024,6,IQS,Invitado,6to grado,MONTE PLATA,1,1.3,2
2024,6,IQS,Invitado,6to grado,PUERTO PLATA,2,13.7,11
2024,6,IQS,Invitado,6to grado,SAN CRISTOBAL,1,5.0,2
2024,6,IQS,Invitado,6to grado,SAN JUAN DE LA MAGUANA,2,3.6,4
2024,6,IQS,Invitado,6to grado,SAN PEDRO DE MACORIS,1,11.3,7
2024,6,IQS,Invitado,6to grado,SANTIAGO,6,33.3,20
2024,6,IQS,Invitado,6to grado,SANTO DOMINGO,21,127.1,74
2024,6,IQS,Invitado,6to grado,Sin ubicación,1115,1924.1,2277
2024,6,IQS,Invitado,No especificado,Sin ubicación,1,0.5,1
2024,7,IQ512,Coordinador,No especificado,Sin ubicación,1,7.1,5
2024,7,IQ512,Editor,No especificado,Sin ubicación,1,15.7,9
2024,7,IQ512,Estudiante,No especificado,AZUA,30,102.2,103
2024,7,IQ512,Estudiante,No especificado,BAHORUCO,17,36.8,33
2024,7,IQ512,Estudiante,No especificado,BARAHONA,26,45.4,81
2024,7,IQ512,Estudiante,No especificado,COTUI,15,10.4,24
2024,7,IQ512,Estudiante,No especificado,HIGUEY,17,57.9,43
2024,7,IQ512,Estudiante,No especificado,LA VEGA,45,109.9,127
2024,7,IQ512,Estudiante,No especificado,MAO,7,42.3,34
2024,7,IQ512,Estudiante,No especificado,MONTE CRISTI,11,10.1,24
2024,7,IQ512,Estudiante,No especificado,MONTE PLATA,7,13.2,18
2024,7,IQ512,Estudiante,No especificado,NAGUA,13,18.5,37
2024,7,IQ512,Estudiante,No especificado,PUERTO PLATA,9,17.0,25
2024,7,IQ512,Estudiante,No especificado,SAN CRISTOBAL,25,50.3,64
2024,7,IQ512,Estudiante,No especificado,SAN FRANCISCO DE MACORIS,19,27.2,62
2024,7,IQ512,Estudiante,No especificado,SAN JUAN DE LA MAGUANA,19,120.0,95
2024,7,IQ512,Estudiante,No especificado,SAN PEDRO DE MACORIS,11,14.7,22
2024,7,IQ512,Estudiante,No especificado,SANTIAGO,34,48.8,91
2024,7,IQ512,Estudiante,No especificado,SANTO DOMINGO,176,390.3,453
2024,7,IQ512,Estudiante,No especificado,Sin ubicación,1431,3424.9,3743
2024,7,IQP,Admin,No especificado,Sin ubicación,1,0.0,2
2024,7,IQP,Docente,1er grado,Sin ubicación,1,29.3,16
2024,7,IQP,Docente,4to grado,SANTO DOMINGO,1,0.5,1
2024,7,IQP,Docente,4to grado,Sin ubicación,1,0.0,1
2024,7,IQP,Docente,5to grado,AZUA,1,0.3,1
2024,7,IQP,Docente,5to grado,MONTE CRISTI,1,0.5,1
2024,7,IQP,Docente,5to grado,SAN CRISTOBAL,1,0.6,1
2024,7,IQP,Docente,5to grado,SAN PEDRO DE MACORIS,1,0.3,1
2024,7,IQP,Docente,5to grado,SANTIAGO,1,0.5,1
2024,7,IQP,Docente,5to grado,SANTO DOMINGO,5,3.8,5
2024,7,IQP,Docente,5to grado,Sin ubicación,5,1.5,5
2024,7,IQP,Docente,6to grado,COTUI,1,0.5,1
2024,7,IQP,Docente,6to grado,PUERTO PLATA,1,0.3,1
2024,7,IQP,Docente,6to grado,SAN CRISTOBAL,1,4.7,1
2024,7,IQP,Docente,No especificado,Sin ubicación,2,1.6,2
2024,7,IQP,Estudiante,1er grado,SANTIAGO,1,0.2,1
2024,7,IQP,Estudiante,1er grado,Sin ubicación,2,1.8,2
2024,7,IQP,Estudiante,2do grado,SAN FRANCISCO DE MACORIS,2,1.6,3
2024,7,IQP,Estudiante,2do grado,Sin ubicación,1,0.5,1
2024,7,IQP,Estudiante,3er grado,Sin ubicación,1,0.8,3
2024,7,IQP,Estudiante,4to grado,BAHORUCO,1,1.1,1
2024,7,IQP,Estudiante,4to grado,SANTO DOMINGO,1,0.2,1
2024,7,IQP,Estudiante,4to grado,Sin ubicación,4,1.2,5
2024,7,IQP,Estudiante,5to grado,COTUI,1,0.7,1
2024,7,IQP,Estudiante,5to grado,HIGUEY,3,1.2,3
2024,7,IQP,Estudiante,5to grado,SAN CRISTOBAL,2,0.7,3
2024,7,IQP,Estudiante,5to grado,SANTIAGO,1,0.8,1
2024,7,IQP,Estudiante,5to grado,SANTO DOMINGO,8,3.7,9
2024,7,IQP,Estudiante,5to grado,Sin ubicación,3,2.3,4
2024,7,IQP,Estudiante,6to grado,AZUA,2,8.8,8
2024,7,IQP,Estudiante,6to grado,BAHORUCO,1,1.5,1
2024,7,IQP,Estudiante,6to grado,HIGUEY,1,0.3,1
2024,7,IQP,Estudiante,6to grado,SAN CRISTOBAL,1,0.5,1
2024,7,IQP,Estudiante,6to grado,SAN FRANCISCO DE MACORIS,1,0.5,1
2024,7,IQP,Estudiante,6to grado,SAN PEDRO DE MACORIS,2,1.8,2
2024,7,IQP,Estudiante,6to grado,SANTIAGO,2,0.7,2
2024,7,IQP,Estudiante,6to grado,SANTO DOMINGO,17,17.9,25
2024,7,IQP,Estudiante,6to grado,Sin ubicación,9,5.2,12
2024,7,IQP,Estudiante,No especificado,Sin ubicación,1,1.0,1
2024,7,IQP,Sin rol,No especificado,Sin ubicación,1,11.9,12
2024,7,IQS,Admin,6to grado,Sin ubicación,1,2.4,6
2024,7,IQS,Admin,No especificado,Sin ubicación,1,0.1,2
2024,7,IQS,Docente,1er grado,Sin ubicación,1,1.0,2
2024,7,IQS,Docente,4to grado,AZUA,3,3.0,4
2024,7,IQS,Docente,4to grado,BAHORUCO,1,6.9,7
2024,7,IQS,Docente,4to grado,BARAHONA,3,0.7,3
2024,7,IQS,Docente,4to grado,HIGUEY,6,4.0,13
2024,7,IQS,Docente,4to grado,MAO,1,0.7,2
2024,7,IQS,Docente,4to grado,MONTE CRISTI,3,0.6,3
2024,7,IQS,Docente,4to grado,MONTE PLATA,2,1.1,2
2024,7,IQS,Docente,4to grado,NAGUA,3,3.2,4
2024,7,IQS,Docente,4to grado,PUERTO PLATA,2,0.6,2
2024,7,IQS,Docente,4to grado,SAN CRISTOBAL,3,4.2,13
2024,7,IQS,Docente,4to grado,SAN FRANCISCO DE MACORIS,8,4.7,9
2024,7,IQS,Docente,4to grado,SAN JUAN DE LA MAGUANA,1,0.6,1
2024,7,IQS,Docente,4to grado,SAN PEDRO DE MACORIS,8,6.0,12
2024,7,IQS,Docente,4to grado,SANTIAGO,10,7.1,13
2024,7,IQS,Docente,4to grado,SANTO DOMINGO,17,15.0,26
2024,7,IQS,Docente,4to grado,Sin ubicación,14,7.0,22
2024,7,IQS,Docente,6to grado,Sin ubicación,2,0.9,3
2024,7,IQS,Docente,No especificado,SAN JUAN DE LA MAGUANA,1,0.8,1
2024,7,IQS,Editor,No especificado,SANTIAGO,1,36.2,12
2024,7,IQS,Estudiante,1er grado,AZUA,2,0.2,4
2024,7,IQS,Estudiante,1er grado,BARAHONA,1,0.4,2
2024,7,IQS,Estudiante,1er grado,HIGUEY,3,1.6,7
2024,7,IQS,Estudiante,1er grado,LA VEGA,2,0.2,3
2024,7,IQS,Estudiante,1er grado,PUERTO PLATA,1,0.9,5
2024,7,IQS,Estudiante,1er grado,SAN CRISTOBAL,4,1.9,6
2024,7,IQS,Estudiante,1er grado,SAN FRANCISCO DE MACORIS,1,1.7,4
2024,7,IQS,Estudiante,1er grado,SAN JUAN DE LA MAGUANA,1,0.3,4
2024,7,IQS,Estudiante,1er grado,SAN PEDRO DE MACORIS,3,1.3,5
2024,7,IQS,Estudiante,1er grado,SANTIAGO,3,3.3,6
2024,7,IQS,Estudiante,1er grado,SANTO DOMINGO,14,8.4,31
2024,7,IQS,Estudiante,1er grado,Sin ubicación,10,12.0,30
2024,7,IQS,Estudiante,2do grado,AZUA,2,0.8,2
2024,7,IQS,Estudiante,2do grado,BAHORUCO,1,1.0,2
2024,7,IQS,Estudiante,2do grado,HIGUEY,4,3.0,10
2024,7,IQS,Estudiante,2do grado,LA VEGA,1,0.9,1
2024,7,IQS,Estudiante,2do grado,MONTE CRISTI,1,0.6,1
2024,7,IQS,Estudiante,2do grado,NAGUA,2,4.9,9
2024,7,IQS,Estudiante,2do grado,SAN JUAN DE LA MAGUANA,1,0.5,1
2024,7,IQS,Estudiante,2do grado,SAN PEDRO DE MACORIS,1,0.1,1
2024,7,IQS,Estudiante,2do grado,SANTIAGO,1,0.4,1
2024,7,IQS,Estudiante,2do grado,SANTO DOMINGO,6,2.1,11
2024,7,IQS,Estudiante,2do grado,Sin ubicación,7,2.7,14
2024,7,IQS,Estudiante,3er grado,PUERTO PLATA,1,0.2,2
2024,7,IQS,Estudiante,3er grado,SAN CRISTOBAL,1,0.4,2
2024,7,IQS,Estudiante,3er grado,SAN FRANCISCO DE MACORIS,3,3.3,6
2024,7,IQS,Estudiante,3er grado,SANTO DOMINGO,9,10.2,20
2024,7,IQS,Estudiante,3er grado,Sin ubicación,5,11.9,16
2024,7,IQS,Estudiante,4to grado,AZUA,2,0.9,3
2024,7,IQS,Estudiante,4to grado,COTUI,1,0.2,2
2024,7,IQS,Estudiante,4to grado,HIGUEY,2,1.9,11
2024,7,IQS,Estudiante,4to grado,MONTE CRISTI,2,0.4,2
2024,7,IQS,Estudiante,4to grado,MONTE PLATA,1,1.5,3
2024,7,IQS,Estudiante,4to grado,NAGUA,1,0.1,1
2024,7,IQS,Estudiante,4to grado,PUERTO PLATA,2,0.7,3
2024,7,IQS,Estudiante,4to grado,SAN CRISTOBAL,1,3.0,3
2024,7,IQS,Estudiante,4to grado,SAN JUAN DE LA MAGUANA,2,1.2,3
2024,7,IQS,Estudiante,4to grado,SAN PEDRO DE MACORIS,2,3.6,8
2024,7,IQS,Estudiante,4to grado,SANTIAGO,4,7.6,8
2024,7,IQS,Estudiante,4to grado,SANTO DOMINGO,8,1.4,10
2024,7,IQS,Estudiante,4to grado,Sin ubicación,7,5.6,12
2024,7,IQS,Estudiante,5to grado,AZUA,1,0.5,1
2024,7,IQS,Estudiante,5to grado,BARAHONA,2,0.5,2
2024,7,IQS,Estudiante,5to grado,COTUI,1,0.4,1
2024,7,IQS,Estudiante,5to grado,HIGUEY,1,0.3,1
2024,7,IQS,Estudiante,5to grado,LA VEGA,1,0.2,1
2024,7,IQS,Estudiante,5to grado,SAN JUAN DE LA MAGUANA,1,0.5,2
2024,7,IQS,Estudiante,5to grado,SAN PEDRO DE MACORIS,1,0.7,1
2024,7,IQS,Estudiante,5to grado,SANTIAGO,3,3.3,7
2024,7,IQS,Estudiante,5to grado,SANTO DOMINGO,5,22.1,39
2024,7,IQS,Estudiante,5to grado,Sin ubicación,9,6.6,11
2024,7,IQS,Estudiante,6to grado,AZUA,30,15.3,48
2024,7,IQS,Estudiante,6to grado,BAHORUCO,4,2.2,8
2024,7,IQS,Estudiante,6to grado,BARAHONA,9,4.1,14
2024,7,IQS,Estudiante,6to grado,COTUI,21,22.9,70
2024,7,IQS,Estudiante,6to grado,HIGUEY,26,27.9,62
2024,7,IQS,Estudiante,6to grado,LA VEGA,28,20.1,67
2024,7,IQS,Estudiante,6to grado,MAO,20,34.7,43
2024,7,IQS,Estudiante,6to grado,MONTE CRISTI,11,4.3,16
2024,7,IQS,Estudiante,6to grado,MONTE PLATA,11,15.7,33
2024,7,IQS,Estudiante,6to grado,NAGUA,14,15.2,36
2024,7,IQS,Estudiante,6to grado,PUERTO PLATA,19,16.2,48
2024,7,IQS,Estudiante,6to grado,SAN CRISTOBAL,43,27.8,79
2024,7,IQS,Estudiante,6to grado,SAN FRANCISCO DE MACORIS,28,14.4,44
2024,7,IQS,Estudiante,6to grado,SAN JUAN DE LA MAGUANA,14,31.6,54
2024,7,IQS,Estudiante,6to grado,SAN PEDRO DE MACORIS,36,18.4,65
2024,7,IQS,Estudiante,6to grado,SANTIAGO,91,92.7,200
2024,7,IQS,Estudiante,6to grado,SANTO DOMINGO,298,379.5,649
2024,7,IQS,Estudiante,6to grado,Sin ubicación,195,258.2,447
2024,7,IQS,Estudiante,No especificado,COTUI,2,0.8,4
2024,7,IQS,Estudiante,No especificado,SANTO DOMINGO,1,0.0,1
2024,7,IQS,Invitado,6to grado,HIGUEY,1,1.7,6
2024,7,IQS,Invitado,6to grado,MONTE PLATA,1,4.7,4
2024,7,IQS,Invitado,6to grado,SANTIAGO,1,0.4,2
2024,7,IQS,Invitado,6to grado,Sin ubicación,134,203.0,266
2024,8,IQ512,Coordinador,No especificado,Sin ubicación,1,2.2,4
2024,8,IQ512,Docente,No especificado,Sin ubicación,1,0.6,1
2024,8,IQ512,Editor,No especificado,Sin ubicación,1,9.2,7
2024,8,IQ512,Estudiante,No especificado,AZUA,21,65.9,64
2024,8,IQ512,Estudiante,No especificado,BAHORUCO,8,20.8,20
2024,8,IQ512,Estudiante,No especificado,BARAHONA,18,36.1,56
2024,8,IQ512,Estudiante,No especificado,COTUI,2,1.5,4
2024,8,IQ512,Estudiante,No especificado,HIGUEY,11,26.5,24
2024,8,IQ512,Estudiante,No especificado,LA VEGA,23,96.1,72
2024,8,IQ512,Estudiante,No especificado,MAO,7,29.6,23
2024,8,IQ512,Estudiante,No especificado,MONTE CRISTI,6,11.9,13
2024,8,IQ512,Estudiante,No especificado,MONTE PLATA,2,20.7,13
2024,8,IQ512,Estudiante,No especificado,NAGUA,8,15.6,16
2024,8,IQ512,Estudiante,No especificado,PUERTO PLATA,5,12.8,11
2024,8,IQ512,Estudiante,No especificado,SAN CRISTOBAL,16,36.4,36
2024,8,IQ512,Estudiante,No especificado,SAN FRANCISCO DE MACORIS,15,42.4,52
2024,8,IQ512,Estudiante,No especificado,SAN JUAN DE LA MAGUANA,10,35.3,30
2024,8,IQ512,Estudiante,No especificado,SAN PEDRO DE MACORIS,6,11.2,15
2024,8,IQ512,Estudiante,No especificado,SANTIAGO,21,68.9,68
2024,8,IQ512,Estudiante,No especificado,SANTO DOMINGO,120,491.7,426
2024,8,IQ512,Estudiante,No especificado,Sin ubicación,868,3018.9,2531
2024,8,IQP,Coordinador,6to grado,Sin ubicación,1,0.0,1
2024,8,IQP,Docente,1er grado,Sin ubicación,2,12.8,8
2024,8,IQP,Docente,4to grado,HIGUEY,1,0.4,1
2024,8,IQP,Docente,4to grado,MONTE CRISTI,1,0.2,1
2024,8,IQP,Docente,4to grado,SAN PEDRO DE MACORIS,1,0.3,2
2024,8,IQP,Docente,4to grado,SANTIAGO,1,3.7,2
2024,8,IQP,Docente,4to grado,Sin ubicación,2,3.7,4
2024,8,IQP,Docente,5to grado,COTUI,1,0.5,1
2024,8,IQP,Docente,5to grado,HIGUEY,3,5.0,4
2024,8,IQP,Docente,5to grado,MONTE CRISTI,4,2.4,5
2024,8,IQP,Docente,5to grado,MONTE PLATA,1,0.4,1
2024,8,IQP,Docente,5to grado,NAGUA,2,0.6,2
2024,8,IQP,Docente,5to grado,SAN CRISTOBAL,1,0.0,1
2024,8,IQP,Docente,5to grado,SAN FRANCISCO DE MACORIS,4,2.0,4
2024,8,IQP,Docente,5to grado,SAN JUAN DE LA MAGUANA,1,1.0,1
2024,8,IQP,Docente,5to grado,SAN PEDRO DE MACORIS,4,3.7,5
2024,8,IQP,Docente,5to grado,SANTIAGO,6,5.0,7
2024,8,IQP,Docente,5to grado,SANTO DOMINGO,9,5.8,10
2024,8,IQP,Docente,5to grado,Sin ubicación,9,7.0,10
2024,8,IQP,Docente,6to grado,HIGUEY,1,0.4,1
2024,8,IQP,Docente,6to grado,MONTE CRISTI,1,1.0,2
2024,8,IQP,Docente,6to grado,NAGUA,1,2.7,7
2024,8,IQP,Docente,6to grado,SAN CRISTOBAL,3,2.3,3
2024,8,IQP,Estudiante,1er grado,Sin ubicación,4,3.1,5
2024,8,IQP,Estudiante,3er grado,SANTO DOMINGO,2,2.4,2
2024,8,IQP,Estudiante,3er grado,Sin ubicación,2,1.1,2
2024,8,IQP,Estudiante,4to grado,AZUA,1,1.1,2
2024,8,IQP,Estudiante,4to grado,MONTE CRISTI,1,0.3,1
2024,8,IQP,Estudiante,4to grado,SAN PEDRO DE MACORIS,1,0.3,1
2024,8,IQP,Estudiante,4to grado,SANTO DOMINGO,5,7.2,8
2024,8,IQP,Estudiante,4to grado,Sin ubicación,6,2.0,6
2024,8,IQP,Estudiante,5to grado,HIGUEY,2,0.8,3
2024,8,IQP,Estudiante,5to grado,LA VEGA,1,0.3,1
2024,8,IQP,Estudiante,5to grado,SAN CRISTOBAL,5,1.0,5
2024,8,IQP,Estudiante,5to grado,SAN PEDRO DE MACORIS,3,1.1,3
2024,8,IQP,Estudiante,5to grado,SANTIAGO,4,1.6,4
2024,8,IQP,Estudiante,5to grado,SANTO DOMINGO,3,1.0,3
2024,8,IQP,Estudiante,5to grado,Sin ubicación,3,2.0,8
2024,8,IQP,Estudiante,6to grado,AZUA,2,3.4,4
2024,8,IQP,Estudiante,6to grado,COTUI,2,1.6,2
2024,8,IQP,Estudiante,6to grado,SAN CRISTOBAL,1,0.7,2
2024,8,IQP,Estudiante,6to grado,SAN FRANCISCO DE MACORIS,2,1.6,3
2024,8,IQP,Estudiante,6to grado,SAN PEDRO DE MACORIS,4,3.0,5
2024,8,IQP,Estudiante,6to grado,SANTIAGO,2,1.0,2
2024,8,IQP,Estudiante,6to grado,SANTO DOMINGO,13,14.5,19
2024,8,IQP,Estudiante,6to grado,Sin ubicación,14,17.9,22
2024,8,IQP,Estudiante,No especificado,Sin ubicación,1,2.5,5
2024,8,IQP,Sin rol,No especificado,Sin ubicación,1,7.2,7
2024,8,IQS,Admin,No especificado,Sin ubicación,1,0.0,1
2024,8,IQS,Docente,1er grado,HIGUEY,2,1.7,4
2024,8,IQS,Docente,1er grado,MONTE CRISTI,1,3.4,2
2024,8,IQS,Docente,1er grado,PUERTO PLATA,1,1.3,1
2024,8,IQS,Docente,1er grado,SANTIAGO,1,2.4,5
2024,8,IQS,Docente,1er grado,SANTO DOMINGO,7,4.7,10
2024,8,IQS,Docente,1er grado,Sin ubicación,3,2.8,3
2024,8,IQS,Docente,4to grado,AZUA,10,7.8,13
2024,8,IQS,Docente,4to grado,BAHORUCO,4,2.9,5
2024,8,IQS,Docente,4to grado,BARAHONA,2,0.6,3
2024,8,IQS,Docente,4to grado,COTUI,8,5.7,8
2024,8,IQS,Docente,4to grado,HIGUEY,19,7.2,27
2024,8,IQS,Docente,4to grado,LA VEGA,12,5.7,17
2024,8,IQS,Docente,4to grado,MAO,1,0.6,1
2024,8,IQS,Docente,4to grado,MONTE CRISTI,13,11.3,18
2024,8,IQS,Docente,4to grado,MONTE PLATA,6,4.6,7
2024,8,IQS,Docente,4to grado,NAGUA,7,6.4,11
2024,8,IQS,Docente,4to grado,PUERTO PLATA,10,7.1,10
2024,8,IQS,Docente,4to grado,SAN CRISTOBAL,10,8.6,12
2024,8,IQS,Docente,4to grado,SAN FRANCISCO DE MACORIS,41,36.7,56
2024,8,IQS,Docente,4to grado,SAN JUAN DE LA MAGUANA,8,5.3,8
2024,8,IQS,Docente,4to grado,SAN PEDRO DE MACORIS,30,30.1,61
2024,8,IQS,Docente,4to grado,SANTIAGO,21,28.0,30
2024,8,IQS,Docente,4to grado,SANTO DOMINGO,59,41.1,67
2024,8,IQS,Docente,4to grado,Sin ubicación,41,31.7,60
2024,8,IQS,Docente,6to grado,MONTE CRISTI,1,1.9,2
2024,8,IQS,Docente,6to grado,SAN CRISTOBAL,1,0.3,1
2024,8,IQS,Docente,6to grado,SAN PEDRO DE MACORIS,5,4.8,6
2024,8,IQS,Docente,6to grado,SANTIAGO,3,5.0,4
2024,8,IQS,Docente,6to grado,SANTO DOMINGO,4,1.6,4
2024,8,IQS,Docente,6to grado,Sin ubicación,5,5.4,7
2024,8,IQS,Docente,No especificado,MONTE CRISTI,1,0.0,1
2024,8,IQS,Docente,No especificado,SAN FRANCISCO DE MACORIS,1,0.2,1
2024,8,IQS,Docente,No especificado,SAN JUAN DE LA MAGUANA,1,0.2,1
2024,8,IQS,Editor,No especificado,SANTIAGO,1,37.5,13
2024,8,IQS,Estudiante,1er grado,AZUA,2,1.2,6
2024,8,IQS,Estudiante,1er grado,BAHORUCO,1,0.4,1
2024,8,IQS,Estudiante,1er grado,HIGUEY,2,0.9,3
2024,8,IQS,Estudiante,1er grado,MAO,1,0.1,2
2024,8,IQS,Estudiante,1er grado,MONTE CRISTI,1,0.1,1
2024,8,IQS,Estudiante,1er grado,PUERTO PLATA,3,1.6,5
2024,8,IQS,Estudiante,1er grado,SAN FRANCISCO DE MACORIS,3,4.2,7
2024,8,IQS,Estudiante,1er grado,SAN JUAN DE LA MAGUANA,2,0.5,2
2024,8,IQS,Estudiante,1er grado,SAN PEDRO DE MACORIS,1,1.5,1
2024,8,IQS,Estudiante,1er grado,SANTIAGO,4,2.3,10
2024,8,IQS,Estudiante,1er grado,SANTO DOMINGO,10,16.9,23
2024,8,IQS,Estudiante,1er grado,Sin ubicación,7,2.0,13
2024,8,IQS,Estudiante,2do grado,BAHORUCO,1,1.2,3
2024,8,IQS,Estudiante,2do grado,BARAHONA,1,1.7,1
2024,8,IQS,Estudiante,2do grado,COTUI,1,0.5,1
2024,8,IQS,Estudiante,2do grado,MONTE CRISTI,2,0.8,3
2024,8,IQS,Estudiante,2do grado,NAGUA,1,0.5,2
2024,8,IQS,Estudiante,2do grado,PUERTO PLATA,1,14.1,3
2024,8,IQS,Estudiante,2do grado,SAN CRISTOBAL,1,0.2,1
2024,8,IQS,Estudiante,2do grado,SAN FRANCISCO DE MACORIS,2,3.8,5
2024,8,IQS,Estudiante,2do grado,SAN JUAN DE LA MAGUANA,1,0.0,1
2024,8,IQS,Estudiante,2do grado,SAN PEDRO DE MACORIS,3,4.2,4
2024,8,IQS,Estudiante,2do grado,SANTIAGO,2,0.7,3
2024,8,IQS,Estudiante,2do grado,SANTO DOMINGO,13,17.7,23
2024,8,IQS,Estudiante,2do grado,Sin ubicación,4,2.6,12
2024,8,IQS,Estudiante,3er grado,HIGUEY,1,0.7,1
2024,8,IQS,Estudiante,3er grado,MONTE CRISTI,1,0.3,1
2024,8,IQS,Estudiante,3er grado,NAGUA,1,0.7,1
2024,8,IQS,Estudiante,3er grado,PUERTO PLATA,2,0.8,4
2024,8,IQS,Estudiante,3er grado,SAN FRANCISCO DE MACORIS,1,0.3,1
2024,8,IQS,Estudiante,3er grado,SANTIAGO,4,6.4,6
2024,8,IQS,Estudiante,3er grado,SANTO DOMINGO,2,5.1,7
2024,8,IQS,Estudiante,3er grado,Sin ubicación,6,21.6,14
2024,8,IQS,Estudiante,4to grado,AZUA,1,7.2,5
2024,8,IQS,Estudiante,4to grado,COTUI,1,0.3,1
2024,8,IQS,Estudiante,4to grado,HIGUEY,2,5.8,4
2024,8,IQS,Estudiante,4to grado,MONTE PLATA,1,4.0,2
2024,8,IQS,Estudiante,4to grado,PUERTO PLATA,1,0.6,1
2024,8,IQS,Estudiante,4to grado,SAN CRISTOBAL,2,2.1,2
2024,8,IQS,Estudiante,4to grado,SAN FRANCISCO DE MACORIS,5,5.1,7
2024,8,IQS,Estudiante,4to grado,SAN JUAN DE LA MAGUANA,1,1.4,2
2024,8,IQS,Estudiante,4to grado,SAN PEDRO DE MACORIS,3,4.8,4
2024,8,IQS,Estudiante,4to grado,SANTIAGO,9,13.6,17
2024,8,IQS,Estudiante,4to grado,SANTO DOMINGO,30,143.2,93
2024,8,IQS,Estudiante,4to grado,Sin ubicación,18,82.4,43
2024,8,IQS,Estudiante,5to grado,AZUA,1,0.6,1
2024,8,IQS,Estudiante,5to grado,LA VEGA,1,0.4,1
2024,8,IQS,Estudiante,5to grado,SAN PEDRO DE MACORIS,1,1.2,2
2024,8,IQS,Estudiante,5to grado,SANTIAGO,5,6.6,6
2024,8,IQS,Estudiante,5to grado,SANTO DOMINGO,12,29.5,43
2024,8,IQS,Estudiante,5to grado,Sin ubicación,5,1.9,6
2024,8,IQS,Estudiante,6to grado,AZUA,18,17.5,39
2024,8,IQS,Estudiante,6to grado,BAHORUCO,7,8.9,21
2024,8,IQS,Estudiante,6to grado,BARAHONA,10,10.8,26
2024,8,IQS,Estudiante,6to grado,COTUI,24,30.3,64
2024,8,IQS,Estudiante,6to grado,HIGUEY,38,52.7,78
2024,8,IQS,Estudiante,6to grado,LA VEGA,31,44.2,75
2024,8,IQS,Estudiante,6to grado,MAO,12,29.5,37
2024,8,IQS,Estudiante,6to grado,MONTE CRISTI,16,10.3,25
2024,8,IQS,Estudiante,6to grado,MONTE PLATA,9,2.8,11
2024,8,IQS,Estudiante,6to grado,NAGUA,9,8.0,18
2024,8,IQS,Estudiante,6to grado,PUERTO PLATA,19,25.2,49
2024,8,IQS,Estudiante,6to grado,SAN CRISTOBAL,40,75.3,94
2024,8,IQS,Estudiante,6to grado,SAN FRANCISCO DE MACORIS,46,57.3,96
2024,8,IQS,Estudiante,6to grado,SAN JUAN DE LA MAGUANA,19,24.0,49
2024,8,IQS,Estudiante,6to grado,SAN PEDRO DE MACORIS,46,49.3,94
2024,8,IQS,Estudiante,6to grado,SANTIAGO,114,192.4,264
2024,8,IQS,Estudiante,6to grado,SANTO DOMINGO,308,573.9,765
2024,8,IQS,Estudiante,6to grado,Sin ubicación,186,299.6,412
2024,8,IQS,Estudiante,No especificado,SAN CRISTOBAL,1,0.5,1
2024,8,IQS,Estudiante,No especificado,SANTO DOMINGO,1,0.3,1
2024,8,IQS,Invitado,4to grado,Sin ubicación,1,0.4,1
2024,8,IQS,Invitado,6to grado,MONTE CRISTI,2,2.2,4
2024,8,IQS,Invitado,6to grado,SAN JUAN DE LA MAGUANA,1,1.7,2
2024,8,IQS,Invitado,6to grado,SANTIAGO,1,2.5,1
2024,8,IQS,Invitado,6to grado,SANTO DOMINGO,3,2.0,4
2024,8,IQS,Invitado,6to grado,Sin ubicación,134,123.6,203
2024,9,IQ512,Coordinador,No especificado,Sin ubicación,1,10.9,6
2024,9,IQ512,Editor,No especificado,Sin ubicación,1,12.8,7
2024,9,IQ512,Estudiante,No especificado,AZUA,20,89.7,85
2024,9,IQ512,Estudiante,No especificado,BAHORUCO,15,52.9,49
2024,9,IQ512,Estudiante,No especificado,BARAHONA,18,64.6,71
2024,9,IQ512,Estudiante,No especificado,COTUI,12,71.6,53
2024,9,IQ512,Estudiante,No especificado,HIGUEY,19,73.5,63
2024,9,IQ512,Estudiante,No especificado,LA VEGA,36,105.9,100
2024,9,IQ512,Estudiante,No especificado,MAO,8,48.1,31
2024,9,IQ512,Estudiante,No especificado,MONTE CRISTI,9,14.6,22
2024,9,IQ512,Estudiante,No especificado,MONTE PLATA,4,32.0,23
2024,9,IQ512,Estudiante,No especificado,NAGUA,13,50.1,36
2024,9,IQ512,Estudiante,No especificado,PUERTO PLATA,9,22.1,30
2024,9,IQ512,Estudiante,No especificado,SAN CRISTOBAL,28,100.7,89
2024,9,IQ512,Estudiante,No especificado,SAN FRANCISCO DE MACORIS,12,40.3,56
2024,9,IQ512,Estudiante,No especificado,SAN JUAN DE LA MAGUANA,13,57.9,51
2024,9,IQ512,Estudiante,No especificado,SAN PEDRO DE MACORIS,7,25.8,18
2024,9,IQ512,Estudiante,No especificado,SANTIAGO,22,41.7,55
2024,9,IQ512,Estudiante,No especificado,SANTO DOMINGO,166,669.1,647
2024,9,IQ512,Estudiante,No especificado,Sin ubicación,1239,5995.6,4770
2024,9,IQP,Docente,1er grado,Sin ubicación,2,11.1,9
2024,9,IQP,Docente,4to grado,LA VEGA,2,1.6,3
2024,9,IQP,Docente,4to grado,SAN PEDRO DE MACORIS,1,8.9,9
2024,9,IQP,Docente,4to grado,SANTIAGO,1,0.3,1
2024,9,IQP,Docente,4to grado,SANTO DOMINGO,1,0.3,1
2024,9,IQP,Docente,4to grado,Sin ubicación,7,8.2,16
2024,9,IQP,Docente,5to grado,AZUA,1,0.5,1
2024,9,IQP,Docente,5to grado,BARAHONA,1,0.2,1
2024,9,IQP,Docente,5to grado,COTUI,2,1.9,2
2024,9,IQP,Docente,5to grado,HIGUEY,5,7.5,7
2024,9,IQP,Docente,5to grado,LA VEGA,2,2.8,3
2024,9,IQP,Docente,5to grado,MAO,4,2.7,5
2024,9,IQP,Docente,5to grado,MONTE CRISTI,4,3.4,4
2024,9,IQP,Docente,5to grado,NAGUA,4,5.1,5
2024,9,IQP,Docente,5to grado,PUERTO PLATA,3,3.7,6
2024,9,IQP,Docente,5to grado,SAN CRISTOBAL,7,12.3,16
2024,9,IQP,Docente,5to grado,SAN FRANCISCO DE MACORIS,3,1.6,5
2024,9,IQP,Docente,5to grado,SAN PEDRO DE MACORIS,10,6.9,13
2024,9,IQP,Docente,5to grado,SANTIAGO,7,14.3,12
2024,9,IQP,Docente,5to grado,SANTO DOMINGO,15,18.3,23
2024,9,IQP,Docente,5to grado,Sin ubicación,10,6.9,10
2024,9,IQP,Docente,6to grado,COTUI,1,0.4,1
2024,9,IQP,Docente,6to grado,MONTE PLATA,1,8.2,5
2024,9,IQP,Docente,6to grado,NAGUA,1,1.0,2
2024,9,IQP,Docente,6to grado,SAN JUAN DE LA MAGUANA,1,0.5,1
2024,9,IQP,Docente,6to grado,SANTIAGO,2,0.3,2
2024,9,IQP,Docente,6to grado,SANTO DOMINGO,4,3.1,6
2024,9,IQP,Docente,6to grado,Sin ubicación,5,5.3,7
2024,9,IQP,Estudiante,1er grado,SANTO DOMINGO,1,0.3,1
2024,9,IQP,Estudiante,1er grado,Sin ubicación,2,1.3,3
2024,9,IQP,Estudiante,2do grado,SAN FRANCISCO DE MACORIS,1,1.9,2
2024,9,IQP,Estudiante,2do grado,Sin ubicación,2,4.3,3
2024,9,IQP,Estudiante,3er grado,MONTE CRISTI,1,0.9,1
2024,9,IQP,Estudiante,3er grado,SANTO DOMINGO,3,1.7,3
2024,9,IQP,Estudiante,3er grado,Sin ubicación,3,2.2,4
2024,9,IQP,Estudiante,4to grado,AZUA,1,0.8,1
2024,9,IQP,Estudiante,4to grado,SAN CRISTOBAL,1,0.4,1
2024,9,IQP,Estudiante,4to grado,SANTIAGO,1,0.5,1
2024,9,IQP,Estudiante,4to grado,SANTO DOMINGO,3,3.1,3
2024,9,IQP,Estudiante,5to grado,HIGUEY,3,1.3,3
2024,9,IQP,Estudiante,5to grado,SAN CRISTOBAL,2,0.6,2
2024,9,IQP,Estudiante,5to grado,SAN FRANCISCO DE MACORIS,1,0.4,1
2024,9,IQP,Estudiante,5to grado,SAN PEDRO DE MACORIS,5,11.1,13
2024,9,IQP,Estudiante,5to grado,SANTO DOMINGO,7,2.5,7
2024,9,IQP,Estudiante,5to grado,Sin ubicación,2,3.0,8
2024,9,IQP,Estudiante,6to grado,AZUA,1,0.7,3
2024,9,IQP,Estudiante,6to grado,COTUI,1,0.4,1
2024,9,IQP,Estudiante,6to grado,HIGUEY,1,0.0,1
2024,9,IQP,Estudiante,6to grado,MONTE CRISTI,1,0.3,1
2024,9,IQP,Estudiante,6to grado,MONTE PLATA,1,0.9,1
2024,9,IQP,Estudiante,6to grado,SAN CRISTOBAL,1,0.2,1
2024,9,IQP,Estudiante,6to grado,SAN FRANCISCO DE MACORIS,3,4.0,6
2024,9,IQP,Estudiante,6to grado,SAN PEDRO DE MACORIS,2,0.5,2
2024,9,IQP,Estudiante,6to grado,SANTIAGO,1,0.4,1
2024,9,IQP,Estudiante,6to grado,SANTO DOMINGO,9,3.9,9
2024,9,IQP,Estudiante,6to grado,Sin ubicación,7,5.7,8
2024,9,IQP,Estudiante,No especificado,Sin ubicación,1,1.0,1
2024,9,IQP,Sin rol,No especificado,Sin ubicación,1,4.7,8
2024,9,IQS,Admin,6to grado,Sin ubicación,1,0.4,1
2024,9,IQS,Admin,No especificado,Sin ubicación,1,0.5,1
2024,9,IQS,Docente,1er grado,HIGUEY,2,8.6,8
2024,9,IQS,Docente,1er grado,SANTIAGO,1,0.3,1
2024,9,IQS,Docente,1er grado,SANTO DOMINGO,3,2.0,3
2024,9,IQS,Docente,1er grado,Sin ubicación,3,5.9,5
2024,9,IQS,Docente,4to grado,AZUA,7,3.0,8
2024,9,IQS,Docente,4to grado,BAHORUCO,1,0.2,1
2024,9,IQS,Docente,4to grado,BARAHONA,1,1.8,2
2024,9,IQS,Docente,4to grado,COTUI,5,1.7,7
2024,9,IQS,Docente,4to grado,HIGUEY,8,5.8,11
2024,9,IQS,Docente,4to grado,LA VEGA,8,6.4,9
2024,9,IQS,Docente,4to grado,MAO,1,0.5,1
2024,9,IQS,Docente,4to grado,MONTE CRISTI,7,6.6,11
2024,9,IQS,Docente,4to grado,NAGUA,7,13.0,14
2024,9,IQS,Docente,4to grado,PUERTO PLATA,5,3.0,7
2024,9,IQS,Docente,4to grado,SAN CRISTOBAL,6,3.6,8
2024,9,IQS,Docente,4to grado,SAN FRANCISCO DE MACORIS,8,6.8,11
2024,9,IQS,Docente,4to grado,SAN JUAN DE LA MAGUANA,3,1.5,4
2024,9,IQS,Docente,4to grado,SAN PEDRO DE MACORIS,26,31.8,41
2024,9,IQS,Docente,4to grado,SANTIAGO,11,7.2,12
2024,9,IQS,Docente,4to grado,SANTO DOMINGO,27,22.9,44
2024,9,IQS,Docente,4to grado,Sin ubicación,34,29.0,58
2024,9,IQS,Docente,6to grado,BAHORUCO,1,0.4,1
2024,9,IQS,Docente,6to grado,HIGUEY,1,1.2,2
2024,9,IQS,Docente,6to grado,NAGUA,1,0.1,1
2024,9,IQS,Docente,6to grado,SAN PEDRO DE MACORIS,4,1.7,4
2024,9,IQS,Docente,6to grado,SANTIAGO,2,1.4,2
2024,9,IQS,Docente,6to grado,SANTO DOMINGO,3,3.2,6
2024,9,IQS,Docente,6to grado,Sin ubicación,3,1.0,4
2024,9,IQS,Editor,No especificado,SANTIAGO,1,4.3,3
2024,9,IQS,Estudiante,1er grado,AZUA,1,0.3,2
2024,9,IQS,Estudiante,1er grado,HIGUEY,1,0.1,2
2024,9,IQS,Estudiante,1er grado,MONTE PLATA,1,1.2,6
2024,9,IQS,Estudiante,1er grado,NAGUA,1,3.4,3
2024,9,IQS,Estudiante,1er grado,SAN JUAN DE LA MAGUANA,1,0.4,2
2024,9,IQS,Estudiante,1er grado,SAN PEDRO DE MACORIS,2,3.2,4
2024,9,IQS,Estudiante,1er grado,SANTIAGO,1,0.5,2
2024,9,IQS,Estudiante,1er grado,SANTO DOMINGO,9,5.8,19
2024,9,IQS,Estudiante,1er grado,Sin ubicación,3,0.8,5
2024,9,IQS,Estudiante,2do grado,COTUI,1,0.3,1
2024,9,IQS,Estudiante,2do grado,HIGUEY,2,0.3,3
2024,9,IQS,Estudiante,2do grado,MONTE CRISTI,2,0.1,3
2024,9,IQS,Estudiante,2do grado,MONTE PLATA,1,0.5,2
2024,9,IQS,Estudiante,2do grado,PUERTO PLATA,1,0.2,2
2024,9,IQS,Estudiante,2do grado,SAN CRISTOBAL,1,0.1,1
2024,9,IQS,Estudiante,2do grado,SAN FRANCISCO DE MACORIS,3,1.4,4
2024,9,IQS,Estudiante,2do grado,SAN JUAN DE LA MAGUANA,2,1.0,2
2024,9,IQS,Estudiante,2do grado,SAN PEDRO DE MACORIS,4,3.9,8
2024,9,IQS,Estudiante,2do grado,SANTIAGO,1,1.5,2
2024,9,IQS,Estudiante,2do grado,SANTO DOMINGO,6,9.1,15
2024,9,IQS,Estudiante,2do grado,Sin ubicación,5,1.9,6
2024,9,IQS,Estudiante,3er grado,HIGUEY,2,1.4,2
2024,9,IQS,Estudiante,3er grado,MAO,1,0.3,2
2024,9,IQS,Estudiante,3er grado,MONTE CRISTI,3,1.8,3
2024,9,IQS,Estudiante,3er grado,PUERTO PLATA,3,3.2,4
2024,9,IQS,Estudiante,3er grado,SAN PEDRO DE MACORIS,5,7.2,10
2024,9,IQS,Estudiante,3er grado,SANTO DOMINGO,8,6.6,16
2024,9,IQS,Estudiante,3er grado,Sin ubicación,3,3.3,5
2024,9,IQS,Estudiante,4to grado,BAHORUCO,1,0.4,2
2024,9,IQS,Estudiante,4to grado,MONTE CRISTI,1,0.4,1
2024,9,IQS,Estudiante,4to grado,MONTE PLATA,1,1.0,2
2024,9,IQS,Estudiante,4to grado,NAGUA,2,1.5,3
2024,9,IQS,Estudiante,4to grado,PUERTO PLATA,2,2.2,3
2024,9,IQS,Estudiante,4to grado,SAN CRISTOBAL,1,0.1,1
2024,9,IQS,Estudiante,4to grado,SAN PEDRO DE MACORIS,4,4.0,8
2024,9,IQS,Estudiante,4to grado,SANTIAGO,3,3.4,4
2024,9,IQS,Estudiante,4to grado,SANTO DOMINGO,9,6.2,19
2024,9,IQS,Estudiante,4to grado,Sin ubicación,2,2.0,4
2024,9,IQS,Estudiante,5to grado,AZUA,1,0.5,2
2024,9,IQS,Estudiante,5to grado,BAHORUCO,1,1.4,1
2024,9,IQS,Estudiante,5to grado,HIGUEY,2,2.3,3
2024,9,IQS,Estudiante,5to grado,SAN FRANCISCO DE MACORIS,1,0.5,1
2024,9,IQS,Estudiante,5to grado,SAN PEDRO DE MACORIS,1,0.4,1
2024,9,IQS,Estudiante,5to grado,SANTO DOMINGO,25,19.5,29
2024,9,IQS,Estudiante,5to grado,Sin ubicación,15,15.8,29
2024,9,IQS,Estudiante,6to grado,AZUA,13,10.7,18
2024,9,IQS,Estudiante,6to grado,BAHORUCO,2,1.0,3
2024,9,IQS,Estudiante,6to grado,BARAHONA,12,13.7,34
2024,9,IQS,Estudiante,6to grado,COTUI,15,9.9,23
2024,9,IQS,Estudiante,6to grado,HIGUEY,15,10.8,22
2024,9,IQS,Estudiante,6to grado,LA VEGA,22,18.0,32
2024,9,IQS,Estudiante,6to grado,MAO,5,13.8,17
2024,9,IQS,Estudiante,6to grado,MONTE CRISTI,5,1.7,11
2024,9,IQS,Estudiante,6to grado,MONTE PLATA,6,3.5,9
2024,9,IQS,Estudiante,6to grado,NAGUA,7,2.6,14
2024,9,IQS,Estudiante,6to grado,PUERTO PLATA,12,20.9,38
2024,9,IQS,Estudiante,6to grado,SAN CRISTOBAL,18,10.0,33
2024,9,IQS,Estudiante,6to grado,SAN FRANCISCO DE MACORIS,26,22.6,47
2024,9,IQS,Estudiante,6to grado,SAN JUAN DE LA MAGUANA,14,12.9,40
2024,9,IQS,Estudiante,6to grado,SAN PEDRO DE MACORIS,42,54.2,91
2024,9,IQS,Estudiante,6to grado,SANTIAGO,45,58.2,87
2024,9,IQS,Estudiante,6to grado,SANTO DOMINGO,140,148.5,253
2024,9,IQS,Estudiante,6to grado,Sin ubicación,111,124.4,223
2024,9,IQS,Invitado,6to grado,MONTE CRISTI,1,0.2,1
2024,9,IQS,Invitado,6to grado,SANTO DOMINGO,2,1.2,3
2024,9,IQS,Invitado,6to grado,Sin ubicación,84,113.6,136
2024,10,IQ512,Admin,No especificado,Sin ubicación,2,0.8,2
2024,10,IQ512,Coordinador,No especificado,Sin ubicación,1,21.1,9
2024,10,IQ512,Editor,No especificado,Sin ubicación,1,11.0,6
2024,10,IQ512,Estudiante,No especificado,AZUA,28,76.7,104
2024,10,IQ512,Estudiante,No especificado,BAHORUCO,15,23.8,34
2024,10,IQ512,Estudiante,No especificado,BARAHONA,19,49.5,68
2024,10,IQ512,Estudiante,No especificado,COTUI,14,88.1,60
2024,10,IQ512,Estudiante,No especificado,HIGUEY,13,47.1,39
2024,10,IQ512,Estudiante,No especificado,LA VEGA,31,82.2,80
2024,10,IQ512,Estudiante,No especificado,MAO,9,14.6,24
2024,10,IQ512,Estudiante,No especificado,MONTE CRISTI,8,14.1,16
2024,10,IQ512,Estudiante,No especificado,MONTE PLATA,5,8.6,13
2024,10,IQ512,Estudiante,No especificado,NAGUA,9,32.1,38
2024,10,IQ512,Estudiante,No especificado,PUERTO PLATA,8,36.8,30
2024,10,IQ512,Estudiante,No especificado,SAN CRISTOBAL,24,132.1,95
2024,10,IQ512,Estudiante,No especificado,SAN FRANCISCO DE MACORIS,17,83.6,76
2024,10,IQ512,Estudiante,No especificado,SAN JUAN DE LA MAGUANA,18,77.5,70
2024,10,IQ512,Estudiante,No especificado,SAN PEDRO DE MACORIS,10,16.4,21
2024,10,IQ512,Estudiante,No especificado,SANTIAGO,24,52.3,65
2024,10,IQ512,Estudiante,No especificado,SANTO DOMINGO,175,612.3,575
2024,10,IQ512,Estudiante,No especificado,Sin ubicación,1358,5200.1,4451
2024,10,IQP,Docente,1er grado,Sin ubicación,2,14.4,9
2024,10,IQP,Docente,4to grado,AZUA,1,0.1,1
2024,10,IQP,Docente,4to grado,LA VEGA,1,0.6,2
2024,10,IQP,Docente,4to grado,PUERTO PLATA,1,0.5,1
2024,10,IQP,Docente,4to grado,SAN PEDRO DE MACORIS,1,1.1,2
2024,10,IQP,Docente,4to grado,Sin ubicación,5,8.6,10
2024,10,IQP,Docente,5to grado,AZUA,2,1.1,2
2024,10,IQP,Docente,5to grado,BAHORUCO,1,0.2,1
2024,10,IQP,Docente,5to grado,COTUI,1,0.7,1
2024,10,IQP,Docente,5to grado,HIGUEY,6,6.9,11
2024,10,IQP,Docente,5to grado,LA VEGA,7,8.5,11
2024,10,IQP,Docente,5to grado,MAO,4,12.6,12
2024,10,IQP,Docente,5to grado,MONTE CRISTI,2,1.5,3
2024,10,IQP,Docente,5to grado,NAGUA,3,2.2,4
2024,10,IQP,Docente,5to grado,PUERTO PLATA,2,4.7,7
2024,10,IQP,Docente,5to grado,SAN CRISTOBAL,2,10.7,12
2024,10,IQP,Docente,5to grado,SAN FRANCISCO DE MACORIS,1,1.2,1
2024,10,IQP,Docente,5to grado,SAN JUAN DE LA MAGUANA,3,1.1,3
2024,10,IQP,Docente,5to grado,SAN PEDRO DE MACORIS,6,4.8,6
2024,10,IQP,Docente,5to grado,SANTIAGO,13,21.6,30
2024,10,IQP,Docente,5to grado,SANTO DOMINGO,8,13.9,19
2024,10,IQP,Docente,5to grado,Sin ubicación,8,10.1,13
2024,10,IQP,Docente,6to grado,HIGUEY,1,0.0,1
2024,10,IQP,Docente,6to grado,MAO,1,1.3,3
2024,10,IQP,Docente,6to grado,MONTE CRISTI,1,0.1,1
2024,10,IQP,Docente,6to grado,MONTE PLATA,1,5.3,7
2024,10,IQP,Docente,6to grado,NAGUA,1,1.0,3
2024,10,IQP,Docente,6to grado,SAN FRANCISCO DE MACORIS,1,0.1,1
2024,10,IQP,Docente,6to grado,SAN JUAN DE LA MAGUANA,1,0.6,1
2024,10,IQP,Docente,6to grado,SAN PEDRO DE MACORIS,1,0.6,1
2024,10,IQP,Docente,6to grado,SANTO DOMINGO,4,7.2,8
2024,10,IQP,Docente,6to grado,Sin ubicación,6,11.1,13
2024,10,IQP,Docente,No especificado,Sin ubicación,1,0.5,1
2024,10,IQP,Estudiante,1er grado,Sin ubicación,6,13.7,15
2024,10,IQP,Estudiante,2do grado,MAO,1,0.4,1
2024,10,IQP,Estudiante,2do grado,SAN PEDRO DE MACORIS,1,0.5,1
2024,10,IQP,Estudiante,2do grado,SANTO DOMINGO,1,0.3,1
2024,10,IQP,Estudiante,2do grado,Sin ubicación,1,0.2,1
2024,10,IQP,Estudiante,3er grado,MONTE CRISTI,1,2.1,3
2024,10,IQP,Estudiante,3er grado,Sin ubicación,1,0.8,1
2024,10,IQP,Estudiante,4to grado,SANTIAGO,1,1.6,3
2024,10,IQP,Estudiante,4to grado,SANTO DOMINGO,1,0.3,1
2024,10,IQP,Estudiante,4to grado,Sin ubicación,1,0.2,1
2024,10,IQP,Estudiante,5to grado,AZUA,1,0.1,1
2024,10,IQP,Estudiante,5to grado,HIGUEY,1,0.8,1
2024,10,IQP,Estudiante,5to grado,LA VEGA,1,0.2,1
2024,10,IQP,Estudiante,5to grado,MAO,2,0.7,2
2024,10,IQP,Estudiante,5to grado,SAN CRISTOBAL,1,0.4,1
2024,10,IQP,Estudiante,5to grado,SAN PEDRO DE MACORIS,2,0.9,2
2024,10,IQP,Estudiante,5to grado,SANTIAGO,3,1.3,3
2024,10,IQP,Estudiante,5to grado,SANTO DOMINGO,4,4.7,6
2024,10,IQP,Estudiante,5to grado,Sin ubicación,1,0.8,1
2024,10,IQP,Estudiante,6to grado,AZUA,1,2.3,5
2024,10,IQP,Estudiante,6to grado,BAHORUCO,1,0.3,1
2024,10,IQP,Estudiante,6to grado,MAO,2,25.4,12
2024,10,IQP,Estudiante,6to grado,MONTE CRISTI,1,1.1,4
2024,10,IQP,Estudiante,6to grado,PUERTO PLATA,1,0.6,1
2024,10,IQP,Estudiante,6to grado,SAN CRISTOBAL,1,0.7,1
2024,10,IQP,Estudiante,6to grado,SAN FRANCISCO DE MACORIS,1,0.4,1
2024,10,IQP,Estudiante,6to grado,SAN PEDRO DE MACORIS,3,0.7,3
2024,10,IQP,Estudiante,6to grado,SANTIAGO,2,3.0,5
2024,10,IQP,Estudiante,6to grado,SANTO DOMINGO,2,0.2,2
2024,10,IQP,Estudiante,6to grado,Sin ubicación,10,4.1,10
2024,10,IQP,Sin rol,No especificado,Sin ubicación,1,0.7,2
2024,10,IQS,Admin,6to grado,Sin ubicación,1,0.6,2
2024,10,IQS,Docente,1er grado,HIGUEY,2,16.5,12
2024,10,IQS,Docente,1er grado,LA VEGA,1,2.5,2
2024,10,IQS,Docente,1er grado,PUERTO PLATA,1,4.2,2
2024,10,IQS,Docente,1er grado,SAN FRANCISCO DE MACORIS,1,3.0,3
2024,10,IQS,Docente,1er grado,SAN JUAN DE LA MAGUANA,1,0.1,2
2024,10,IQS,Docente,1er grado,SANTO DOMINGO,3,5.0,6
2024,10,IQS,Docente,1er grado,Sin ubicación,3,2.9,4
2024,10,IQS,Docente,4to grado,AZUA,4,2.9,5
2024,10,IQS,Docente,4to grado,BARAHONA,3,1.4,6
2024,10,IQS,Docente,4to grado,COTUI,6,4.1,7
2024,10,IQS,Docente,4to grado,HIGUEY,12,27.2,26
2024,10,IQS,Docente,4to grado,LA VEGA,9,6.9,9
2024,10,IQS,Docente,4to grado,MAO,1,1.5,1
2024,10,IQS,Docente,4to grado,MONTE CRISTI,7,7.1,10
2024,10,IQS,Docente,4to grado,MONTE PLATA,3,0.8,3
2024,10,IQS,Docente,4to grado,NAGUA,4,2.6,5
2024,10,IQS,Docente,4to grado,PUERTO PLATA,8,5.0,12
2024,10,IQS,Docente,4to grado,SAN CRISTOBAL,4,0.7,4
2024,10,IQS,Docente,4to grado,SAN FRANCISCO DE MACORIS,10,9.0,14
2024,10,IQS,Docente,4to grado,SAN JUAN DE LA MAGUANA,3,2.0,4
2024,10,IQS,Docente,4to grado,SAN PEDRO DE MACORIS,9,7.0,12
2024,10,IQS,Docente,4to grado,SANTIAGO,5,4.3,6
2024,10,IQS,Docente,4to grado,SANTO DOMINGO,35,39.9,52
2024,10,IQS,Docente,4to grado,Sin ubicación,22,23.0,41
2024,10,IQS,Docente,6to grado,HIGUEY,2,4.3,5
2024,10,IQS,Docente,6to grado,PUERTO PLATA,1,0.5,1
2024,10,IQS,Docente,6to grado,SAN CRISTOBAL,1,0.8,1
2024,10,IQS,Docente,6to grado,SANTIAGO,1,0.6,1
2024,10,IQS,Docente,6to grado,SANTO DOMINGO,2,1.1,3
2024,10,IQS,Docente,6to grado,Sin ubicación,1,1.9,1
2024,10,IQS,Docente,No especificado,Sin ubicación,1,0.5,2
2024,10,IQS,Editor,No especificado,SANTIAGO,1,0.1,3
2024,10,IQS,Estudiante,1er grado,COTUI,1,0.5,2
2024,10,IQS,Estudiante,1er grado,HIGUEY,3,1.3,6
2024,10,IQS,Estudiante,1er grado,LA VEGA,1,0.3,2
2024,10,IQS,Estudiante,1er grado,MONTE CRISTI,1,0.3,2
2024,10,IQS,Estudiante,1er grado,NAGUA,1,0.0,1
2024,10,IQS,Estudiante,1er grado,PUERTO PLATA,1,1.1,1
2024,10,IQS,Estudiante,1er grado,SANTIAGO,1,0.5,2
2024,10,IQS,Estudiante,1er grado,SANTO DOMINGO,3,1.7,5
2024,10,IQS,Estudiante,1er grado,Sin ubicación,3,2.0,4
2024,10,IQS,Estudiante,2do grado,MONTE CRISTI,9,5.0,18
2024,10,IQS,Estudiante,2do grado,NAGUA,2,0.5,4
2024,10,IQS,Estudiante,2do grado,PUERTO PLATA,1,0.9,1
2024,10,IQS,Estudiante,2do grado,SAN FRANCISCO DE MACORIS,3,1.3,3
2024,10,IQS,Estudiante,2do grado,SAN PEDRO DE MACORIS,2,3.8,4
2024,10,IQS,Estudiante,2do grado,SANTIAGO,4,3.4,11
2024,10,IQS,Estudiante,2do grado,SANTO DOMINGO,12,5.4,18
2024,10,IQS,Estudiante,2do grado,Sin ubicación,7,4.7,9
2024,10,IQS,Estudiante,3er grado,HIGUEY,2,0.4,2
2024,10,IQS,Estudiante,3er grado,MONTE CRISTI,1,0.5,1
2024,10,IQS,Estudiante,3er grado,MONTE PLATA,1,0.4,2
2024,10,IQS,Estudiante,3er grado,NAGUA,2,0.6,3
2024,10,IQS,Estudiante,3er grado,PUERTO PLATA,1,0.8,1
2024,10,IQS,Estudiante,3er grado,SAN FRANCISCO DE MACORIS,7,4.1,7
2024,10,IQS,Estudiante,3er grado,SANTO DOMINGO,17,9.7,20
2024,10,IQS,Estudiante,4to grado,MAO,1,0.0,1
2024,10,IQS,Estudiante,4to grado,NAGUA,1,0.6,1
2024,10,IQS,Estudiante,4to grado,PUERTO PLATA,34,24.5,35
2024,10,IQS,Estudiante,4to grado,SAN CRISTOBAL,2,0.8,3
2024,10,IQS,Estudiante,4to grado,SAN FRANCISCO DE MACORIS,32,15.8,33
2024,10,IQS,Estudiante,4to grado,SAN PEDRO DE MACORIS,3,4.4,7
2024,10,IQS,Estudiante,4to grado,SANTIAGO,5,2.6,7
2024,10,IQS,Estudiante,4to grado,SANTO DOMINGO,7,6.6,20
2024,10,IQS,Estudiante,4to grado,Sin ubicación,2,0.8,3
2024,10,IQS,Estudiante,5to grado,HIGUEY,1,3.1,6
2024,10,IQS,Estudiante,5to grado,MAO,1,0.5,1
2024,10,IQS,Estudiante,5to grado,NAGUA,1,0.6,1
2024,10,IQS,Estudiante,5to grado,PUERTO PLATA,1,2.0,3
2024,10,IQS,Estudiante,5to grado,SAN CRISTOBAL,1,1.3,2
2024,10,IQS,Estudiante,5to grado,SAN FRANCISCO DE MACORIS,7,4.6,10
2024,10,IQS,Estudiante,5to grado,SAN PEDRO DE MACORIS,1,0.3,2
2024,10,IQS,Estudiante,5to grado,SANTIAGO,3,1.8,5
2024,10,IQS,Estudiante,5to grado,SANTO DOMINGO,17,13.3,20
2024,10,IQS,Estudiante,5to grado,Sin ubicación,3,4.3,5
2024,10,IQS,Estudiante,6to grado,AZUA,4,1.2,8
2024,10,IQS,Estudiante,6to grado,BARAHONA,5,4.1,7
2024,10,IQS,Estudiante,6to grado,COTUI,22,9.5,31
2024,10,IQS,Estudiante,6to grado,HIGUEY,101,243.6,315
2024,10,IQS,Estudiante,6to grado,LA VEGA,38,22.2,46
2024,10,IQS,Estudiante,6to grado,MAO,6,11.7,16
2024,10,IQS,Estudiante,6to grado,MONTE CRISTI,33,24.0,47
2024,10,IQS,Estudiante,6to grado,MONTE PLATA,4,3.2,7
2024,10,IQS,Estudiante,6to grado,NAGUA,12,5.6,24
2024,10,IQS,Estudiante,6to grado,PUERTO PLATA,43,54.6,63
2024,10,IQS,Estudiante,6to grado,SAN CRISTOBAL,12,14.4,18
2024,10,IQS,Estudiante,6to grado,SAN FRANCISCO DE MACORIS,23,33.1,41
2024,10,IQS,Estudiante,6to grado,SAN JUAN DE LA MAGUANA,8,11.2,19
2024,10,IQS,Estudiante,6to grado,SAN PEDRO DE MACORIS,28,33.1,53
2024,10,IQS,Estudiante,6to grado,SANTIAGO,102,116.5,241
2024,10,IQS,Estudiante,6to grado,SANTO DOMINGO,158,224.2,294
2024,10,IQS,Estudiante,6to grado,Sin ubicación,86,112.9,188
2024,10,IQS,Estudiante,No especificado,COTUI,1,0.2,2
2024,10,IQS,Invitado,6to grado,PUERTO PLATA,1,0.6,1
2024,10,IQS,Invitado,6to grado,Sin ubicación,67,65.8,94
2024,11,IQ512,Admin,No especificado,Sin ubicación,1,0.9,1
2024,11,IQ512,Coordinador,No especificado,Sin ubicación,1,31.0,12
2024,11,IQ512,Editor,No especificado,Sin ubicación,1,14.4,10
2024,11,IQ512,Estudiante,No especificado,AZUA,28,116.4,87
2024,11,IQ512,Estudiante,No especificado,BAHORUCO,15,49.9,45
2024,11,IQ512,Estudiante,No especificado,BARAHONA,26,105.4,100
2024,11,IQ512,Estudiante,No especificado,COTUI,11,96.8,51
2024,11,IQ512,Estudiante,No especificado,HIGUEY,11,29.8,23
2024,11,IQ512,Estudiante,No especificado,LA VEGA,25,173.2,104
2024,11,IQ512,Estudiante,No especificado,MAO,9,24.3,28
2024,11,IQ512,Estudiante,No especificado,MONTE CRISTI,10,37.5,37
2024,11,IQ512,Estudiante,No especificado,MONTE PLATA,6,13.5,13
2024,11,IQ512,Estudiante,No especificado,NAGUA,8,28.0,29
2024,11,IQ512,Estudiante,No especificado,PUERTO PLATA,8,77.5,46
2024,11,IQ512,Estudiante,No especificado,SAN CRISTOBAL,24,72.3,71
2024,11,IQ512,Estudiante,No especificado,SAN FRANCISCO DE MACORIS,15,71.1,61
2024,11,IQ512,Estudiante,No especificado,SAN JUAN DE LA MAGUANA,13,87.2,69
2024,11,IQ512,Estudiante,No especificado,SAN PEDRO DE MACORIS,8,20.9,21
2024,11,IQ512,Estudiante,No especificado,SANTIAGO,20,82.9,66
2024,11,IQ512,Estudiante,No especificado,SANTO DOMINGO,134,749.6,527
2024,11,IQ512,Estudiante,No especificado,Sin ubicación,1098,5750.6,3994
2024,11,IQP,Docente,1er grado,Sin ubicación,2,13.7,10
2024,11,IQP,Docente,4to grado,AZUA,1,0.4,1
2024,11,IQP,Docente,4to grado,LA VEGA,1,0.7,1
2024,11,IQP,Docente,4to grado,MAO,1,0.3,1
2024,11,IQP,Docente,4to grado,MONTE CRISTI,1,0.8,1
2024,11,IQP,Docente,4to grado,SAN PEDRO DE MACORIS,1,6.1,3
2024,11,IQP,Docente,4to grado,SANTIAGO,1,0.9,1
2024,11,IQP,Docente,4to grado,SANTO DOMINGO,1,0.0,1
2024,11,IQP,Docente,4to grado,Sin ubicación,2,5.4,10
2024,11,IQP,Docente,5to grado,AZUA,1,0.6,1
2024,11,IQP,Docente,5to grado,COTUI,1,0.5,1
2024,11,IQP,Docente,5to grado,HIGUEY,4,8.6,6
2024,11,IQP,Docente,5to grado,LA VEGA,3,2.3,3
2024,11,IQP,Docente,5to grado,MAO,2,1.3,3
2024,11,IQP,Docente,5to grado,MONTE CRISTI,6,11.9,12
2024,11,IQP,Docente,5to grado,NAGUA,1,0.4,2
2024,11,IQP,Docente,5to grado,PUERTO PLATA,1,6.7,7
2024,11,IQP,Docente,5to grado,SAN CRISTOBAL,3,2.3,4
2024,11,IQP,Docente,5to grado,SAN JUAN DE LA MAGUANA,1,0.2,1
2024,11,IQP,Docente,5to grado,SAN PEDRO DE MACORIS,1,0.3,1
2024,11,IQP,Docente,5to grado,SANTIAGO,5,13.8,13
2024,11,IQP,Docente,5to grado,SANTO DOMINGO,10,11.8,17
2024,11,IQP,Docente,5to grado,Sin ubicación,5,5.2,6
2024,11,IQP,Docente,6to grado,BARAHONA,1,7.1,4
2024,11,IQP,Docente,6to grado,COTUI,2,2.3,2
2024,11,IQP,Docente,6to grado,MONTE PLATA,1,1.5,2
2024,11,IQP,Docente,6to grado,NAGUA,1,1.1,1
2024,11,IQP,Docente,6to grado,SAN PEDRO DE MACORIS,1,0.5,1
2024,11,IQP,Docente,6to grado,SANTO DOMINGO,2,1.1,4
2024,11,IQP,Docente,6to grado,Sin ubicación,2,6.8,9
2024,11,IQP,Estudiante,1er grado,HIGUEY,1,0.4,1
2024,11,IQP,Estudiante,1er grado,SANTO DOMINGO,1,0.5,1
2024,11,IQP,Estudiante,1er grado,Sin ubicación,4,1.8,5
2024,11,IQP,Estudiante,2do grado,AZUA,1,2.1,3
2024,11,IQP,Estudiante,2do grado,SANTIAGO,1,0.8,2
2024,11,IQP,Estudiante,2do grado,SANTO DOMINGO,1,0.5,1
2024,11,IQP,Estudiante,2do grado,Sin ubicación,4,6.4,6
2024,11,IQP,Estudiante,3er grado,Sin ubicación,2,1.0,2
2024,11,IQP,Estudiante,4to grado,SANTO DOMINGO,1,0.3,1
2024,11,IQP,Estudiante,4to grado,Sin ubicación,1,0.9,2
2024,11,IQP,Estudiante,5to grado,SAN CRISTOBAL,1,0.7,1
2024,11,IQP,Estudiante,5to grado,SAN PEDRO DE MACORIS,1,0.4,1
2024,11,IQP,Estudiante,5to grado,SANTIAGO,1,0.2,1
2024,11,IQP,Estudiante,5to grado,SANTO DOMINGO,10,16.7,16
2024,11,IQP,Estudiante,5to grado,Sin ubicación,2,0.8,2
2024,11,IQP,Estudiante,6to grado,AZUA,1,6.9,8
2024,11,IQP,Estudiante,6to grado,MONTE CRISTI,1,0.2,1
2024,11,IQP,Estudiante,6to grado,SAN FRANCISCO DE MACORIS,1,0.1,1
2024,11,IQP,Estudiante,6to grado,SAN JUAN DE LA MAGUANA,1,0.6,1
2024,11,IQP,Estudiante,6to grado,SAN PEDRO DE MACORIS,3,1.4,3
2024,11,IQP,Estudiante,6to grado,SANTIAGO,2,1.0,2
2024,11,IQP,Estudiante,6to grado,SANTO DOMINGO,5,1.7,5
2024,11,IQP,Estudiante,6to grado,Sin ubicación,14,7.2,16
2024,11,IQP,Sin rol,No especificado,Sin ubicación,1,7.4,7
2024,11,IQS,Admin,6to grado,Sin ubicación,1,0.9,1
2024,11,IQS,Docente,1er grado,AZUA,2,3.1,2
2024,11,IQS,Docente,1er grado,HIGUEY,1,3.9,6
2024,11,IQS,Docente,1er grado,LA VEGA,1,1.4,1
2024,11,IQS,Docente,1er grado,PUERTO PLATA,2,1.8,5
2024,11,IQS,Docente,1er grado,SAN FRANCISCO DE MACORIS,1,0.5,1
2024,11,IQS,Docente,1er grado,SANTO DOMINGO,2,3.5,5
2024,11,IQS,Docente,1er grado,Sin ubicación,4,1.8,5
2024,11,IQS,Docente,4to grado,AZUA,2,3.4,4
2024,11,IQS,Docente,4to grado,BAHORUCO,1,0.9,2
2024,11,IQS,Docente,4to grado,BARAHONA,2,0.6,2
2024,11,IQS,Docente,4to grado,COTUI,4,0.9,5
2024,11,IQS,Docente,4to grado,HIGUEY,2,2.0,7
2024,11,IQS,Docente,4to grado,LA VEGA,19,10.2,24
2024,11,IQS,Docente,4to grado,MAO,2,1.1,2
2024,11,IQS,Docente,4to grado,MONTE CRISTI,8,7.0,13
2024,11,IQS,Docente,4to grado,MONTE PLATA,1,0.9,2
2024,11,IQS,Docente,4to grado,NAGUA,3,1.6,5
2024,11,IQS,Docente,4to grado,PUERTO PLATA,7,4.8,8
2024,11,IQS,Docente,4to grado,SAN CRISTOBAL,2,0.6,2
2024,11,IQS,Docente,4to grado,SAN FRANCISCO DE MACORIS,6,13.2,21
2024,11,IQS,Docente,4to grado,SAN JUAN DE LA MAGUANA,2,1.0,2
2024,11,IQS,Docente,4to grado,SAN PEDRO DE MACORIS,8,6.7,14
2024,11,IQS,Docente,4to grado,SANTIAGO,10,8.7,15
2024,11,IQS,Docente,4to grado,SANTO DOMINGO,20,20.6,27
2024,11,IQS,Docente,4to grado,Sin ubicación,14,12.2,21
2024,11,IQS,Docente,6to grado,HIGUEY,1,0.4,1
2024,11,IQS,Docente,6to grado,MONTE CRISTI,1,2.7,1
2024,11,IQS,Docente,6to grado,PUERTO PLATA,2,1.2,7
2024,11,IQS,Docente,6to grado,SANTIAGO,2,1.2,2
2024,11,IQS,Docente,6to grado,SANTO DOMINGO,4,9.0,7
2024,11,IQS,Docente,6to grado,Sin ubicación,3,6.6,4
2024,11,IQS,Editor,No especificado,SANTIAGO,1,11.5,7
2024,11,IQS,Estudiante,1er grado,AZUA,1,0.2,2
2024,11,IQS,Estudiante,1er grado,LA VEGA,1,0.1,2
2024,11,IQS,Estudiante,1er grado,SAN FRANCISCO DE MACORIS,1,0.2,1
2024,11,IQS,Estudiante,1er grado,SANTIAGO,8,6.9,20
2024,11,IQS,Estudiante,1er grado,SANTO DOMINGO,9,4.3,18
2024,11,IQS,Estudiante,1er grado,Sin ubicación,9,5.6,19
2024,11,IQS,Estudiante,2do grado,LA VEGA,3,0.9,4
2024,11,IQS,Estudiante,2do grado,MONTE CRISTI,1,1.0,2
2024,11,IQS,Estudiante,2do grado,SAN FRANCISCO DE MACORIS,4,1.5,4
2024,11,IQS,Estudiante,2do grado,SAN PEDRO DE MACORIS,1,0.5,1
2024,11,IQS,Estudiante,2do grado,SANTIAGO,4,3.6,9
2024,11,IQS,Estudiante,2do grado,SANTO DOMINGO,9,8.1,24
2024,11,IQS,Estudiante,2do grado,Sin ubicación,6,3.5,10
2024,11,IQS,Estudiante,3er grado,AZUA,1,0.7,1
2024,11,IQS,Estudiante,3er grado,BARAHONA,1,0.2,2
2024,11,IQS,Estudiante,3er grado,NAGUA,2,2.2,8
2024,11,IQS,Estudiante,3er grado,PUERTO PLATA,1,0.2,1
2024,11,IQS,Estudiante,3er grado,SAN FRANCISCO DE MACORIS,2,0.7,2
2024,11,IQS,Estudiante,3er grado,SAN PEDRO DE MACORIS,1,0.3,2
2024,11,IQS,Estudiante,3er grado,SANTO DOMINGO,3,2.4,7
2024,11,IQS,Estudiante,3er grado,Sin ubicación,5,4.0,6
2024,11,IQS,Estudiante,4to grado,AZUA,1,0.2,1
2024,11,IQS,Estudiante,4to grado,BAHORUCO,1,4.4,4
2024,11,IQS,Estudiante,4to grado,COTUI,1,1.0,2
2024,11,IQS,Estudiante,4to grado,HIGUEY,1,0.1,2
2024,11,IQS,Estudiante,4to grado,MONTE CRISTI,1,0.2,1
2024,11,IQS,Estudiante,4to grado,PUERTO PLATA,15,9.3,15
2024,11,IQS,Estudiante,4to grado,SAN FRANCISCO DE MACORIS,40,22.7,56
2024,11,IQS,Estudiante,4to grado,SAN PEDRO DE MACORIS,4,2.8,7
2024,11,IQS,Estudiante,4to grado,SANTIAGO,3,1.6,6
2024,11,IQS,Estudiante,4to grado,SANTO DOMINGO,8,9.4,13
2024,11,IQS,Estudiante,4to grado,Sin ubicación,5,3.1,6
2024,11,IQS,Estudiante,5to grado,COTUI,3,1.3,3
2024,11,IQS,Estudiante,5to grado,MONTE CRISTI,1,0.4,2
2024,11,IQS,Estudiante,5to grado,PUERTO PLATA,1,0.6,1
2024,11,IQS,Estudiante,5to grado,SAN FRANCISCO DE MACORIS,54,38.9,85
2024,11,IQS,Estudiante,5to grado,SAN JUAN DE LA MAGUANA,1,0.4,2
2024,11,IQS,Estudiante,5to grado,SAN PEDRO DE MACORIS,1,0.5,1
2024,11,IQS,Estudiante,5to grado,SANTIAGO,2,2.4,2
2024,11,IQS,Estudiante,5to grado,SANTO DOMINGO,8,4.6,11
2024,11,IQS,Estudiante,5to grado,Sin ubicación,7,3.5,12
2024,11,IQS,Estudiante,6to grado,AZUA,7,4.0,8
2024,11,IQS,Estudiante,6to grado,BARAHONA,3,1.4,3
2024,11,IQS,Estudiante,6to grado,COTUI,24,13.8,45
2024,11,IQS,Estudiante,6to grado,HIGUEY,26,31.7,43
2024,11,IQS,Estudiante,6to grado,LA VEGA,23,19.4,47
2024,11,IQS,Estudiante,6to grado,MAO,2,2.4,4
2024,11,IQS,Estudiante,6to grado,MONTE CRISTI,41,18.8,65
2024,11,IQS,Estudiante,6to grado,MONTE PLATA,1,3.8,1
2024,11,IQS,Estudiante,6to grado,NAGUA,7,8.3,28
2024,11,IQS,Estudiante,6to grado,PUERTO PLATA,66,85.5,101
2024,11,IQS,Estudiante,6to grado,SAN CRISTOBAL,8,8.1,12
2024,11,IQS,Estudiante,6to grado,SAN FRANCISCO DE MACORIS,69,48.5,115
2024,11,IQS,Estudiante,6to grado,SAN JUAN DE LA MAGUANA,56,46.6,92
2024,11,IQS,Estudiante,6to grado,SAN PEDRO DE MACORIS,22,23.7,37
2024,11,IQS,Estudiante,6to grado,SANTIAGO,173,172.0,327
2024,11,IQS,Estudiante,6to grado,SANTO DOMINGO,163,173.5,297
2024,11,IQS,Estudiante,6to grado,Sin ubicación,97,110.1,187
2024,11,IQS,Estudiante,No especificado,LA VEGA,1,0.7,2
2024,11,IQS,Estudiante,No especificado,SANTO DOMINGO,1,1.4,1
2024,11,IQS,Invitado,6to grado,SANTIAGO,3,1.5,4
2024,11,IQS,Invitado,6to grado,SANTO DOMINGO,2,3.4,3
2024,11,IQS,Invitado,6to grado,Sin ubicación,55,46.6,78
2024,12,IQ512,Coordinador,No especificado,Sin ubicación,1,15.5,9
2024,12,IQ512,Estudiante,No especificado,AZUA,23,58.4,61
2024,12,IQ512,Estudiante,No especificado,BAHORUCO,11,28.9,23
2024,12,IQ512,Estudiante,No especificado,BARAHONA,13,56.1,63
2024,12,IQ512,Estudiante,No especificado,COTUI,13,65.9,57
2024,12,IQ512,Estudiante,No especificado,HIGUEY,7,30.1,20
2024,12,IQ512,Estudiante,No especificado,LA VEGA,28,118.7,72
2024,12,IQ512,Estudiante,No especificado,MAO,7,20.1,18
2024,12,IQ512,Estudiante,No especificado,MONTE CRISTI,7,9.2,11
2024,12,IQ512,Estudiante,No especificado,MONTE PLATA,3,5.1,5
2024,12,IQ512,Estudiante,No especificado,NAGUA,12,25.0,30
2024,12,IQ512,Estudiante,No especificado,PUERTO PLATA,6,14.2,16
2024,12,IQ512,Estudiante,No especificado,SAN CRISTOBAL,25,58.2,54
2024,12,IQ512,Estudiante,No especificado,SAN FRANCISCO DE MACORIS,17,51.8,52
2024,12,IQ512,Estudiante,No especificado,SAN JUAN DE LA MAGUANA,11,56.0,51
2024,12,IQ512,Estudiante,No especificado,SAN PEDRO DE MACORIS,6,7.6,13
2024,12,IQ512,Estudiante,No especificado,SANTIAGO,19,79.1,59
2024,12,IQ512,Estudiante,No especificado,SANTO DOMINGO,132,456.5,381
2024,12,IQ512,Estudiante,No especificado,Sin ubicación,977,3465.9,2637
2024,12,IQP,Docente,1er grado,Sin ubicación,2,5.2,6
2024,12,IQP,Docente,4to grado,LA VEGA,1,1.8,2
2024,12,IQP,Docente,5to grado,MONTE CRISTI,1,2.9,1
2024,12,IQP,Docente,5to grado,NAGUA,1,0.4,1
2024,12,IQP,Docente,5to grado,PUERTO PLATA,1,1.6,1
2024,12,IQP,Docente,5to grado,SAN CRISTOBAL,1,0.2,1
2024,12,IQP,Docente,5to grado,SANTIAGO,2,1.7,3
2024,12,IQP,Docente,5to grado,SANTO DOMINGO,3,4.8,5
2024,12,IQP,Docente,5to grado,Sin ubicación,1,0.5,1
2024,12,IQP,Docente,6to grado,COTUI,1,0.4,1
2024,12,IQP,Docente,6to grado,Sin ubicación,1,1.3,2
2024,12,IQP,Estudiante,1er grado,SANTO DOMINGO,1,0.2,1
2024,12,IQP,Estudiante,1er grado,Sin ubicación,1,0.4,1
2024,12,IQP,Estudiante,2do grado,SAN FRANCISCO DE MACORIS,1,0.3,1
2024,12,IQP,Estudiante,3er grado,SANTIAGO,1,0.4,1
2024,12,IQP,Estudiante,3er grado,Sin ubicación,1,0.5,1
2024,12,IQP,Estudiante,4to grado,LA VEGA,1,0.2,1
2024,12,IQP,Estudiante,4to grado,SANTO DOMINGO,2,0.9,2
2024,12,IQP,Estudiante,4to grado,Sin ubicación,2,0.8,2
2024,12,IQP,Estudiante,5to grado,SAN CRISTOBAL,2,0.8,2
2024,12,IQP,Estudiante,5to grado,SANTIAGO,1,0.3,1
2024,12,IQP,Estudiante,5to grado,SANTO DOMINGO,4,11.8,8
2024,12,IQP,Estudiante,5to grado,Sin ubicación,1,1.0,2
2024,12,IQP,Estudiante,6to grado,AZUA,1,0.4,1
2024,12,IQP,Estudiante,6to grado,SAN JUAN DE LA MAGUANA,1,0.4,1
2024,12,IQP,Estudiante,6to grado,SANTIAGO,2,1.1,2
2024,12,IQP,Estudiante,6to grado,SANTO DOMINGO,5,3.4,5
2024,12,IQP,Estudiante,6to grado,Sin ubicación,5,4.0,6
2024,12,IQP,Sin rol,No especificado,Sin ubicación,1,17.5,9
2024,12,IQS,Docente,1er grado,HIGUEY,1,0.4,1
2024,12,IQS,Docente,1er grado,MONTE CRISTI,1,0.4,1
2024,12,IQS,Docente,1er grado,PUERTO PLATA,1,0.5,3
2024,12,IQS,Docente,1er grado,SANTIAGO,1,0.6,1
2024,12,IQS,Docente,1er grado,SANTO DOMINGO,2,0.8,2
2024,12,IQS,Docente,1er grado,Sin ubicación,1,0.0,1
2024,12,IQS,Docente,4to grado,BARAHONA,2,1.0,3
2024,12,IQS,Docente,4to grado,HIGUEY,1,0.4,1
2024,12,IQS,Docente,4to grado,LA VEGA,4,1.6,4
2024,12,IQS,Docente,4to grado,MONTE CRISTI,3,3.7,5
2024,12,IQS,Docente,4to grado,MONTE PLATA,1,0.4,1
2024,12,IQS,Docente,4to grado,PUERTO PLATA,4,3.4,6
2024,12,IQS,Docente,4to grado,SAN CRISTOBAL,2,0.5,2
2024,12,IQS,Docente,4to grado,SAN FRANCISCO DE MACORIS,2,1.1,3
2024,12,IQS,Docente,4to grado,SAN PEDRO DE MACORIS,5,5.1,8
2024,12,IQS,Docente,4to grado,SANTIAGO,2,0.5,2
2024,12,IQS,Docente,4to grado,SANTO DOMINGO,14,8.6,18
2024,12,IQS,Docente,4to grado,Sin ubicación,9,3.8,13
2024,12,IQS,Docente,6to grado,HIGUEY,1,4.3,4
2024,12,IQS,Docente,6to grado,MONTE CRISTI,1,1.2,1
2024,12,IQS,Docente,6to grado,PUERTO PLATA,1,0.3,1
2024,12,IQS,Docente,6to grado,SAN FRANCISCO DE MACORIS,1,0.2,1
2024,12,IQS,Docente,No especificado,SANTIAGO,1,0.1,1
2024,12,IQS,Editor,No especificado,SANTIAGO,1,19.4,9
2024,12,IQS,Estudiante,1er grado,NAGUA,1,1.0,2
2024,12,IQS,Estudiante,1er grado,SANTIAGO,1,0.0,1
2024,12,IQS,Estudiante,1er grado,SANTO DOMINGO,1,0.0,1
2024,12,IQS,Estudiante,1er grado,Sin ubicación,3,1.9,5
2024,12,IQS,Estudiante,2do grado,SAN PEDRO DE MACORIS,1,0.5,1
2024,12,IQS,Estudiante,2do grado,Sin ubicación,2,0.5,3
2024,12,IQS,Estudiante,3er grado,PUERTO PLATA,2,2.0,3
2024,12,IQS,Estudiante,3er grado,SANTIAGO,19,12.9,25
2024,12,IQS,Estudiante,3er grado,SANTO DOMINGO,1,0.5,4
2024,12,IQS,Estudiante,3er grado,Sin ubicación,21,23.9,41
2024,12,IQS,Estudiante,4to grado,COTUI,1,0.4,7
2024,12,IQS,Estudiante,4to grado,MONTE PLATA,1,0.2,1
2024,12,IQS,Estudiante,4to grado,SAN CRISTOBAL,1,0.8,1
2024,12,IQS,Estudiante,4to grado,SAN FRANCISCO DE MACORIS,3,1.3,3
2024,12,IQS,Estudiante,4to grado,SAN JUAN DE LA MAGUANA,1,0.4,1
2024,12,IQS,Estudiante,4to grado,SAN PEDRO DE MACORIS,3,3.2,6
2024,12,IQS,Estudiante,4to grado,SANTO DOMINGO,4,2.5,7
2024,12,IQS,Estudiante,5to grado,COTUI,1,0.5,1
2024,12,IQS,Estudiante,5to grado,SAN FRANCISCO DE MACORIS,2,0.2,2
2024,12,IQS,Estudiante,5to grado,SAN JUAN DE LA MAGUANA,1,0.4,5
2024,12,IQS,Estudiante,5to grado,SAN PEDRO DE MACORIS,2,2.3,2
2024,12,IQS,Estudiante,5to grado,SANTO DOMINGO,2,0.8,2
2024,12,IQS,Estudiante,5to grado,Sin ubicación,2,2.0,2
2024,12,IQS,Estudiante,6to grado,AZUA,4,2.8,9
2024,12,IQS,Estudiante,6to grado,BARAHONA,1,4.6,3
2024,12,IQS,Estudiante,6to grado,COTUI,5,1.5,6
2024,12,IQS,Estudiante,6to grado,HIGUEY,16,13.5,21
2024,12,IQS,Estudiante,6to grado,LA VEGA,10,14.4,31
2024,12,IQS,Estudiante,6to grado,MONTE CRISTI,20,7.7,30
2024,12,IQS,Estudiante,6to grado,MONTE PLATA,3,2.2,4
2024,12,IQS,Estudiante,6to grado,NAGUA,2,1.5,3
2024,12,IQS,Estudiante,6to grado,PUERTO PLATA,6,8.1,11
2024,12,IQS,Estudiante,6to grado,SAN CRISTOBAL,2,0.7,4
2024,12,IQS,Estudiante,6to grado,SAN FRANCISCO DE MACORIS,5,3.8,7
2024,12,IQS,Estudiante,6to grado,SAN JUAN DE LA MAGUANA,58,40.0,81
2024,12,IQS,Estudiante,6to grado,SAN PEDRO DE MACORIS,3,6.0,12
2024,12,IQS,Estudiante,6to grado,SANTIAGO,39,34.2,71
2024,12,IQS,Estudiante,6to grado,SANTO DOMINGO,53,49.0,102
2024,12,IQS,Estudiante,6to grado,Sin ubicación,39,30.3,62
2024,12,IQS,Invitado,6to grado,Sin ubicación,22,14.2,28
2025,1,IQ512,Aliado de la Alianza,No especificado,Sin ubicación,1,8.9,5
2025,1,IQ512,Coordinador,No especificado,Sin ubicación,1,7.0,8
2025,1,IQ512,Estudiante,No especificado,AZUA,10,18.0,22
2025,1,IQ512,Estudiante,No especificado,BAHORUCO,2,1.9,4
2025,1,IQ512,Estudiante,No especificado,BARAHONA,4,3.4,6
2025,1,IQ512,Estudiante,No especificado,COTUI,4,5.2,7
2025,1,IQ512,Estudiante,No especificado,LA VEGA,8,15.5,14
2025,1,IQ512,Estudiante,No especificado,MAO,5,9.7,10
2025,1,IQ512,Estudiante,No especificado,MONTE CRISTI,2,0.5,2
2025,1,IQ512,Estudiante,No especificado,MONTE PLATA,1,0.5,2
2025,1,IQ512,Estudiante,No especificado,NAGUA,1,0.6,1
2025,1,IQ512,Estudiante,No especificado,SAN CRISTOBAL,7,2.7,7
2025,1,IQ512,Estudiante,No especificado,SAN FRANCISCO DE MACORIS,4,5.5,10
2025,1,IQ512,Estudiante,No especificado,SAN JUAN DE LA MAGUANA,2,10.0,5
2025,1,IQ512,Estudiante,No especificado,SAN PEDRO DE MACORIS,2,2.0,2
2025,1,IQ512,Estudiante,No especificado,SANTIAGO,9,7.4,12
2025,1,IQ512,Estudiante,No especificado,SANTO DOMINGO,40,90.4,102
2025,1,IQ512,Estudiante,No especificado,Sin ubicación,245,436.1,451
2025,1,IQP,Docente,1er grado,Sin ubicación,2,20.7,12
2025,1,IQP,Docente,4to grado,SAN PEDRO DE MACORIS,1,1.0,2
2025,1,IQP,Docente,4to grado,SANTIAGO,3,4.5,7
2025,1,IQP,Docente,4to grado,SANTO DOMINGO,2,3.8,3
2025,1,IQP,Docente,4to grado,Sin ubicación,4,4.5,6
2025,1,IQP,Docente,5to grado,AZUA,6,7.6,10
2025,1,IQP,Docente,5to grado,BAHORUCO,1,0.2,1
2025,1,IQP,Docente,5to grado,COTUI,1,0.6,1
2025,1,IQP,Docente,5to grado,HIGUEY,3,0.4,3
2025,1,IQP,Docente,5to grado,LA VEGA,2,1.3,2
2025,1,IQP,Docente,5to grado,MAO,3,4.6,9
2025,1,IQP,Docente,5to grado,MONTE CRISTI,1,0.4,1
2025,1,IQP,Docente,5to grado,PUERTO PLATA,2,3.1,4
2025,1,IQP,Docente,5to grado,SAN CRISTOBAL,7,14.5,19
2025,1,IQP,Docente,5to grado,SAN FRANCISCO DE MACORIS,1,0.2,1
2025,1,IQP,Docente,5to grado,SAN JUAN DE LA MAGUANA,1,0.6,1
2025,1,IQP,Docente,5to grado,SAN PEDRO DE MACORIS,2,0.6,2
2025,1,IQP,Docente,5to grado,SANTIAGO,7,4.9,7
2025,1,IQP,Docente,5to grado,SANTO DOMINGO,19,17.9,24
2025,1,IQP,Docente,5to grado,Sin ubicación,8,6.1,9
2025,1,IQP,Docente,6to grado,BARAHONA,1,13.9,10
2025,1,IQP,Docente,6to grado,COTUI,1,0.5,1
2025,1,IQP,Docente,6to grado,LA VEGA,2,3.0,5
2025,1,IQP,Docente,6to grado,MONTE PLATA,1,3.3,5
2025,1,IQP,Docente,6to grado,NAGUA,1,1.0,1
2025,1,IQP,Docente,6to grado,PUERTO PLATA,1,0.9,1
2025,1,IQP,Docente,6to grado,SAN CRISTOBAL,1,0.6,1
2025,1,IQP,Docente,6to grado,SANTO DOMINGO,2,0.6,2
2025,1,IQP,Docente,6to grado,Sin ubicación,3,3.4,5
2025,1,IQP,Estudiante,1er grado,SANTO DOMINGO,1,0.5,1
2025,1,IQP,Estudiante,1er grado,Sin ubicación,3,0.9,4
2025,1,IQP,Estudiante,2do grado,AZUA,1,0.0,2
2025,1,IQP,Estudiante,2do grado,SANTIAGO,1,1.7,3
2025,1,IQP,Estudiante,2do grado,SANTO DOMINGO,1,2.7,1
2025,1,IQP,Estudiante,2do grado,Sin ubicación,1,0.5,1
2025,1,IQP,Estudiante,3er grado,AZUA,1,1.2,1
2025,1,IQP,Estudiante,3er grado,NAGUA,1,0.3,1
2025,1,IQP,Estudiante,3er grado,SANTIAGO,1,0.6,1
2025,1,IQP,Estudiante,4to grado,SANTO DOMINGO,2,1.3,2
2025,1,IQP,Estudiante,4to grado,Sin ubicación,2,1.6,4
2025,1,IQP,Estudiante,5to grado,AZUA,1,0.4,1
2025,1,IQP,Estudiante,5to grado,SAN CRISTOBAL,1,0.8,1
2025,1,IQP,Estudiante,5to grado,SANTO DOMINGO,3,3.8,3
2025,1,IQP,Estudiante,5to grado,Sin ubicación,1,0.1,2
2025,1,IQP,Estudiante,6to grado,AZUA,2,4.8,8
2025,1,IQP,Estudiante,6to grado,HIGUEY,1,0.3,1
2025,1,IQP,Estudiante,6to grado,SAN CRISTOBAL,1,0.9,1
2025,1,IQP,Estudiante,6to grado,SAN PEDRO DE MACORIS,3,0.9,3
2025,1,IQP,Estudiante,6to grado,SANTIAGO,1,0.2,1
2025,1,IQP,Estudiante,6to grado,SANTO DOMINGO,16,14.7,20
2025,1,IQP,Estudiante,6to grado,Sin ubicación,10,7.5,14
2025,1,IQP,Parent,6to grado,Sin ubicación,1,0.0,1
2025,1,IQP,Sin rol,No especificado,Sin ubicación,1,3.8,4
2025,1,IQS,Docente,1er grado,AZUA,3,1.3,3
2025,1,IQS,Docente,1er grado,COTUI,1,0.7,2
2025,1,IQS,Docente,1er grado,LA VEGA,3,5.9,5
2025,1,IQS,Docente,1er grado,MONTE CRISTI,2,0.6,2
2025,1,IQS,Docente,1er grado,SAN CRISTOBAL,1,0.3,1
2025,1,IQS,Docente,1er grado,SANTIAGO,3,4.8,6
2025,1,IQS,Docente,1er grado,SANTO DOMINGO,4,9.9,14
2025,1,IQS,Docente,1er grado,Sin ubicación,8,10.0,11
2025,1,IQS,Docente,4to grado,AZUA,8,3.3,13
2025,1,IQS,Docente,4to grado,BAHORUCO,1,0.8,1
2025,1,IQS,Docente,4to grado,BARAHONA,7,10.9,15
2025,1,IQS,Docente,4to grado,COTUI,6,4.3,9
2025,1,IQS,Docente,4to grado,HIGUEY,7,4.9,12
2025,1,IQS,Docente,4to grado,LA VEGA,21,27.6,40
2025,1,IQS,Docente,4to grado,MAO,1,0.5,4
2025,1,IQS,Docente,4to grado,MONTE CRISTI,15,16.7,26
2025,1,IQS,Docente,4to grado,MONTE PLATA,1,0.2,1
2025,1,IQS,Docente,4to grado,NAGUA,9,6.7,12
2025,1,IQS,Docente,4to grado,PUERTO PLATA,10,11.8,17
2025,1,IQS,Docente,4to grado,SAN CRISTOBAL,9,12.5,12
2025,1,IQS,Docente,4to grado,SAN FRANCISCO DE MACORIS,18,27.6,34
2025,1,IQS,Docente,4to grado,SAN JUAN DE LA MAGUANA,3,1.7,5
2025,1,IQS,Docente,4to grado,SAN PEDRO DE MACORIS,12,5.8,15
2025,1,IQS,Docente,4to grado,SANTIAGO,23,43.2,65
2025,1,IQS,Docente,4to grado,SANTO DOMINGO,35,40.3,62
2025,1,IQS,Docente,4to grado,Sin ubicación,45,31.1,78
2025,1,IQS,Docente,6to grado,MONTE CRISTI,2,6.8,5
2025,1,IQS,Docente,6to grado,SAN FRANCISCO DE MACORIS,2,2.2,4
2025,1,IQS,Docente,6to grado,SAN PEDRO DE MACORIS,1,0.0,1
2025,1,IQS,Docente,6to grado,SANTO DOMINGO,5,19.2,9
2025,1,IQS,Docente,6to grado,Sin ubicación,4,3.0,6
2025,1,IQS,Docente,No especificado,SANTIAGO,1,0.8,1
2025,1,IQS,Docente,No especificado,Sin ubicación,1,0.2,2
2025,1,IQS,Editor,No especificado,SANTIAGO,1,2.7,3
2025,1,IQS,Estudiante,1er grado,BARAHONA,1,0.3,2
2025,1,IQS,Estudiante,1er grado,COTUI,1,0.0,1
2025,1,IQS,Estudiante,1er grado,LA VEGA,1,0.8,2
2025,1,IQS,Estudiante,1er grado,MAO,1,0.6,2
2025,1,IQS,Estudiante,1er grado,MONTE CRISTI,1,1.6,4
2025,1,IQS,Estudiante,1er grado,NAGUA,1,3.1,3
2025,1,IQS,Estudiante,1er grado,SAN FRANCISCO DE MACORIS,1,8.6,17
2025,1,IQS,Estudiante,1er grado,SAN PEDRO DE MACORIS,1,0.0,1
2025,1,IQS,Estudiante,1er grado,SANTIAGO,2,0.8,4
2025,1,IQS,Estudiante,1er grado,SANTO DOMINGO,13,6.5,26
2025,1,IQS,Estudiante,1er grado,Sin ubicación,6,3.7,15
2025,1,IQS,Estudiante,2do grado,BARAHONA,1,0.4,2
2025,1,IQS,Estudiante,2do grado,COTUI,7,9.5,13
2025,1,IQS,Estudiante,2do grado,MONTE CRISTI,1,0.7,2
2025,1,IQS,Estudiante,2do grado,NAGUA,1,1.6,2
2025,1,IQS,Estudiante,2do grado,SAN FRANCISCO DE MACORIS,3,2.3,7
2025,1,IQS,Estudiante,2do grado,SAN PEDRO DE MACORIS,3,1.2,3
2025,1,IQS,Estudiante,2do grado,SANTIAGO,19,15.1,28
2025,1,IQS,Estudiante,2do grado,SANTO DOMINGO,10,6.0,20
2025,1,IQS,Estudiante,2do grado,Sin ubicación,14,14.6,22
2025,1,IQS,Estudiante,3er grado,MONTE PLATA,1,0.1,1
2025,1,IQS,Estudiante,3er grado,NAGUA,8,3.4,8
2025,1,IQS,Estudiante,3er grado,PUERTO PLATA,19,8.0,22
2025,1,IQS,Estudiante,3er grado,SAN FRANCISCO DE MACORIS,1,1.5,1
2025,1,IQS,Estudiante,3er grado,SAN JUAN DE LA MAGUANA,1,0.5,3
2025,1,IQS,Estudiante,3er grado,SAN PEDRO DE MACORIS,10,27.3,15
2025,1,IQS,Estudiante,3er grado,SANTIAGO,63,81.1,112
2025,1,IQS,Estudiante,3er grado,SANTO DOMINGO,12,4.7,20
2025,1,IQS,Estudiante,3er grado,Sin ubicación,45,42.3,84
2025,1,IQS,Estudiante,4to grado,AZUA,1,0.2,2
2025,1,IQS,Estudiante,4to grado,BARAHONA,1,0.7,1
2025,1,IQS,Estudiante,4to grado,COTUI,5,1.2,8
2025,1,IQS,Estudiante,4to grado,HIGUEY,1,3.0,3
2025,1,IQS,Estudiante,4to grado,LA VEGA,1,0.1,2
2025,1,IQS,Estudiante,4to grado,PUERTO PLATA,1,0.4,2
2025,1,IQS,Estudiante,4to grado,SAN FRANCISCO DE MACORIS,31,32.3,56
2025,1,IQS,Estudiante,4to grado,SAN PEDRO DE MACORIS,1,4.5,3
2025,1,IQS,Estudiante,4to grado,SANTIAGO,7,13.2,24
2025,1,IQS,Estudiante,4to grado,SANTO DOMINGO,10,5.6,16
2025,1,IQS,Estudiante,4to grado,Sin ubicación,12,7.6,21
2025,1,IQS,Estudiante,5to grado,LA VEGA,1,0.3,1
2025,1,IQS,Estudiante,5to grado,SAN FRANCISCO DE MACORIS,28,36.5,60
2025,1,IQS,Estudiante,5to grado,SAN JUAN DE LA MAGUANA,1,0.8,2
2025,1,IQS,Estudiante,5to grado,SAN PEDRO DE MACORIS,1,11.6,8
2025,1,IQS,Estudiante,5to grado,SANTIAGO,7,6.9,12
2025,1,IQS,Estudiante,5to grado,SANTO DOMINGO,16,9.5,22
2025,1,IQS,Estudiante,5to grado,Sin ubicación,10,14.1,18
2025,1,IQS,Estudiante,6to grado,AZUA,20,11.9,25
2025,1,IQS,Estudiante,6to grado,BARAHONA,14,7.8,28
2025,1,IQS,Estudiante,6to grado,COTUI,37,31.2,63
2025,1,IQS,Estudiante,6to grado,HIGUEY,28,29.9,53
2025,1,IQS,Estudiante,6to grado,LA VEGA,55,70.9,122
2025,1,IQS,Estudiante,6to grado,MAO,9,11.8,31
2025,1,IQS,Estudiante,6to grado,MONTE CRISTI,71,73.5,118
2025,1,IQS,Estudiante,6to grado,MONTE PLATA,5,1.9,7
2025,1,IQS,Estudiante,6to grado,NAGUA,25,17.1,35
2025,1,IQS,Estudiante,6to grado,PUERTO PLATA,19,15.4,51
2025,1,IQS,Estudiante,6to grado,SAN CRISTOBAL,63,65.1,94
2025,1,IQS,Estudiante,6to grado,SAN FRANCISCO DE MACORIS,96,83.0,222
2025,1,IQS,Estudiante,6to grado,SAN JUAN DE LA MAGUANA,33,21.0,57
2025,1,IQS,Estudiante,6to grado,SAN PEDRO DE MACORIS,84,577.1,372
2025,1,IQS,Estudiante,6to grado,SANTIAGO,270,209.6,580
2025,1,IQS,Estudiante,6to grado,SANTO DOMINGO,313,292.3,606
2025,1,IQS,Estudiante,6to grado,Sin ubicación,198,170.2,412
2025,1,IQS,Estudiante,No especificado,SANTO DOMINGO,1,0.3,1
2025,1,IQS,Invitado,6to grado,SANTIAGO,1,0.1,2
2025,1,IQS,Invitado,6to grado,SANTO DOMINGO,3,2.4,5
2025,1,IQS,Invitado,6to grado,Sin ubicación,116,94.8,170
2025,2,IQ512,Aliado de la Alianza,No especificado,Sin ubicación,1,3.8,4
2025,2,IQ512,Coordinador,No especificado,Sin ubicación,1,3.3,6
2025,2,IQ512,Editor,No especificado,Sin ubicación,1,0.6,1
2025,2,IQ512,Estudiante,No especificado,AZUA,4,4.8,4
2025,2,IQ512,Estudiante,No especificado,BAHORUCO,1,0.5,1
2025,2,IQ512,Estudiante,No especificado,BARAHONA,1,0.7,3
2025,2,IQ512,Estudiante,No especificado,COTUI,1,0.6,1
2025,2,IQ512,Estudiante,No especificado,LA VEGA,6,5.2,9
2025,2,IQ512,Estudiante,No especificado,MAO,2,3.0,3
2025,2,IQ512,Estudiante,No especificado,NAGUA,5,3.3,6
2025,2,IQ512,Estudiante,No especificado,SAN CRISTOBAL,3,1.0,3
2025,2,IQ512,Estudiante,No especificado,SAN FRANCISCO DE MACORIS,2,2.3,4
2025,2,IQ512,Estudiante,No especificado,SAN JUAN DE LA MAGUANA,4,2.7,10
2025,2,IQ512,Estudiante,No especificado,SAN PEDRO DE MACORIS,2,10.1,8
2025,2,IQ512,Estudiante,No especificado,SANTIAGO,4,10.3,10
2025,2,IQ512,Estudiante,No especificado,SANTO DOMINGO,28,45.0,50
2025,2,IQ512,Estudiante,No especificado,Sin ubicación,135,153.7,197
2025,2,IQP,Coordinador,6to grado,Sin ubicación,1,1.4,3
2025,2,IQP,Docente,1er grado,Sin ubicación,2,16.7,17
2025,2,IQP,Docente,4to grado,SAN PEDRO DE MACORIS,1,8.7,6
2025,2,IQP,Docente,4to grado,SANTIAGO,1,0.6,1
2025,2,IQP,Docente,4to grado,SANTO DOMINGO,1,0.3,1
2025,2,IQP,Docente,4to grado,Sin ubicación,4,5.7,8
2025,2,IQP,Docente,5to grado,AZUA,1,0.6,1
2025,2,IQP,Docente,5to grado,BARAHONA,1,0.3,1
2025,2,IQP,Docente,5to grado,COTUI,1,2.0,2
2025,2,IQP,Docente,5to grado,HIGUEY,2,2.5,3
2025,2,IQP,Docente,5to grado,MAO,4,2.7,5
2025,2,IQP,Docente,5to grado,MONTE CRISTI,3,1.6,3
2025,2,IQP,Docente,5to grado,NAGUA,1,0.5,1
2025,2,IQP,Docente,5to grado,PUERTO PLATA,2,9.8,7
2025,2,IQP,Docente,5to grado,SAN CRISTOBAL,4,7.8,8
2025,2,IQP,Docente,5to grado,SAN FRANCISCO DE MACORIS,2,1.9,3
2025,2,IQP,Docente,5to grado,SAN PEDRO DE MACORIS,3,1.4,3
2025,2,IQP,Docente,5to grado,SANTIAGO,4,3.2,6
2025,2,IQP,Docente,5to grado,SANTO DOMINGO,10,11.6,15
2025,2,IQP,Docente,5to grado,Sin ubicación,6,12.6,11
2025,2,IQP,Docente,6to grado,BARAHONA,1,5.9,6
2025,2,IQP,Docente,6to grado,LA VEGA,1,1.3,3
2025,2,IQP,Docente,6to grado,MONTE PLATA,1,1.6,4
2025,2,IQP,Docente,6to grado,NAGUA,1,0.9,2
2025,2,IQP,Docente,6to grado,SANTO DOMINGO,1,1.4,1
2025,2,IQP,Docente,6to grado,Sin ubicación,1,9.7,4
2025,2,IQP,Docente,No especificado,SANTO DOMINGO,1,0.0,1
2025,2,IQP,Estudiante,1er grado,AZUA,1,0.4,1
2025,2,IQP,Estudiante,1er grado,BARAHONA,1,2.3,2
2025,2,IQP,Estudiante,1er grado,MONTE CRISTI,1,0.6,1
2025,2,IQP,Estudiante,1er grado,SANTO DOMINGO,1,0.4,2
2025,2,IQP,Estudiante,1er grado,Sin ubicación,1,0.2,1
2025,2,IQP,Estudiante,2do grado,AZUA,2,6.3,7
2025,2,IQP,Estudiante,2do grado,SANTIAGO,1,0.2,1
2025,2,IQP,Estudiante,2do grado,SANTO DOMINGO,2,1.5,2
2025,2,IQP,Estudiante,2do grado,Sin ubicación,2,1.0,3
2025,2,IQP,Estudiante,3er grado,SAN PEDRO DE MACORIS,1,2.4,1
2025,2,IQP,Estudiante,3er grado,SANTO DOMINGO,1,0.9,1
2025,2,IQP,Estudiante,3er grado,Sin ubicación,1,0.1,1
2025,2,IQP,Estudiante,4to grado,BARAHONA,1,0.2,1
2025,2,IQP,Estudiante,4to grado,LA VEGA,1,0.7,1
2025,2,IQP,Estudiante,4to grado,MONTE CRISTI,1,1.0,1
2025,2,IQP,Estudiante,4to grado,MONTE PLATA,1,3.6,4
2025,2,IQP,Estudiante,4to grado,SANTO DOMINGO,2,0.9,2
2025,2,IQP,Estudiante,4to grado,Sin ubicación,2,0.4,2
2025,2,IQP,Estudiante,5to grado,AZUA,1,0.4,1
2025,2,IQP,Estudiante,5to grado,HIGUEY,1,0.3,1
2025,2,IQP,Estudiante,5to grado,MAO,1,0.6,1
2025,2,IQP,Estudiante,5to grado,SANTO DOMINGO,3,1.9,3
2025,2,IQP,Estudiante,5to grado,Sin ubicación,1,0.0,1
2025,2,IQP,Estudiante,6to grado,AZUA,2,1.4,3
2025,2,IQP,Estudiante,6to grado,BARAHONA,4,1.7,4
2025,2,IQP,Estudiante,6to grado,COTUI,1,0.8,1
2025,2,IQP,Estudiante,6to grado,HIGUEY,1,0.5,1
2025,2,IQP,Estudiante,6to grado,LA VEGA,1,1.1,1
2025,2,IQP,Estudiante,6to grado,MONTE CRISTI,1,0.7,1
2025,2,IQP,Estudiante,6to grado,PUERTO PLATA,1,0.3,1
2025,2,IQP,Estudiante,6to grado,SAN PEDRO DE MACORIS,4,1.6,4
2025,2,IQP,Estudiante,6to grado,SANTIAGO,2,1.1,2
2025,2,IQP,Estudiante,6to grado,SANTO DOMINGO,8,12.8,13
2025,2,IQP,Estudiante,6to grado,Sin ubicación,24,14.3,26
2025,2,IQP,Estudiante,No especificado,Sin ubicación,1,1.3,4
2025,2,IQP,Parent,6to grado,Sin ubicación,1,0.1,1
2025,2,IQP,Sin rol,No especificado,Sin ubicación,1,5.7,4
2025,2,IQS,Admin,6to grado,Sin ubicación,1,1.2,4
2025,2,IQS,Docente,1er grado,HIGUEY,1,4.4,5
2025,2,IQS,Docente,1er grado,LA VEGA,1,0.4,2
2025,2,IQS,Docente,1er grado,MONTE CRISTI,1,0.9,2
2025,2,IQS,Docente,1er grado,PUERTO PLATA,1,0.2,2
2025,2,IQS,Docente,1er grado,SAN FRANCISCO DE MACORIS,2,1.3,2
2025,2,IQS,Docente,1er grado,SANTIAGO,3,3.0,5
2025,2,IQS,Docente,1er grado,SANTO DOMINGO,4,4.4,7
2025,2,IQS,Docente,1er grado,Sin ubicación,6,5.7,7
2025,2,IQS,Docente,4to grado,AZUA,6,5.3,9
2025,2,IQS,Docente,4to grado,BAHORUCO,2,0.9,2
2025,2,IQS,Docente,4to grado,BARAHONA,11,10.7,16
2025,2,IQS,Docente,4to grado,COTUI,6,5.6,7
2025,2,IQS,Docente,4to grado,HIGUEY,4,5.0,11
2025,2,IQS,Docente,4to grado,LA VEGA,17,20.7,27
2025,2,IQS,Docente,4to grado,MONTE CRISTI,13,10.3,17
2025,2,IQS,Docente,4to grado,MONTE PLATA,3,1.3,4
2025,2,IQS,Docente,4to grado,NAGUA,11,16.9,15
2025,2,IQS,Docente,4to grado,PUERTO PLATA,9,21.0,26
2025,2,IQS,Docente,4to grado,SAN CRISTOBAL,8,12.3,13
2025,2,IQS,Docente,4to grado,SAN FRANCISCO DE MACORIS,16,16.3,35
2025,2,IQS,Docente,4to grado,SAN JUAN DE LA MAGUANA,3,6.3,6
2025,2,IQS,Docente,4to grado,SAN PEDRO DE MACORIS,14,12.8,19
2025,2,IQS,Docente,4to grado,SANTIAGO,26,38.9,61
2025,2,IQS,Docente,4to grado,SANTO DOMINGO,41,57.7,86
2025,2,IQS,Docente,4to grado,Sin ubicación,41,53.6,79
2025,2,IQS,Docente,6to grado,MONTE CRISTI,1,0.6,1
2025,2,IQS,Docente,6to grado,MONTE PLATA,1,2.4,2
2025,2,IQS,Docente,6to grado,SAN FRANCISCO DE MACORIS,1,0.6,1
2025,2,IQS,Docente,6to grado,SAN PEDRO DE MACORIS,1,0.3,1
2025,2,IQS,Docente,6to grado,SANTO DOMINGO,2,7.1,6
2025,2,IQS,Docente,6to grado,Sin ubicación,4,1.8,4
2025,2,IQS,Docente,No especificado,Sin ubicación,1,0.4,1
2025,2,IQS,Estudiante,1er grado,AZUA,1,1.6,3
2025,2,IQS,Estudiante,1er grado,BARAHONA,1,1.5,4
2025,2,IQS,Estudiante,1er grado,COTUI,2,0.3,4
2025,2,IQS,Estudiante,1er grado,HIGUEY,1,2.8,4
2025,2,IQS,Estudiante,1er grado,LA VEGA,2,1.9,9
2025,2,IQS,Estudiante,1er grado,MONTE CRISTI,2,0.8,4
2025,2,IQS,Estudiante,1er grado,NAGUA,1,1.2,4
2025,2,IQS,Estudiante,1er grado,SAN CRISTOBAL,1,0.1,2
2025,2,IQS,Estudiante,1er grado,SAN FRANCISCO DE MACORIS,6,5.3,15
2025,2,IQS,Estudiante,1er grado,SANTIAGO,8,11.4,33
2025,2,IQS,Estudiante,1er grado,SANTO DOMINGO,12,12.8,23
2025,2,IQS,Estudiante,1er grado,Sin ubicación,3,1.1,5
2025,2,IQS,Estudiante,2do grado,BAHORUCO,1,0.4,2
2025,2,IQS,Estudiante,2do grado,BARAHONA,1,0.2,2
2025,2,IQS,Estudiante,2do grado,COTUI,1,1.1,1
2025,2,IQS,Estudiante,2do grado,LA VEGA,4,4.7,7
2025,2,IQS,Estudiante,2do grado,MONTE CRISTI,2,0.0,2
2025,2,IQS,Estudiante,2do grado,MONTE PLATA,1,0.4,1
2025,2,IQS,Estudiante,2do grado,NAGUA,1,0.1,1
2025,2,IQS,Estudiante,2do grado,PUERTO PLATA,2,1.6,2
2025,2,IQS,Estudiante,2do grado,SAN CRISTOBAL,5,2.2,9
2025,2,IQS,Estudiante,2do grado,SAN FRANCISCO DE MACORIS,3,1.0,4
2025,2,IQS,Estudiante,2do grado,SANTIAGO,14,10.8,21
2025,2,IQS,Estudiante,2do grado,SANTO DOMINGO,11,4.9,16
2025,2,IQS,Estudiante,2do grado,Sin ubicación,10,5.1,15
2025,2,IQS,Estudiante,3er grado,AZUA,1,0.3,2
2025,2,IQS,Estudiante,3er grado,BARAHONA,1,0.3,1
2025,2,IQS,Estudiante,3er grado,COTUI,26,28.3,50
2025,2,IQS,Estudiante,3er grado,HIGUEY,6,4.8,7
2025,2,IQS,Estudiante,3er grado,LA VEGA,2,0.9,3
2025,2,IQS,Estudiante,3er grado,NAGUA,6,6.4,6
2025,2,IQS,Estudiante,3er grado,PUERTO PLATA,7,3.2,7
2025,2,IQS,Estudiante,3er grado,SAN PEDRO DE MACORIS,3,1.0,3
2025,2,IQS,Estudiante,3er grado,SANTIAGO,50,42.8,85
2025,2,IQS,Estudiante,3er grado,SANTO DOMINGO,12,18.1,27
2025,2,IQS,Estudiante,3er grado,Sin ubicación,36,32.6,51
2025,2,IQS,Estudiante,4to grado,AZUA,1,0.7,3
2025,2,IQS,Estudiante,4to grado,BARAHONA,3,3.2,3
2025,2,IQS,Estudiante,4to grado,COTUI,3,1.6,4
2025,2,IQS,Estudiante,4to grado,HIGUEY,11,7.2,14
2025,2,IQS,Estudiante,4to grado,LA VEGA,26,9.9,30
2025,2,IQS,Estudiante,4to grado,MONTE CRISTI,1,1.7,1
2025,2,IQS,Estudiante,4to grado,NAGUA,14,11.6,16
2025,2,IQS,Estudiante,4to grado,PUERTO PLATA,1,0.6,1
2025,2,IQS,Estudiante,4to grado,SAN CRISTOBAL,1,0.0,1
2025,2,IQS,Estudiante,4to grado,SAN FRANCISCO DE MACORIS,7,9.7,17
2025,2,IQS,Estudiante,4to grado,SAN JUAN DE LA MAGUANA,1,0.4,1
2025,2,IQS,Estudiante,4to grado,SAN PEDRO DE MACORIS,2,1.6,3
2025,2,IQS,Estudiante,4to grado,SANTIAGO,10,6.2,20
2025,2,IQS,Estudiante,4to grado,SANTO DOMINGO,17,11.8,24
2025,2,IQS,Estudiante,4to grado,Sin ubicación,30,41.7,62
2025,2,IQS,Estudiante,5to grado,BARAHONA,4,2.5,5
2025,2,IQS,Estudiante,5to grado,HIGUEY,6,4.9,17
2025,2,IQS,Estudiante,5to grado,LA VEGA,1,3.5,6
2025,2,IQS,Estudiante,5to grado,PUERTO PLATA,1,0.8,2
2025,2,IQS,Estudiante,5to grado,SAN CRISTOBAL,1,0.3,1
2025,2,IQS,Estudiante,5to grado,SAN FRANCISCO DE MACORIS,6,4.3,8
2025,2,IQS,Estudiante,5to grado,SAN JUAN DE LA MAGUANA,1,2.6,6
2025,2,IQS,Estudiante,5to grado,SAN PEDRO DE MACORIS,2,0.9,3
2025,2,IQS,Estudiante,5to grado,SANTIAGO,11,10.8,21
2025,2,IQS,Estudiante,5to grado,SANTO DOMINGO,7,14.9,16
2025,2,IQS,Estudiante,5to grado,Sin ubicación,20,18.3,32
2025,2,IQS,Estudiante,6to grado,AZUA,51,34.6,89
2025,2,IQS,Estudiante,6to grado,BAHORUCO,2,1.5,4
2025,2,IQS,Estudiante,6to grado,BARAHONA,59,85.0,122
2025,2,IQS,Estudiante,6to grado,COTUI,26,13.6,34
2025,2,IQS,Estudiante,6to grado,HIGUEY,69,50.4,114
2025,2,IQS,Estudiante,6to grado,LA VEGA,86,101.8,187
2025,2,IQS,Estudiante,6to grado,MAO,2,3.7,5
2025,2,IQS,Estudiante,6to grado,MONTE CRISTI,66,89.3,132
2025,2,IQS,Estudiante,6to grado,MONTE PLATA,11,8.2,18
2025,2,IQS,Estudiante,6to grado,NAGUA,91,67.4,168
2025,2,IQS,Estudiante,6to grado,PUERTO PLATA,45,42.4,90
2025,2,IQS,Estudiante,6to grado,SAN CRISTOBAL,103,75.8,163
2025,2,IQS,Estudiante,6to grado,SAN FRANCISCO DE MACORIS,120,103.7,260
2025,2,IQS,Estudiante,6to grado,SAN JUAN DE LA MAGUANA,55,44.4,105
2025,2,IQS,Estudiante,6to grado,SAN PEDRO DE MACORIS,55,106.6,135
2025,2,IQS,Estudiante,6to grado,SANTIAGO,366,307.4,686
2025,2,IQS,Estudiante,6to grado,SANTO DOMINGO,340,338.7,609
2025,2,IQS,Estudiante,6to grado,Sin ubicación,413,614.5,987
2025,2,IQS,Invitado,6to grado,SANTIAGO,2,1.4,3
2025,2,IQS,Invitado,6to grado,Sin ubicación,66,72.2,104
2025,2,IQS,Invitado,No especificado,Sin ubicación,1,0.6,1
2025,3,IQ512,Coordinador,No especificado,Sin ubicación,1,3.7,4
2025,3,IQ512,Editor,No especificado,Sin ubicación,1,0.9,3
2025,3,IQ512,Estudiante,No especificado,AZUA,15,3.0,30
2025,3,IQ512,Estudiante,No especificado,BAHORUCO,5,3.1,7
2025,3,IQ512,Estudiante,No especificado,BARAHONA,10,8.3,23
2025,3,IQ512,Estudiante,No especificado,COTUI,7,4.1,12
2025,3,IQ512,Estudiante,No especificado,LA VEGA,9,8.5,10
2025,3,IQ512,Estudiante,No especificado,MAO,3,3.7,6
2025,3,IQ512,Estudiante,No especificado,MONTE CRISTI,1,0.2,1
2025,3,IQ512,Estudiante,No especificado,MONTE PLATA,2,1.6,2
2025,3,IQ512,Estudiante,No especificado,NAGUA,2,0.9,2
2025,3,IQ512,Estudiante,No especificado,PUERTO PLATA,2,0.9,3
2025,3,IQ512,Estudiante,No especificado,SAN CRISTOBAL,6,5.9,10
2025,3,IQ512,Estudiante,No especificado,SAN FRANCISCO DE MACORIS,3,1.0,3
2025,3,IQ512,Estudiante,No especificado,SAN JUAN DE LA MAGUANA,40,32.9,88
2025,3,IQ512,Estudiante,No especificado,SAN PEDRO DE MACORIS,1,0.5,2
2025,3,IQ512,Estudiante,No especificado,SANTIAGO,3,1.6,3
2025,3,IQ512,Estudiante,No especificado,SANTO DOMINGO,52,50.6,88
2025,3,IQ512,Estudiante,No especificado,Sin ubicación,240,179.4,358
2025,3,IQP,Docente,1er grado,Sin ubicación,2,17.7,16
2025,3,IQP,Docente,4to grado,SANTO DOMINGO,1,0.6,1
2025,3,IQP,Docente,4to grado,Sin ubicación,1,1.2,3
2025,3,IQP,Docente,5to grado,AZUA,3,2.0,3
2025,3,IQP,Docente,5to grado,BAHORUCO,1,0.2,1
2025,3,IQP,Docente,5to grado,BARAHONA,7,2.4,7
2025,3,IQP,Docente,5to grado,COTUI,2,0.8,2
2025,3,IQP,Docente,5to grado,HIGUEY,6,9.1,10
2025,3,IQP,Docente,5to grado,LA VEGA,9,13.4,15
2025,3,IQP,Docente,5to grado,MAO,20,19.0,22
2025,3,IQP,Docente,5to grado,MONTE PLATA,1,0.3,1
2025,3,IQP,Docente,5to grado,NAGUA,3,1.7,3
2025,3,IQP,Docente,5to grado,PUERTO PLATA,3,4.3,4
2025,3,IQP,Docente,5to grado,SAN CRISTOBAL,7,13.0,14
2025,3,IQP,Docente,5to grado,SAN FRANCISCO DE MACORIS,2,1.9,2
2025,3,IQP,Docente,5to grado,SAN JUAN DE LA MAGUANA,1,0.6,1
2025,3,IQP,Docente,5to grado,SAN PEDRO DE MACORIS,4,2.7,6
2025,3,IQP,Docente,5to grado,SANTIAGO,5,3.1,5
2025,3,IQP,Docente,5to grado,SANTO DOMINGO,19,16.8,22
2025,3,IQP,Docente,5to grado,Sin ubicación,18,15.2,23
2025,3,IQP,Docente,6to grado,BARAHONA,1,0.7,2
2025,3,IQP,Docente,6to grado,COTUI,1,0.6,1
2025,3,IQP,Docente,6to grado,LA VEGA,2,6.5,7
2025,3,IQP,Docente,6to grado,MAO,1,1.3,2
2025,3,IQP,Docente,6to grado,MONTE PLATA,1,1.1,3
2025,3,IQP,Docente,6to grado,NAGUA,1,9.9,7
2025,3,IQP,Docente,6to grado,SAN CRISTOBAL,2,0.9,2
2025,3,IQP,Docente,6to grado,SANTO DOMINGO,6,4.2,6
2025,3,IQP,Docente,6to grado,Sin ubicación,3,1.8,3
2025,3,IQP,Estudiante,1er grado,BARAHONA,1,0.2,1
2025,3,IQP,Estudiante,1er grado,SAN PEDRO DE MACORIS,1,0.4,1
2025,3,IQP,Estudiante,1er grado,SANTIAGO,1,0.5,1
2025,3,IQP,Estudiante,1er grado,SANTO DOMINGO,1,0.5,2
2025,3,IQP,Estudiante,1er grado,Sin ubicación,4,4.9,5
2025,3,IQP,Estudiante,2do grado,AZUA,1,7.6,6
2025,3,IQP,Estudiante,2do grado,Sin ubicación,2,1.8,3
2025,3,IQP,Estudiante,3er grado,BARAHONA,1,0.3,1
2025,3,IQP,Estudiante,3er grado,SANTIAGO,21,13.1,25
2025,3,IQP,Estudiante,3er grado,Sin ubicación,5,2.6,6
2025,3,IQP,Estudiante,4to grado,BARAHONA,1,0.7,1
2025,3,IQP,Estudiante,4to grado,COTUI,1,0.3,1
2025,3,IQP,Estudiante,4to grado,MONTE PLATA,1,2.2,4
2025,3,IQP,Estudiante,4to grado,SAN JUAN DE LA MAGUANA,1,0.1,1
2025,3,IQP,Estudiante,4to grado,SANTIAGO,1,0.8,3
2025,3,IQP,Estudiante,4to grado,SANTO DOMINGO,5,4.0,5
2025,3,IQP,Estudiante,4to grado,Sin ubicación,2,1.0,2
2025,3,IQP,Estudiante,5to grado,HIGUEY,2,0.6,2
2025,3,IQP,Estudiante,5to grado,MONTE PLATA,1,0.3,1
2025,3,IQP,Estudiante,5to grado,PUERTO PLATA,1,0.6,1
2025,3,IQP,Estudiante,5to grado,SAN CRISTOBAL,2,0.9,2
2025,3,IQP,Estudiante,5to grado,SAN PEDRO DE MACORIS,1,0.6,1
2025,3,IQP,Estudiante,5to grado,SANTO DOMINGO,9,7.8,11
2025,3,IQP,Estudiante,5to grado,Sin ubicación,5,1.6,6
2025,3,IQP,Estudiante,6to grado,AZUA,1,0.3,1
2025,3,IQP,Estudiante,6to grado,BAHORUCO,2,0.9,2
2025,3,IQP,Estudiante,6to grado,BARAHONA,11,5.7,11
2025,3,IQP,Estudiante,6to grado,HIGUEY,1,0.4,1
2025,3,IQP,Estudiante,6to grado,MONTE PLATA,3,2.4,5
2025,3,IQP,Estudiante,6to grado,PUERTO PLATA,1,0.6,1
2025,3,IQP,Estudiante,6to grado,SAN CRISTOBAL,2,1.0,3
2025,3,IQP,Estudiante,6to grado,SAN FRANCISCO DE MACORIS,1,0.3,1
2025,3,IQP,Estudiante,6to grado,SAN JUAN DE LA MAGUANA,8,2.8,8
2025,3,IQP,Estudiante,6to grado,SANTIAGO,8,3.8,9
2025,3,IQP,Estudiante,6to grado,SANTO DOMINGO,37,19.2,37
2025,3,IQP,Estudiante,6to grado,Sin ubicación,55,26.6,56
2025,3,IQP,Parent,6to grado,Sin ubicación,1,0.4,1
2025,3,IQP,Parent,No especificado,Sin ubicación,1,0.7,1
2025,3,IQP,Sin rol,No especificado,Sin ubicación,1,4.3,5
2025,3,IQS,Admin,6to grado,Sin ubicación,1,0.4,1
2025,3,IQS,Admin,No especificado,Sin ubicación,1,0.5,2
2025,3,IQS,Docente,1er grado,HIGUEY,1,6.3,5
2025,3,IQS,Docente,1er grado,LA VEGA,2,1.3,3
2025,3,IQS,Docente,1er grado,MONTE CRISTI,2,6.6,7
2025,3,IQS,Docente,1er grado,PUERTO PLATA,2,0.9,3
2025,3,IQS,Docente,1er grado,SAN JUAN DE LA MAGUANA,1,18.0,17
2025,3,IQS,Docente,1er grado,SANTIAGO,4,32.0,18
2025,3,IQS,Docente,1er grado,SANTO DOMINGO,7,7.7,13
2025,3,IQS,Docente,1er grado,Sin ubicación,10,4.9,12
2025,3,IQS,Docente,4to grado,AZUA,16,17.5,26
2025,3,IQS,Docente,4to grado,BAHORUCO,2,7.3,6
2025,3,IQS,Docente,4to grado,BARAHONA,24,25.3,42
2025,3,IQS,Docente,4to grado,COTUI,24,29.9,50
2025,3,IQS,Docente,4to grado,HIGUEY,10,8.6,11
2025,3,IQS,Docente,4to grado,LA VEGA,22,21.5,33
2025,3,IQS,Docente,4to grado,MAO,2,0.7,2
2025,3,IQS,Docente,4to grado,MONTE CRISTI,15,18.5,26
2025,3,IQS,Docente,4to grado,MONTE PLATA,8,5.6,9
2025,3,IQS,Docente,4to grado,NAGUA,5,3.3,6
2025,3,IQS,Docente,4to grado,PUERTO PLATA,11,14.0,20
2025,3,IQS,Docente,4to grado,SAN CRISTOBAL,11,21.3,30
2025,3,IQS,Docente,4to grado,SAN FRANCISCO DE MACORIS,29,28.5,44
2025,3,IQS,Docente,4to grado,SAN JUAN DE LA MAGUANA,4,12.0,9
2025,3,IQS,Docente,4to grado,SAN PEDRO DE MACORIS,21,32.5,34
2025,3,IQS,Docente,4to grado,SANTIAGO,38,49.9,66
2025,3,IQS,Docente,4to grado,SANTO DOMINGO,65,80.1,132
2025,3,IQS,Docente,4to grado,Sin ubicación,63,53.1,96
2025,3,IQS,Docente,6to grado,AZUA,1,0.5,1
2025,3,IQS,Docente,6to grado,LA VEGA,1,1.6,1
2025,3,IQS,Docente,6to grado,MONTE CRISTI,1,1.2,2
2025,3,IQS,Docente,6to grado,MONTE PLATA,1,0.8,1
2025,3,IQS,Docente,6to grado,SAN FRANCISCO DE MACORIS,3,4.2,4
2025,3,IQS,Docente,6to grado,SAN PEDRO DE MACORIS,1,1.1,1
2025,3,IQS,Docente,6to grado,SANTIAGO,1,0.6,1
2025,3,IQS,Docente,6to grado,SANTO DOMINGO,3,16.0,8
2025,3,IQS,Docente,6to grado,Sin ubicación,4,1.2,4
2025,3,IQS,Docente,No especificado,Sin ubicación,1,0.2,1
2025,3,IQS,Editor,No especificado,SANTIAGO,1,5.4,6
2025,3,IQS,Estudiante,1er grado,BAHORUCO,1,0.5,2
2025,3,IQS,Estudiante,1er grado,BARAHONA,13,11.8,33
2025,3,IQS,Estudiante,1er grado,COTUI,3,1.6,7
2025,3,IQS,Estudiante,1er grado,LA VEGA,2,1.3,5
2025,3,IQS,Estudiante,1er grado,MAO,2,0.9,3
2025,3,IQS,Estudiante,1er grado,MONTE CRISTI,1,2.6,2
2025,3,IQS,Estudiante,1er grado,NAGUA,2,2.1,5
2025,3,IQS,Estudiante,1er grado,PUERTO PLATA,1,0.7,2
2025,3,IQS,Estudiante,1er grado,SAN CRISTOBAL,3,1.0,5
2025,3,IQS,Estudiante,1er grado,SAN FRANCISCO DE MACORIS,4,4.1,10
2025,3,IQS,Estudiante,1er grado,SAN JUAN DE LA MAGUANA,1,3.4,8
2025,3,IQS,Estudiante,1er grado,SAN PEDRO DE MACORIS,3,1.8,6
2025,3,IQS,Estudiante,1er grado,SANTIAGO,5,19.1,18
2025,3,IQS,Estudiante,1er grado,SANTO DOMINGO,8,7.3,15
2025,3,IQS,Estudiante,1er grado,Sin ubicación,19,9.4,39
2025,3,IQS,Estudiante,2do grado,AZUA,1,0.5,1
2025,3,IQS,Estudiante,2do grado,BARAHONA,1,3.0,3
2025,3,IQS,Estudiante,2do grado,COTUI,2,4.5,5
2025,3,IQS,Estudiante,2do grado,LA VEGA,3,1.9,4
2025,3,IQS,Estudiante,2do grado,MONTE CRISTI,5,4.5,10
2025,3,IQS,Estudiante,2do grado,NAGUA,1,1.5,2
2025,3,IQS,Estudiante,2do grado,SAN FRANCISCO DE MACORIS,5,3.1,6
2025,3,IQS,Estudiante,2do grado,SAN PEDRO DE MACORIS,1,0.2,2
2025,3,IQS,Estudiante,2do grado,SANTIAGO,12,4.0,13
2025,3,IQS,Estudiante,2do grado,SANTO DOMINGO,14,10.9,22
2025,3,IQS,Estudiante,2do grado,Sin ubicación,8,5.0,13
2025,3,IQS,Estudiante,3er grado,AZUA,1,0.2,2
2025,3,IQS,Estudiante,3er grado,BARAHONA,6,3.9,6
2025,3,IQS,Estudiante,3er grado,COTUI,47,166.7,234
2025,3,IQS,Estudiante,3er grado,HIGUEY,66,44.6,73
2025,3,IQS,Estudiante,3er grado,LA VEGA,2,0.5,3
2025,3,IQS,Estudiante,3er grado,MAO,8,5.1,9
2025,3,IQS,Estudiante,3er grado,MONTE CRISTI,19,12.4,24
2025,3,IQS,Estudiante,3er grado,MONTE PLATA,15,10.8,15
2025,3,IQS,Estudiante,3er grado,NAGUA,9,17.3,23
2025,3,IQS,Estudiante,3er grado,PUERTO PLATA,1,0.5,1
2025,3,IQS,Estudiante,3er grado,SAN CRISTOBAL,2,1.8,3
2025,3,IQS,Estudiante,3er grado,SAN FRANCISCO DE MACORIS,9,8.6,12
2025,3,IQS,Estudiante,3er grado,SAN JUAN DE LA MAGUANA,19,16.6,23
2025,3,IQS,Estudiante,3er grado,SAN PEDRO DE MACORIS,14,11.6,19
2025,3,IQS,Estudiante,3er grado,SANTIAGO,72,45.6,93
2025,3,IQS,Estudiante,3er grado,SANTO DOMINGO,9,2.5,11
2025,3,IQS,Estudiante,3er grado,Sin ubicación,58,39.8,73
2025,3,IQS,Estudiante,4to grado,AZUA,1,1.5,2
2025,3,IQS,Estudiante,4to grado,BAHORUCO,1,0.3,2
2025,3,IQS,Estudiante,4to grado,BARAHONA,3,5.7,8
2025,3,IQS,Estudiante,4to grado,COTUI,3,4.2,10
2025,3,IQS,Estudiante,4to grado,HIGUEY,3,0.8,4
2025,3,IQS,Estudiante,4to grado,LA VEGA,25,50.4,90
2025,3,IQS,Estudiante,4to grado,MAO,2,0.9,4
2025,3,IQS,Estudiante,4to grado,MONTE CRISTI,1,0.8,1
2025,3,IQS,Estudiante,4to grado,NAGUA,1,0.4,1
2025,3,IQS,Estudiante,4to grado,PUERTO PLATA,1,0.6,1
2025,3,IQS,Estudiante,4to grado,SAN CRISTOBAL,4,2.7,5
2025,3,IQS,Estudiante,4to grado,SAN FRANCISCO DE MACORIS,8,7.1,14
2025,3,IQS,Estudiante,4to grado,SAN JUAN DE LA MAGUANA,20,29.3,39
2025,3,IQS,Estudiante,4to grado,SAN PEDRO DE MACORIS,6,5.1,7
2025,3,IQS,Estudiante,4to grado,SANTIAGO,14,15.3,26
2025,3,IQS,Estudiante,4to grado,SANTO DOMINGO,39,65.1,63
2025,3,IQS,Estudiante,4to grado,Sin ubicación,46,43.1,68
2025,3,IQS,Estudiante,5to grado,AZUA,3,1.3,3
2025,3,IQS,Estudiante,5to grado,BARAHONA,2,4.4,8
2025,3,IQS,Estudiante,5to grado,HIGUEY,1,1.0,1
2025,3,IQS,Estudiante,5to grado,LA VEGA,5,4.4,8
2025,3,IQS,Estudiante,5to grado,MONTE PLATA,1,0.5,1
2025,3,IQS,Estudiante,5to grado,PUERTO PLATA,6,9.0,26
2025,3,IQS,Estudiante,5to grado,SAN CRISTOBAL,1,0.6,1
2025,3,IQS,Estudiante,5to grado,SAN FRANCISCO DE MACORIS,2,0.9,2
2025,3,IQS,Estudiante,5to grado,SAN JUAN DE LA MAGUANA,1,2.6,5
2025,3,IQS,Estudiante,5to grado,SAN PEDRO DE MACORIS,9,6.8,10
2025,3,IQS,Estudiante,5to grado,SANTIAGO,2,1.3,3
2025,3,IQS,Estudiante,5to grado,SANTO DOMINGO,15,6.8,21
2025,3,IQS,Estudiante,5to grado,Sin ubicación,24,18.4,41
2025,3,IQS,Estudiante,6to grado,AZUA,110,93.2,170
2025,3,IQS,Estudiante,6to grado,BAHORUCO,4,2.5,4
2025,3,IQS,Estudiante,6to grado,BARAHONA,220,273.5,505
2025,3,IQS,Estudiante,6to grado,COTUI,72,83.2,202
2025,3,IQS,Estudiante,6to grado,HIGUEY,52,55.1,92
2025,3,IQS,Estudiante,6to grado,LA VEGA,115,99.3,201
2025,3,IQS,Estudiante,6to grado,MAO,26,11.8,48
2025,3,IQS,Estudiante,6to grado,MONTE CRISTI,116,72.7,156
2025,3,IQS,Estudiante,6to grado,MONTE PLATA,20,27.5,40
2025,3,IQS,Estudiante,6to grado,NAGUA,69,73.0,109
2025,3,IQS,Estudiante,6to grado,PUERTO PLATA,99,92.6,171
2025,3,IQS,Estudiante,6to grado,SAN CRISTOBAL,165,153.7,280
2025,3,IQS,Estudiante,6to grado,SAN FRANCISCO DE MACORIS,246,208.0,413
2025,3,IQS,Estudiante,6to grado,SAN JUAN DE LA MAGUANA,226,973.3,1097
2025,3,IQS,Estudiante,6to grado,SAN PEDRO DE MACORIS,129,134.6,278
2025,3,IQS,Estudiante,6to grado,SANTIAGO,294,998.8,901
2025,3,IQS,Estudiante,6to grado,SANTO DOMINGO,567,590.7,993
2025,3,IQS,Estudiante,6to grado,Sin ubicación,610,624.4,1296
2025,3,IQS,Invitado,6to grado,SAN PEDRO DE MACORIS,1,0.4,2
2025,3,IQS,Invitado,6to grado,SANTIAGO,2,33.6,21
2025,3,IQS,Invitado,6to grado,SANTO DOMINGO,1,0.3,1
2025,3,IQS,Invitado,6to grado,Sin ubicación,116,103.9,186
2025,3,IQS,Invitado,No especificado,Sin ubicación,1,0.0,1
2025,4,IQ512,Aliado de la Alianza,No especificado,Sin ubicación,1,0.6,2
2025,4,IQ512,Coordinador,No especificado,Sin ubicación,1,0.0,1
2025,4,IQ512,Editor,No especificado,Sin ubicación,1,4.3,2
2025,4,IQ512,Estudiante,No especificado,AZUA,15,5.6,25
2025,4,IQ512,Estudiante,No especificado,BAHORUCO,3,1.0,3
2025,4,IQ512,Estudiante,No especificado,BARAHONA,7,5.2,17
2025,4,IQ512,Estudiante,No especificado,COTUI,3,2.2,4
2025,4,IQ512,Estudiante,No especificado,HIGUEY,1,0.1,1
2025,4,IQ512,Estudiante,No especificado,LA VEGA,5,2.7,7
2025,4,IQ512,Estudiante,No especificado,MAO,3,1.1,3
2025,4,IQ512,Estudiante,No especificado,MONTE CRISTI,1,0.0,1
2025,4,IQ512,Estudiante,No especificado,NAGUA,1,0.4,2
2025,4,IQ512,Estudiante,No especificado,PUERTO PLATA,1,0.3,1
2025,4,IQ512,Estudiante,No especificado,SAN CRISTOBAL,6,7.6,8
2025,4,IQ512,Estudiante,No especificado,SAN FRANCISCO DE MACORIS,2,1.3,2
2025,4,IQ512,Estudiante,No especificado,SAN JUAN DE LA MAGUANA,39,11.8,58
2025,4,IQ512,Estudiante,No especificado,SAN PEDRO DE MACORIS,3,1.2,4
2025,4,IQ512,Estudiante,No especificado,SANTIAGO,2,0.9,2
2025,4,IQ512,Estudiante,No especificado,SANTO DOMINGO,27,21.4,40
2025,4,IQ512,Estudiante,No especificado,Sin ubicación,184,115.0,256
2025,4,IQP,Docente,1er grado,Sin ubicación,1,10.8,13
2025,4,IQP,Docente,4to grado,LA VEGA,1,0.4,1
2025,4,IQP,Docente,4to grado,SAN PEDRO DE MACORIS,2,3.0,3
2025,4,IQP,Docente,4to grado,SANTIAGO,1,0.4,1
2025,4,IQP,Docente,4to grado,SANTO DOMINGO,2,6.9,5
2025,4,IQP,Docente,4to grado,Sin ubicación,6,3.5,6
2025,4,IQP,Docente,5to grado,AZUA,2,0.5,2
2025,4,IQP,Docente,5to grado,BAHORUCO,2,1.5,2
2025,4,IQP,Docente,5to grado,BARAHONA,2,1.1,2
2025,4,IQP,Docente,5to grado,COTUI,3,1.9,4
2025,4,IQP,Docente,5to grado,HIGUEY,4,4.7,6
2025,4,IQP,Docente,5to grado,LA VEGA,13,7.4,15
2025,4,IQP,Docente,5to grado,MAO,4,6.0,9
2025,4,IQP,Docente,5to grado,MONTE CRISTI,4,1.7,4
2025,4,IQP,Docente,5to grado,MONTE PLATA,4,1.7,4
2025,4,IQP,Docente,5to grado,NAGUA,3,2.1,5
2025,4,IQP,Docente,5to grado,PUERTO PLATA,5,7.9,10
2025,4,IQP,Docente,5to grado,SAN CRISTOBAL,3,4.5,7
2025,4,IQP,Docente,5to grado,SAN FRANCISCO DE MACORIS,8,8.2,10
2025,4,IQP,Docente,5to grado,SAN JUAN DE LA MAGUANA,8,7.2,8
2025,4,IQP,Docente,5to grado,SAN PEDRO DE MACORIS,15,24.9,25
2025,4,IQP,Docente,5to grado,SANTIAGO,6,2.8,7
2025,4,IQP,Docente,5to grado,SANTO DOMINGO,31,25.9,33
2025,4,IQP,Docente,5to grado,Sin ubicación,47,35.2,61
2025,4,IQP,Docente,6to grado,BARAHONA,1,0.3,2
2025,4,IQP,Docente,6to grado,COTUI,1,7.7,5
2025,4,IQP,Docente,6to grado,LA VEGA,4,3.3,6
2025,4,IQP,Docente,6to grado,MONTE PLATA,1,3.4,3
2025,4,IQP,Docente,6to grado,NAGUA,3,2.7,4
2025,4,IQP,Docente,6to grado,SAN CRISTOBAL,1,0.1,1
2025,4,IQP,Docente,6to grado,SAN PEDRO DE MACORIS,1,1.0,1
2025,4,IQP,Docente,6to grado,SANTIAGO,2,4.8,5
2025,4,IQP,Docente,6to grado,SANTO DOMINGO,3,2.9,6
2025,4,IQP,Docente,No especificado,Sin ubicación,1,1.9,2
2025,4,IQP,Estudiante,1er grado,SANTIAGO,1,0.2,1
2025,4,IQP,Estudiante,2do grado,AZUA,1,0.5,2
2025,4,IQP,Estudiante,2do grado,SAN CRISTOBAL,1,0.4,1
2025,4,IQP,Estudiante,2do grado,SANTIAGO,1,0.0,1
2025,4,IQP,Estudiante,2do grado,SANTO DOMINGO,2,1.1,2
2025,4,IQP,Estudiante,2do grado,Sin ubicación,1,0.5,1
2025,4,IQP,Estudiante,3er grado,AZUA,1,0.3,1
2025,4,IQP,Estudiante,3er grado,HIGUEY,2,1.2,2
2025,4,IQP,Estudiante,3er grado,MONTE CRISTI,1,0.7,1
2025,4,IQP,Estudiante,3er grado,MONTE PLATA,1,0.4,1
2025,4,IQP,Estudiante,3er grado,SAN CRISTOBAL,1,0.5,1
2025,4,IQP,Estudiante,3er grado,SAN FRANCISCO DE MACORIS,3,2.1,4
2025,4,IQP,Estudiante,3er grado,SAN PEDRO DE MACORIS,1,3.1,4
2025,4,IQP,Estudiante,3er grado,SANTIAGO,32,50.4,67
2025,4,IQP,Estudiante,3er grado,SANTO DOMINGO,2,1.6,2
2025,4,IQP,Estudiante,3er grado,Sin ubicación,27,23.9,39
2025,4,IQP,Estudiante,4to grado,AZUA,1,0.9,1
2025,4,IQP,Estudiante,4to grado,BARAHONA,1,0.4,1
2025,4,IQP,Estudiante,4to grado,MAO,1,0.5,1
2025,4,IQP,Estudiante,4to grado,SAN CRISTOBAL,1,0.5,1
2025,4,IQP,Estudiante,4to grado,SANTIAGO,3,1.3,3
2025,4,IQP,Estudiante,4to grado,SANTO DOMINGO,1,0.5,1
2025,4,IQP,Estudiante,4to grado,Sin ubicación,1,0.2,1
2025,4,IQP,Estudiante,5to grado,BAHORUCO,1,0.1,1
2025,4,IQP,Estudiante,5to grado,COTUI,1,0.2,1
2025,4,IQP,Estudiante,5to grado,LA VEGA,16,8.4,16
2025,4,IQP,Estudiante,5to grado,MONTE PLATA,1,0.4,1
2025,4,IQP,Estudiante,5to grado,SAN JUAN DE LA MAGUANA,1,0.4,1
2025,4,IQP,Estudiante,5to grado,SAN PEDRO DE MACORIS,2,1.6,2
2025,4,IQP,Estudiante,5to grado,SANTIAGO,1,0.3,1
2025,4,IQP,Estudiante,5to grado,SANTO DOMINGO,1,1.3,1
2025,4,IQP,Estudiante,6to grado,AZUA,6,3.6,7
2025,4,IQP,Estudiante,6to grado,BAHORUCO,2,0.7,3
2025,4,IQP,Estudiante,6to grado,COTUI,1,1.4,2
2025,4,IQP,Estudiante,6to grado,HIGUEY,1,0.5,1
2025,4,IQP,Estudiante,6to grado,LA VEGA,17,14.0,21
2025,4,IQP,Estudiante,6to grado,MONTE CRISTI,1,1.4,2
2025,4,IQP,Estudiante,6to grado,MONTE PLATA,3,3.3,3
2025,4,IQP,Estudiante,6to grado,NAGUA,2,1.1,2
2025,4,IQP,Estudiante,6to grado,PUERTO PLATA,5,2.5,5
2025,4,IQP,Estudiante,6to grado,SAN CRISTOBAL,4,1.7,4
2025,4,IQP,Estudiante,6to grado,SAN FRANCISCO DE MACORIS,3,2.1,3
2025,4,IQP,Estudiante,6to grado,SAN JUAN DE LA MAGUANA,3,1.5,3
2025,4,IQP,Estudiante,6to grado,SAN PEDRO DE MACORIS,9,3.6,9
2025,4,IQP,Estudiante,6to grado,SANTIAGO,16,9.4,20
2025,4,IQP,Estudiante,6to grado,SANTO DOMINGO,16,9.4,16
2025,4,IQP,Estudiante,6to grado,Sin ubicación,55,29.0,56
2025,4,IQP,Sin rol,No especificado,Sin ubicación,1,6.4,11
2025,4,IQS,Docente,1er grado,AZUA,1,0.9,2
2025,4,IQS,Docente,1er grado,HIGUEY,1,0.3,1
2025,4,IQS,Docente,1er grado,MONTE CRISTI,4,10.2,9
2025,4,IQS,Docente,1er grado,PUERTO PLATA,1,0.4,1
2025,4,IQS,Docente,1er grado,SAN JUAN DE LA MAGUANA,1,3.2,6
2025,4,IQS,Docente,1er grado,SANTIAGO,3,7.4,12
2025,4,IQS,Docente,1er grado,SANTO DOMINGO,3,3.0,6
2025,4,IQS,Docente,1er grado,Sin ubicación,8,8.4,12
2025,4,IQS,Docente,4to grado,AZUA,27,28.0,41
2025,4,IQS,Docente,4to grado,BAHORUCO,8,6.1,11
2025,4,IQS,Docente,4to grado,BARAHONA,23,22.6,36
2025,4,IQS,Docente,4to grado,COTUI,21,23.1,36
2025,4,IQS,Docente,4to grado,HIGUEY,21,24.3,32
2025,4,IQS,Docente,4to grado,LA VEGA,52,47.6,67
2025,4,IQS,Docente,4to grado,MAO,10,10.9,15
2025,4,IQS,Docente,4to grado,MONTE CRISTI,31,43.9,62
2025,4,IQS,Docente,4to grado,MONTE PLATA,9,9.8,12
2025,4,IQS,Docente,4to grado,NAGUA,16,24.0,31
2025,4,IQS,Docente,4to grado,PUERTO PLATA,24,32.0,36
2025,4,IQS,Docente,4to grado,SAN CRISTOBAL,24,43.5,49
2025,4,IQS,Docente,4to grado,SAN FRANCISCO DE MACORIS,50,64.6,82
2025,4,IQS,Docente,4to grado,SAN JUAN DE LA MAGUANA,18,18.7,34
2025,4,IQS,Docente,4to grado,SAN PEDRO DE MACORIS,51,61.0,95
2025,4,IQS,Docente,4to grado,SANTIAGO,123,228.4,275
2025,4,IQS,Docente,4to grado,SANTO DOMINGO,125,174.5,226
2025,4,IQS,Docente,4to grado,Sin ubicación,161,159.5,257
2025,4,IQS,Docente,6to grado,COTUI,4,1.3,5
2025,4,IQS,Docente,6to grado,LA VEGA,3,3.0,5
2025,4,IQS,Docente,6to grado,MAO,1,1.9,2
2025,4,IQS,Docente,6to grado,MONTE CRISTI,2,7.3,7
2025,4,IQS,Docente,6to grado,MONTE PLATA,1,8.6,6
2025,4,IQS,Docente,6to grado,NAGUA,1,0.2,1
2025,4,IQS,Docente,6to grado,SAN FRANCISCO DE MACORIS,3,2.1,4
2025,4,IQS,Docente,6to grado,SAN PEDRO DE MACORIS,2,3.3,3
2025,4,IQS,Docente,6to grado,SANTIAGO,4,1.7,6
2025,4,IQS,Docente,6to grado,SANTO DOMINGO,6,4.7,10
2025,4,IQS,Docente,6to grado,Sin ubicación,6,5.5,8
2025,4,IQS,Docente,No especificado,BARAHONA,1,1.3,3
2025,4,IQS,Docente,No especificado,SANTIAGO,1,0.2,1
2025,4,IQS,Docente,No especificado,SANTO DOMINGO,1,0.9,1
2025,4,IQS,Docente,No especificado,Sin ubicación,2,1.1,2
2025,4,IQS,Editor,No especificado,SANTIAGO,1,62.6,16
2025,4,IQS,Estudiante,1er grado,AZUA,1,0.7,6
2025,4,IQS,Estudiante,1er grado,BARAHONA,3,1.9,8
2025,4,IQS,Estudiante,1er grado,COTUI,3,1.9,4
2025,4,IQS,Estudiante,1er grado,HIGUEY,3,1.9,8
2025,4,IQS,Estudiante,1er grado,LA VEGA,2,0.5,3
2025,4,IQS,Estudiante,1er grado,MAO,1,0.0,1
2025,4,IQS,Estudiante,1er grado,MONTE CRISTI,4,9.2,12
2025,4,IQS,Estudiante,1er grado,MONTE PLATA,2,4.5,5
2025,4,IQS,Estudiante,1er grado,NAGUA,2,1.2,3
2025,4,IQS,Estudiante,1er grado,PUERTO PLATA,1,0.2,2
2025,4,IQS,Estudiante,1er grado,SAN CRISTOBAL,2,1.1,4
2025,4,IQS,Estudiante,1er grado,SAN FRANCISCO DE MACORIS,6,4.3,10
2025,4,IQS,Estudiante,1er grado,SAN JUAN DE LA MAGUANA,4,2.4,10
2025,4,IQS,Estudiante,1er grado,SAN PEDRO DE MACORIS,2,3.0,4
2025,4,IQS,Estudiante,1er grado,SANTIAGO,12,11.7,23
2025,4,IQS,Estudiante,1er grado,SANTO DOMINGO,46,25.3,66
2025,4,IQS,Estudiante,1er grado,Sin ubicación,21,17.1,46
2025,4,IQS,Estudiante,2do grado,AZUA,1,1.1,1
2025,4,IQS,Estudiante,2do grado,BAHORUCO,3,1.9,6
2025,4,IQS,Estudiante,2do grado,BARAHONA,1,1.9,3
2025,4,IQS,Estudiante,2do grado,COTUI,3,1.9,4
2025,4,IQS,Estudiante,2do grado,LA VEGA,1,0.7,1
2025,4,IQS,Estudiante,2do grado,MONTE CRISTI,13,24.5,31
2025,4,IQS,Estudiante,2do grado,MONTE PLATA,3,1.4,5
2025,4,IQS,Estudiante,2do grado,NAGUA,2,2.3,4
2025,4,IQS,Estudiante,2do grado,PUERTO PLATA,2,0.3,3
2025,4,IQS,Estudiante,2do grado,SAN CRISTOBAL,9,4.7,15
2025,4,IQS,Estudiante,2do grado,SAN FRANCISCO DE MACORIS,12,7.0,22
2025,4,IQS,Estudiante,2do grado,SAN PEDRO DE MACORIS,6,7.2,15
2025,4,IQS,Estudiante,2do grado,SANTIAGO,59,87.7,108
2025,4,IQS,Estudiante,2do grado,SANTO DOMINGO,56,42.9,73
2025,4,IQS,Estudiante,2do grado,Sin ubicación,36,26.6,44
2025,4,IQS,Estudiante,3er grado,AZUA,11,15.5,23
2025,4,IQS,Estudiante,3er grado,BAHORUCO,2,1.5,2
2025,4,IQS,Estudiante,3er grado,BARAHONA,4,5.2,9
2025,4,IQS,Estudiante,3er grado,COTUI,32,37.4,54
2025,4,IQS,Estudiante,3er grado,HIGUEY,84,103.4,129
2025,4,IQS,Estudiante,3er grado,LA VEGA,9,11.5,15
2025,4,IQS,Estudiante,3er grado,MONTE CRISTI,34,58.9,65
2025,4,IQS,Estudiante,3er grado,MONTE PLATA,39,28.8,52
2025,4,IQS,Estudiante,3er grado,NAGUA,16,10.1,36
2025,4,IQS,Estudiante,3er grado,PUERTO PLATA,19,14.5,27
2025,4,IQS,Estudiante,3er grado,SAN CRISTOBAL,25,32.6,41
2025,4,IQS,Estudiante,3er grado,SAN FRANCISCO DE MACORIS,107,133.9,192
2025,4,IQS,Estudiante,3er grado,SAN JUAN DE LA MAGUANA,26,27.3,37
2025,4,IQS,Estudiante,3er grado,SAN PEDRO DE MACORIS,55,61.8,122
2025,4,IQS,Estudiante,3er grado,SANTIAGO,461,952.6,1047
2025,4,IQS,Estudiante,3er grado,SANTO DOMINGO,269,349.8,486
2025,4,IQS,Estudiante,3er grado,Sin ubicación,386,481.8,673
2025,4,IQS,Estudiante,4to grado,AZUA,8,7.7,11
2025,4,IQS,Estudiante,4to grado,BAHORUCO,3,1.8,4
2025,4,IQS,Estudiante,4to grado,BARAHONA,3,2.6,6
2025,4,IQS,Estudiante,4to grado,COTUI,3,1.4,3
2025,4,IQS,Estudiante,4to grado,HIGUEY,1,0.8,1
2025,4,IQS,Estudiante,4to grado,LA VEGA,28,31.9,56
2025,4,IQS,Estudiante,4to grado,MAO,1,0.7,1
2025,4,IQS,Estudiante,4to grado,MONTE CRISTI,2,4.9,5
2025,4,IQS,Estudiante,4to grado,MONTE PLATA,3,4.2,4
2025,4,IQS,Estudiante,4to grado,NAGUA,2,1.4,3
2025,4,IQS,Estudiante,4to grado,PUERTO PLATA,1,0.8,1
2025,4,IQS,Estudiante,4to grado,SAN CRISTOBAL,7,6.7,23
2025,4,IQS,Estudiante,4to grado,SAN FRANCISCO DE MACORIS,8,8.2,18
2025,4,IQS,Estudiante,4to grado,SAN JUAN DE LA MAGUANA,13,23.9,36
2025,4,IQS,Estudiante,4to grado,SAN PEDRO DE MACORIS,6,6.2,10
2025,4,IQS,Estudiante,4to grado,SANTIAGO,32,31.6,54
2025,4,IQS,Estudiante,4to grado,SANTO DOMINGO,68,114.4,136
2025,4,IQS,Estudiante,4to grado,Sin ubicación,49,43.0,71
2025,4,IQS,Estudiante,5to grado,AZUA,1,0.5,1
2025,4,IQS,Estudiante,5to grado,COTUI,1,0.3,1
2025,4,IQS,Estudiante,5to grado,HIGUEY,1,0.5,1
2025,4,IQS,Estudiante,5to grado,LA VEGA,3,2.4,4
2025,4,IQS,Estudiante,5to grado,NAGUA,1,0.0,1
2025,4,IQS,Estudiante,5to grado,PUERTO PLATA,2,0.4,3
2025,4,IQS,Estudiante,5to grado,SAN CRISTOBAL,5,2.6,5
2025,4,IQS,Estudiante,5to grado,SAN FRANCISCO DE MACORIS,2,0.9,2
2025,4,IQS,Estudiante,5to grado,SAN JUAN DE LA MAGUANA,1,6.6,7
2025,4,IQS,Estudiante,5to grado,SAN PEDRO DE MACORIS,2,4.4,5
2025,4,IQS,Estudiante,5to grado,SANTIAGO,7,10.6,10
2025,4,IQS,Estudiante,5to grado,SANTO DOMINGO,31,19.1,38
2025,4,IQS,Estudiante,5to grado,Sin ubicación,37,25.4,50
2025,4,IQS,Estudiante,6to grado,AZUA,150,132.9,227
2025,4,IQS,Estudiante,6to grado,BAHORUCO,36,42.4,94
2025,4,IQS,Estudiante,6to grado,BARAHONA,118,109.0,261
2025,4,IQS,Estudiante,6to grado,COTUI,92,96.9,148
2025,4,IQS,Estudiante,6to grado,HIGUEY,114,98.8,207
2025,4,IQS,Estudiante,6to grado,LA VEGA,231,224.9,365
2025,4,IQS,Estudiante,6to grado,MAO,28,19.0,48
2025,4,IQS,Estudiante,6to grado,MONTE CRISTI,215,303.1,406
2025,4,IQS,Estudiante,6to grado,MONTE PLATA,43,31.3,77
2025,4,IQS,Estudiante,6to grado,NAGUA,74,94.0,172
2025,4,IQS,Estudiante,6to grado,PUERTO PLATA,119,176.2,373
2025,4,IQS,Estudiante,6to grado,SAN CRISTOBAL,146,167.7,247
2025,4,IQS,Estudiante,6to grado,SAN FRANCISCO DE MACORIS,342,356.3,572
2025,4,IQS,Estudiante,6to grado,SAN JUAN DE LA MAGUANA,177,581.7,600
2025,4,IQS,Estudiante,6to grado,SAN PEDRO DE MACORIS,215,410.8,562
2025,4,IQS,Estudiante,6to grado,SANTIAGO,386,515.4,785
2025,4,IQS,Estudiante,6to grado,SANTO DOMINGO,911,1124.0,1686
2025,4,IQS,Estudiante,6to grado,Sin ubicación,992,960.8,1845
2025,4,IQS,Estudiante,No especificado,SANTIAGO,1,4.0,1
2025,4,IQS,Estudiante,No especificado,SANTO DOMINGO,1,0.5,1
2025,4,IQS,Invitado,6to grado,MONTE CRISTI,1,0.2,2
2025,4,IQS,Invitado,6to grado,NAGUA,2,4.0,2
2025,4,IQS,Invitado,6to grado,SANTIAGO,2,0.8,2
2025,4,IQS,Invitado,6to grado,SANTO DOMINGO,1,0.1,1
2025,4,IQS,Invitado,6to grado,Sin ubicación,139,163.4,210
2025,4,IQS,Invitado,No especificado,Sin ubicación,1,0.4,1
2025,5,IQ512,Aliado de la Alianza,No especificado,Sin ubicación,1,0.4,1
2025,5,IQ512,Estudiante,No especificado,AZUA,9,7.1,16
2025,5,IQ512,Estudiante,No especificado,BAHORUCO,1,0.8,2
2025,5,IQ512,Estudiante,No especificado,BARAHONA,7,3.9,11
2025,5,IQ512,Estudiante,No especificado,COTUI,5,4.0,7
2025,5,IQ512,Estudiante,No especificado,LA VEGA,5,5.7,7
2025,5,IQ512,Estudiante,No especificado,MAO,3,4.8,6
2025,5,IQ512,Estudiante,No especificado,MONTE CRISTI,1,0.2,1
2025,5,IQ512,Estudiante,No especificado,NAGUA,1,0.5,1
2025,5,IQ512,Estudiante,No especificado,PUERTO PLATA,1,0.7,1
2025,5,IQ512,Estudiante,No especificado,SAN CRISTOBAL,7,4.2,8
2025,5,IQ512,Estudiante,No especificado,SAN FRANCISCO DE MACORIS,2,2.2,4
2025,5,IQ512,Estudiante,No especificado,SAN JUAN DE LA MAGUANA,10,9.7,12
2025,5,IQ512,Estudiante,No especificado,SAN PEDRO DE MACORIS,2,2.7,4
2025,5,IQ512,Estudiante,No especificado,SANTIAGO,2,0.9,2
2025,5,IQ512,Estudiante,No especificado,SANTO DOMINGO,16,12.1,24
2025,5,IQ512,Estudiante,No especificado,Sin ubicación,142,131.9,215
2025,5,IQP,Docente,1er grado,Sin ubicación,1,2.2,2
2025,5,IQP,Docente,4to grado,BARAHONA,1,0.2,1
2025,5,IQP,Docente,4to grado,SAN CRISTOBAL,1,0.2,1
2025,5,IQP,Docente,4to grado,SAN PEDRO DE MACORIS,1,6.2,3
2025,5,IQP,Docente,4to grado,SANTIAGO,1,0.0,1
2025,5,IQP,Docente,4to grado,SANTO DOMINGO,1,13.1,8
2025,5,IQP,Docente,4to grado,Sin ubicación,4,3.3,7
2025,5,IQP,Docente,5to grado,AZUA,6,8.5,6
2025,5,IQP,Docente,5to grado,BAHORUCO,2,1.5,2
2025,5,IQP,Docente,5to grado,BARAHONA,4,2.1,5
2025,5,IQP,Docente,5to grado,COTUI,3,1.4,3
2025,5,IQP,Docente,5to grado,HIGUEY,4,1.7,4
2025,5,IQP,Docente,5to grado,LA VEGA,15,7.8,15
2025,5,IQP,Docente,5to grado,MAO,3,2.8,7
2025,5,IQP,Docente,5to grado,MONTE CRISTI,2,1.5,2
2025,5,IQP,Docente,5to grado,NAGUA,3,1.9,3
2025,5,IQP,Docente,5to grado,PUERTO PLATA,3,9.2,11
2025,5,IQP,Docente,5to grado,SAN CRISTOBAL,7,10.1,11
2025,5,IQP,Docente,5to grado,SAN FRANCISCO DE MACORIS,8,15.5,12
2025,5,IQP,Docente,5to grado,SAN JUAN DE LA MAGUANA,4,2.0,4
2025,5,IQP,Docente,5to grado,SAN PEDRO DE MACORIS,4,4.8,4
2025,5,IQP,Docente,5to grado,SANTIAGO,8,2.8,10
2025,5,IQP,Docente,5to grado,SANTO DOMINGO,17,11.3,20
2025,5,IQP,Docente,5to grado,Sin ubicación,14,16.0,22
2025,5,IQP,Docente,6to grado,BARAHONA,1,0.4,1
2025,5,IQP,Docente,6to grado,LA VEGA,1,1.7,2
2025,5,IQP,Docente,6to grado,MAO,1,0.5,1
2025,5,IQP,Docente,6to grado,MONTE PLATA,1,3.2,4
2025,5,IQP,Docente,6to grado,NAGUA,1,2.7,3
2025,5,IQP,Docente,6to grado,SAN PEDRO DE MACORIS,1,1.0,1
2025,5,IQP,Docente,6to grado,SANTIAGO,1,0.3,1
2025,5,IQP,Docente,6to grado,SANTO DOMINGO,2,1.7,2
2025,5,IQP,Docente,6to grado,Sin ubicación,3,28.2,12
2025,5,IQP,Docente,No especificado,SANTO DOMINGO,1,0.2,1
2025,5,IQP,Docente,No especificado,Sin ubicación,1,0.8,3
2025,5,IQP,Estudiante,1er grado,AZUA,7,3.9,7
2025,5,IQP,Estudiante,1er grado,SAN CRISTOBAL,1,0.4,1
2025,5,IQP,Estudiante,1er grado,SANTIAGO,1,0.6,1
2025,5,IQP,Estudiante,1er grado,Sin ubicación,3,10.7,7
2025,5,IQP,Estudiante,2do grado,AZUA,1,0.8,2
2025,5,IQP,Estudiante,2do grado,BAHORUCO,1,1.2,1
2025,5,IQP,Estudiante,2do grado,COTUI,3,1.6,3
2025,5,IQP,Estudiante,2do grado,NAGUA,1,0.8,1
2025,5,IQP,Estudiante,2do grado,SAN CRISTOBAL,2,2.1,2
2025,5,IQP,Estudiante,2do grado,SAN FRANCISCO DE MACORIS,1,0.1,1
2025,5,IQP,Estudiante,2do grado,SAN PEDRO DE MACORIS,1,1.2,1
2025,5,IQP,Estudiante,2do grado,SANTIAGO,1,0.8,1
2025,5,IQP,Estudiante,2do grado,SANTO DOMINGO,2,0.7,2
2025,5,IQP,Estudiante,2do grado,Sin ubicación,3,22.0,8
2025,5,IQP,Estudiante,3er grado,AZUA,2,1.2,2
2025,5,IQP,Estudiante,3er grado,BAHORUCO,1,0.9,1
2025,5,IQP,Estudiante,3er grado,BARAHONA,2,1.1,2
2025,5,IQP,Estudiante,3er grado,HIGUEY,1,0.4,1
2025,5,IQP,Estudiante,3er grado,MAO,2,1.0,2
2025,5,IQP,Estudiante,3er grado,MONTE CRISTI,1,0.6,1
2025,5,IQP,Estudiante,3er grado,SAN CRISTOBAL,2,1.7,2
2025,5,IQP,Estudiante,3er grado,SAN FRANCISCO DE MACORIS,33,94.2,89
2025,5,IQP,Estudiante,3er grado,SAN PEDRO DE MACORIS,2,1.9,2
2025,5,IQP,Estudiante,3er grado,SANTIAGO,5,3.8,6
2025,5,IQP,Estudiante,3er grado,SANTO DOMINGO,2,1.4,2
2025,5,IQP,Estudiante,3er grado,Sin ubicación,11,4.3,11
2025,5,IQP,Estudiante,4to grado,AZUA,5,13.2,5
2025,5,IQP,Estudiante,4to grado,BAHORUCO,1,0.2,1
2025,5,IQP,Estudiante,4to grado,HIGUEY,1,0.3,1
2025,5,IQP,Estudiante,4to grado,LA VEGA,2,1.4,2
2025,5,IQP,Estudiante,4to grado,MONTE PLATA,1,18.0,12
2025,5,IQP,Estudiante,4to grado,NAGUA,1,0.5,1
2025,5,IQP,Estudiante,4to grado,SAN CRISTOBAL,2,2.4,2
2025,5,IQP,Estudiante,4to grado,SANTIAGO,2,1.1,2
2025,5,IQP,Estudiante,4to grado,SANTO DOMINGO,3,1.2,3
2025,5,IQP,Estudiante,4to grado,Sin ubicación,5,2.6,6
2025,5,IQP,Estudiante,5to grado,AZUA,3,4.3,3
2025,5,IQP,Estudiante,5to grado,BARAHONA,1,0.6,1
2025,5,IQP,Estudiante,5to grado,HIGUEY,1,0.4,1
2025,5,IQP,Estudiante,5to grado,LA VEGA,3,2.0,3
2025,5,IQP,Estudiante,5to grado,NAGUA,2,1.2,2
2025,5,IQP,Estudiante,5to grado,PUERTO PLATA,2,0.7,2
2025,5,IQP,Estudiante,5to grado,SAN CRISTOBAL,1,1.2,1
2025,5,IQP,Estudiante,5to grado,SAN PEDRO DE MACORIS,1,0.2,1
2025,5,IQP,Estudiante,5to grado,SANTO DOMINGO,7,6.6,11
2025,5,IQP,Estudiante,5to grado,Sin ubicación,7,26.8,14
2025,5,IQP,Estudiante,6to grado,AZUA,5,4.2,5
2025,5,IQP,Estudiante,6to grado,BAHORUCO,1,0.5,1
2025,5,IQP,Estudiante,6to grado,BARAHONA,7,8.1,10
2025,5,IQP,Estudiante,6to grado,COTUI,3,1.3,3
2025,5,IQP,Estudiante,6to grado,HIGUEY,12,27.2,32
2025,5,IQP,Estudiante,6to grado,LA VEGA,19,22.5,36
2025,5,IQP,Estudiante,6to grado,MONTE CRISTI,2,2.2,4
2025,5,IQP,Estudiante,6to grado,MONTE PLATA,2,0.8,2
2025,5,IQP,Estudiante,6to grado,NAGUA,1,0.2,1
2025,5,IQP,Estudiante,6to grado,PUERTO PLATA,3,1.4,3
2025,5,IQP,Estudiante,6to grado,SAN CRISTOBAL,7,2.9,8
2025,5,IQP,Estudiante,6to grado,SAN FRANCISCO DE MACORIS,1,0.3,1
2025,5,IQP,Estudiante,6to grado,SAN PEDRO DE MACORIS,10,6.3,12
2025,5,IQP,Estudiante,6to grado,SANTIAGO,14,6.2,16
2025,5,IQP,Estudiante,6to grado,SANTO DOMINGO,36,20.0,38
2025,5,IQP,Estudiante,6to grado,Sin ubicación,98,74.2,123
2025,5,IQP,Sin rol,No especificado,Sin ubicación,1,10.9,10
2025,5,IQS,Docente,1er grado,AZUA,1,1.1,4
2025,5,IQS,Docente,1er grado,BAHORUCO,1,6.7,5
2025,5,IQS,Docente,1er grado,COTUI,1,0.9,2
2025,5,IQS,Docente,1er grado,HIGUEY,2,7.8,7
2025,5,IQS,Docente,1er grado,LA VEGA,1,1.3,1
2025,5,IQS,Docente,1er grado,MAO,1,6.5,9
2025,5,IQS,Docente,1er grado,PUERTO PLATA,1,5.6,9
2025,5,IQS,Docente,1er grado,SAN CRISTOBAL,2,1.2,2
2025,5,IQS,Docente,1er grado,SAN FRANCISCO DE MACORIS,2,2.2,2
2025,5,IQS,Docente,1er grado,SAN JUAN DE LA MAGUANA,1,12.6,12
2025,5,IQS,Docente,1er grado,SANTIAGO,6,7.7,9
2025,5,IQS,Docente,1er grado,SANTO DOMINGO,12,27.0,31
2025,5,IQS,Docente,1er grado,Sin ubicación,12,12.0,21
2025,5,IQS,Docente,4to grado,AZUA,39,90.4,95
2025,5,IQS,Docente,4to grado,BAHORUCO,10,15.4,17
2025,5,IQS,Docente,4to grado,BARAHONA,35,53.9,71
2025,5,IQS,Docente,4to grado,COTUI,50,78.2,98
2025,5,IQS,Docente,4to grado,HIGUEY,45,88.0,99
2025,5,IQS,Docente,4to grado,LA VEGA,69,140.1,164
2025,5,IQS,Docente,4to grado,MAO,29,56.0,60
2025,5,IQS,Docente,4to grado,MONTE CRISTI,29,86.0,89
2025,5,IQS,Docente,4to grado,MONTE PLATA,17,17.7,21
2025,5,IQS,Docente,4to grado,NAGUA,30,52.0,58
2025,5,IQS,Docente,4to grado,PUERTO PLATA,47,55.9,88
2025,5,IQS,Docente,4to grado,SAN CRISTOBAL,39,65.5,66
2025,5,IQS,Docente,4to grado,SAN FRANCISCO DE MACORIS,71,75.3,111
2025,5,IQS,Docente,4to grado,SAN JUAN DE LA MAGUANA,17,20.6,30
2025,5,IQS,Docente,4to grado,SAN PEDRO DE MACORIS,78,108.1,152
2025,5,IQS,Docente,4to grado,SANTIAGO,167,323.3,382
2025,5,IQS,Docente,4to grado,SANTO DOMINGO,244,466.3,540
2025,5,IQS,Docente,4to grado,Sin ubicación,277,307.8,467
2025,5,IQS,Docente,6to grado,AZUA,1,3.0,1
2025,5,IQS,Docente,6to grado,HIGUEY,4,4.7,7
2025,5,IQS,Docente,6to grado,LA VEGA,4,23.3,15
2025,5,IQS,Docente,6to grado,MONTE CRISTI,2,4.5,5
2025,5,IQS,Docente,6to grado,MONTE PLATA,2,0.8,3
2025,5,IQS,Docente,6to grado,NAGUA,1,1.6,2
2025,5,IQS,Docente,6to grado,PUERTO PLATA,2,1.5,3
2025,5,IQS,Docente,6to grado,SAN CRISTOBAL,1,0.8,1
2025,5,IQS,Docente,6to grado,SAN FRANCISCO DE MACORIS,5,9.4,8
2025,5,IQS,Docente,6to grado,SANTIAGO,11,8.1,15
2025,5,IQS,Docente,6to grado,SANTO DOMINGO,11,27.3,29
2025,5,IQS,Docente,6to grado,Sin ubicación,11,10.0,21
2025,5,IQS,Docente,No especificado,SANTIAGO,1,0.5,4
2025,5,IQS,Docente,No especificado,SANTO DOMINGO,2,1.9,3
2025,5,IQS,Docente,No especificado,Sin ubicación,3,1.4,5
2025,5,IQS,Editor,No especificado,SANTIAGO,1,107.0,24
2025,5,IQS,Estudiante,1er grado,AZUA,9,7.3,25
2025,5,IQS,Estudiante,1er grado,BAHORUCO,4,2.6,8
2025,5,IQS,Estudiante,1er grado,BARAHONA,15,14.6,37
2025,5,IQS,Estudiante,1er grado,COTUI,5,6.7,24
2025,5,IQS,Estudiante,1er grado,HIGUEY,16,13.7,35
2025,5,IQS,Estudiante,1er grado,LA VEGA,14,10.1,36
2025,5,IQS,Estudiante,1er grado,MAO,4,3.1,11
2025,5,IQS,Estudiante,1er grado,MONTE CRISTI,4,4.7,8
2025,5,IQS,Estudiante,1er grado,MONTE PLATA,4,3.2,9
2025,5,IQS,Estudiante,1er grado,NAGUA,6,5.1,11
2025,5,IQS,Estudiante,1er grado,PUERTO PLATA,2,5.2,8
2025,5,IQS,Estudiante,1er grado,SAN CRISTOBAL,12,13.1,30
2025,5,IQS,Estudiante,1er grado,SAN FRANCISCO DE MACORIS,21,17.6,48
2025,5,IQS,Estudiante,1er grado,SAN JUAN DE LA MAGUANA,8,4.7,13
2025,5,IQS,Estudiante,1er grado,SAN PEDRO DE MACORIS,19,15.1,34
2025,5,IQS,Estudiante,1er grado,SANTIAGO,33,34.1,74
2025,5,IQS,Estudiante,1er grado,SANTO DOMINGO,63,78.2,174
2025,5,IQS,Estudiante,1er grado,Sin ubicación,74,49.5,156
2025,5,IQS,Estudiante,2do grado,AZUA,11,12.5,22
2025,5,IQS,Estudiante,2do grado,BAHORUCO,4,4.5,17
2025,5,IQS,Estudiante,2do grado,BARAHONA,7,5.3,12
2025,5,IQS,Estudiante,2do grado,COTUI,9,10.3,22
2025,5,IQS,Estudiante,2do grado,HIGUEY,5,3.7,11
2025,5,IQS,Estudiante,2do grado,LA VEGA,7,3.6,10
2025,5,IQS,Estudiante,2do grado,MAO,1,4.5,5
2025,5,IQS,Estudiante,2do grado,MONTE CRISTI,19,21.0,48
2025,5,IQS,Estudiante,2do grado,MONTE PLATA,3,2.2,4
2025,5,IQS,Estudiante,2do grado,NAGUA,12,12.6,31
2025,5,IQS,Estudiante,2do grado,PUERTO PLATA,9,9.0,21
2025,5,IQS,Estudiante,2do grado,SAN CRISTOBAL,16,17.7,29
2025,5,IQS,Estudiante,2do grado,SAN FRANCISCO DE MACORIS,21,18.2,37
2025,5,IQS,Estudiante,2do grado,SAN JUAN DE LA MAGUANA,5,5.2,9
2025,5,IQS,Estudiante,2do grado,SAN PEDRO DE MACORIS,11,14.9,24
2025,5,IQS,Estudiante,2do grado,SANTIAGO,76,82.1,145
2025,5,IQS,Estudiante,2do grado,SANTO DOMINGO,84,94.4,149
2025,5,IQS,Estudiante,2do grado,Sin ubicación,142,119.1,216
2025,5,IQS,Estudiante,3er grado,AZUA,15,12.0,22
2025,5,IQS,Estudiante,3er grado,BAHORUCO,9,4.0,12
2025,5,IQS,Estudiante,3er grado,BARAHONA,26,19.2,34
2025,5,IQS,Estudiante,3er grado,COTUI,32,31.7,36
2025,5,IQS,Estudiante,3er grado,HIGUEY,99,184.7,189
2025,5,IQS,Estudiante,3er grado,LA VEGA,38,44.3,71
2025,5,IQS,Estudiante,3er grado,MAO,57,35.0,63
2025,5,IQS,Estudiante,3er grado,MONTE CRISTI,96,118.4,226
2025,5,IQS,Estudiante,3er grado,MONTE PLATA,3,4.7,5
2025,5,IQS,Estudiante,3er grado,NAGUA,9,8.3,20
2025,5,IQS,Estudiante,3er grado,PUERTO PLATA,15,22.5,26
2025,5,IQS,Estudiante,3er grado,SAN CRISTOBAL,26,20.7,44
2025,5,IQS,Estudiante,3er grado,SAN FRANCISCO DE MACORIS,98,143.5,188
2025,5,IQS,Estudiante,3er grado,SAN JUAN DE LA MAGUANA,10,5.4,13
2025,5,IQS,Estudiante,3er grado,SAN PEDRO DE MACORIS,49,65.5,115
2025,5,IQS,Estudiante,3er grado,SANTIAGO,818,2290.3,2230
2025,5,IQS,Estudiante,3er grado,SANTO DOMINGO,220,413.2,508
2025,5,IQS,Estudiante,3er grado,Sin ubicación,492,635.1,919
2025,5,IQS,Estudiante,4to grado,AZUA,31,60.9,65
2025,5,IQS,Estudiante,4to grado,BAHORUCO,9,10.6,24
2025,5,IQS,Estudiante,4to grado,BARAHONA,22,28.3,37
2025,5,IQS,Estudiante,4to grado,COTUI,35,36.2,83
2025,5,IQS,Estudiante,4to grado,HIGUEY,33,32.0,52
2025,5,IQS,Estudiante,4to grado,LA VEGA,87,176.9,200
2025,5,IQS,Estudiante,4to grado,MAO,9,11.9,14
2025,5,IQS,Estudiante,4to grado,MONTE CRISTI,12,10.9,14
2025,5,IQS,Estudiante,4to grado,MONTE PLATA,21,17.5,31
2025,5,IQS,Estudiante,4to grado,NAGUA,59,112.3,152
2025,5,IQS,Estudiante,4to grado,PUERTO PLATA,17,11.9,21
2025,5,IQS,Estudiante,4to grado,SAN CRISTOBAL,24,26.8,55
2025,5,IQS,Estudiante,4to grado,SAN FRANCISCO DE MACORIS,57,53.7,98
2025,5,IQS,Estudiante,4to grado,SAN JUAN DE LA MAGUANA,64,52.1,77
2025,5,IQS,Estudiante,4to grado,SAN PEDRO DE MACORIS,38,29.9,50
2025,5,IQS,Estudiante,4to grado,SANTIAGO,99,118.7,200
2025,5,IQS,Estudiante,4to grado,SANTO DOMINGO,143,156.9,246
2025,5,IQS,Estudiante,4to grado,Sin ubicación,219,229.8,361
2025,5,IQS,Estudiante,5to grado,AZUA,4,9.7,32
2025,5,IQS,Estudiante,5to grado,BAHORUCO,2,1.6,4
2025,5,IQS,Estudiante,5to grado,BARAHONA,17,26.1,43
2025,5,IQS,Estudiante,5to grado,COTUI,4,2.5,7
2025,5,IQS,Estudiante,5to grado,HIGUEY,3,2.7,4
2025,5,IQS,Estudiante,5to grado,MONTE CRISTI,1,4.1,4
2025,5,IQS,Estudiante,5to grado,MONTE PLATA,2,0.8,2
2025,5,IQS,Estudiante,5to grado,NAGUA,5,7.0,7
2025,5,IQS,Estudiante,5to grado,PUERTO PLATA,2,0.8,3
2025,5,IQS,Estudiante,5to grado,SAN CRISTOBAL,5,2.3,11
2025,5,IQS,Estudiante,5to grado,SAN FRANCISCO DE MACORIS,9,9.0,14
2025,5,IQS,Estudiante,5to grado,SAN JUAN DE LA MAGUANA,19,11.3,20
2025,5,IQS,Estudiante,5to grado,SAN PEDRO DE MACORIS,5,4.2,5
2025,5,IQS,Estudiante,5to grado,SANTIAGO,13,29.7,30
2025,5,IQS,Estudiante,5to grado,SANTO DOMINGO,29,68.6,82
2025,5,IQS,Estudiante,5to grado,Sin ubicación,64,59.5,101
2025,5,IQS,Estudiante,6to grado,AZUA,545,846.1,1337
2025,5,IQS,Estudiante,6to grado,BAHORUCO,208,211.6,434
2025,5,IQS,Estudiante,6to grado,BARAHONA,348,357.9,641
2025,5,IQS,Estudiante,6to grado,COTUI,559,598.9,1140
2025,5,IQS,Estudiante,6to grado,HIGUEY,647,1132.6,1561
2025,5,IQS,Estudiante,6to grado,LA VEGA,860,1367.0,2005
2025,5,IQS,Estudiante,6to grado,MAO,341,603.7,918
2025,5,IQS,Estudiante,6to grado,MONTE CRISTI,380,700.6,1014
2025,5,IQS,Estudiante,6to grado,MONTE PLATA,180,221.3,380
2025,5,IQS,Estudiante,6to grado,NAGUA,348,457.6,826
2025,5,IQS,Estudiante,6to grado,PUERTO PLATA,407,496.8,1031
2025,5,IQS,Estudiante,6to grado,SAN CRISTOBAL,473,682.1,1079
2025,5,IQS,Estudiante,6to grado,SAN FRANCISCO DE MACORIS,722,860.6,1421
2025,5,IQS,Estudiante,6to grado,SAN JUAN DE LA MAGUANA,388,596.2,930
2025,5,IQS,Estudiante,6to grado,SAN PEDRO DE MACORIS,900,1589.3,2075
2025,5,IQS,Estudiante,6to grado,SANTIAGO,2278,3358.1,5344
2025,5,IQS,Estudiante,6to grado,SANTO DOMINGO,3406,5426.7,8013
2025,5,IQS,Estudiante,6to grado,Sin ubicación,4046,4594.4,8729
2025,5,IQS,Estudiante,No especificado,SANTIAGO,1,0.1,1
2025,5,IQS,Estudiante,No especificado,SANTO DOMINGO,1,1.3,1
2025,5,IQS,Invitado,6to grado,AZUA,1,1.5,7
2025,5,IQS,Invitado,6to grado,BARAHONA,1,1.5,2
2025,5,IQS,Invitado,6to grado,LA VEGA,1,4.1,2
2025,5,IQS,Invitado,6to grado,NAGUA,2,2.0,3
2025,5,IQS,Invitado,6to grado,SANTIAGO,2,2.6,3
2025,5,IQS,Invitado,6to grado,SANTO DOMINGO,12,22.0,36
2025,5,IQS,Invitado,6to grado,Sin ubicación,445,569.7,784
2025,5,IQS,Sin rol,No especificado,Sin ubicación,9,12.7,15
2025,6,IQ512,Estudiante,No especificado,AZUA,2,0.8,2
2025,6,IQ512,Estudiante,No especificado,BAHORUCO,2,0.9,2
2025,6,IQ512,Estudiante,No especificado,BARAHONA,2,1.2,6
2025,6,IQ512,Estudiante,No especificado,COTUI,3,2.0,3
2025,6,IQ512,Estudiante,No especificado,LA VEGA,2,1.0,2
2025,6,IQ512,Estudiante,No especificado,MAO,2,1.0,3
2025,6,IQ512,Estudiante,No especificado,NAGUA,2,5.2,3
2025,6,IQ512,Estudiante,No especificado,PUERTO PLATA,2,1.8,2
2025,6,IQ512,Estudiante,No especificado,SAN CRISTOBAL,3,1.5,4
2025,6,IQ512,Estudiante,No especificado,SAN FRANCISCO DE MACORIS,1,0.7,1
2025,6,IQ512,Estudiante,No especificado,SAN PEDRO DE MACORIS,1,0.4,1
2025,6,IQ512,Estudiante,No especificado,SANTIAGO,2,1.0,2
2025,6,IQ512,Estudiante,No especificado,SANTO DOMINGO,8,13.0,12
2025,6,IQ512,Estudiante,No especificado,Sin ubicación,101,86.8,151
2025,6,IQP,Docente,1er grado,Sin ubicación,1,1.4,1
2025,6,IQP,Docente,4to grado,SANTIAGO,1,0.4,1
2025,6,IQP,Docente,4to grado,SANTO DOMINGO,1,4.5,3
2025,6,IQP,Docente,4to grado,Sin ubicación,1,2.0,1
2025,6,IQP,Docente,5to grado,COTUI,1,2.2,1
2025,6,IQP,Docente,5to grado,HIGUEY,1,0.3,1
2025,6,IQP,Docente,5to grado,LA VEGA,2,0.7,2
2025,6,IQP,Docente,5to grado,MONTE CRISTI,1,0.3,1
2025,6,IQP,Docente,5to grado,PUERTO PLATA,1,2.2,2
2025,6,IQP,Docente,5to grado,SAN CRISTOBAL,1,0.6,1
2025,6,IQP,Docente,5to grado,SAN FRANCISCO DE MACORIS,2,0.8,2
2025,6,IQP,Docente,5to grado,SAN PEDRO DE MACORIS,3,0.9,3
2025,6,IQP,Docente,5to grado,SANTIAGO,1,0.0,1
2025,6,IQP,Docente,5to grado,SANTO DOMINGO,3,1.1,3
2025,6,IQP,Docente,5to grado,Sin ubicación,2,0.5,2
2025,6,IQP,Docente,6to grado,SANTO DOMINGO,1,0.5,1
2025,6,IQP,Docente,No especificado,Sin ubicación,1,0.0,1
2025,6,IQP,Estudiante,1er grado,AZUA,1,1.7,1
2025,6,IQP,Estudiante,1er grado,SANTO DOMINGO,1,0.8,1
2025,6,IQP,Estudiante,1er grado,Sin ubicación,2,4.7,4
2025,6,IQP,Estudiante,2do grado,BARAHONA,2,0.4,2
2025,6,IQP,Estudiante,2do grado,Sin ubicación,1,0.5,1
2025,6,IQP,Estudiante,3er grado,MONTE CRISTI,1,0.0,1
2025,6,IQP,Estudiante,3er grado,SAN FRANCISCO DE MACORIS,3,5.0,7
2025,6,IQP,Estudiante,3er grado,SANTO DOMINGO,1,0.4,1
2025,6,IQP,Estudiante,3er grado,Sin ubicación,1,1.4,1
2025,6,IQP,Estudiante,4to grado,BARAHONA,1,0.1,1
2025,6,IQP,Estudiante,4to grado,COTUI,2,0.9,2
2025,6,IQP,Estudiante,4to grado,MONTE PLATA,1,2.7,3
2025,6,IQP,Estudiante,4to grado,SANTO DOMINGO,4,2.5,4
2025,6,IQP,Estudiante,5to grado,MONTE PLATA,1,0.4,1
2025,6,IQP,Estudiante,5to grado,SAN FRANCISCO DE MACORIS,2,1.0,2
2025,6,IQP,Estudiante,5to grado,SAN PEDRO DE MACORIS,1,0.7,1
2025,6,IQP,Estudiante,5to grado,SANTIAGO,1,0.1,1
2025,6,IQP,Estudiante,5to grado,Sin ubicación,1,2.4,5
2025,6,IQP,Estudiante,6to grado,AZUA,1,0.2,1
2025,6,IQP,Estudiante,6to grado,BARAHONA,4,1.2,4
2025,6,IQP,Estudiante,6to grado,COTUI,3,1.5,3
2025,6,IQP,Estudiante,6to grado,HIGUEY,6,2.7,6
2025,6,IQP,Estudiante,6to grado,MONTE CRISTI,1,0.9,1
2025,6,IQP,Estudiante,6to grado,MONTE PLATA,1,0.6,1
2025,6,IQP,Estudiante,6to grado,NAGUA,1,0.1,1
2025,6,IQP,Estudiante,6to grado,SAN CRISTOBAL,4,1.3,4
2025,6,IQP,Estudiante,6to grado,SAN FRANCISCO DE MACORIS,1,0.4,1
2025,6,IQP,Estudiante,6to grado,SAN JUAN DE LA MAGUANA,1,0.4,1
2025,6,IQP,Estudiante,6to grado,SAN PEDRO DE MACORIS,6,5.0,7
2025,6,IQP,Estudiante,6to grado,SANTIAGO,7,3.1,7
2025,6,IQP,Estudiante,6to grado,SANTO DOMINGO,22,16.9,23
2025,6,IQP,Estudiante,6to grado,Sin ubicación,10,9.9,16
2025,6,IQP,Sin rol,No especificado,Sin ubicación,1,5.3,5
2025,6,IQS,Admin,No especificado,Sin ubicación,1,0.4,1
2025,6,IQS,Docente,1er grado,AZUA,3,8.1,11
2025,6,IQS,Docente,1er grado,BARAHONA,1,0.2,2
2025,6,IQS,Docente,1er grado,COTUI,1,1.9,4
2025,6,IQS,Docente,1er grado,HIGUEY,3,6.1,10
2025,6,IQS,Docente,1er grado,LA VEGA,3,2.9,4
2025,6,IQS,Docente,1er grado,MAO,1,0.6,2
2025,6,IQS,Docente,1er grado,MONTE CRISTI,1,0.0,1
2025,6,IQS,Docente,1er grado,PUERTO PLATA,3,5.4,5
2025,6,IQS,Docente,1er grado,SAN CRISTOBAL,1,0.0,1
2025,6,IQS,Docente,1er grado,SAN FRANCISCO DE MACORIS,1,0.0,1
2025,6,IQS,Docente,1er grado,SAN JUAN DE LA MAGUANA,2,9.5,11
2025,6,IQS,Docente,1er grado,SANTIAGO,3,5.1,6
2025,6,IQS,Docente,1er grado,SANTO DOMINGO,18,16.6,31
2025,6,IQS,Docente,1er grado,Sin ubicación,17,11.2,24
2025,6,IQS,Docente,2do grado,SANTO DOMINGO,1,0.2,1
2025,6,IQS,Docente,4to grado,AZUA,26,50.6,65
2025,6,IQS,Docente,4to grado,BAHORUCO,13,19.5,21
2025,6,IQS,Docente,4to grado,BARAHONA,19,25.3,36
2025,6,IQS,Docente,4to grado,COTUI,43,63.9,84
2025,6,IQS,Docente,4to grado,HIGUEY,28,75.8,77
2025,6,IQS,Docente,4to grado,LA VEGA,75,121.6,151
2025,6,IQS,Docente,4to grado,MAO,12,23.0,23
2025,6,IQS,Docente,4to grado,MONTE CRISTI,24,51.2,66
2025,6,IQS,Docente,4to grado,MONTE PLATA,17,16.7,26
2025,6,IQS,Docente,4to grado,NAGUA,17,24.5,38
2025,6,IQS,Docente,4to grado,PUERTO PLATA,28,29.6,56
2025,6,IQS,Docente,4to grado,SAN CRISTOBAL,41,58.2,68
2025,6,IQS,Docente,4to grado,SAN FRANCISCO DE MACORIS,37,39.0,70
2025,6,IQS,Docente,4to grado,SAN JUAN DE LA MAGUANA,17,43.3,50
2025,6,IQS,Docente,4to grado,SAN PEDRO DE MACORIS,53,97.5,102
2025,6,IQS,Docente,4to grado,SANTIAGO,97,149.8,199
2025,6,IQS,Docente,4to grado,SANTO DOMINGO,196,366.7,426
2025,6,IQS,Docente,4to grado,Sin ubicación,189,191.0,328
2025,6,IQS,Docente,6to grado,AZUA,1,5.9,5
2025,6,IQS,Docente,6to grado,BAHORUCO,1,0.0,1
2025,6,IQS,Docente,6to grado,COTUI,2,1.5,4
2025,6,IQS,Docente,6to grado,HIGUEY,3,2.8,4
2025,6,IQS,Docente,6to grado,LA VEGA,2,0.6,2
2025,6,IQS,Docente,6to grado,MONTE CRISTI,3,3.5,6
2025,6,IQS,Docente,6to grado,MONTE PLATA,1,0.0,1
2025,6,IQS,Docente,6to grado,NAGUA,1,0.5,1
2025,6,IQS,Docente,6to grado,PUERTO PLATA,1,0.3,2
2025,6,IQS,Docente,6to grado,SAN CRISTOBAL,2,2.2,2
2025,6,IQS,Docente,6to grado,SAN FRANCISCO DE MACORIS,2,0.6,2
2025,6,IQS,Docente,6to grado,SAN PEDRO DE MACORIS,3,6.4,8
2025,6,IQS,Docente,6to grado,SANTIAGO,1,1.5,2
2025,6,IQS,Docente,6to grado,SANTO DOMINGO,10,27.8,27
2025,6,IQS,Docente,6to grado,Sin ubicación,7,16.5,13
2025,6,IQS,Docente,No especificado,SAN PEDRO DE MACORIS,1,13.3,6
2025,6,IQS,Docente,No especificado,SANTIAGO,1,3.8,5
2025,6,IQS,Docente,No especificado,Sin ubicación,1,0.6,1
2025,6,IQS,Editor,No especificado,SANTIAGO,1,62.5,18
2025,6,IQS,Estudiante,1er grado,AZUA,13,7.2,25
2025,6,IQS,Estudiante,1er grado,BAHORUCO,1,3.2,11
2025,6,IQS,Estudiante,1er grado,BARAHONA,7,9.4,26
2025,6,IQS,Estudiante,1er grado,COTUI,10,13.4,39
2025,6,IQS,Estudiante,1er grado,HIGUEY,17,20.0,69
2025,6,IQS,Estudiante,1er grado,LA VEGA,17,20.4,72
2025,6,IQS,Estudiante,1er grado,MAO,1,1.3,2
2025,6,IQS,Estudiante,1er grado,MONTE CRISTI,4,5.9,11
2025,6,IQS,Estudiante,1er grado,MONTE PLATA,7,5.1,15
2025,6,IQS,Estudiante,1er grado,NAGUA,7,13.4,25
2025,6,IQS,Estudiante,1er grado,PUERTO PLATA,5,6.5,20
2025,6,IQS,Estudiante,1er grado,SAN CRISTOBAL,19,12.0,45
2025,6,IQS,Estudiante,1er grado,SAN FRANCISCO DE MACORIS,13,12.1,40
2025,6,IQS,Estudiante,1er grado,SAN JUAN DE LA MAGUANA,11,14.3,32
2025,6,IQS,Estudiante,1er grado,SAN PEDRO DE MACORIS,14,11.3,43
2025,6,IQS,Estudiante,1er grado,SANTIAGO,24,23.1,68
2025,6,IQS,Estudiante,1er grado,SANTO DOMINGO,128,160.5,394
2025,6,IQS,Estudiante,1er grado,Sin ubicación,115,134.3,372
2025,6,IQS,Estudiante,2do grado,AZUA,13,7.7,22
2025,6,IQS,Estudiante,2do grado,BAHORUCO,4,3.7,6
2025,6,IQS,Estudiante,2do grado,BARAHONA,8,8.6,21
2025,6,IQS,Estudiante,2do grado,COTUI,6,4.4,9
2025,6,IQS,Estudiante,2do grado,HIGUEY,6,7.3,14
2025,6,IQS,Estudiante,2do grado,LA VEGA,13,24.1,36
2025,6,IQS,Estudiante,2do grado,MAO,2,1.1,5
2025,6,IQS,Estudiante,2do grado,MONTE CRISTI,3,1.1,5
2025,6,IQS,Estudiante,2do grado,MONTE PLATA,6,6.4,15
2025,6,IQS,Estudiante,2do grado,NAGUA,6,8.7,24
2025,6,IQS,Estudiante,2do grado,PUERTO PLATA,4,2.0,6
2025,6,IQS,Estudiante,2do grado,SAN CRISTOBAL,10,13.9,27
2025,6,IQS,Estudiante,2do grado,SAN FRANCISCO DE MACORIS,17,24.4,35
2025,6,IQS,Estudiante,2do grado,SAN JUAN DE LA MAGUANA,9,11.1,17
2025,6,IQS,Estudiante,2do grado,SAN PEDRO DE MACORIS,18,25.1,48
2025,6,IQS,Estudiante,2do grado,SANTIAGO,21,27.9,60
2025,6,IQS,Estudiante,2do grado,SANTO DOMINGO,65,83.9,185
2025,6,IQS,Estudiante,2do grado,Sin ubicación,71,82.2,137
2025,6,IQS,Estudiante,3er grado,AZUA,2,3.2,2
2025,6,IQS,Estudiante,3er grado,BARAHONA,21,13.8,41
2025,6,IQS,Estudiante,3er grado,COTUI,1,0.2,1
2025,6,IQS,Estudiante,3er grado,HIGUEY,6,6.9,10
2025,6,IQS,Estudiante,3er grado,LA VEGA,4,2.0,4
2025,6,IQS,Estudiante,3er grado,MAO,1,0.5,4
2025,6,IQS,Estudiante,3er grado,MONTE CRISTI,1,0.5,2
2025,6,IQS,Estudiante,3er grado,SAN CRISTOBAL,6,9.3,16
2025,6,IQS,Estudiante,3er grado,SAN FRANCISCO DE MACORIS,2,9.8,12
2025,6,IQS,Estudiante,3er grado,SAN JUAN DE LA MAGUANA,3,4.7,6
2025,6,IQS,Estudiante,3er grado,SAN PEDRO DE MACORIS,3,3.2,5
2025,6,IQS,Estudiante,3er grado,SANTIAGO,49,19.0,63
2025,6,IQS,Estudiante,3er grado,SANTO DOMINGO,46,97.5,116
2025,6,IQS,Estudiante,3er grado,Sin ubicación,46,94.6,130
2025,6,IQS,Estudiante,4to grado,AZUA,50,47.9,103
2025,6,IQS,Estudiante,4to grado,BAHORUCO,25,25.8,38
2025,6,IQS,Estudiante,4to grado,BARAHONA,21,25.9,38
2025,6,IQS,Estudiante,4to grado,COTUI,36,55.9,86
2025,6,IQS,Estudiante,4to grado,HIGUEY,41,65.9,95
2025,6,IQS,Estudiante,4to grado,LA VEGA,59,60.5,100
2025,6,IQS,Estudiante,4to grado,MAO,8,15.3,19
2025,6,IQS,Estudiante,4to grado,MONTE CRISTI,12,19.8,29
2025,6,IQS,Estudiante,4to grado,MONTE PLATA,22,16.3,32
2025,6,IQS,Estudiante,4to grado,NAGUA,45,56.6,80
2025,6,IQS,Estudiante,4to grado,PUERTO PLATA,12,14.6,39
2025,6,IQS,Estudiante,4to grado,SAN CRISTOBAL,17,18.8,32
2025,6,IQS,Estudiante,4to grado,SAN FRANCISCO DE MACORIS,79,117.9,196
2025,6,IQS,Estudiante,4to grado,SAN JUAN DE LA MAGUANA,22,41.4,73
2025,6,IQS,Estudiante,4to grado,SAN PEDRO DE MACORIS,57,102.1,127
2025,6,IQS,Estudiante,4to grado,SANTIAGO,84,115.6,191
2025,6,IQS,Estudiante,4to grado,SANTO DOMINGO,236,355.3,555
2025,6,IQS,Estudiante,4to grado,Sin ubicación,342,514.0,764
2025,6,IQS,Estudiante,5to grado,AZUA,6,8.5,24
2025,6,IQS,Estudiante,5to grado,BAHORUCO,1,0.4,1
2025,6,IQS,Estudiante,5to grado,BARAHONA,3,0.9,6
2025,6,IQS,Estudiante,5to grado,COTUI,1,0.6,1
2025,6,IQS,Estudiante,5to grado,HIGUEY,6,5.4,9
2025,6,IQS,Estudiante,5to grado,LA VEGA,3,3.8,7
2025,6,IQS,Estudiante,5to grado,MONTE CRISTI,1,1.6,3
2025,6,IQS,Estudiante,5to grado,MONTE PLATA,4,5.4,8
2025,6,IQS,Estudiante,5to grado,NAGUA,18,14.6,23
2025,6,IQS,Estudiante,5to grado,PUERTO PLATA,3,1.2,6
2025,6,IQS,Estudiante,5to grado,SAN CRISTOBAL,35,34.7,65
2025,6,IQS,Estudiante,5to grado,SAN FRANCISCO DE MACORIS,9,9.0,17
2025,6,IQS,Estudiante,5to grado,SAN JUAN DE LA MAGUANA,4,3.2,5
2025,6,IQS,Estudiante,5to grado,SAN PEDRO DE MACORIS,6,2.1,9
2025,6,IQS,Estudiante,5to grado,SANTIAGO,6,4.7,14
2025,6,IQS,Estudiante,5to grado,SANTO DOMINGO,53,64.9,125
2025,6,IQS,Estudiante,5to grado,Sin ubicación,44,56.9,104
2025,6,IQS,Estudiante,6to grado,AZUA,711,1116.9,1858
2025,6,IQS,Estudiante,6to grado,BAHORUCO,156,200.1,385
2025,6,IQS,Estudiante,6to grado,BARAHONA,344,492.5,928
2025,6,IQS,Estudiante,6to grado,COTUI,595,815.6,1698
2025,6,IQS,Estudiante,6to grado,HIGUEY,762,1685.8,2426
2025,6,IQS,Estudiante,6to grado,LA VEGA,1125,2238.5,3417
2025,6,IQS,Estudiante,6to grado,MAO,216,334.4,576
2025,6,IQS,Estudiante,6to grado,MONTE CRISTI,301,454.3,828
2025,6,IQS,Estudiante,6to grado,MONTE PLATA,312,353.0,749
2025,6,IQS,Estudiante,6to grado,NAGUA,283,419.4,853
2025,6,IQS,Estudiante,6to grado,PUERTO PLATA,554,793.3,1536
2025,6,IQS,Estudiante,6to grado,SAN CRISTOBAL,705,1116.5,2114
2025,6,IQS,Estudiante,6to grado,SAN FRANCISCO DE MACORIS,885,1297.8,2177
2025,6,IQS,Estudiante,6to grado,SAN JUAN DE LA MAGUANA,448,891.8,1392
2025,6,IQS,Estudiante,6to grado,SAN PEDRO DE MACORIS,982,1580.1,2571
2025,6,IQS,Estudiante,6to grado,SANTIAGO,2089,3762.9,6419
2025,6,IQS,Estudiante,6to grado,SANTO DOMINGO,5135,9202.7,15264
2025,6,IQS,Estudiante,6to grado,Sin ubicación,6005,9290.8,17186
2025,6,IQS,Estudiante,No especificado,SAN CRISTOBAL,2,3.4,8
2025,6,IQS,Estudiante,No especificado,SAN JUAN DE LA MAGUANA,1,3.1,3
2025,6,IQS,Estudiante,No especificado,SANTIAGO,1,0.7,1
2025,6,IQS,Estudiante,No especificado,SANTO DOMINGO,1,0.4,1
2025,6,IQS,Estudiante,No especificado,Sin ubicación,1,0.4,1
2025,6,IQS,Invitado,6to grado,LA VEGA,1,16.4,14
2025,6,IQS,Invitado,6to grado,MONTE CRISTI,1,1.2,4
2025,6,IQS,Invitado,6to grado,NAGUA,1,0.9,1
2025,6,IQS,Invitado,6to grado,SAN PEDRO DE MACORIS,1,1.4,2
2025,6,IQS,Invitado,6to grado,SANTIAGO,3,13.7,13
2025,6,IQS,Invitado,6to grado,SANTO DOMINGO,15,33.8,42
2025,6,IQS,Invitado,6to grado,Sin ubicación,731,1163.5,1680
2025,6,IQS,Sin rol,No especificado,Sin ubicación,14,17.0,21
2025,7,IQ512,Coordinador,No especificado,Sin ubicación,1,0.2,1
2025,7,IQ512,Estudiante,No especificado,AZUA,1,0.5,1
2025,7,IQ512,Estudiante,No especificado,BARAHONA,2,0.7,2
2025,7,IQ512,Estudiante,No especificado,COTUI,1,0.8,1
2025,7,IQ512,Estudiante,No especificado,LA VEGA,1,0.6,1
2025,7,IQ512,Estudiante,No especificado,MAO,1,3.4,4
2025,7,IQ512,Estudiante,No especificado,MONTE PLATA,1,0.5,1
2025,7,IQ512,Estudiante,No especificado,PUERTO PLATA,2,0.6,2
2025,7,IQ512,Estudiante,No especificado,SAN CRISTOBAL,2,2.0,2
2025,7,IQ512,Estudiante,No especificado,SAN FRANCISCO DE MACORIS,2,0.9,2
2025,7,IQ512,Estudiante,No especificado,SANTIAGO,2,0.5,2
2025,7,IQ512,Estudiante,No especificado,SANTO DOMINGO,6,19.2,13
2025,7,IQ512,Estudiante,No especificado,Sin ubicación,65,66.4,87
2025,7,IQP,Coordinador,6to grado,Sin ubicación,1,0.3,1
2025,7,IQP,Docente,1er grado,Sin ubicación,1,13.4,10
2025,7,IQP,Docente,3er grado,Sin ubicación,1,0.4,1
2025,7,IQP,Docente,5to grado,HIGUEY,1,0.5,1
2025,7,IQP,Docente,5to grado,PUERTO PLATA,1,0.5,1
2025,7,IQP,Docente,5to grado,SANTIAGO,2,0.5,2
2025,7,IQP,Docente,5to grado,SANTO DOMINGO,2,0.8,2
2025,7,IQP,Docente,5to grado,Sin ubicación,2,4.6,4
2025,7,IQP,Docente,6to grado,MONTE PLATA,1,2.2,2
2025,7,IQP,Docente,6to grado,SANTO DOMINGO,2,1.6,2
2025,7,IQP,Docente,6to grado,Sin ubicación,1,0.2,1
2025,7,IQP,Estudiante,1er grado,SANTO DOMINGO,1,0.4,1
2025,7,IQP,Estudiante,1er grado,Sin ubicación,3,3.8,6
2025,7,IQP,Estudiante,2do grado,SANTO DOMINGO,2,0.5,2
2025,7,IQP,Estudiante,2do grado,Sin ubicación,1,0.2,1
2025,7,IQP,Estudiante,3er grado,SAN FRANCISCO DE MACORIS,1,2.4,3
2025,7,IQP,Estudiante,3er grado,SANTO DOMINGO,1,0.5,1
2025,7,IQP,Estudiante,4to grado,MONTE PLATA,1,1.5,2
2025,7,IQP,Estudiante,4to grado,SANTO DOMINGO,1,0.2,1
2025,7,IQP,Estudiante,5to grado,PUERTO PLATA,1,0.6,2
2025,7,IQP,Estudiante,5to grado,SANTO DOMINGO,2,0.8,2
2025,7,IQP,Estudiante,5to grado,Sin ubicación,1,0.7,2
2025,7,IQP,Estudiante,6to grado,AZUA,1,1.5,2
2025,7,IQP,Estudiante,6to grado,BARAHONA,1,0.5,1
2025,7,IQP,Estudiante,6to grado,HIGUEY,1,0.5,1
2025,7,IQP,Estudiante,6to grado,MONTE PLATA,1,0.1,1
2025,7,IQP,Estudiante,6to grado,SAN CRISTOBAL,1,0.2,1
2025,7,IQP,Estudiante,6to grado,SANTIAGO,1,0.4,1
2025,7,IQP,Estudiante,6to grado,SANTO DOMINGO,1,0.1,1
2025,7,IQP,Estudiante,6to grado,Sin ubicación,2,2.0,4
2025,7,IQP,Sin rol,No especificado,Sin ubicación,1,29.8,22
2025,7,IQS,Docente,1er grado,BAHORUCO,1,0.3,2
2025,7,IQS,Docente,1er grado,SAN JUAN DE LA MAGUANA,1,0.8,2
2025,7,IQS,Docente,1er grado,SANTO DOMINGO,2,1.0,2
2025,7,IQS,Docente,1er grado,Sin ubicación,1,0.1,2
2025,7,IQS,Docente,4to grado,AZUA,1,3.4,4
2025,7,IQS,Docente,4to grado,BARAHONA,2,1.0,3
2025,7,IQS,Docente,4to grado,COTUI,2,0.1,2
2025,7,IQS,Docente,4to grado,HIGUEY,1,0.4,1
2025,7,IQS,Docente,4to grado,LA VEGA,3,1.3,3
2025,7,IQS,Docente,4to grado,MAO,1,0.0,1
2025,7,IQS,Docente,4to grado,MONTE CRISTI,1,0.2,1
2025,7,IQS,Docente,4to grado,NAGUA,1,0.0,1
2025,7,IQS,Docente,4to grado,PUERTO PLATA,1,24.6,13
2025,7,IQS,Docente,4to grado,SAN CRISTOBAL,5,3.6,7
2025,7,IQS,Docente,4to grado,SAN FRANCISCO DE MACORIS,4,1.1,4
2025,7,IQS,Docente,4to grado,SAN JUAN DE LA MAGUANA,1,0.2,1
2025,7,IQS,Docente,4to grado,SAN PEDRO DE MACORIS,2,0.7,2
2025,7,IQS,Docente,4to grado,SANTIAGO,7,2.0,10
2025,7,IQS,Docente,4to grado,SANTO DOMINGO,19,12.2,25
2025,7,IQS,Docente,4to grado,Sin ubicación,16,8.7,21
2025,7,IQS,Docente,6to grado,Sin ubicación,1,1.0,1
2025,7,IQS,Docente,No especificado,Sin ubicación,1,0.4,2
2025,7,IQS,Editor,No especificado,SANTIAGO,1,22.9,13
2025,7,IQS,Estudiante,1er grado,LA VEGA,2,0.7,4
2025,7,IQS,Estudiante,1er grado,MONTE PLATA,2,5.0,6
2025,7,IQS,Estudiante,1er grado,SAN CRISTOBAL,1,0.3,2
2025,7,IQS,Estudiante,1er grado,SAN FRANCISCO DE MACORIS,1,0.6,2
2025,7,IQS,Estudiante,1er grado,SAN PEDRO DE MACORIS,1,0.0,1
2025,7,IQS,Estudiante,1er grado,SANTIAGO,1,0.8,1
2025,7,IQS,Estudiante,1er grado,SANTO DOMINGO,7,6.7,22
2025,7,IQS,Estudiante,1er grado,Sin ubicación,5,5.5,12
2025,7,IQS,Estudiante,2do grado,AZUA,1,0.5,1
2025,7,IQS,Estudiante,2do grado,BAHORUCO,1,0.5,2
2025,7,IQS,Estudiante,2do grado,LA VEGA,1,2.1,4
2025,7,IQS,Estudiante,2do grado,SAN FRANCISCO DE MACORIS,4,8.7,8
2025,7,IQS,Estudiante,2do grado,SAN PEDRO DE MACORIS,3,1.8,4
2025,7,IQS,Estudiante,2do grado,SANTIAGO,2,2.8,4
2025,7,IQS,Estudiante,2do grado,SANTO DOMINGO,9,4.7,16
2025,7,IQS,Estudiante,2do grado,Sin ubicación,3,1.3,3
2025,7,IQS,Estudiante,3er grado,HIGUEY,2,4.6,5
2025,7,IQS,Estudiante,3er grado,LA VEGA,1,0.2,1
2025,7,IQS,Estudiante,3er grado,SANTIAGO,7,3.6,11
2025,7,IQS,Estudiante,3er grado,SANTO DOMINGO,3,1.2,4
2025,7,IQS,Estudiante,3er grado,Sin ubicación,3,0.2,3
2025,7,IQS,Estudiante,4to grado,AZUA,2,2.9,4
2025,7,IQS,Estudiante,4to grado,BAHORUCO,1,0.2,2
2025,7,IQS,Estudiante,4to grado,COTUI,2,2.3,3
2025,7,IQS,Estudiante,4to grado,HIGUEY,1,0.1,1
2025,7,IQS,Estudiante,4to grado,MONTE PLATA,1,1.1,5
2025,7,IQS,Estudiante,4to grado,NAGUA,1,0.1,1
2025,7,IQS,Estudiante,4to grado,PUERTO PLATA,1,0.6,2
2025,7,IQS,Estudiante,4to grado,SAN FRANCISCO DE MACORIS,3,3.7,6
2025,7,IQS,Estudiante,4to grado,SAN JUAN DE LA MAGUANA,1,0.7,1
2025,7,IQS,Estudiante,4to grado,SAN PEDRO DE MACORIS,5,2.3,7
2025,7,IQS,Estudiante,4to grado,SANTIAGO,2,0.8,4
2025,7,IQS,Estudiante,4to grado,SANTO DOMINGO,14,10.2,25
2025,7,IQS,Estudiante,4to grado,Sin ubicación,9,9.7,13
2025,7,IQS,Estudiante,5to grado,AZUA,1,1.8,1
2025,7,IQS,Estudiante,5to grado,LA VEGA,1,0.5,2
2025,7,IQS,Estudiante,5to grado,MONTE CRISTI,1,0.4,1
2025,7,IQS,Estudiante,5to grado,SAN FRANCISCO DE MACORIS,3,1.4,4
2025,7,IQS,Estudiante,5to grado,SANTIAGO,1,0.2,1
2025,7,IQS,Estudiante,5to grado,SANTO DOMINGO,3,1.1,5
2025,7,IQS,Estudiante,5to grado,Sin ubicación,6,3.7,8
2025,7,IQS,Estudiante,6to grado,AZUA,17,10.2,33
2025,7,IQS,Estudiante,6to grado,BAHORUCO,3,0.7,5
2025,7,IQS,Estudiante,6to grado,BARAHONA,13,8.9,33
2025,7,IQS,Estudiante,6to grado,COTUI,12,15.5,21
2025,7,IQS,Estudiante,6to grado,HIGUEY,20,13.8,30
2025,7,IQS,Estudiante,6to grado,LA VEGA,39,21.0,81
2025,7,IQS,Estudiante,6to grado,MAO,7,2.9,12
2025,7,IQS,Estudiante,6to grado,MONTE CRISTI,9,17.9,22
2025,7,IQS,Estudiante,6to grado,MONTE PLATA,4,1.3,7
2025,7,IQS,Estudiante,6to grado,NAGUA,10,6.7,19
2025,7,IQS,Estudiante,6to grado,PUERTO PLATA,12,34.0,56
2025,7,IQS,Estudiante,6to grado,SAN CRISTOBAL,20,19.5,40
2025,7,IQS,Estudiante,6to grado,SAN FRANCISCO DE MACORIS,38,40.0,91
2025,7,IQS,Estudiante,6to grado,SAN JUAN DE LA MAGUANA,22,15.3,45
2025,7,IQS,Estudiante,6to grado,SAN PEDRO DE MACORIS,41,33.7,91
2025,7,IQS,Estudiante,6to grado,SANTIAGO,68,43.8,127
2025,7,IQS,Estudiante,6to grado,SANTO DOMINGO,206,219.9,443
2025,7,IQS,Estudiante,6to grado,Sin ubicación,190,276.7,469
2025,7,IQS,Estudiante,No especificado,Sin ubicación,1,0.4,2
2025,7,IQS,Invitado,6to grado,SANTIAGO,1,3.1,2
2025,7,IQS,Invitado,6to grado,SANTO DOMINGO,3,9.1,8
2025,7,IQS,Invitado,6to grado,Sin ubicación,91,166.5,207
2025,7,IQS,Sin rol,No especificado,Sin ubicación,1,0.6,2
2025,8,IQ512,Estudiante,No especificado,BARAHONA,2,0.5,2
2025,8,IQ512,Estudiante,No especificado,LA VEGA,1,0.6,1
2025,8,IQ512,Estudiante,No especificado,MAO,3,2.2,5
2025,8,IQ512,Estudiante,No especificado,SAN CRISTOBAL,3,9.7,4
2025,8,IQ512,Estudiante,No especificado,SAN FRANCISCO DE MACORIS,1,0.4,1
2025,8,IQ512,Estudiante,No especificado,SAN PEDRO DE MACORIS,1,0.3,1
2025,8,IQ512,Estudiante,No especificado,SANTO DOMINGO,9,7.9,9
2025,8,IQ512,Estudiante,No especificado,Sin ubicación,43,31.1,49
2025,8,IQP,Coordinador,6to grado,Sin ubicación,1,0.6,2
2025,8,IQP,Docente,1er grado,Sin ubicación,1,17.7,17
2025,8,IQP,Docente,4to grado,MONTE PLATA,1,0.4,1
2025,8,IQP,Docente,4to grado,SAN PEDRO DE MACORIS,1,0.2,1
2025,8,IQP,Docente,4to grado,SANTIAGO,1,1.2,3
2025,8,IQP,Docente,5to grado,AZUA,1,0.1,1
2025,8,IQP,Docente,5to grado,BAHORUCO,1,0.5,1
2025,8,IQP,Docente,5to grado,BARAHONA,1,0.1,1
2025,8,IQP,Docente,5to grado,COTUI,1,0.8,1
2025,8,IQP,Docente,5to grado,MAO,4,1.8,5
2025,8,IQP,Docente,5to grado,PUERTO PLATA,5,4.0,5
2025,8,IQP,Docente,5to grado,SAN CRISTOBAL,1,0.7,1
2025,8,IQP,Docente,5to grado,SAN FRANCISCO DE MACORIS,1,1.0,1
2025,8,IQP,Docente,5to grado,SAN JUAN DE LA MAGUANA,1,0.5,1
2025,8,IQP,Docente,5to grado,SANTIAGO,9,5.8,13
2025,8,IQP,Docente,5to grado,SANTO DOMINGO,3,4.3,4
2025,8,IQP,Docente,5to grado,Sin ubicación,2,1.5,4
2025,8,IQP,Docente,6to grado,BARAHONA,1,0.8,1
2025,8,IQP,Docente,6to grado,MAO,2,0.8,2
2025,8,IQP,Docente,6to grado,MONTE PLATA,1,1.4,1
2025,8,IQP,Docente,6to grado,SANTIAGO,1,1.2,2
2025,8,IQP,Docente,6to grado,SANTO DOMINGO,3,1.2,3
2025,8,IQP,Docente,6to grado,Sin ubicación,1,0.2,1
2025,8,IQP,Docente,No especificado,Sin ubicación,1,0.2,1
2025,8,IQP,Estudiante,1er grado,AZUA,3,2.7,3
2025,8,IQP,Estudiante,1er grado,BAHORUCO,1,0.2,1
2025,8,IQP,Estudiante,1er grado,SANTO DOMINGO,1,0.8,1
2025,8,IQP,Estudiante,1er grado,Sin ubicación,3,2.2,4
2025,8,IQP,Estudiante,2do grado,AZUA,1,0.4,1
2025,8,IQP,Estudiante,2do grado,BARAHONA,1,0.1,1
2025,8,IQP,Estudiante,2do grado,Sin ubicación,2,0.8,2
2025,8,IQP,Estudiante,3er grado,AZUA,1,0.1,1
2025,8,IQP,Estudiante,3er grado,SAN FRANCISCO DE MACORIS,4,9.7,9
2025,8,IQP,Estudiante,3er grado,Sin ubicación,3,2.0,3
2025,8,IQP,Estudiante,4to grado,MAO,2,0.4,2
2025,8,IQP,Estudiante,4to grado,MONTE PLATA,1,13.5,7
2025,8,IQP,Estudiante,4to grado,SANTO DOMINGO,1,0.7,1
2025,8,IQP,Estudiante,4to grado,Sin ubicación,1,0.5,1
2025,8,IQP,Estudiante,5to grado,AZUA,1,0.6,1
2025,8,IQP,Estudiante,5to grado,PUERTO PLATA,1,0.5,1
2025,8,IQP,Estudiante,5to grado,SANTO DOMINGO,2,0.7,2
2025,8,IQP,Estudiante,5to grado,Sin ubicación,1,1.6,3
2025,8,IQP,Estudiante,6to grado,MAO,1,0.3,1
2025,8,IQP,Estudiante,6to grado,SAN FRANCISCO DE MACORIS,1,0.4,1
2025,8,IQP,Estudiante,6to grado,SANTO DOMINGO,3,1.5,3
2025,8,IQP,Estudiante,6to grado,Sin ubicación,2,7.0,7
2025,8,IQP,Parent,1er grado,Sin ubicación,1,0.4,1
2025,8,IQP,Sin rol,No especificado,Sin ubicación,1,42.4,17
2025,8,IQS,Docente,1er grado,AZUA,1,0.0,1
2025,8,IQS,Docente,1er grado,SAN CRISTOBAL,1,0.1,1
2025,8,IQS,Docente,1er grado,SAN JUAN DE LA MAGUANA,1,0.9,2
2025,8,IQS,Docente,1er grado,SANTIAGO,1,0.7,1
2025,8,IQS,Docente,1er grado,SANTO DOMINGO,1,3.4,7
2025,8,IQS,Docente,1er grado,Sin ubicación,3,1.4,3
2025,8,IQS,Docente,4to grado,AZUA,8,2.9,9
2025,8,IQS,Docente,4to grado,BAHORUCO,2,0.9,2
2025,8,IQS,Docente,4to grado,BARAHONA,6,4.1,8
2025,8,IQS,Docente,4to grado,COTUI,7,5.4,10
2025,8,IQS,Docente,4to grado,HIGUEY,1,0.1,1
2025,8,IQS,Docente,4to grado,LA VEGA,14,8.0,16
2025,8,IQS,Docente,4to grado,MAO,6,2.1,8
2025,8,IQS,Docente,4to grado,MONTE CRISTI,6,5.9,8
2025,8,IQS,Docente,4to grado,MONTE PLATA,3,1.8,3
2025,8,IQS,Docente,4to grado,NAGUA,6,3.9,8
2025,8,IQS,Docente,4to grado,PUERTO PLATA,10,7.8,12
2025,8,IQS,Docente,4to grado,SAN CRISTOBAL,5,2.4,5
2025,8,IQS,Docente,4to grado,SAN FRANCISCO DE MACORIS,4,2.2,6
2025,8,IQS,Docente,4to grado,SAN JUAN DE LA MAGUANA,2,0.8,2
2025,8,IQS,Docente,4to grado,SAN PEDRO DE MACORIS,18,10.3,23
2025,8,IQS,Docente,4to grado,SANTIAGO,12,5.7,14
2025,8,IQS,Docente,4to grado,SANTO DOMINGO,36,16.9,40
2025,8,IQS,Docente,4to grado,Sin ubicación,47,28.5,66
2025,8,IQS,Docente,6to grado,AZUA,1,0.2,1
2025,8,IQS,Docente,6to grado,SANTIAGO,1,0.5,2
2025,8,IQS,Docente,6to grado,SANTO DOMINGO,2,1.2,3
2025,8,IQS,Docente,6to grado,Sin ubicación,3,1.5,3
2025,8,IQS,Docente,No especificado,SANTO DOMINGO,1,0.3,1
2025,8,IQS,Editor,No especificado,SANTIAGO,1,5.8,5
2025,8,IQS,Estudiante,1er grado,BARAHONA,1,0.6,2
2025,8,IQS,Estudiante,1er grado,MONTE CRISTI,1,0.8,4
2025,8,IQS,Estudiante,1er grado,PUERTO PLATA,1,6.2,5
2025,8,IQS,Estudiante,1er grado,SAN CRISTOBAL,1,0.4,2
2025,8,IQS,Estudiante,1er grado,SAN FRANCISCO DE MACORIS,1,1.6,2
2025,8,IQS,Estudiante,1er grado,SANTIAGO,1,0.0,1
2025,8,IQS,Estudiante,1er grado,SANTO DOMINGO,4,1.5,10
2025,8,IQS,Estudiante,1er grado,Sin ubicación,9,5.4,16
2025,8,IQS,Estudiante,2do grado,BARAHONA,2,1.2,3
2025,8,IQS,Estudiante,2do grado,LA VEGA,1,0.3,3
2025,8,IQS,Estudiante,2do grado,SAN CRISTOBAL,1,0.4,2
2025,8,IQS,Estudiante,2do grado,SAN FRANCISCO DE MACORIS,2,4.3,3
2025,8,IQS,Estudiante,2do grado,SAN PEDRO DE MACORIS,2,1.8,5
2025,8,IQS,Estudiante,2do grado,SANTO DOMINGO,13,5.9,19
2025,8,IQS,Estudiante,2do grado,Sin ubicación,2,2.2,3
2025,8,IQS,Estudiante,3er grado,AZUA,1,1.6,3
2025,8,IQS,Estudiante,3er grado,HIGUEY,1,3.0,2
2025,8,IQS,Estudiante,3er grado,SANTIAGO,4,1.9,5
2025,8,IQS,Estudiante,3er grado,SANTO DOMINGO,2,1.2,3
2025,8,IQS,Estudiante,3er grado,Sin ubicación,6,3.1,10
2025,8,IQS,Estudiante,4to grado,AZUA,1,0.5,1
2025,8,IQS,Estudiante,4to grado,BARAHONA,1,0.2,1
2025,8,IQS,Estudiante,4to grado,HIGUEY,2,0.8,2
2025,8,IQS,Estudiante,4to grado,MAO,2,0.6,2
2025,8,IQS,Estudiante,4to grado,NAGUA,1,0.7,1
2025,8,IQS,Estudiante,4to grado,PUERTO PLATA,1,1.6,2
2025,8,IQS,Estudiante,4to grado,SAN CRISTOBAL,4,2.6,4
2025,8,IQS,Estudiante,4to grado,SAN PEDRO DE MACORIS,2,1.5,3
2025,8,IQS,Estudiante,4to grado,SANTIAGO,7,6.9,8
2025,8,IQS,Estudiante,4to grado,SANTO DOMINGO,13,15.4,23
2025,8,IQS,Estudiante,4to grado,Sin ubicación,8,6.4,13
2025,8,IQS,Estudiante,5to grado,AZUA,1,1.6,2
2025,8,IQS,Estudiante,5to grado,COTUI,1,1.8,4
2025,8,IQS,Estudiante,5to grado,HIGUEY,2,0.8,3
2025,8,IQS,Estudiante,5to grado,PUERTO PLATA,1,0.3,2
2025,8,IQS,Estudiante,5to grado,SAN JUAN DE LA MAGUANA,1,0.3,2
2025,8,IQS,Estudiante,5to grado,SAN PEDRO DE MACORIS,1,0.7,1
2025,8,IQS,Estudiante,5to grado,SANTIAGO,2,3.4,4
2025,8,IQS,Estudiante,5to grado,SANTO DOMINGO,5,2.7,6
2025,8,IQS,Estudiante,5to grado,Sin ubicación,5,2.1,5
2025,8,IQS,Estudiante,6to grado,AZUA,9,10.2,17
2025,8,IQS,Estudiante,6to grado,BAHORUCO,4,1.1,5
2025,8,IQS,Estudiante,6to grado,BARAHONA,7,3.3,14
2025,8,IQS,Estudiante,6to grado,COTUI,10,14.9,20
2025,8,IQS,Estudiante,6to grado,HIGUEY,15,11.2,26
2025,8,IQS,Estudiante,6to grado,LA VEGA,27,21.1,54
2025,8,IQS,Estudiante,6to grado,MAO,13,10.2,20
2025,8,IQS,Estudiante,6to grado,MONTE CRISTI,5,3.4,8
2025,8,IQS,Estudiante,6to grado,MONTE PLATA,6,2.6,12
2025,8,IQS,Estudiante,6to grado,NAGUA,5,3.6,11
2025,8,IQS,Estudiante,6to grado,PUERTO PLATA,9,8.2,18
2025,8,IQS,Estudiante,6to grado,SAN CRISTOBAL,26,21.0,45
2025,8,IQS,Estudiante,6to grado,SAN FRANCISCO DE MACORIS,43,28.2,63
2025,8,IQS,Estudiante,6to grado,SAN JUAN DE LA MAGUANA,17,10.4,29
2025,8,IQS,Estudiante,6to grado,SAN PEDRO DE MACORIS,27,28.0,57
2025,8,IQS,Estudiante,6to grado,SANTIAGO,100,84.0,176
2025,8,IQS,Estudiante,6to grado,SANTO DOMINGO,186,188.5,363
2025,8,IQS,Estudiante,6to grado,Sin ubicación,197,181.8,404
2025,8,IQS,Estudiante,No especificado,SANTIAGO,1,1.1,1
2025,8,IQS,Invitado,6to grado,BARAHONA,3,1.7,3
2025,8,IQS,Invitado,6to grado,SANTIAGO,1,4.3,4
2025,8,IQS,Invitado,6to grado,SANTO DOMINGO,3,0.7,3
2025,8,IQS,Invitado,6to grado,Sin ubicación,108,140.4,213
2025,8,IQS,Sin rol,No especificado,Sin ubicación,1,0.1,1
2025,9,IQ512,Editor,No especificado,Sin ubicación,1,5.1,2
2025,9,IQ512,Estudiante,No especificado,AZUA,2,0.7,2
2025,9,IQ512,Estudiante,No especificado,BARAHONA,1,1.7,4
2025,9,IQ512,Estudiante,No especificado,LA VEGA,3,3.9,3
2025,9,IQ512,Estudiante,No especificado,MAO,1,3.6,2
2025,9,IQ512,Estudiante,No especificado,SAN CRISTOBAL,3,2.9,3
2025,9,IQ512,Estudiante,No especificado,SAN FRANCISCO DE MACORIS,1,0.3,1
2025,9,IQ512,Estudiante,No especificado,SAN JUAN DE LA MAGUANA,1,1.2,1
2025,9,IQ512,Estudiante,No especificado,SANTIAGO,2,1.4,3
2025,9,IQ512,Estudiante,No especificado,SANTO DOMINGO,6,8.5,7
2025,9,IQ512,Estudiante,No especificado,Sin ubicación,37,29.5,49
2025,9,IQP,Coordinador,6to grado,Sin ubicación,1,0.8,2
2025,9,IQP,Docente,1er grado,Sin ubicación,2,24.6,22
2025,9,IQP,Docente,4to grado,SANTO DOMINGO,1,1.4,1
2025,9,IQP,Docente,5to grado,HIGUEY,4,2.1,4
2025,9,IQP,Docente,5to grado,MAO,2,0.8,2
2025,9,IQP,Docente,5to grado,MONTE CRISTI,1,0.9,1
2025,9,IQP,Docente,5to grado,PUERTO PLATA,2,7.7,9
2025,9,IQP,Docente,5to grado,SAN CRISTOBAL,1,1.6,2
2025,9,IQP,Docente,5to grado,SAN FRANCISCO DE MACORIS,2,1.8,2
2025,9,IQP,Docente,5to grado,SAN PEDRO DE MACORIS,2,1.1,3
2025,9,IQP,Docente,5to grado,SANTIAGO,2,6.4,6
2025,9,IQP,Docente,5to grado,SANTO DOMINGO,8,7.9,16
2025,9,IQP,Docente,5to grado,Sin ubicación,4,7.3,8
2025,9,IQP,Docente,6to grado,COTUI,1,1.6,1
2025,9,IQP,Docente,6to grado,NAGUA,1,6.7,4
2025,9,IQP,Docente,6to grado,SAN CRISTOBAL,1,0.4,1
2025,9,IQP,Docente,6to grado,SAN FRANCISCO DE MACORIS,1,0.6,1
2025,9,IQP,Docente,6to grado,SANTO DOMINGO,2,4.9,6
2025,9,IQP,Docente,6to grado,Sin ubicación,1,0.6,1
2025,9,IQP,Estudiante,1er grado,Sin ubicación,2,1.5,3
2025,9,IQP,Estudiante,3er grado,PUERTO PLATA,1,0.4,1
2025,9,IQP,Estudiante,3er grado,SAN FRANCISCO DE MACORIS,2,0.4,2
2025,9,IQP,Estudiante,3er grado,SANTIAGO,1,0.1,1
2025,9,IQP,Estudiante,4to grado,MONTE PLATA,1,1.5,3
2025,9,IQP,Estudiante,5to grado,HIGUEY,1,0.5,1
2025,9,IQP,Estudiante,5to grado,Sin ubicación,1,0.9,2
2025,9,IQP,Estudiante,6to grado,BARAHONA,1,0.3,1
2025,9,IQP,Estudiante,6to grado,SANTO DOMINGO,4,2.1,4
2025,9,IQP,Estudiante,6to grado,Sin ubicación,2,1.7,2
2025,9,IQP,Parent,6to grado,Sin ubicación,1,0.3,1
2025,9,IQP,Sin rol,No especificado,Sin ubicación,1,18.1,14
2025,9,IQS,Docente,1er grado,LA VEGA,1,0.4,1
2025,9,IQS,Docente,1er grado,MONTE CRISTI,2,0.4,2
2025,9,IQS,Docente,1er grado,PUERTO PLATA,1,5.3,7
2025,9,IQS,Docente,1er grado,SAN JUAN DE LA MAGUANA,1,1.4,4
2025,9,IQS,Docente,3er grado,Sin ubicación,1,0.6,1
2025,9,IQS,Docente,4to grado,AZUA,3,3.5,4
2025,9,IQS,Docente,4to grado,BARAHONA,2,1.4,3
2025,9,IQS,Docente,4to grado,COTUI,2,0.4,2
2025,9,IQS,Docente,4to grado,HIGUEY,4,10.3,12
2025,9,IQS,Docente,4to grado,LA VEGA,10,13.2,16
2025,9,IQS,Docente,4to grado,MONTE CRISTI,6,5.5,9
2025,9,IQS,Docente,4to grado,MONTE PLATA,1,0.4,1
2025,9,IQS,Docente,4to grado,NAGUA,7,4.9,11
2025,9,IQS,Docente,4to grado,PUERTO PLATA,2,6.7,6
2025,9,IQS,Docente,4to grado,SAN CRISTOBAL,2,0.7,2
2025,9,IQS,Docente,4to grado,SAN FRANCISCO DE MACORIS,7,8.2,20
2025,9,IQS,Docente,4to grado,SAN JUAN DE LA MAGUANA,4,2.1,4
2025,9,IQS,Docente,4to grado,SAN PEDRO DE MACORIS,4,4.0,9
2025,9,IQS,Docente,4to grado,SANTIAGO,10,8.3,13
2025,9,IQS,Docente,4to grado,SANTO DOMINGO,23,22.0,34
2025,9,IQS,Docente,4to grado,Sin ubicación,23,10.3,33
2025,9,IQS,Docente,6to grado,AZUA,1,0.0,1
2025,9,IQS,Docente,6to grado,Sin ubicación,2,2.2,5
2025,9,IQS,Docente,No especificado,SANTO DOMINGO,1,1.2,2
2025,9,IQS,Editor,No especificado,SANTIAGO,1,7.4,6
2025,9,IQS,Estudiante,1er grado,BARAHONA,3,2.5,3
2025,9,IQS,Estudiante,1er grado,LA VEGA,1,0.3,1
2025,9,IQS,Estudiante,1er grado,MONTE CRISTI,1,1.4,2
2025,9,IQS,Estudiante,1er grado,NAGUA,1,1.0,2
2025,9,IQS,Estudiante,1er grado,PUERTO PLATA,1,0.0,1
2025,9,IQS,Estudiante,1er grado,SAN FRANCISCO DE MACORIS,1,0.4,2
2025,9,IQS,Estudiante,1er grado,SAN PEDRO DE MACORIS,1,0.6,4
2025,9,IQS,Estudiante,1er grado,SANTIAGO,8,3.1,8
2025,9,IQS,Estudiante,1er grado,SANTO DOMINGO,89,59.9,161
2025,9,IQS,Estudiante,1er grado,Sin ubicación,15,5.6,20
2025,9,IQS,Estudiante,2do grado,COTUI,1,0.1,1
2025,9,IQS,Estudiante,2do grado,HIGUEY,21,41.8,57
2025,9,IQS,Estudiante,2do grado,LA VEGA,1,0.3,2
2025,9,IQS,Estudiante,2do grado,PUERTO PLATA,1,0.2,2
2025,9,IQS,Estudiante,2do grado,SAN FRANCISCO DE MACORIS,2,3.5,5
2025,9,IQS,Estudiante,2do grado,SAN JUAN DE LA MAGUANA,2,0.7,2
2025,9,IQS,Estudiante,2do grado,SAN PEDRO DE MACORIS,1,0.3,1
2025,9,IQS,Estudiante,2do grado,SANTIAGO,7,3.0,9
2025,9,IQS,Estudiante,2do grado,SANTO DOMINGO,52,25.2,79
2025,9,IQS,Estudiante,2do grado,Sin ubicación,7,3.4,8
2025,9,IQS,Estudiante,3er grado,PUERTO PLATA,14,13.1,26
2025,9,IQS,Estudiante,3er grado,SANTIAGO,42,25.1,52
2025,9,IQS,Estudiante,3er grado,SANTO DOMINGO,59,41.5,93
2025,9,IQS,Estudiante,3er grado,Sin ubicación,26,12.2,35
2025,9,IQS,Estudiante,4to grado,COTUI,2,1.0,3
2025,9,IQS,Estudiante,4to grado,HIGUEY,1,2.1,4
2025,9,IQS,Estudiante,4to grado,LA VEGA,1,0.5,1
2025,9,IQS,Estudiante,4to grado,NAGUA,2,0.9,3
2025,9,IQS,Estudiante,4to grado,PUERTO PLATA,2,0.5,2
2025,9,IQS,Estudiante,4to grado,SAN CRISTOBAL,1,0.6,1
2025,9,IQS,Estudiante,4to grado,SAN FRANCISCO DE MACORIS,5,2.9,8
2025,9,IQS,Estudiante,4to grado,SAN JUAN DE LA MAGUANA,8,4.3,9
2025,9,IQS,Estudiante,4to grado,SAN PEDRO DE MACORIS,1,0.5,1
2025,9,IQS,Estudiante,4to grado,SANTIAGO,13,5.3,14
2025,9,IQS,Estudiante,4to grado,SANTO DOMINGO,14,14.2,18
2025,9,IQS,Estudiante,4to grado,Sin ubicación,11,17.6,42
2025,9,IQS,Estudiante,5to grado,LA VEGA,3,1.3,7
2025,9,IQS,Estudiante,5to grado,PUERTO PLATA,39,57.7,102
2025,9,IQS,Estudiante,5to grado,SAN FRANCISCO DE MACORIS,1,1.7,1
2025,9,IQS,Estudiante,5to grado,SANTIAGO,3,0.7,3
2025,9,IQS,Estudiante,5to grado,SANTO DOMINGO,17,11.1,20
2025,9,IQS,Estudiante,5to grado,Sin ubicación,17,9.1,20
2025,9,IQS,Estudiante,6to grado,AZUA,5,2.1,9
2025,9,IQS,Estudiante,6to grado,BARAHONA,2,1.2,4
2025,9,IQS,Estudiante,6to grado,COTUI,22,7.3,29
2025,9,IQS,Estudiante,6to grado,HIGUEY,37,20.8,57
2025,9,IQS,Estudiante,6to grado,LA VEGA,111,87.0,150
2025,9,IQS,Estudiante,6to grado,MAO,1,0.5,1
2025,9,IQS,Estudiante,6to grado,MONTE CRISTI,10,6.6,16
2025,9,IQS,Estudiante,6to grado,MONTE PLATA,6,3.0,10
2025,9,IQS,Estudiante,6to grado,NAGUA,4,3.4,10
2025,9,IQS,Estudiante,6to grado,PUERTO PLATA,27,26.8,45
2025,9,IQS,Estudiante,6to grado,SAN CRISTOBAL,4,1.8,7
2025,9,IQS,Estudiante,6to grado,SAN FRANCISCO DE MACORIS,37,27.8,58
2025,9,IQS,Estudiante,6to grado,SAN JUAN DE LA MAGUANA,15,8.7,24
2025,9,IQS,Estudiante,6to grado,SAN PEDRO DE MACORIS,40,35.3,76
2025,9,IQS,Estudiante,6to grado,SANTIAGO,83,74.2,145
2025,9,IQS,Estudiante,6to grado,SANTO DOMINGO,188,117.4,290
2025,9,IQS,Estudiante,6to grado,Sin ubicación,125,90.4,211
2025,9,IQS,Invitado,6to grado,SANTO DOMINGO,3,1.1,3
2025,9,IQS,Invitado,6to grado,Sin ubicación,51,43.5,82
2025,10,IQ512,Editor,No especificado,Sin ubicación,1,1.1,1
2025,10,IQ512,Estudiante,No especificado,AZUA,1,0.7,1
2025,10,IQ512,Estudiante,No especificado,BAHORUCO,1,0.1,1
2025,10,IQ512,Estudiante,No especificado,BARAHONA,2,0.3,2
2025,10,IQ512,Estudiante,No especificado,LA VEGA,1,0.7,1
2025,10,IQ512,Estudiante,No especificado,MAO,1,0.7,1
2025,10,IQ512,Estudiante,No especificado,MONTE CRISTI,1,0.5,2
2025,10,IQ512,Estudiante,No especificado,SAN CRISTOBAL,1,0.4,2
2025,10,IQ512,Estudiante,No especificado,SAN FRANCISCO DE MACORIS,1,0.5,1
2025,10,IQ512,Estudiante,No especificado,SAN JUAN DE LA MAGUANA,1,1.0,2
2025,10,IQ512,Estudiante,No especificado,SAN PEDRO DE MACORIS,1,0.5,1
2025,10,IQ512,Estudiante,No especificado,SANTO DOMINGO,6,13.4,12
2025,10,IQ512,Estudiante,No especificado,Sin ubicación,36,33.5,44
2025,10,IQP,Docente,1er grado,Sin ubicación,1,14.6,13
2025,10,IQP,Docente,4to grado,SANTIAGO,1,0.2,1
2025,10,IQP,Docente,4to grado,Sin ubicación,1,0.8,2
2025,10,IQP,Docente,5to grado,AZUA,1,0.2,1
2025,10,IQP,Docente,5to grado,COTUI,4,2.8,4
2025,10,IQP,Docente,5to grado,HIGUEY,1,0.6,1
2025,10,IQP,Docente,5to grado,LA VEGA,4,3.8,5
2025,10,IQP,Docente,5to grado,MAO,1,0.9,1
2025,10,IQP,Docente,5to grado,MONTE CRISTI,1,0.2,1
2025,10,IQP,Docente,5to grado,NAGUA,2,1.3,4
2025,10,IQP,Docente,5to grado,PUERTO PLATA,3,14.5,16
2025,10,IQP,Docente,5to grado,SAN CRISTOBAL,2,3.6,6
2025,10,IQP,Docente,5to grado,SAN FRANCISCO DE MACORIS,2,0.6,2
2025,10,IQP,Docente,5to grado,SAN PEDRO DE MACORIS,1,2.5,1
2025,10,IQP,Docente,5to grado,SANTIAGO,2,1.6,2
2025,10,IQP,Docente,5to grado,SANTO DOMINGO,8,4.8,11
2025,10,IQP,Docente,5to grado,Sin ubicación,4,3.7,5
2025,10,IQP,Docente,6to grado,COTUI,2,2.5,3
2025,10,IQP,Docente,6to grado,SANTIAGO,1,0.2,1
2025,10,IQP,Estudiante,1er grado,AZUA,1,0.4,1
2025,10,IQP,Estudiante,1er grado,Sin ubicación,1,1.1,2
2025,10,IQP,Estudiante,2do grado,Sin ubicación,2,1.5,2
2025,10,IQP,Estudiante,3er grado,Sin ubicación,1,0.5,1
2025,10,IQP,Estudiante,4to grado,MONTE PLATA,1,0.5,1
2025,10,IQP,Estudiante,4to grado,SANTO DOMINGO,1,0.6,1
2025,10,IQP,Estudiante,5to grado,Sin ubicación,1,0.3,2
2025,10,IQP,Estudiante,6to grado,COTUI,1,0.5,1
2025,10,IQP,Estudiante,6to grado,SAN FRANCISCO DE MACORIS,1,0.3,1
2025,10,IQP,Estudiante,6to grado,SANTIAGO,1,0.3,1
2025,10,IQP,Estudiante,6to grado,SANTO DOMINGO,4,1.8,5
2025,10,IQP,Estudiante,6to grado,Sin ubicación,1,0.4,1
2025,10,IQP,Sin rol,No especificado,Sin ubicación,1,9.5,9
2025,10,IQS,Docente,1er grado,AZUA,2,4.8,3
2025,10,IQS,Docente,1er grado,MONTE CRISTI,1,1.5,2
2025,10,IQS,Docente,1er grado,Sin ubicación,1,1.6,2
2025,10,IQS,Docente,4to grado,AZUA,6,6.4,9
2025,10,IQS,Docente,4to grado,COTUI,1,0.4,1
2025,10,IQS,Docente,4to grado,HIGUEY,1,0.0,1
2025,10,IQS,Docente,4to grado,LA VEGA,7,16.5,18
2025,10,IQS,Docente,4to grado,MAO,2,0.7,2
2025,10,IQS,Docente,4to grado,MONTE CRISTI,12,34.8,41
2025,10,IQS,Docente,4to grado,NAGUA,2,2.4,3
2025,10,IQS,Docente,4to grado,PUERTO PLATA,2,0.6,2
2025,10,IQS,Docente,4to grado,SAN CRISTOBAL,3,22.5,12
2025,10,IQS,Docente,4to grado,SAN FRANCISCO DE MACORIS,7,8.1,11
2025,10,IQS,Docente,4to grado,SAN JUAN DE LA MAGUANA,2,2.4,5
2025,10,IQS,Docente,4to grado,SAN PEDRO DE MACORIS,3,3.8,11
2025,10,IQS,Docente,4to grado,SANTIAGO,4,3.6,8
2025,10,IQS,Docente,4to grado,SANTO DOMINGO,10,7.2,13
2025,10,IQS,Docente,4to grado,Sin ubicación,16,6.5,19
2025,10,IQS,Docente,5to grado,SAN PEDRO DE MACORIS,1,0.1,1
2025,10,IQS,Docente,6to grado,HIGUEY,1,1.6,1
2025,10,IQS,Docente,6to grado,SANTO DOMINGO,1,0.8,2
2025,10,IQS,Docente,6to grado,Sin ubicación,1,0.4,1
2025,10,IQS,Docente,No especificado,SANTO DOMINGO,1,1.7,6
2025,10,IQS,Editor,No especificado,SANTIAGO,1,20.4,12
2025,10,IQS,Estudiante,1er grado,SAN PEDRO DE MACORIS,3,6.7,14
2025,10,IQS,Estudiante,1er grado,SANTIAGO,4,2.9,4
2025,10,IQS,Estudiante,1er grado,SANTO DOMINGO,33,28.7,66
2025,10,IQS,Estudiante,1er grado,Sin ubicación,8,4.6,10
2025,10,IQS,Estudiante,2do grado,LA VEGA,4,1.0,4
2025,10,IQS,Estudiante,2do grado,MONTE CRISTI,2,1.4,4
2025,10,IQS,Estudiante,2do grado,NAGUA,2,0.6,2
2025,10,IQS,Estudiante,2do grado,SANTIAGO,2,1.5,3
2025,10,IQS,Estudiante,2do grado,SANTO DOMINGO,8,6.6,16
2025,10,IQS,Estudiante,2do grado,Sin ubicación,4,3.2,6
2025,10,IQS,Estudiante,3er grado,PUERTO PLATA,1,0.3,1
2025,10,IQS,Estudiante,3er grado,SAN PEDRO DE MACORIS,1,0.5,1
2025,10,IQS,Estudiante,3er grado,SANTIAGO,7,10.2,15
2025,10,IQS,Estudiante,3er grado,SANTO DOMINGO,16,10.3,23
2025,10,IQS,Estudiante,3er grado,Sin ubicación,6,0.9,7
2025,10,IQS,Estudiante,4to grado,HIGUEY,3,1.9,3
2025,10,IQS,Estudiante,4to grado,LA VEGA,1,0.8,3
2025,10,IQS,Estudiante,4to grado,MONTE CRISTI,5,1.3,5
2025,10,IQS,Estudiante,4to grado,NAGUA,1,0.6,2
2025,10,IQS,Estudiante,4to grado,SAN CRISTOBAL,1,0.3,1
2025,10,IQS,Estudiante,4to grado,SAN FRANCISCO DE MACORIS,11,7.6,11
2025,10,IQS,Estudiante,4to grado,SAN JUAN DE LA MAGUANA,1,0.1,1
2025,10,IQS,Estudiante,4to grado,SANTIAGO,3,2.2,4
2025,10,IQS,Estudiante,4to grado,SANTO DOMINGO,4,3.6,9
2025,10,IQS,Estudiante,4to grado,Sin ubicación,10,5.9,17
2025,10,IQS,Estudiante,5to grado,AZUA,1,1.0,1
2025,10,IQS,Estudiante,5to grado,LA VEGA,1,0.5,1
2025,10,IQS,Estudiante,5to grado,SAN CRISTOBAL,1,0.3,1
2025,10,IQS,Estudiante,5to grado,SAN PEDRO DE MACORIS,1,1.1,2
2025,10,IQS,Estudiante,5to grado,SANTO DOMINGO,4,1.7,8
2025,10,IQS,Estudiante,5to grado,Sin ubicación,5,2.9,10
2025,10,IQS,Estudiante,6to grado,AZUA,68,118.9,157
2025,10,IQS,Estudiante,6to grado,BARAHONA,1,0.4,1
2025,10,IQS,Estudiante,6to grado,COTUI,3,1.9,6
2025,10,IQS,Estudiante,6to grado,HIGUEY,27,19.2,36
2025,10,IQS,Estudiante,6to grado,LA VEGA,138,159.5,222
2025,10,IQS,Estudiante,6to grado,MAO,1,0.5,2
2025,10,IQS,Estudiante,6to grado,MONTE CRISTI,156,154.3,281
2025,10,IQS,Estudiante,6to grado,MONTE PLATA,1,0.3,2
2025,10,IQS,Estudiante,6to grado,NAGUA,7,2.8,14
2025,10,IQS,Estudiante,6to grado,PUERTO PLATA,2,6.1,11
2025,10,IQS,Estudiante,6to grado,SAN CRISTOBAL,122,72.7,155
2025,10,IQS,Estudiante,6to grado,SAN FRANCISCO DE MACORIS,12,9.7,22
2025,10,IQS,Estudiante,6to grado,SAN JUAN DE LA MAGUANA,32,11.7,35
2025,10,IQS,Estudiante,6to grado,SAN PEDRO DE MACORIS,81,97.3,271
2025,10,IQS,Estudiante,6to grado,SANTIAGO,38,31.7,58
2025,10,IQS,Estudiante,6to grado,SANTO DOMINGO,70,40.2,118
2025,10,IQS,Estudiante,6to grado,Sin ubicación,94,57.1,131
2025,10,IQS,Estudiante,No especificado,SANTO DOMINGO,1,0.4,1
2025,10,IQS,Invitado,6to grado,Sin ubicación,27,20.4,36
2025,11,IQ512,Editor,No especificado,Sin ubicación,1,0.1,1
2025,11,IQ512,Estudiante,No especificado,AZUA,1,0.7,1
2025,11,IQ512,Estudiante,No especificado,COTUI,1,0.4,1
2025,11,IQ512,Estudiante,No especificado,HIGUEY,1,0.3,1
2025,11,IQ512,Estudiante,No especificado,MAO,2,2.8,2
2025,11,IQ512,Estudiante,No especificado,MONTE CRISTI,1,0.3,1
2025,11,IQ512,Estudiante,No especificado,MONTE PLATA,1,0.5,1
2025,11,IQ512,Estudiante,No especificado,NAGUA,1,0.8,1
2025,11,IQ512,Estudiante,No especificado,SAN JUAN DE LA MAGUANA,1,0.0,1
2025,11,IQ512,Estudiante,No especificado,SANTIAGO,1,0.4,1
2025,11,IQ512,Estudiante,No especificado,SANTO DOMINGO,8,8.3,13
2025,11,IQ512,Estudiante,No especificado,Sin ubicación,41,29.1,53
2025,11,IQP,Docente,1er grado,Sin ubicación,1,5.2,3
2025,11,IQP,Docente,4to grado,SANTIAGO,1,0.4,1
2025,11,IQP,Docente,4to grado,Sin ubicación,1,1.1,1
2025,11,IQP,Docente,5to grado,COTUI,1,1.9,2
2025,11,IQP,Docente,5to grado,HIGUEY,1,1.0,1
2025,11,IQP,Docente,5to grado,LA VEGA,1,0.5,1
2025,11,IQP,Docente,5to grado,MONTE CRISTI,1,0.8,1
2025,11,IQP,Docente,5to grado,PUERTO PLATA,4,6.9,13
2025,11,IQP,Docente,5to grado,SAN CRISTOBAL,2,4.3,8
2025,11,IQP,Docente,5to grado,SANTIAGO,1,4.0,4
2025,11,IQP,Docente,5to grado,SANTO DOMINGO,7,5.5,10
2025,11,IQP,Docente,5to grado,Sin ubicación,2,2.0,3
2025,11,IQP,Docente,6to grado,COTUI,1,0.5,1
2025,11,IQP,Docente,6to grado,NAGUA,1,4.4,7
2025,11,IQP,Docente,6to grado,SAN FRANCISCO DE MACORIS,1,0.0,1
2025,11,IQP,Docente,6to grado,SANTO DOMINGO,1,1.0,1
2025,11,IQP,Estudiante,1er grado,AZUA,1,0.6,1
2025,11,IQP,Estudiante,1er grado,SAN CRISTOBAL,1,1.9,1
2025,11,IQP,Estudiante,2do grado,SANTO DOMINGO,1,0.4,1
2025,11,IQP,Estudiante,4to grado,AZUA,1,0.3,1
2025,11,IQP,Estudiante,5to grado,COTUI,1,0.2,1
2025,11,IQP,Estudiante,5to grado,SANTO DOMINGO,24,28.0,38
2025,11,IQP,Estudiante,6to grado,SANTO DOMINGO,2,1.4,2
2025,11,IQP,Estudiante,6to grado,Sin ubicación,2,1.0,2
2025,11,IQP,Sin rol,No especificado,Sin ubicación,1,17.0,8
2025,11,IQS,Docente,1er grado,AZUA,1,4.3,3
2025,11,IQS,Docente,1er grado,Sin ubicación,1,1.1,1
2025,11,IQS,Docente,4to grado,AZUA,3,2.4,4
2025,11,IQS,Docente,4to grado,COTUI,3,1.4,4
2025,11,IQS,Docente,4to grado,HIGUEY,1,2.7,2
2025,11,IQS,Docente,4to grado,LA VEGA,1,0.4,1
2025,11,IQS,Docente,4to grado,MONTE CRISTI,7,3.9,10
2025,11,IQS,Docente,4to grado,NAGUA,1,0.0,1
2025,11,IQS,Docente,4to grado,PUERTO PLATA,2,0.9,2
2025,11,IQS,Docente,4to grado,SAN FRANCISCO DE MACORIS,4,2.7,9
2025,11,IQS,Docente,4to grado,SAN JUAN DE LA MAGUANA,2,0.6,2
2025,11,IQS,Docente,4to grado,SAN PEDRO DE MACORIS,3,2.9,9
2025,11,IQS,Docente,4to grado,SANTIAGO,2,0.9,2
2025,11,IQS,Docente,4to grado,SANTO DOMINGO,10,15.5,24
2025,11,IQS,Docente,4to grado,Sin ubicación,11,3.5,12
2025,11,IQS,Docente,6to grado,SANTO DOMINGO,2,0.9,3
2025,11,IQS,Docente,6to grado,Sin ubicación,2,0.3,2
2025,11,IQS,Editor,No especificado,SANTIAGO,1,7.5,6
2025,11,IQS,Estudiante,1er grado,BARAHONA,2,2.4,4
2025,11,IQS,Estudiante,1er grado,MAO,1,0.5,2
2025,11,IQS,Estudiante,1er grado,MONTE CRISTI,1,0.1,1
2025,11,IQS,Estudiante,1er grado,SAN FRANCISCO DE MACORIS,1,0.0,1
2025,11,IQS,Estudiante,1er grado,SANTIAGO,2,0.9,2
2025,11,IQS,Estudiante,1er grado,SANTO DOMINGO,5,3.0,8
2025,11,IQS,Estudiante,1er grado,Sin ubicación,3,1.1,5
2025,11,IQS,Estudiante,2do grado,AZUA,2,1.2,2
2025,11,IQS,Estudiante,2do grado,SAN FRANCISCO DE MACORIS,4,2.8,6
2025,11,IQS,Estudiante,2do grado,SANTO DOMINGO,5,2.8,7
2025,11,IQS,Estudiante,3er grado,SAN FRANCISCO DE MACORIS,66,38.5,72
2025,11,IQS,Estudiante,3er grado,SANTO DOMINGO,9,3.2,10
2025,11,IQS,Estudiante,3er grado,Sin ubicación,6,2.7,6
2025,11,IQS,Estudiante,4to grado,AZUA,1,0.4,3
2025,11,IQS,Estudiante,4to grado,COTUI,3,2.0,3
2025,11,IQS,Estudiante,4to grado,LA VEGA,2,1.4,2
2025,11,IQS,Estudiante,4to grado,SAN FRANCISCO DE MACORIS,5,3.1,5
2025,11,IQS,Estudiante,4to grado,SAN JUAN DE LA MAGUANA,1,0.2,1
2025,11,IQS,Estudiante,4to grado,SAN PEDRO DE MACORIS,3,3.6,4
2025,11,IQS,Estudiante,4to grado,SANTIAGO,2,1.9,3
2025,11,IQS,Estudiante,4to grado,SANTO DOMINGO,8,2.9,11
2025,11,IQS,Estudiante,4to grado,Sin ubicación,6,5.1,24
2025,11,IQS,Estudiante,5to grado,LA VEGA,17,14.2,56
2025,11,IQS,Estudiante,5to grado,MONTE CRISTI,2,0.0,3
2025,11,IQS,Estudiante,5to grado,SAN FRANCISCO DE MACORIS,22,9.7,22
2025,11,IQS,Estudiante,5to grado,SAN PEDRO DE MACORIS,1,4.3,4
2025,11,IQS,Estudiante,5to grado,SANTIAGO,2,1.8,2
2025,11,IQS,Estudiante,5to grado,SANTO DOMINGO,3,2.3,4
2025,11,IQS,Estudiante,5to grado,Sin ubicación,13,5.6,13
2025,11,IQS,Estudiante,6to grado,AZUA,47,55.4,103
2025,11,IQS,Estudiante,6to grado,BAHORUCO,4,2.6,9
2025,11,IQS,Estudiante,6to grado,COTUI,3,0.9,3
2025,11,IQS,Estudiante,6to grado,HIGUEY,44,28.6,68
2025,11,IQS,Estudiante,6to grado,LA VEGA,16,6.8,30
2025,11,IQS,Estudiante,6to grado,MAO,13,6.4,14
2025,11,IQS,Estudiante,6to grado,MONTE CRISTI,14,4.7,16
2025,11,IQS,Estudiante,6to grado,NAGUA,23,11.4,23
2025,11,IQS,Estudiante,6to grado,PUERTO PLATA,3,1.2,4
2025,11,IQS,Estudiante,6to grado,SAN CRISTOBAL,9,3.5,11
2025,11,IQS,Estudiante,6to grado,SAN FRANCISCO DE MACORIS,55,43.6,98
2025,11,IQS,Estudiante,6to grado,SAN JUAN DE LA MAGUANA,25,8.4,32
2025,11,IQS,Estudiante,6to grado,SAN PEDRO DE MACORIS,62,30.7,76
2025,11,IQS,Estudiante,6to grado,SANTIAGO,21,9.0,26
2025,11,IQS,Estudiante,6to grado,SANTO DOMINGO,221,136.2,357
2025,11,IQS,Estudiante,6to grado,Sin ubicación,84,65.1,136
2025,11,IQS,Estudiante,No especificado,SANTO DOMINGO,1,0.6,1
2025,11,IQS,Invitado,6to grado,SANTO DOMINGO,1,0.6,1
2025,11,IQS,Invitado,6to grado,Sin ubicación,26,15.0,37
2025,12,IQ512,Estudiante,No especificado,AZUA,1,0.3,1
2025,12,IQ512,Estudiante,No especificado,COTUI,1,0.1,2
2025,12,IQ512,Estudiante,No especificado,LA VEGA,2,1.0,2
2025,12,IQ512,Estudiante,No especificado,SANTO DOMINGO,5,2.1,5
2025,12,IQ512,Estudiante,No especificado,Sin ubicación,19,11.7,24
2025,12,IQP,Docente,1er grado,Sin ubicación,1,5.4,9
2025,12,IQP,Docente,4to grado,SANTIAGO,1,0.4,1
2025,12,IQP,Docente,4to grado,Sin ubicación,1,0.7,1
2025,12,IQP,Docente,5to grado,PUERTO PLATA,2,2.5,4
2025,12,IQP,Docente,5to grado,SAN CRISTOBAL,2,4.4,4
2025,12,IQP,Docente,5to grado,SANTO DOMINGO,6,2.2,7
2025,12,IQP,Docente,6to grado,NAGUA,1,0.9,1
2025,12,IQP,Docente,6to grado,SAN FRANCISCO DE MACORIS,1,0.5,1
2025,12,IQP,Docente,6to grado,SANTO DOMINGO,3,5.1,4
2025,12,IQP,Estudiante,3er grado,Sin ubicación,1,0.6,1
2025,12,IQP,Estudiante,5to grado,PUERTO PLATA,1,0.2,1
2025,12,IQP,Estudiante,5to grado,SANTIAGO,1,0.4,1
2025,12,IQP,Estudiante,5to grado,Sin ubicación,1,0.0,1
2025,12,IQP,Sin rol,No especificado,Sin ubicación,1,6.7,6
2025,12,IQS,Docente,1er grado,MONTE CRISTI,1,0.0,1
2025,12,IQS,Docente,1er grado,SANTIAGO,1,1.2,1
2025,12,IQS,Docente,1er grado,SANTO DOMINGO,1,1.6,2
2025,12,IQS,Docente,1er grado,Sin ubicación,1,0.0,1
2025,12,IQS,Docente,4to grado,HIGUEY,1,1.2,2
2025,12,IQS,Docente,4to grado,MAO,1,0.5,1
2025,12,IQS,Docente,4to grado,MONTE CRISTI,3,1.0,3
2025,12,IQS,Docente,4to grado,NAGUA,1,1.6,1
2025,12,IQS,Docente,4to grado,SAN CRISTOBAL,1,1.2,3
2025,12,IQS,Docente,4to grado,SAN FRANCISCO DE MACORIS,7,3.7,10
2025,12,IQS,Docente,4to grado,SANTIAGO,8,13.1,18
2025,12,IQS,Docente,4to grado,SANTO DOMINGO,1,6.0,8
2025,12,IQS,Docente,4to grado,Sin ubicación,6,3.2,7
2025,12,IQS,Docente,6to grado,Sin ubicación,1,0.8,2
2025,12,IQS,Docente,No especificado,SANTIAGO,1,1.7,2
2025,12,IQS,Editor,No especificado,SANTIAGO,1,1.4,3
2025,12,IQS,Estudiante,1er grado,SAN CRISTOBAL,1,0.1,2
2025,12,IQS,Estudiante,1er grado,SANTO DOMINGO,2,0.1,3
2025,12,IQS,Estudiante,1er grado,Sin ubicación,1,0.3,2
2025,12,IQS,Estudiante,2do grado,LA VEGA,2,1.2,4
2025,12,IQS,Estudiante,2do grado,SAN FRANCISCO DE MACORIS,6,2.1,6
2025,12,IQS,Estudiante,2do grado,SANTIAGO,1,0.3,1
2025,12,IQS,Estudiante,2do grado,SANTO DOMINGO,1,0.3,1
2025,12,IQS,Estudiante,2do grado,Sin ubicación,1,0.6,1
2025,12,IQS,Estudiante,3er grado,SAN FRANCISCO DE MACORIS,7,3.1,8
2025,12,IQS,Estudiante,3er grado,SAN PEDRO DE MACORIS,2,0.6,2
2025,12,IQS,Estudiante,3er grado,SANTIAGO,1,1.2,2
2025,12,IQS,Estudiante,3er grado,SANTO DOMINGO,1,0.4,1
2025,12,IQS,Estudiante,3er grado,Sin ubicación,1,0.3,2
2025,12,IQS,Estudiante,4to grado,BAHORUCO,2,1.0,2
2025,12,IQS,Estudiante,4to grado,LA VEGA,2,0.7,2
2025,12,IQS,Estudiante,4to grado,SAN FRANCISCO DE MACORIS,90,44.5,90
2025,12,IQS,Estudiante,4to grado,SANTIAGO,2,0.8,2
2025,12,IQS,Estudiante,4to grado,SANTO DOMINGO,4,2.5,4
2025,12,IQS,Estudiante,4to grado,Sin ubicación,8,4.4,15
2025,12,IQS,Estudiante,5to grado,MONTE CRISTI,1,0.7,1
2025,12,IQS,Estudiante,5to grado,SAN CRISTOBAL,1,0.5,1
2025,12,IQS,Estudiante,5to grado,SAN FRANCISCO DE MACORIS,4,1.3,5
2025,12,IQS,Estudiante,5to grado,SANTIAGO,2,0.7,2
2025,12,IQS,Estudiante,5to grado,SANTO DOMINGO,5,4.2,11
2025,12,IQS,Estudiante,5to grado,Sin ubicación,4,2.1,6
2025,12,IQS,Estudiante,6to grado,AZUA,22,18.6,30
2025,12,IQS,Estudiante,6to grado,BAHORUCO,1,0.3,2
2025,12,IQS,Estudiante,6to grado,COTUI,3,1.2,3
2025,12,IQS,Estudiante,6to grado,HIGUEY,5,2.9,5
2025,12,IQS,Estudiante,6to grado,LA VEGA,2,1.1,9
2025,12,IQS,Estudiante,6to grado,MAO,26,12.2,27
2025,12,IQS,Estudiante,6to grado,NAGUA,2,0.5,2
2025,12,IQS,Estudiante,6to grado,SAN CRISTOBAL,2,0.7,4
2025,12,IQS,Estudiante,6to grado,SAN FRANCISCO DE MACORIS,39,30.3,54
2025,12,IQS,Estudiante,6to grado,SAN JUAN DE LA MAGUANA,1,0.1,1
2025,12,IQS,Estudiante,6to grado,SAN PEDRO DE MACORIS,13,5.4,15
2025,12,IQS,Estudiante,6to grado,SANTIAGO,122,94.8,160
2025,12,IQS,Estudiante,6to grado,SANTO DOMINGO,116,119.2,217
2025,12,IQS,Estudiante,6to grado,Sin ubicación,36,24.7,57
2025,12,IQS,Invitado,6to grado,SANTO DOMINGO,1,0.9,2
2025,12,IQS,Invitado,6to grado,Sin ubicación,16,7.0,22
2026,1,IQ512,Editor,No especificado,Sin ubicación,1,0.4,1
2026,1,IQ512,Estudiante,No especificado,BARAHONA,1,0.4,1
2026,1,IQ512,Estudiante,No especificado,LA VEGA,2,8.0,7
2026,1,IQ512,Estudiante,No especificado,MAO,2,0.8,2
2026,1,IQ512,Estudiante,No especificado,MONTE PLATA,1,0.1,1
2026,1,IQ512,Estudiante,No especificado,NAGUA,1,0.0,1
2026,1,IQ512,Estudiante,No especificado,SAN CRISTOBAL,1,0.3,1
2026,1,IQ512,Estudiante,No especificado,SANTO DOMINGO,2,0.4,2
2026,1,IQ512,Estudiante,No especificado,Sin ubicación,21,13.9,31
2026,1,IQP,Docente,1er grado,Sin ubicación,1,14.4,12
2026,1,IQP,Docente,4to grado,AZUA,1,0.8,1
2026,1,IQP,Docente,4to grado,SAN FRANCISCO DE MACORIS,1,0.1,1
2026,1,IQP,Docente,4to grado,SANTIAGO,1,2.9,2
2026,1,IQP,Docente,4to grado,SANTO DOMINGO,1,0.0,1
2026,1,IQP,Docente,4to grado,Sin ubicación,2,0.9,2
2026,1,IQP,Docente,5to grado,AZUA,2,3.3,2
2026,1,IQP,Docente,5to grado,COTUI,1,0.2,1
2026,1,IQP,Docente,5to grado,HIGUEY,1,0.0,1
2026,1,IQP,Docente,5to grado,LA VEGA,7,9.4,15
2026,1,IQP,Docente,5to grado,MAO,1,1.0,1
2026,1,IQP,Docente,5to grado,MONTE CRISTI,2,1.0,2
2026,1,IQP,Docente,5to grado,PUERTO PLATA,2,4.8,8
2026,1,IQP,Docente,5to grado,SAN CRISTOBAL,1,1.1,4
2026,1,IQP,Docente,5to grado,SAN FRANCISCO DE MACORIS,2,1.4,4
2026,1,IQP,Docente,5to grado,SANTIAGO,1,3.0,3
2026,1,IQP,Docente,5to grado,SANTO DOMINGO,4,2.6,5
2026,1,IQP,Docente,5to grado,Sin ubicación,2,1.0,2
2026,1,IQP,Docente,6to grado,NAGUA,1,3.1,2
2026,1,IQP,Docente,6to grado,SANTO DOMINGO,1,0.5,1
2026,1,IQP,Docente,6to grado,Sin ubicación,1,0.0,1
2026,1,IQP,Estudiante,1er grado,Sin ubicación,3,1.4,3
2026,1,IQP,Estudiante,2do grado,SANTO DOMINGO,1,0.6,1
2026,1,IQP,Estudiante,3er grado,SANTIAGO,2,0.5,2
2026,1,IQP,Estudiante,3er grado,SANTO DOMINGO,1,0.3,1
2026,1,IQP,Estudiante,4to grado,COTUI,1,0.5,1
2026,1,IQP,Estudiante,4to grado,LA VEGA,1,0.2,1
2026,1,IQP,Estudiante,4to grado,MONTE PLATA,1,0.3,1
2026,1,IQP,Estudiante,4to grado,SANTO DOMINGO,1,0.0,1
2026,1,IQP,Estudiante,5to grado,AZUA,1,0.3,1
2026,1,IQP,Estudiante,5to grado,LA VEGA,1,0.2,1
2026,1,IQP,Estudiante,5to grado,SANTO DOMINGO,8,10.7,10
2026,1,IQP,Estudiante,6to grado,BARAHONA,1,0.2,1
2026,1,IQP,Estudiante,6to grado,SANTO DOMINGO,4,4.0,5
2026,1,IQP,Estudiante,6to grado,Sin ubicación,5,2.8,5
2026,1,IQP,Sin rol,No especificado,Sin ubicación,1,9.0,11
2026,1,IQS,Docente,1er grado,LA VEGA,1,2.4,4
2026,1,IQS,Docente,1er grado,MONTE CRISTI,3,4.2,5
2026,1,IQS,Docente,1er grado,SAN JUAN DE LA MAGUANA,1,4.3,5
2026,1,IQS,Docente,1er grado,SANTIAGO,2,1.8,2
2026,1,IQS,Docente,1er grado,SANTO DOMINGO,2,7.8,11
2026,1,IQS,Docente,1er grado,Sin ubicación,3,1.3,10
2026,1,IQS,Docente,4to grado,AZUA,1,1.4,3
2026,1,IQS,Docente,4to grado,BAHORUCO,1,0.4,1
2026,1,IQS,Docente,4to grado,COTUI,2,2.4,4
2026,1,IQS,Docente,4to grado,HIGUEY,2,0.7,3
2026,1,IQS,Docente,4to grado,LA VEGA,2,0.4,2
2026,1,IQS,Docente,4to grado,MONTE CRISTI,5,5.6,9
2026,1,IQS,Docente,4to grado,MONTE PLATA,4,1.7,4
2026,1,IQS,Docente,4to grado,NAGUA,2,0.8,2
2026,1,IQS,Docente,4to grado,PUERTO PLATA,1,0.3,1
2026,1,IQS,Docente,4to grado,SAN CRISTOBAL,5,1.6,8
2026,1,IQS,Docente,4to grado,SAN FRANCISCO DE MACORIS,12,7.2,14
2026,1,IQS,Docente,4to grado,SAN JUAN DE LA MAGUANA,2,1.5,3
2026,1,IQS,Docente,4to grado,SAN PEDRO DE MACORIS,8,7.6,16
2026,1,IQS,Docente,4to grado,SANTIAGO,8,3.7,14
2026,1,IQS,Docente,4to grado,SANTO DOMINGO,21,25.8,41
2026,1,IQS,Docente,4to grado,Sin ubicación,11,8.8,26
2026,1,IQS,Docente,6to grado,HIGUEY,1,0.4,1
2026,1,IQS,Docente,6to grado,MONTE CRISTI,2,0.7,2
2026,1,IQS,Docente,6to grado,SAN FRANCISCO DE MACORIS,2,3.5,9
2026,1,IQS,Docente,6to grado,SANTO DOMINGO,1,1.8,1
2026,1,IQS,Docente,6to grado,Sin ubicación,1,1.1,1
2026,1,IQS,Docente,No especificado,SAN CRISTOBAL,1,0.3,1
2026,1,IQS,Docente,No especificado,Sin ubicación,1,0.5,1
2026,1,IQS,Editor,No especificado,SANTIAGO,1,0.3,1
2026,1,IQS,Estudiante,1er grado,COTUI,1,0.2,2
2026,1,IQS,Estudiante,1er grado,HIGUEY,3,2.3,11
2026,1,IQS,Estudiante,1er grado,NAGUA,2,1.0,4
2026,1,IQS,Estudiante,1er grado,SAN CRISTOBAL,2,0.3,3
2026,1,IQS,Estudiante,1er grado,SAN FRANCISCO DE MACORIS,1,0.0,1
2026,1,IQS,Estudiante,1er grado,SAN JUAN DE LA MAGUANA,3,1.9,8
2026,1,IQS,Estudiante,1er grado,SANTIAGO,1,0.0,1
2026,1,IQS,Estudiante,1er grado,SANTO DOMINGO,5,3.1,7
2026,1,IQS,Estudiante,2do grado,AZUA,1,0.4,2
2026,1,IQS,Estudiante,2do grado,HIGUEY,3,2.5,7
2026,1,IQS,Estudiante,2do grado,MONTE CRISTI,1,2.5,2
2026,1,IQS,Estudiante,2do grado,SAN CRISTOBAL,3,0.0,3
2026,1,IQS,Estudiante,2do grado,SAN FRANCISCO DE MACORIS,3,1.2,4
2026,1,IQS,Estudiante,2do grado,SANTIAGO,7,4.8,9
2026,1,IQS,Estudiante,2do grado,SANTO DOMINGO,4,1.5,6
2026,1,IQS,Estudiante,2do grado,Sin ubicación,10,4.4,12
2026,1,IQS,Estudiante,3er grado,MONTE CRISTI,1,0.1,1
2026,1,IQS,Estudiante,3er grado,SANTIAGO,2,0.3,3
2026,1,IQS,Estudiante,3er grado,SANTO DOMINGO,1,0.8,2
2026,1,IQS,Estudiante,3er grado,Sin ubicación,2,1.0,3
2026,1,IQS,Estudiante,4to grado,COTUI,3,1.7,3
2026,1,IQS,Estudiante,4to grado,HIGUEY,3,1.8,3
2026,1,IQS,Estudiante,4to grado,MONTE CRISTI,2,0.7,2
2026,1,IQS,Estudiante,4to grado,SAN CRISTOBAL,34,2.8,43
2026,1,IQS,Estudiante,4to grado,SAN FRANCISCO DE MACORIS,5,2.6,5
2026,1,IQS,Estudiante,4to grado,SAN JUAN DE LA MAGUANA,7,3.0,10
2026,1,IQS,Estudiante,4to grado,SAN PEDRO DE MACORIS,3,4.0,5
2026,1,IQS,Estudiante,4to grado,SANTIAGO,13,5.5,18
2026,1,IQS,Estudiante,4to grado,SANTO DOMINGO,35,10.0,48
2026,1,IQS,Estudiante,4to grado,Sin ubicación,38,16.2,52
2026,1,IQS,Estudiante,5to grado,LA VEGA,1,0.3,2
2026,1,IQS,Estudiante,5to grado,MONTE CRISTI,3,1.1,3
2026,1,IQS,Estudiante,5to grado,MONTE PLATA,1,0.4,2
2026,1,IQS,Estudiante,5to grado,SAN CRISTOBAL,2,0.2,2
2026,1,IQS,Estudiante,5to grado,SAN FRANCISCO DE MACORIS,1,0.0,1
2026,1,IQS,Estudiante,5to grado,SAN JUAN DE LA MAGUANA,3,2.9,5
2026,1,IQS,Estudiante,5to grado,SAN PEDRO DE MACORIS,3,1.6,3
2026,1,IQS,Estudiante,5to grado,SANTIAGO,3,0.7,4
2026,1,IQS,Estudiante,5to grado,SANTO DOMINGO,3,2.3,9
2026,1,IQS,Estudiante,5to grado,Sin ubicación,11,5.9,12
2026,1,IQS,Estudiante,6to grado,AZUA,54,28.1,81
2026,1,IQS,Estudiante,6to grado,BAHORUCO,2,1.8,4
2026,1,IQS,Estudiante,6to grado,BARAHONA,4,1.2,6
2026,1,IQS,Estudiante,6to grado,COTUI,22,14.2,54
2026,1,IQS,Estudiante,6to grado,HIGUEY,81,63.9,157
2026,1,IQS,Estudiante,6to grado,LA VEGA,19,13.3,36
2026,1,IQS,Estudiante,6to grado,MAO,1,0.6,1
2026,1,IQS,Estudiante,6to grado,MONTE CRISTI,101,81.1,137
2026,1,IQS,Estudiante,6to grado,MONTE PLATA,4,1.8,6
2026,1,IQS,Estudiante,6to grado,NAGUA,27,11.8,41
2026,1,IQS,Estudiante,6to grado,PUERTO PLATA,3,2.7,9
2026,1,IQS,Estudiante,6to grado,SAN CRISTOBAL,44,23.8,57
2026,1,IQS,Estudiante,6to grado,SAN FRANCISCO DE MACORIS,69,70.1,173
2026,1,IQS,Estudiante,6to grado,SAN JUAN DE LA MAGUANA,142,93.5,274
2026,1,IQS,Estudiante,6to grado,SAN PEDRO DE MACORIS,57,62.7,128
2026,1,IQS,Estudiante,6to grado,SANTIAGO,220,119.4,268
2026,1,IQS,Estudiante,6to grado,SANTO DOMINGO,393,273.4,575
2026,1,IQS,Estudiante,6to grado,Sin ubicación,217,128.4,341
2026,1,IQS,Estudiante,No especificado,SAN PEDRO DE MACORIS,1,0.9,1
2026,1,IQS,Estudiante,No especificado,SANTO DOMINGO,1,0.4,1
2026,1,IQS,Invitado,6to grado,SANTO DOMINGO,2,3.6,5
2026,1,IQS,Invitado,6to grado,Sin ubicación,46,107.4,89
2026,2,IQ512,Editor,No especificado,Sin ubicación,1,1.4,1
2026,2,IQ512,Estudiante,No especificado,LA VEGA,1,1.8,3
2026,2,IQ512,Estudiante,No especificado,MAO,1,0.7,1
2026,2,IQ512,Estudiante,No especificado,SAN FRANCISCO DE MACORIS,1,0.2,1
2026,2,IQ512,Estudiante,No especificado,SANTO DOMINGO,3,1.1,3
2026,2,IQ512,Estudiante,No especificado,Sin ubicación,18,11.2,20
2026,2,IQP,Docente,1er grado,Sin ubicación,1,24.5,17
2026,2,IQP,Docente,4to grado,SANTIAGO,1,0.4,1
2026,2,IQP,Docente,4to grado,Sin ubicación,1,0.3,1
2026,2,IQP,Docente,5to grado,AZUA,1,1.6,1
2026,2,IQP,Docente,5to grado,COTUI,1,0.5,1
2026,2,IQP,Docente,5to grado,LA VEGA,6,7.9,10
2026,2,IQP,Docente,5to grado,MONTE CRISTI,3,6.5,9
2026,2,IQP,Docente,5to grado,PUERTO PLATA,3,1.3,4
2026,2,IQP,Docente,5to grado,SAN CRISTOBAL,2,4.5,6
2026,2,IQP,Docente,5to grado,SAN FRANCISCO DE MACORIS,2,0.7,2
2026,2,IQP,Docente,5to grado,SAN JUAN DE LA MAGUANA,1,0.3,1
2026,2,IQP,Docente,5to grado,SANTIAGO,2,1.3,2
2026,2,IQP,Docente,5to grado,SANTO DOMINGO,8,5.2,8
2026,2,IQP,Docente,5to grado,Sin ubicación,2,2.1,3
2026,2,IQP,Docente,6to grado,COTUI,1,0.6,1
2026,2,IQP,Docente,6to grado,MONTE PLATA,1,0.5,1
2026,2,IQP,Docente,6to grado,NAGUA,1,1.4,2
2026,2,IQP,Docente,6to grado,Sin ubicación,1,0.2,1
2026,2,IQP,Docente,No especificado,Sin ubicación,1,1.3,1
2026,2,IQP,Estudiante,2do grado,SANTO DOMINGO,1,0.8,1
2026,2,IQP,Estudiante,3er grado,MONTE CRISTI,1,0.5,1
2026,2,IQP,Estudiante,4to grado,MONTE CRISTI,1,0.5,1
2026,2,IQP,Estudiante,4to grado,SAN FRANCISCO DE MACORIS,1,0.8,1
2026,2,IQP,Estudiante,4to grado,SANTO DOMINGO,1,2.9,4
2026,2,IQP,Estudiante,5to grado,PUERTO PLATA,1,0.8,1
2026,2,IQP,Estudiante,5to grado,SANTO DOMINGO,5,4.5,10
2026,2,IQP,Estudiante,6to grado,MONTE CRISTI,1,1.0,1
2026,2,IQP,Estudiante,6to grado,SAN JUAN DE LA MAGUANA,1,0.2,1
2026,2,IQP,Parent,No especificado,Sin ubicación,1,0.8,1
2026,2,IQP,Sin rol,No especificado,Sin ubicación,1,7.5,7
2026,2,IQS,Docente,1er grado,LA VEGA,1,0.1,2
2026,2,IQS,Docente,1er grado,MONTE CRISTI,2,1.4,2
2026,2,IQS,Docente,1er grado,SAN CRISTOBAL,1,2.7,6
2026,2,IQS,Docente,1er grado,SAN FRANCISCO DE MACORIS,1,0.4,1
2026,2,IQS,Docente,1er grado,SAN JUAN DE LA MAGUANA,1,9.7,8
2026,2,IQS,Docente,1er grado,SANTIAGO,1,1.9,2
2026,2,IQS,Docente,1er grado,SANTO DOMINGO,2,14.7,14
2026,2,IQS,Docente,1er grado,Sin ubicación,1,0.8,1
2026,2,IQS,Docente,4to grado,AZUA,6,4.2,10
2026,2,IQS,Docente,4to grado,BAHORUCO,2,0.9,2
2026,2,IQS,Docente,4to grado,BARAHONA,6,2.6,7
2026,2,IQS,Docente,4to grado,COTUI,4,2.4,4
2026,2,IQS,Docente,4to grado,HIGUEY,9,7.4,13
2026,2,IQS,Docente,4to grado,LA VEGA,4,2.7,5
2026,2,IQS,Docente,4to grado,MAO,2,0.9,2
2026,2,IQS,Docente,4to grado,MONTE CRISTI,24,54.4,61
2026,2,IQS,Docente,4to grado,MONTE PLATA,6,4.5,8
2026,2,IQS,Docente,4to grado,NAGUA,4,5.1,8
2026,2,IQS,Docente,4to grado,PUERTO PLATA,3,3.5,4
2026,2,IQS,Docente,4to grado,SAN CRISTOBAL,12,7.1,14
2026,2,IQS,Docente,4to grado,SAN FRANCISCO DE MACORIS,27,24.6,47
2026,2,IQS,Docente,4to grado,SAN JUAN DE LA MAGUANA,2,0.9,2
2026,2,IQS,Docente,4to grado,SAN PEDRO DE MACORIS,11,59.5,42
2026,2,IQS,Docente,4to grado,SANTIAGO,13,11.0,24
2026,2,IQS,Docente,4to grado,SANTO DOMINGO,41,60.2,67
2026,2,IQS,Docente,4to grado,Sin ubicación,41,20.8,53
2026,2,IQS,Docente,6to grado,HIGUEY,1,0.9,1
2026,2,IQS,Docente,6to grado,NAGUA,1,3.6,4
2026,2,IQS,Docente,6to grado,SAN FRANCISCO DE MACORIS,1,0.6,2
2026,2,IQS,Docente,6to grado,SANTO DOMINGO,1,0.4,1
2026,2,IQS,Docente,6to grado,Sin ubicación,4,2.6,5
2026,2,IQS,Docente,No especificado,MONTE PLATA,1,0.8,1
2026,2,IQS,Docente,No especificado,SAN FRANCISCO DE MACORIS,1,0.3,1
2026,2,IQS,Docente,No especificado,SANTIAGO,1,0.4,1
2026,2,IQS,Editor,No especificado,SANTIAGO,1,4.2,2
2026,2,IQS,Estudiante,1er grado,BAHORUCO,1,0.0,1
2026,2,IQS,Estudiante,1er grado,BARAHONA,3,2.9,8
2026,2,IQS,Estudiante,1er grado,MONTE CRISTI,2,1.8,3
2026,2,IQS,Estudiante,1er grado,MONTE PLATA,1,0.1,1
2026,2,IQS,Estudiante,1er grado,SAN FRANCISCO DE MACORIS,1,0.3,2
2026,2,IQS,Estudiante,1er grado,SAN PEDRO DE MACORIS,4,15.3,18
2026,2,IQS,Estudiante,1er grado,SANTIAGO,5,9.6,14
2026,2,IQS,Estudiante,1er grado,SANTO DOMINGO,1,0.2,2
2026,2,IQS,Estudiante,1er grado,Sin ubicación,3,2.0,6
2026,2,IQS,Estudiante,2do grado,AZUA,2,0.6,2
2026,2,IQS,Estudiante,2do grado,BAHORUCO,2,0.4,2
2026,2,IQS,Estudiante,2do grado,BARAHONA,1,0.4,2
2026,2,IQS,Estudiante,2do grado,COTUI,2,0.5,2
2026,2,IQS,Estudiante,2do grado,HIGUEY,6,3.0,8
2026,2,IQS,Estudiante,2do grado,LA VEGA,1,1.0,1
2026,2,IQS,Estudiante,2do grado,MONTE CRISTI,3,3.0,5
2026,2,IQS,Estudiante,2do grado,PUERTO PLATA,1,0.8,2
2026,2,IQS,Estudiante,2do grado,SAN FRANCISCO DE MACORIS,3,2.0,5
2026,2,IQS,Estudiante,2do grado,SAN JUAN DE LA MAGUANA,4,3.9,6
2026,2,IQS,Estudiante,2do grado,SAN PEDRO DE MACORIS,7,5.8,14
2026,2,IQS,Estudiante,2do grado,SANTIAGO,7,7.8,22
2026,2,IQS,Estudiante,2do grado,SANTO DOMINGO,8,6.4,20
2026,2,IQS,Estudiante,2do grado,Sin ubicación,7,2.6,7
2026,2,IQS,Estudiante,3er grado,MONTE CRISTI,2,3.6,4
2026,2,IQS,Estudiante,3er grado,SAN FRANCISCO DE MACORIS,1,0.9,1
2026,2,IQS,Estudiante,3er grado,SAN JUAN DE LA MAGUANA,4,1.8,4
2026,2,IQS,Estudiante,3er grado,SAN PEDRO DE MACORIS,1,0.2,1
2026,2,IQS,Estudiante,3er grado,SANTIAGO,4,12.2,10
2026,2,IQS,Estudiante,3er grado,SANTO DOMINGO,2,0.9,2
2026,2,IQS,Estudiante,3er grado,Sin ubicación,6,2.8,7
2026,2,IQS,Estudiante,4to grado,COTUI,1,0.4,1
2026,2,IQS,Estudiante,4to grado,HIGUEY,6,2.7,8
2026,2,IQS,Estudiante,4to grado,MAO,1,2.5,2
2026,2,IQS,Estudiante,4to grado,MONTE CRISTI,2,2.7,7
2026,2,IQS,Estudiante,4to grado,NAGUA,2,2.2,6
2026,2,IQS,Estudiante,4to grado,PUERTO PLATA,1,0.1,1
2026,2,IQS,Estudiante,4to grado,SAN CRISTOBAL,12,7.1,14
2026,2,IQS,Estudiante,4to grado,SAN FRANCISCO DE MACORIS,7,5.1,8
2026,2,IQS,Estudiante,4to grado,SAN JUAN DE LA MAGUANA,3,4.7,4
2026,2,IQS,Estudiante,4to grado,SAN PEDRO DE MACORIS,5,19.8,18
2026,2,IQS,Estudiante,4to grado,SANTIAGO,52,25.5,59
2026,2,IQS,Estudiante,4to grado,SANTO DOMINGO,13,8.2,18
2026,2,IQS,Estudiante,4to grado,Sin ubicación,22,11.9,32
2026,2,IQS,Estudiante,5to grado,HIGUEY,2,1.3,2
2026,2,IQS,Estudiante,5to grado,LA VEGA,1,0.0,1
2026,2,IQS,Estudiante,5to grado,SAN CRISTOBAL,1,0.4,1
2026,2,IQS,Estudiante,5to grado,SAN PEDRO DE MACORIS,2,1.2,4
2026,2,IQS,Estudiante,5to grado,SANTIAGO,7,7.4,10
2026,2,IQS,Estudiante,5to grado,SANTO DOMINGO,10,8.5,16
2026,2,IQS,Estudiante,5to grado,Sin ubicación,10,5.9,12
2026,2,IQS,Estudiante,6to grado,AZUA,86,73.1,126
2026,2,IQS,Estudiante,6to grado,BAHORUCO,119,59.8,129
2026,2,IQS,Estudiante,6to grado,BARAHONA,29,15.1,55
2026,2,IQS,Estudiante,6to grado,COTUI,46,18.6,48
2026,2,IQS,Estudiante,6to grado,HIGUEY,117,68.8,177
2026,2,IQS,Estudiante,6to grado,LA VEGA,19,14.7,33
2026,2,IQS,Estudiante,6to grado,MAO,5,7.0,12
2026,2,IQS,Estudiante,6to grado,MONTE CRISTI,235,314.7,478
2026,2,IQS,Estudiante,6to grado,MONTE PLATA,19,24.8,56
2026,2,IQS,Estudiante,6to grado,NAGUA,35,21.2,43
2026,2,IQS,Estudiante,6to grado,PUERTO PLATA,22,16.9,37
2026,2,IQS,Estudiante,6to grado,SAN CRISTOBAL,83,52.7,117
2026,2,IQS,Estudiante,6to grado,SAN FRANCISCO DE MACORIS,125,95.6,184
2026,2,IQS,Estudiante,6to grado,SAN JUAN DE LA MAGUANA,270,737.3,687
2026,2,IQS,Estudiante,6to grado,SAN PEDRO DE MACORIS,217,1217.8,1341
2026,2,IQS,Estudiante,6to grado,SANTIAGO,540,579.9,911
2026,2,IQS,Estudiante,6to grado,SANTO DOMINGO,503,629.9,1063
2026,2,IQS,Estudiante,6to grado,Sin ubicación,377,248.8,603
2026,2,IQS,Estudiante,No especificado,BAHORUCO,3,1.0,3
2026,2,IQS,Estudiante,No especificado,MONTE CRISTI,2,0.9,3
2026,2,IQS,Estudiante,No especificado,NAGUA,1,0.5,1
2026,2,IQS,Estudiante,No especificado,SAN PEDRO DE MACORIS,1,0.0,1
2026,2,IQS,Estudiante,No especificado,SANTIAGO,10,7.6,15
2026,2,IQS,Invitado,6to grado,COTUI,1,0.7,1
2026,2,IQS,Invitado,6to grado,SANTO DOMINGO,4,5.7,10
2026,2,IQS,Invitado,6to grado,Sin ubicación,64,41.7,87
2026,3,IQ512,Estudiante,No especificado,AZUA,1,0.6,1
2026,3,IQ512,Estudiante,No especificado,BAHORUCO,1,10.5,9
2026,3,IQ512,Estudiante,No especificado,BARAHONA,1,0.9,2
2026,3,IQ512,Estudiante,No especificado,COTUI,2,2.4,2
2026,3,IQ512,Estudiante,No especificado,LA VEGA,1,0.9,1
2026,3,IQ512,Estudiante,No especificado,SAN CRISTOBAL,1,0.5,1
2026,3,IQ512,Estudiante,No especificado,SAN JUAN DE LA MAGUANA,1,0.3,1
2026,3,IQ512,Estudiante,No especificado,SANTIAGO,3,1.2,3
2026,3,IQ512,Estudiante,No especificado,SANTO DOMINGO,4,1.8,4
2026,3,IQ512,Estudiante,No especificado,Sin ubicación,32,18.6,36
2026,3,IQP,Coordinador,6to grado,Sin ubicación,1,0.5,1
2026,3,IQP,Docente,1er grado,Sin ubicación,2,14.6,15
2026,3,IQP,Docente,4to grado,SANTIAGO,1,1.6,3
2026,3,IQP,Docente,4to grado,Sin ubicación,1,0.5,1
2026,3,IQP,Docente,5to grado,HIGUEY,1,0.9,1
2026,3,IQP,Docente,5to grado,LA VEGA,4,2.4,4
2026,3,IQP,Docente,5to grado,MONTE CRISTI,1,3.6,3
2026,3,IQP,Docente,5to grado,NAGUA,1,0.3,1
2026,3,IQP,Docente,5to grado,PUERTO PLATA,3,1.4,3
2026,3,IQP,Docente,5to grado,SAN CRISTOBAL,1,2.9,3
2026,3,IQP,Docente,5to grado,SAN FRANCISCO DE MACORIS,2,1.2,3
2026,3,IQP,Docente,5to grado,SAN PEDRO DE MACORIS,1,0.8,1
2026,3,IQP,Docente,5to grado,SANTIAGO,2,11.3,9
2026,3,IQP,Docente,5to grado,SANTO DOMINGO,6,4.9,6
2026,3,IQP,Docente,5to grado,Sin ubicación,4,3.8,6
2026,3,IQP,Docente,6to grado,LA VEGA,1,0.3,1
2026,3,IQP,Docente,6to grado,MAO,1,0.3,1
2026,3,IQP,Docente,6to grado,NAGUA,1,1.7,3
2026,3,IQP,Estudiante,2do grado,Sin ubicación,1,0.3,1
2026,3,IQP,Estudiante,3er grado,COTUI,1,0.3,1
2026,3,IQP,Estudiante,4to grado,HIGUEY,1,0.2,1
2026,3,IQP,Estudiante,5to grado,MAO,1,0.5,1
2026,3,IQP,Estudiante,5to grado,SAN CRISTOBAL,1,0.2,1
2026,3,IQP,Estudiante,5to grado,SANTIAGO,1,0.4,1
2026,3,IQP,Estudiante,5to grado,SANTO DOMINGO,4,2.8,5
2026,3,IQP,Estudiante,6to grado,COTUI,1,1.0,1
2026,3,IQP,Estudiante,6to grado,PUERTO PLATA,1,1.1,2
2026,3,IQP,Estudiante,6to grado,SANTIAGO,2,0.6,2
2026,3,IQP,Estudiante,6to grado,SANTO DOMINGO,4,2.6,4
2026,3,IQP,Sin rol,No especificado,Sin ubicación,1,9.0,11
2026,3,IQS,Admin,6to grado,Sin ubicación,1,0.4,1
2026,3,IQS,Docente,1er grado,HIGUEY,3,1.6,5
2026,3,IQS,Docente,1er grado,MONTE CRISTI,1,0.4,1
2026,3,IQS,Docente,1er grado,SAN JUAN DE LA MAGUANA,1,4.1,5
2026,3,IQS,Docente,1er grado,SANTIAGO,1,12.5,11
2026,3,IQS,Docente,1er grado,SANTO DOMINGO,1,10.3,11
2026,3,IQS,Docente,1er grado,Sin ubicación,2,2.5,2
2026,3,IQS,Docente,4to grado,AZUA,5,3.1,6
2026,3,IQS,Docente,4to grado,BAHORUCO,7,5.6,8
2026,3,IQS,Docente,4to grado,BARAHONA,9,6.9,12
2026,3,IQS,Docente,4to grado,COTUI,7,4.1,10
2026,3,IQS,Docente,4to grado,HIGUEY,12,6.3,16
2026,3,IQS,Docente,4to grado,LA VEGA,7,10.4,14
2026,3,IQS,Docente,4to grado,MAO,3,0.6,4
2026,3,IQS,Docente,4to grado,MONTE CRISTI,15,40.8,45
2026,3,IQS,Docente,4to grado,MONTE PLATA,7,3.9,7
2026,3,IQS,Docente,4to grado,NAGUA,4,1.6,7
2026,3,IQS,Docente,4to grado,PUERTO PLATA,2,1.7,3
2026,3,IQS,Docente,4to grado,SAN CRISTOBAL,20,17.4,32
2026,3,IQS,Docente,4to grado,SAN FRANCISCO DE MACORIS,16,18.0,28
2026,3,IQS,Docente,4to grado,SAN JUAN DE LA MAGUANA,1,0.4,1
2026,3,IQS,Docente,4to grado,SAN PEDRO DE MACORIS,9,14.0,23
2026,3,IQS,Docente,4to grado,SANTIAGO,103,102.8,170
2026,3,IQS,Docente,4to grado,SANTO DOMINGO,36,62.9,76
2026,3,IQS,Docente,4to grado,Sin ubicación,51,39.5,71
2026,3,IQS,Docente,6to grado,AZUA,1,0.3,1
2026,3,IQS,Docente,6to grado,MONTE CRISTI,3,1.5,5
2026,3,IQS,Docente,6to grado,NAGUA,1,3.0,2
2026,3,IQS,Docente,6to grado,SAN PEDRO DE MACORIS,1,0.3,2
2026,3,IQS,Docente,6to grado,SANTIAGO,1,0.5,1
2026,3,IQS,Docente,6to grado,SANTO DOMINGO,1,0.3,1
2026,3,IQS,Docente,6to grado,Sin ubicación,3,0.7,4
2026,3,IQS,Docente,No especificado,MONTE CRISTI,1,2.3,1
2026,3,IQS,Editor,No especificado,SANTIAGO,1,15.6,6
2026,3,IQS,Estudiante,1er grado,AZUA,2,2.1,5
2026,3,IQS,Estudiante,1er grado,BAHORUCO,1,0.2,1
2026,3,IQS,Estudiante,1er grado,BARAHONA,1,0.5,2
2026,3,IQS,Estudiante,1er grado,COTUI,1,1.9,7
2026,3,IQS,Estudiante,1er grado,HIGUEY,2,0.6,5
2026,3,IQS,Estudiante,1er grado,LA VEGA,1,0.3,2
2026,3,IQS,Estudiante,1er grado,MONTE CRISTI,3,6.0,12
2026,3,IQS,Estudiante,1er grado,NAGUA,1,1.3,4
2026,3,IQS,Estudiante,1er grado,SAN CRISTOBAL,2,0.4,2
2026,3,IQS,Estudiante,1er grado,SAN FRANCISCO DE MACORIS,2,1.1,4
2026,3,IQS,Estudiante,1er grado,SAN PEDRO DE MACORIS,1,0.6,1
2026,3,IQS,Estudiante,1er grado,SANTIAGO,8,3.7,16
2026,3,IQS,Estudiante,1er grado,SANTO DOMINGO,4,3.4,8
2026,3,IQS,Estudiante,1er grado,Sin ubicación,12,8.4,26
2026,3,IQS,Estudiante,2do grado,AZUA,1,1.6,2
2026,3,IQS,Estudiante,2do grado,BAHORUCO,5,5.2,12
2026,3,IQS,Estudiante,2do grado,MONTE CRISTI,2,1.7,3
2026,3,IQS,Estudiante,2do grado,SAN CRISTOBAL,3,1.7,6
2026,3,IQS,Estudiante,2do grado,SAN FRANCISCO DE MACORIS,2,4.1,5
2026,3,IQS,Estudiante,2do grado,SAN PEDRO DE MACORIS,2,2.1,3
2026,3,IQS,Estudiante,2do grado,SANTIAGO,11,8.3,22
2026,3,IQS,Estudiante,2do grado,SANTO DOMINGO,19,27.9,35
2026,3,IQS,Estudiante,2do grado,Sin ubicación,15,10.0,25
2026,3,IQS,Estudiante,3er grado,AZUA,1,2.0,2
2026,3,IQS,Estudiante,3er grado,LA VEGA,2,1.4,4
2026,3,IQS,Estudiante,3er grado,MONTE CRISTI,1,1.2,1
2026,3,IQS,Estudiante,3er grado,SANTIAGO,6,2.9,7
2026,3,IQS,Estudiante,3er grado,SANTO DOMINGO,28,11.4,30
2026,3,IQS,Estudiante,3er grado,Sin ubicación,6,4.5,9
2026,3,IQS,Estudiante,4to grado,BARAHONA,5,2.6,5
2026,3,IQS,Estudiante,4to grado,COTUI,6,8.4,15
2026,3,IQS,Estudiante,4to grado,HIGUEY,3,2.2,4
2026,3,IQS,Estudiante,4to grado,LA VEGA,16,7.2,19
2026,3,IQS,Estudiante,4to grado,MONTE CRISTI,8,7.2,22
2026,3,IQS,Estudiante,4to grado,MONTE PLATA,4,2.5,4
2026,3,IQS,Estudiante,4to grado,NAGUA,3,1.0,3
2026,3,IQS,Estudiante,4to grado,PUERTO PLATA,1,1.0,2
2026,3,IQS,Estudiante,4to grado,SAN CRISTOBAL,5,2.5,6
2026,3,IQS,Estudiante,4to grado,SAN FRANCISCO DE MACORIS,10,10.0,13
2026,3,IQS,Estudiante,4to grado,SAN JUAN DE LA MAGUANA,1,0.0,1
2026,3,IQS,Estudiante,4to grado,SAN PEDRO DE MACORIS,3,3.7,7
2026,3,IQS,Estudiante,4to grado,SANTIAGO,76,39.1,90
2026,3,IQS,Estudiante,4to grado,SANTO DOMINGO,22,22.9,45
2026,3,IQS,Estudiante,4to grado,Sin ubicación,35,26.2,57
2026,3,IQS,Estudiante,5to grado,AZUA,1,0.5,2
2026,3,IQS,Estudiante,5to grado,BAHORUCO,3,2.4,3
2026,3,IQS,Estudiante,5to grado,BARAHONA,1,0.9,2
2026,3,IQS,Estudiante,5to grado,HIGUEY,2,2.0,3
2026,3,IQS,Estudiante,5to grado,LA VEGA,5,2.2,7
2026,3,IQS,Estudiante,5to grado,SAN CRISTOBAL,2,6.2,6
2026,3,IQS,Estudiante,5to grado,SAN FRANCISCO DE MACORIS,2,1.5,2
2026,3,IQS,Estudiante,5to grado,SAN PEDRO DE MACORIS,3,2.0,6
2026,3,IQS,Estudiante,5to grado,SANTIAGO,6,10.8,15
2026,3,IQS,Estudiante,5to grado,SANTO DOMINGO,10,6.9,12
2026,3,IQS,Estudiante,5to grado,Sin ubicación,5,4.4,9
2026,3,IQS,Estudiante,6to grado,AZUA,32,15.1,54
2026,3,IQS,Estudiante,6to grado,BAHORUCO,33,18.9,39
2026,3,IQS,Estudiante,6to grado,BARAHONA,88,63.5,118
2026,3,IQS,Estudiante,6to grado,COTUI,50,39.7,93
2026,3,IQS,Estudiante,6to grado,HIGUEY,133,98.4,227
2026,3,IQS,Estudiante,6to grado,LA VEGA,155,129.6,254
2026,3,IQS,Estudiante,6to grado,MAO,10,8.3,13
2026,3,IQS,Estudiante,6to grado,MONTE CRISTI,166,369.2,492
2026,3,IQS,Estudiante,6to grado,MONTE PLATA,16,17.2,33
2026,3,IQS,Estudiante,6to grado,NAGUA,20,12.4,26
2026,3,IQS,Estudiante,6to grado,PUERTO PLATA,7,12.3,29
2026,3,IQS,Estudiante,6to grado,SAN CRISTOBAL,133,84.7,180
2026,3,IQS,Estudiante,6to grado,SAN FRANCISCO DE MACORIS,240,238.2,368
2026,3,IQS,Estudiante,6to grado,SAN JUAN DE LA MAGUANA,54,26.8,83
2026,3,IQS,Estudiante,6to grado,SAN PEDRO DE MACORIS,122,227.0,469
2026,3,IQS,Estudiante,6to grado,SANTIAGO,673,891.2,1481
2026,3,IQS,Estudiante,6to grado,SANTO DOMINGO,620,629.7,1120
2026,3,IQS,Estudiante,6to grado,Sin ubicación,467,316.7,816
2026,3,IQS,Estudiante,No especificado,BAHORUCO,1,0.8,3
2026,3,IQS,Estudiante,No especificado,HIGUEY,1,0.8,4
2026,3,IQS,Estudiante,No especificado,MONTE CRISTI,1,0.5,1
2026,3,IQS,Estudiante,No especificado,SAN PEDRO DE MACORIS,1,0.2,1
2026,3,IQS,Estudiante,No especificado,SANTIAGO,5,6.4,11
2026,3,IQS,Estudiante,No especificado,SANTO DOMINGO,1,3.2,3
2026,3,IQS,Invitado,6to grado,MONTE CRISTI,1,1.1,2
2026,3,IQS,Invitado,6to grado,SANTIAGO,1,0.5,1
2026,3,IQS,Invitado,6to grado,SANTO DOMINGO,3,2.6,4
2026,3,IQS,Invitado,6to grado,Sin ubicación,64,56.8,112
2026,4,IQ512,Coordinador,No especificado,Sin ubicación,1,0.2,1
2026,4,IQ512,Editor,No especificado,Sin ubicación,1,0.7,1
2026,4,IQ512,Estudiante,No especificado,AZUA,2,1.6,2
2026,4,IQ512,Estudiante,No especificado,BAHORUCO,2,2.8,5
2026,4,IQ512,Estudiante,No especificado,BARAHONA,2,0.6,2
2026,4,IQ512,Estudiante,No especificado,COTUI,1,0.4,1
2026,4,IQ512,Estudiante,No especificado,HIGUEY,1,0.5,1
2026,4,IQ512,Estudiante,No especificado,LA VEGA,2,4.4,6
2026,4,IQ512,Estudiante,No especificado,MAO,1,0.0,1
2026,4,IQ512,Estudiante,No especificado,SAN JUAN DE LA MAGUANA,3,2.2,3
2026,4,IQ512,Estudiante,No especificado,SANTIAGO,1,0.3,1
2026,4,IQ512,Estudiante,No especificado,SANTO DOMINGO,12,25.6,27
2026,4,IQ512,Estudiante,No especificado,Sin ubicación,43,33.4,58
2026,4,IQP,Docente,1er grado,Sin ubicación,2,5.1,17
2026,4,IQP,Docente,4to grado,SAN FRANCISCO DE MACORIS,1,0.3,1
2026,4,IQP,Docente,4to grado,SANTIAGO,2,0.9,2
2026,4,IQP,Docente,4to grado,SANTO DOMINGO,1,0.5,1
2026,4,IQP,Docente,4to grado,Sin ubicación,3,5.5,4
2026,4,IQP,Docente,5to grado,AZUA,1,0.3,1
2026,4,IQP,Docente,5to grado,BARAHONA,1,0.2,1
2026,4,IQP,Docente,5to grado,COTUI,2,1.3,2
2026,4,IQP,Docente,5to grado,HIGUEY,1,1.1,1
2026,4,IQP,Docente,5to grado,LA VEGA,4,3.4,5
2026,4,IQP,Docente,5to grado,MONTE CRISTI,1,3.3,3
2026,4,IQP,Docente,5to grado,PUERTO PLATA,1,7.3,3
2026,4,IQP,Docente,5to grado,SAN CRISTOBAL,2,1.6,4
2026,4,IQP,Docente,5to grado,SAN JUAN DE LA MAGUANA,2,1.5,2
2026,4,IQP,Docente,5to grado,SANTIAGO,2,2.2,3
2026,4,IQP,Docente,5to grado,SANTO DOMINGO,10,4.9,10
2026,4,IQP,Docente,5to grado,Sin ubicación,1,0.3,1
2026,4,IQP,Docente,6to grado,NAGUA,1,1.6,3
2026,4,IQP,Docente,6to grado,SANTO DOMINGO,2,2.2,2
2026,4,IQP,Docente,6to grado,Sin ubicación,1,0.2,1
2026,4,IQP,Estudiante,2do grado,AZUA,1,0.1,1
2026,4,IQP,Estudiante,2do grado,SAN FRANCISCO DE MACORIS,1,1.1,1
2026,4,IQP,Estudiante,2do grado,SANTIAGO,1,0.2,1
2026,4,IQP,Estudiante,3er grado,LA VEGA,2,1.0,2
2026,4,IQP,Estudiante,3er grado,SANTO DOMINGO,2,0.7,2
2026,4,IQP,Estudiante,3er grado,Sin ubicación,11,7.2,12
2026,4,IQP,Estudiante,4to grado,LA VEGA,1,0.6,1
2026,4,IQP,Estudiante,5to grado,SANTIAGO,1,0.1,1
2026,4,IQP,Estudiante,6to grado,COTUI,1,0.1,1
2026,4,IQP,Estudiante,6to grado,PUERTO PLATA,1,0.1,1
2026,4,IQP,Estudiante,6to grado,SANTO DOMINGO,9,2.8,9
2026,4,IQP,Estudiante,6to grado,Sin ubicación,1,0.5,1
2026,4,IQP,Sin rol,No especificado,Sin ubicación,1,2.7,7
2026,4,IQS,Docente,1er grado,HIGUEY,1,0.3,2
2026,4,IQS,Docente,1er grado,LA VEGA,2,8.0,8
2026,4,IQS,Docente,1er grado,MONTE CRISTI,3,4.7,8
2026,4,IQS,Docente,1er grado,SAN JUAN DE LA MAGUANA,1,5.1,4
2026,4,IQS,Docente,1er grado,SANTIAGO,2,1.7,3
2026,4,IQS,Docente,1er grado,SANTO DOMINGO,5,15.7,17
2026,4,IQS,Docente,1er grado,Sin ubicación,4,3.4,6
2026,4,IQS,Docente,4to grado,AZUA,11,10.3,21
2026,4,IQS,Docente,4to grado,BAHORUCO,8,11.3,14
2026,4,IQS,Docente,4to grado,BARAHONA,6,4.5,11
2026,4,IQS,Docente,4to grado,COTUI,17,14.3,30
2026,4,IQS,Docente,4to grado,HIGUEY,45,24.8,57
2026,4,IQS,Docente,4to grado,LA VEGA,37,38.0,60
2026,4,IQS,Docente,4to grado,MAO,4,1.3,4
2026,4,IQS,Docente,4to grado,MONTE CRISTI,30,66.2,74
2026,4,IQS,Docente,4to grado,MONTE PLATA,13,11.5,20
2026,4,IQS,Docente,4to grado,NAGUA,11,13.9,17
2026,4,IQS,Docente,4to grado,PUERTO PLATA,10,10.2,15
2026,4,IQS,Docente,4to grado,SAN CRISTOBAL,13,15.0,19
2026,4,IQS,Docente,4to grado,SAN FRANCISCO DE MACORIS,9,9.5,18
2026,4,IQS,Docente,4to grado,SAN JUAN DE LA MAGUANA,4,2.1,8
2026,4,IQS,Docente,4to grado,SAN PEDRO DE MACORIS,45,65.0,86
2026,4,IQS,Docente,4to grado,SANTIAGO,64,115.6,139
2026,4,IQS,Docente,4to grado,SANTO DOMINGO,98,126.5,187
2026,4,IQS,Docente,4to grado,Sin ubicación,99,67.5,155
2026,4,IQS,Docente,6to grado,LA VEGA,2,2.7,4
2026,4,IQS,Docente,6to grado,SANTIAGO,1,0.4,1
2026,4,IQS,Docente,6to grado,SANTO DOMINGO,1,0.4,1
2026,4,IQS,Docente,6to grado,Sin ubicación,5,1.3,6
2026,4,IQS,Docente,No especificado,MONTE CRISTI,1,1.1,2
2026,4,IQS,Editor,No especificado,SANTIAGO,1,17.9,8
2026,4,IQS,Estudiante,1er grado,AZUA,6,4.7,16
2026,4,IQS,Estudiante,1er grado,BARAHONA,1,1.4,2
2026,4,IQS,Estudiante,1er grado,COTUI,1,0.5,2
2026,4,IQS,Estudiante,1er grado,HIGUEY,6,3.9,12
2026,4,IQS,Estudiante,1er grado,LA VEGA,4,2.1,8
2026,4,IQS,Estudiante,1er grado,MONTE CRISTI,4,3.9,8
2026,4,IQS,Estudiante,1er grado,MONTE PLATA,1,0.5,2
2026,4,IQS,Estudiante,1er grado,NAGUA,2,0.5,4
2026,4,IQS,Estudiante,1er grado,PUERTO PLATA,2,0.1,3
2026,4,IQS,Estudiante,1er grado,SAN CRISTOBAL,3,0.4,3
2026,4,IQS,Estudiante,1er grado,SAN FRANCISCO DE MACORIS,1,0.2,2
2026,4,IQS,Estudiante,1er grado,SAN JUAN DE LA MAGUANA,1,0.2,2
2026,4,IQS,Estudiante,1er grado,SAN PEDRO DE MACORIS,4,1.8,8
2026,4,IQS,Estudiante,1er grado,SANTIAGO,13,6.8,22
2026,4,IQS,Estudiante,1er grado,SANTO DOMINGO,21,12.5,51
2026,4,IQS,Estudiante,1er grado,Sin ubicación,17,18.6,50
2026,4,IQS,Estudiante,2do grado,AZUA,4,1.4,6
2026,4,IQS,Estudiante,2do grado,BAHORUCO,1,0.5,1
2026,4,IQS,Estudiante,2do grado,HIGUEY,3,3.4,11
2026,4,IQS,Estudiante,2do grado,LA VEGA,3,4.3,4
2026,4,IQS,Estudiante,2do grado,MAO,1,0.4,2
2026,4,IQS,Estudiante,2do grado,NAGUA,1,2.0,5
2026,4,IQS,Estudiante,2do grado,SAN FRANCISCO DE MACORIS,1,0.8,4
2026,4,IQS,Estudiante,2do grado,SAN PEDRO DE MACORIS,2,1.8,3
2026,4,IQS,Estudiante,2do grado,SANTIAGO,14,9.0,23
2026,4,IQS,Estudiante,2do grado,SANTO DOMINGO,19,25.0,35
2026,4,IQS,Estudiante,2do grado,Sin ubicación,17,13.2,35
2026,4,IQS,Estudiante,3er grado,AZUA,1,0.5,2
2026,4,IQS,Estudiante,3er grado,HIGUEY,1,0.3,2
2026,4,IQS,Estudiante,3er grado,MONTE CRISTI,3,1.0,5
2026,4,IQS,Estudiante,3er grado,PUERTO PLATA,3,1.1,5
2026,4,IQS,Estudiante,3er grado,SAN CRISTOBAL,2,1.4,2
2026,4,IQS,Estudiante,3er grado,SAN FRANCISCO DE MACORIS,1,0.5,2
2026,4,IQS,Estudiante,3er grado,SAN JUAN DE LA MAGUANA,2,1.2,3
2026,4,IQS,Estudiante,3er grado,SAN PEDRO DE MACORIS,1,0.3,1
2026,4,IQS,Estudiante,3er grado,SANTO DOMINGO,14,6.5,20
2026,4,IQS,Estudiante,3er grado,Sin ubicación,8,10.1,30
2026,4,IQS,Estudiante,4to grado,AZUA,2,1.1,4
2026,4,IQS,Estudiante,4to grado,BAHORUCO,5,2.4,6
2026,4,IQS,Estudiante,4to grado,BARAHONA,2,0.8,2
2026,4,IQS,Estudiante,4to grado,COTUI,15,10.6,22
2026,4,IQS,Estudiante,4to grado,HIGUEY,17,13.4,22
2026,4,IQS,Estudiante,4to grado,LA VEGA,22,15.3,25
2026,4,IQS,Estudiante,4to grado,MONTE CRISTI,5,5.8,10
2026,4,IQS,Estudiante,4to grado,MONTE PLATA,1,0.7,4
2026,4,IQS,Estudiante,4to grado,NAGUA,3,2.3,3
2026,4,IQS,Estudiante,4to grado,PUERTO PLATA,3,1.4,3
2026,4,IQS,Estudiante,4to grado,SAN CRISTOBAL,5,3.1,6
2026,4,IQS,Estudiante,4to grado,SAN FRANCISCO DE MACORIS,4,1.6,5
2026,4,IQS,Estudiante,4to grado,SAN JUAN DE LA MAGUANA,5,4.1,11
2026,4,IQS,Estudiante,4to grado,SAN PEDRO DE MACORIS,15,8.8,29
2026,4,IQS,Estudiante,4to grado,SANTIAGO,27,19.2,42
2026,4,IQS,Estudiante,4to grado,SANTO DOMINGO,42,28.7,60
2026,4,IQS,Estudiante,4to grado,Sin ubicación,68,55.4,125
2026,4,IQS,Estudiante,5to grado,AZUA,3,2.7,6
2026,4,IQS,Estudiante,5to grado,BAHORUCO,1,0.7,1
2026,4,IQS,Estudiante,5to grado,COTUI,1,1.0,1
2026,4,IQS,Estudiante,5to grado,HIGUEY,2,4.1,5
2026,4,IQS,Estudiante,5to grado,LA VEGA,12,5.6,16
2026,4,IQS,Estudiante,5to grado,MAO,1,0.2,1
2026,4,IQS,Estudiante,5to grado,MONTE CRISTI,2,3.5,4
2026,4,IQS,Estudiante,5to grado,MONTE PLATA,1,0.3,1
2026,4,IQS,Estudiante,5to grado,NAGUA,1,0.3,1
2026,4,IQS,Estudiante,5to grado,PUERTO PLATA,1,0.5,2
2026,4,IQS,Estudiante,5to grado,SAN CRISTOBAL,7,6.8,10
2026,4,IQS,Estudiante,5to grado,SAN PEDRO DE MACORIS,3,2.7,5
2026,4,IQS,Estudiante,5to grado,SANTIAGO,8,2.5,13
2026,4,IQS,Estudiante,5to grado,SANTO DOMINGO,27,22.7,36
2026,4,IQS,Estudiante,5to grado,Sin ubicación,22,15.7,41
2026,4,IQS,Estudiante,6to grado,AZUA,107,97.3,208
2026,4,IQS,Estudiante,6to grado,BAHORUCO,161,153.6,230
2026,4,IQS,Estudiante,6to grado,BARAHONA,59,54.8,126
2026,4,IQS,Estudiante,6to grado,COTUI,169,109.3,300
2026,4,IQS,Estudiante,6to grado,HIGUEY,202,133.4,372
2026,4,IQS,Estudiante,6to grado,LA VEGA,397,379.0,708
2026,4,IQS,Estudiante,6to grado,MAO,18,14.5,43
2026,4,IQS,Estudiante,6to grado,MONTE CRISTI,303,579.0,741
2026,4,IQS,Estudiante,6to grado,MONTE PLATA,99,69.3,153
2026,4,IQS,Estudiante,6to grado,NAGUA,89,53.6,136
2026,4,IQS,Estudiante,6to grado,PUERTO PLATA,69,38.8,103
2026,4,IQS,Estudiante,6to grado,SAN CRISTOBAL,298,240.6,536
2026,4,IQS,Estudiante,6to grado,SAN FRANCISCO DE MACORIS,106,80.3,192
2026,4,IQS,Estudiante,6to grado,SAN JUAN DE LA MAGUANA,244,728.8,615
2026,4,IQS,Estudiante,6to grado,SAN PEDRO DE MACORIS,368,460.2,906
2026,4,IQS,Estudiante,6to grado,SANTIAGO,968,1124.3,1946
2026,4,IQS,Estudiante,6to grado,SANTO DOMINGO,1630,1707.1,3122
2026,4,IQS,Estudiante,6to grado,Sin ubicación,1214,905.7,2511
2026,4,IQS,Estudiante,No especificado,AZUA,1,0.1,1
2026,4,IQS,Estudiante,No especificado,BAHORUCO,3,2.7,4
2026,4,IQS,Estudiante,No especificado,BARAHONA,1,0.5,2
2026,4,IQS,Estudiante,No especificado,COTUI,1,0.3,1
2026,4,IQS,Estudiante,No especificado,HIGUEY,1,0.0,1
2026,4,IQS,Estudiante,No especificado,MONTE CRISTI,1,1.4,2
2026,4,IQS,Estudiante,No especificado,SAN FRANCISCO DE MACORIS,1,0.5,1
2026,4,IQS,Estudiante,No especificado,SAN PEDRO DE MACORIS,1,0.8,2
2026,4,IQS,Estudiante,No especificado,SANTIAGO,5,3.3,7
2026,4,IQS,Estudiante,No especificado,SANTO DOMINGO,4,1.9,6
2026,4,IQS,Invitado,6to grado,MONTE PLATA,1,0.1,1
2026,4,IQS,Invitado,6to grado,NAGUA,1,0.3,1
2026,4,IQS,Invitado,6to grado,SAN CRISTOBAL,1,0.8,1
2026,4,IQS,Invitado,6to grado,SAN PEDRO DE MACORIS,1,3.9,5
2026,4,IQS,Invitado,6to grado,SANTIAGO,1,6.5,8
2026,4,IQS,Invitado,6to grado,SANTO DOMINGO,2,2.0,3
2026,4,IQS,Invitado,6to grado,Sin ubicación,110,82.4,152
2026,4,IQS,Sin rol,No especificado,Sin ubicación,1,0.8,1
2026,5,IQ512,Coordinador,No especificado,Sin ubicación,1,0.8,3
2026,5,IQ512,Editor,No especificado,Sin ubicación,1,2.2,4
2026,5,IQ512,Estudiante,No especificado,AZUA,28,93.0,95
2026,5,IQ512,Estudiante,No especificado,BAHORUCO,21,51.2,73
2026,5,IQ512,Estudiante,No especificado,BARAHONA,82,324.1,359
2026,5,IQ512,Estudiante,No especificado,COTUI,30,158.8,159
2026,5,IQ512,Estudiante,No especificado,HIGUEY,2,15.4,11
2026,5,IQ512,Estudiante,No especificado,LA VEGA,19,113.6,104
2026,5,IQ512,Estudiante,No especificado,MAO,1,1.6,2
2026,5,IQ512,Estudiante,No especificado,MONTE CRISTI,2,5.0,5
2026,5,IQ512,Estudiante,No especificado,MONTE PLATA,1,0.2,1
2026,5,IQ512,Estudiante,No especificado,NAGUA,22,101.1,95
2026,5,IQ512,Estudiante,No especificado,PUERTO PLATA,7,13.0,21
2026,5,IQ512,Estudiante,No especificado,SAN CRISTOBAL,16,36.4,51
2026,5,IQ512,Estudiante,No especificado,SAN FRANCISCO DE MACORIS,3,10.9,13
2026,5,IQ512,Estudiante,No especificado,SAN JUAN DE LA MAGUANA,27,131.0,126
2026,5,IQ512,Estudiante,No especificado,SAN PEDRO DE MACORIS,36,124.6,144
2026,5,IQ512,Estudiante,No especificado,SANTIAGO,9,30.9,37
2026,5,IQ512,Estudiante,No especificado,SANTO DOMINGO,54,204.1,197
2026,5,IQ512,Estudiante,No especificado,Sin ubicación,212,539.3,663
2026,5,IQP,Docente,1er grado,Sin ubicación,2,7.1,18
2026,5,IQP,Docente,4to grado,MAO,1,0.8,1
2026,5,IQP,Docente,4to grado,SANTIAGO,1,0.3,1
2026,5,IQP,Docente,4to grado,SANTO DOMINGO,1,0.3,1
2026,5,IQP,Docente,4to grado,Sin ubicación,3,1.3,3
2026,5,IQP,Docente,5to grado,AZUA,1,0.4,1
2026,5,IQP,Docente,5to grado,BAHORUCO,2,2.4,2
2026,5,IQP,Docente,5to grado,COTUI,4,2.6,4
2026,5,IQP,Docente,5to grado,HIGUEY,1,1.2,2
2026,5,IQP,Docente,5to grado,LA VEGA,1,0.6,1
2026,5,IQP,Docente,5to grado,MONTE CRISTI,4,15.9,12
2026,5,IQP,Docente,5to grado,MONTE PLATA,2,0.4,2
2026,5,IQP,Docente,5to grado,PUERTO PLATA,2,10.6,8
2026,5,IQP,Docente,5to grado,SAN CRISTOBAL,4,8.2,12
2026,5,IQP,Docente,5to grado,SAN FRANCISCO DE MACORIS,3,2.4,4
2026,5,IQP,Docente,5to grado,SAN PEDRO DE MACORIS,2,1.3,2
2026,5,IQP,Docente,5to grado,SANTIAGO,2,0.4,2
2026,5,IQP,Docente,5to grado,SANTO DOMINGO,19,13.2,23
2026,5,IQP,Docente,5to grado,Sin ubicación,6,2.0,6
2026,5,IQP,Docente,6to grado,NAGUA,1,1.3,1
2026,5,IQP,Docente,6to grado,SANTO DOMINGO,3,2.5,3
2026,5,IQP,Docente,6to grado,Sin ubicación,2,0.8,2
2026,5,IQP,Docente,No especificado,SANTO DOMINGO,2,1.9,2
2026,5,IQP,Docente,No especificado,Sin ubicación,1,0.5,1
2026,5,IQP,Estudiante,1er grado,SANTO DOMINGO,1,0.3,1
2026,5,IQP,Estudiante,1er grado,Sin ubicación,1,0.6,1
2026,5,IQP,Estudiante,3er grado,AZUA,1,1.1,1
2026,5,IQP,Estudiante,3er grado,HIGUEY,1,1.8,1
2026,5,IQP,Estudiante,3er grado,SAN PEDRO DE MACORIS,1,0.7,1
2026,5,IQP,Estudiante,3er grado,SANTIAGO,1,0.3,1
2026,5,IQP,Estudiante,3er grado,SANTO DOMINGO,6,7.0,9
2026,5,IQP,Estudiante,3er grado,Sin ubicación,3,2.8,4
2026,5,IQP,Estudiante,4to grado,MONTE PLATA,1,0.7,1
2026,5,IQP,Estudiante,4to grado,SAN FRANCISCO DE MACORIS,1,0.1,1
2026,5,IQP,Estudiante,4to grado,SAN JUAN DE LA MAGUANA,1,0.3,2
2026,5,IQP,Estudiante,4to grado,SANTIAGO,1,0.3,1
2026,5,IQP,Estudiante,4to grado,SANTO DOMINGO,4,4.7,6
2026,5,IQP,Estudiante,5to grado,HIGUEY,1,0.9,1
2026,5,IQP,Estudiante,5to grado,LA VEGA,1,0.7,2
2026,5,IQP,Estudiante,5to grado,SANTO DOMINGO,5,2.1,5
2026,5,IQP,Estudiante,5to grado,Sin ubicación,1,1.1,1
2026,5,IQP,Estudiante,6to grado,AZUA,4,1.9,4
2026,5,IQP,Estudiante,6to grado,COTUI,2,0.8,2
2026,5,IQP,Estudiante,6to grado,LA VEGA,1,0.4,1
2026,5,IQP,Estudiante,6to grado,NAGUA,3,1.6,4
2026,5,IQP,Estudiante,6to grado,SAN CRISTOBAL,2,0.9,2
2026,5,IQP,Estudiante,6to grado,SAN FRANCISCO DE MACORIS,4,2.6,4
2026,5,IQP,Estudiante,6to grado,SAN JUAN DE LA MAGUANA,1,0.4,1
2026,5,IQP,Estudiante,6to grado,SAN PEDRO DE MACORIS,3,2.5,3
2026,5,IQP,Estudiante,6to grado,SANTIAGO,1,0.4,1
2026,5,IQP,Estudiante,6to grado,SANTO DOMINGO,16,6.3,17
2026,5,IQP,Estudiante,6to grado,Sin ubicación,6,4.8,8
2026,5,IQP,Sin rol,No especificado,Sin ubicación,1,4.8,8
2026,5,IQS,Admin,6to grado,Sin ubicación,1,0.2,2
2026,5,IQS,Docente,1er grado,AZUA,2,8.8,7
2026,5,IQS,Docente,1er grado,BAHORUCO,1,0.3,1
2026,5,IQS,Docente,1er grado,HIGUEY,1,7.0,6
2026,5,IQS,Docente,1er grado,LA VEGA,1,0.5,1
2026,5,IQS,Docente,1er grado,MAO,1,1.5,2
2026,5,IQS,Docente,1er grado,MONTE CRISTI,3,5.0,6
2026,5,IQS,Docente,1er grado,PUERTO PLATA,2,1.2,4
2026,5,IQS,Docente,1er grado,SAN JUAN DE LA MAGUANA,1,5.7,4
2026,5,IQS,Docente,1er grado,SANTIAGO,4,9.6,10
2026,5,IQS,Docente,1er grado,SANTO DOMINGO,16,27.3,42
2026,5,IQS,Docente,1er grado,Sin ubicación,5,4.3,7
2026,5,IQS,Docente,3er grado,Sin ubicación,1,2.5,3
2026,5,IQS,Docente,4to grado,AZUA,60,124.1,143
2026,5,IQS,Docente,4to grado,BAHORUCO,27,37.4,45
2026,5,IQS,Docente,4to grado,BARAHONA,28,25.3,41
2026,5,IQS,Docente,4to grado,COTUI,45,55.4,105
2026,5,IQS,Docente,4to grado,HIGUEY,56,84.5,115
2026,5,IQS,Docente,4to grado,LA VEGA,94,107.9,152
2026,5,IQS,Docente,4to grado,MAO,38,35.9,50
2026,5,IQS,Docente,4to grado,MONTE CRISTI,34,50.4,67
2026,5,IQS,Docente,4to grado,MONTE PLATA,14,16.7,19
2026,5,IQS,Docente,4to grado,NAGUA,35,41.2,56
2026,5,IQS,Docente,4to grado,PUERTO PLATA,36,42.2,60
2026,5,IQS,Docente,4to grado,SAN CRISTOBAL,77,81.3,115
2026,5,IQS,Docente,4to grado,SAN FRANCISCO DE MACORIS,30,29.6,47
2026,5,IQS,Docente,4to grado,SAN JUAN DE LA MAGUANA,23,27.6,40
2026,5,IQS,Docente,4to grado,SAN PEDRO DE MACORIS,85,126.0,167
2026,5,IQS,Docente,4to grado,SANTIAGO,154,206.9,264
2026,5,IQS,Docente,4to grado,SANTO DOMINGO,398,605.8,719
2026,5,IQS,Docente,4to grado,Sin ubicación,344,330.7,540
2026,5,IQS,Docente,6to grado,AZUA,3,3.0,6
2026,5,IQS,Docente,6to grado,HIGUEY,1,0.4,1
2026,5,IQS,Docente,6to grado,LA VEGA,2,11.4,8
2026,5,IQS,Docente,6to grado,MAO,1,0.5,2
2026,5,IQS,Docente,6to grado,NAGUA,2,2.4,4
2026,5,IQS,Docente,6to grado,PUERTO PLATA,2,6.1,4
2026,5,IQS,Docente,6to grado,SAN CRISTOBAL,2,2.7,2
2026,5,IQS,Docente,6to grado,SANTIAGO,4,6.6,6
2026,5,IQS,Docente,6to grado,SANTO DOMINGO,8,22.2,20
2026,5,IQS,Docente,6to grado,Sin ubicación,4,5.1,8
2026,5,IQS,Docente,No especificado,BARAHONA,3,1.0,3
2026,5,IQS,Docente,No especificado,COTUI,1,0.7,1
2026,5,IQS,Docente,No especificado,HIGUEY,1,0.2,1
2026,5,IQS,Docente,No especificado,LA VEGA,2,3.9,11
2026,5,IQS,Docente,No especificado,SAN CRISTOBAL,3,4.7,6
2026,5,IQS,Docente,No especificado,SAN FRANCISCO DE MACORIS,3,3.5,5
2026,5,IQS,Docente,No especificado,SAN PEDRO DE MACORIS,4,3.2,4
2026,5,IQS,Docente,No especificado,SANTIAGO,8,5.7,11
2026,5,IQS,Docente,No especificado,SANTO DOMINGO,4,3.7,6
2026,5,IQS,Docente,No especificado,Sin ubicación,6,4.1,7
2026,5,IQS,Editor,No especificado,SANTIAGO,1,31.4,11
2026,5,IQS,Estudiante,1er grado,AZUA,11,20.5,42
2026,5,IQS,Estudiante,1er grado,BAHORUCO,2,2.6,6
2026,5,IQS,Estudiante,1er grado,BARAHONA,5,6.2,13
2026,5,IQS,Estudiante,1er grado,COTUI,8,5.2,27
2026,5,IQS,Estudiante,1er grado,HIGUEY,9,7.1,30
2026,5,IQS,Estudiante,1er grado,LA VEGA,15,12.6,33
2026,5,IQS,Estudiante,1er grado,MONTE CRISTI,5,5.2,13
2026,5,IQS,Estudiante,1er grado,MONTE PLATA,5,4.3,15
2026,5,IQS,Estudiante,1er grado,NAGUA,3,2.1,7
2026,5,IQS,Estudiante,1er grado,PUERTO PLATA,8,5.3,18
2026,5,IQS,Estudiante,1er grado,SAN CRISTOBAL,7,6.2,15
2026,5,IQS,Estudiante,1er grado,SAN FRANCISCO DE MACORIS,11,12.1,35
2026,5,IQS,Estudiante,1er grado,SAN JUAN DE LA MAGUANA,8,6.8,22
2026,5,IQS,Estudiante,1er grado,SAN PEDRO DE MACORIS,18,6.4,37
2026,5,IQS,Estudiante,1er grado,SANTIAGO,36,26.5,86
2026,5,IQS,Estudiante,1er grado,SANTO DOMINGO,100,91.8,242
2026,5,IQS,Estudiante,1er grado,Sin ubicación,78,99.7,255
2026,5,IQS,Estudiante,2do grado,AZUA,11,10.0,18
2026,5,IQS,Estudiante,2do grado,BAHORUCO,5,2.3,7
2026,5,IQS,Estudiante,2do grado,BARAHONA,7,9.0,13
2026,5,IQS,Estudiante,2do grado,COTUI,9,5.0,12
2026,5,IQS,Estudiante,2do grado,HIGUEY,4,1.5,5
2026,5,IQS,Estudiante,2do grado,LA VEGA,10,8.2,18
2026,5,IQS,Estudiante,2do grado,MAO,5,1.9,5
2026,5,IQS,Estudiante,2do grado,MONTE CRISTI,8,4.5,10
2026,5,IQS,Estudiante,2do grado,MONTE PLATA,2,3.4,3
2026,5,IQS,Estudiante,2do grado,NAGUA,5,2.7,8
2026,5,IQS,Estudiante,2do grado,PUERTO PLATA,3,3.2,6
2026,5,IQS,Estudiante,2do grado,SAN CRISTOBAL,8,7.5,16
2026,5,IQS,Estudiante,2do grado,SAN FRANCISCO DE MACORIS,7,7.8,14
2026,5,IQS,Estudiante,2do grado,SAN JUAN DE LA MAGUANA,9,6.7,12
2026,5,IQS,Estudiante,2do grado,SAN PEDRO DE MACORIS,9,5.7,11
2026,5,IQS,Estudiante,2do grado,SANTIAGO,16,14.3,20
2026,5,IQS,Estudiante,2do grado,SANTO DOMINGO,153,177.6,345
2026,5,IQS,Estudiante,2do grado,Sin ubicación,158,135.0,283
2026,5,IQS,Estudiante,3er grado,AZUA,5,4.2,8
2026,5,IQS,Estudiante,3er grado,BAHORUCO,2,0.5,2
2026,5,IQS,Estudiante,3er grado,BARAHONA,3,2.9,3
2026,5,IQS,Estudiante,3er grado,COTUI,2,1.2,2
2026,5,IQS,Estudiante,3er grado,LA VEGA,2,0.6,3
2026,5,IQS,Estudiante,3er grado,MAO,2,1.2,4
2026,5,IQS,Estudiante,3er grado,MONTE CRISTI,4,4.0,10
2026,5,IQS,Estudiante,3er grado,MONTE PLATA,3,5.7,6
2026,5,IQS,Estudiante,3er grado,NAGUA,1,0.3,1
2026,5,IQS,Estudiante,3er grado,SAN CRISTOBAL,2,1.5,3
2026,5,IQS,Estudiante,3er grado,SAN FRANCISCO DE MACORIS,5,2.9,5
2026,5,IQS,Estudiante,3er grado,SAN PEDRO DE MACORIS,7,6.9,11
2026,5,IQS,Estudiante,3er grado,SANTIAGO,19,24.4,44
2026,5,IQS,Estudiante,3er grado,SANTO DOMINGO,52,42.6,84
2026,5,IQS,Estudiante,3er grado,Sin ubicación,58,53.8,117
2026,5,IQS,Estudiante,4to grado,AZUA,26,20.4,37
2026,5,IQS,Estudiante,4to grado,BAHORUCO,8,3.4,9
2026,5,IQS,Estudiante,4to grado,BARAHONA,11,8.3,16
2026,5,IQS,Estudiante,4to grado,COTUI,30,26.2,49
2026,5,IQS,Estudiante,4to grado,HIGUEY,28,43.2,54
2026,5,IQS,Estudiante,4to grado,LA VEGA,43,31.5,55
2026,5,IQS,Estudiante,4to grado,MAO,12,4.7,15
2026,5,IQS,Estudiante,4to grado,MONTE CRISTI,7,5.8,11
2026,5,IQS,Estudiante,4to grado,MONTE PLATA,6,5.8,9
2026,5,IQS,Estudiante,4to grado,NAGUA,34,21.5,45
2026,5,IQS,Estudiante,4to grado,PUERTO PLATA,18,11.4,24
2026,5,IQS,Estudiante,4to grado,SAN CRISTOBAL,35,21.2,46
2026,5,IQS,Estudiante,4to grado,SAN FRANCISCO DE MACORIS,17,18.2,39
2026,5,IQS,Estudiante,4to grado,SAN JUAN DE LA MAGUANA,15,15.2,26
2026,5,IQS,Estudiante,4to grado,SAN PEDRO DE MACORIS,27,30.5,48
2026,5,IQS,Estudiante,4to grado,SANTIAGO,87,63.6,125
2026,5,IQS,Estudiante,4to grado,SANTO DOMINGO,226,185.0,319
2026,5,IQS,Estudiante,4to grado,Sin ubicación,211,181.0,356
2026,5,IQS,Estudiante,5to grado,AZUA,5,3.3,7
2026,5,IQS,Estudiante,5to grado,BAHORUCO,4,2.0,6
2026,5,IQS,Estudiante,5to grado,BARAHONA,2,2.3,8
2026,5,IQS,Estudiante,5to grado,COTUI,4,2.2,6
2026,5,IQS,Estudiante,5to grado,HIGUEY,5,3.7,6
2026,5,IQS,Estudiante,5to grado,LA VEGA,2,0.5,3
2026,5,IQS,Estudiante,5to grado,MAO,2,0.5,2
2026,5,IQS,Estudiante,5to grado,MONTE CRISTI,3,6.7,18
2026,5,IQS,Estudiante,5to grado,MONTE PLATA,5,3.7,8
2026,5,IQS,Estudiante,5to grado,NAGUA,4,1.7,4
2026,5,IQS,Estudiante,5to grado,PUERTO PLATA,6,5.0,9
2026,5,IQS,Estudiante,5to grado,SAN CRISTOBAL,17,13.5,20
2026,5,IQS,Estudiante,5to grado,SAN FRANCISCO DE MACORIS,10,12.0,21
2026,5,IQS,Estudiante,5to grado,SAN JUAN DE LA MAGUANA,7,4.5,7
2026,5,IQS,Estudiante,5to grado,SAN PEDRO DE MACORIS,17,8.0,22
2026,5,IQS,Estudiante,5to grado,SANTIAGO,43,29.3,65
2026,5,IQS,Estudiante,5to grado,SANTO DOMINGO,120,87.8,177
2026,5,IQS,Estudiante,5to grado,Sin ubicación,75,52.7,95
2026,5,IQS,Estudiante,6to grado,AZUA,733,1238.5,1834
2026,5,IQS,Estudiante,6to grado,BAHORUCO,287,235.3,451
2026,5,IQS,Estudiante,6to grado,BARAHONA,351,380.8,689
2026,5,IQS,Estudiante,6to grado,COTUI,667,602.8,1215
2026,5,IQS,Estudiante,6to grado,HIGUEY,1074,1988.2,2743
2026,5,IQS,Estudiante,6to grado,LA VEGA,982,935.2,1842
2026,5,IQS,Estudiante,6to grado,MAO,310,246.8,544
2026,5,IQS,Estudiante,6to grado,MONTE CRISTI,371,589.8,874
2026,5,IQS,Estudiante,6to grado,MONTE PLATA,185,147.2,365
2026,5,IQS,Estudiante,6to grado,NAGUA,307,236.2,514
2026,5,IQS,Estudiante,6to grado,PUERTO PLATA,605,669.9,1177
2026,5,IQS,Estudiante,6to grado,SAN CRISTOBAL,1139,1188.9,2012
2026,5,IQS,Estudiante,6to grado,SAN FRANCISCO DE MACORIS,535,502.3,962
2026,5,IQS,Estudiante,6to grado,SAN JUAN DE LA MAGUANA,557,497.7,962
2026,5,IQS,Estudiante,6to grado,SAN PEDRO DE MACORIS,1036,1099.0,1916
2026,5,IQS,Estudiante,6to grado,SANTIAGO,2969,3650.0,5974
2026,5,IQS,Estudiante,6to grado,SANTO DOMINGO,6756,8173.9,12636
2026,5,IQS,Estudiante,6to grado,Sin ubicación,4597,4068.2,8716
2026,5,IQS,Estudiante,No especificado,AZUA,4,10.0,7
2026,5,IQS,Estudiante,No especificado,BARAHONA,6,5.4,15
2026,5,IQS,Estudiante,No especificado,COTUI,1,0.4,1
2026,5,IQS,Estudiante,No especificado,HIGUEY,26,39.4,76
2026,5,IQS,Estudiante,No especificado,LA VEGA,7,6.7,16
2026,5,IQS,Estudiante,No especificado,MAO,7,4.4,13
2026,5,IQS,Estudiante,No especificado,MONTE CRISTI,6,10.9,17
2026,5,IQS,Estudiante,No especificado,MONTE PLATA,1,0.7,4
2026,5,IQS,Estudiante,No especificado,NAGUA,1,0.6,1
2026,5,IQS,Estudiante,No especificado,PUERTO PLATA,7,5.9,13
2026,5,IQS,Estudiante,No especificado,SAN CRISTOBAL,12,13.9,22
2026,5,IQS,Estudiante,No especificado,SAN FRANCISCO DE MACORIS,4,1.5,6
2026,5,IQS,Estudiante,No especificado,SAN JUAN DE LA MAGUANA,2,0.3,2
2026,5,IQS,Estudiante,No especificado,SAN PEDRO DE MACORIS,11,8.2,17
2026,5,IQS,Estudiante,No especificado,SANTIAGO,27,35.5,58
2026,5,IQS,Estudiante,No especificado,SANTO DOMINGO,61,56.5,110
2026,5,IQS,Estudiante,No especificado,Sin ubicación,33,30.9,88
2026,5,IQS,Invitado,6to grado,BARAHONA,2,2.4,2
2026,5,IQS,Invitado,6to grado,LA VEGA,2,1.0,2
2026,5,IQS,Invitado,6to grado,MONTE CRISTI,1,2.7,3
2026,5,IQS,Invitado,6to grado,MONTE PLATA,2,2.4,4
2026,5,IQS,Invitado,6to grado,PUERTO PLATA,2,2.7,3
2026,5,IQS,Invitado,6to grado,SAN FRANCISCO DE MACORIS,1,0.5,1
2026,5,IQS,Invitado,6to grado,SAN PEDRO DE MACORIS,2,0.5,2
2026,5,IQS,Invitado,6to grado,SANTIAGO,3,11.6,15
2026,5,IQS,Invitado,6to grado,SANTO DOMINGO,12,23.2,26
2026,5,IQS,Invitado,6to grado,Sin ubicación,389,329.2,559
2026,5,IQS,Sin rol,No especificado,HIGUEY,1,0.4,2
2026,5,IQS,Sin rol,No especificado,SANTIAGO,3,0.9,3
2026,5,IQS,Sin rol,No especificado,Sin ubicación,5,4.4,5
2026,6,IQ512,Editor,No especificado,Sin ubicación,1,0.7,2
2026,6,IQ512,Estudiante,No especificado,AZUA,18,61.9,57
2026,6,IQ512,Estudiante,No especificado,BAHORUCO,9,25.1,30
2026,6,IQ512,Estudiante,No especificado,BARAHONA,57,178.8,167
2026,6,IQ512,Estudiante,No especificado,COTUI,20,112.9,76
2026,6,IQ512,Estudiante,No especificado,LA VEGA,8,28.9,26
2026,6,IQ512,Estudiante,No especificado,MAO,2,2.6,5
2026,6,IQ512,Estudiante,No especificado,MONTE CRISTI,1,3.7,4
2026,6,IQ512,Estudiante,No especificado,NAGUA,15,23.1,26
2026,6,IQ512,Estudiante,No especificado,PUERTO PLATA,4,3.9,7
2026,6,IQ512,Estudiante,No especificado,SAN CRISTOBAL,5,22.4,18
2026,6,IQ512,Estudiante,No especificado,SAN FRANCISCO DE MACORIS,2,1.2,3
2026,6,IQ512,Estudiante,No especificado,SAN JUAN DE LA MAGUANA,22,109.7,87
2026,6,IQ512,Estudiante,No especificado,SAN PEDRO DE MACORIS,24,78.7,76
2026,6,IQ512,Estudiante,No especificado,SANTIAGO,5,5.2,11
2026,6,IQ512,Estudiante,No especificado,SANTO DOMINGO,33,105.2,90
2026,6,IQ512,Estudiante,No especificado,Sin ubicación,91,192.0,189
2026,6,IQP,Docente,1er grado,Sin ubicación,2,55.0,28
2026,6,IQP,Docente,4to grado,PUERTO PLATA,1,0.4,1
2026,6,IQP,Docente,4to grado,SAN FRANCISCO DE MACORIS,1,0.4,1
2026,6,IQP,Docente,4to grado,Sin ubicación,3,3.3,3
2026,6,IQP,Docente,5to grado,MAO,1,0.3,1
2026,6,IQP,Docente,5to grado,PUERTO PLATA,2,6.0,5
2026,6,IQP,Docente,5to grado,SAN CRISTOBAL,4,2.3,5
2026,6,IQP,Docente,5to grado,SAN PEDRO DE MACORIS,1,1.0,1
2026,6,IQP,Docente,5to grado,SANTO DOMINGO,3,1.1,3
2026,6,IQP,Docente,5to grado,Sin ubicación,6,2.8,6
2026,6,IQP,Docente,6to grado,BARAHONA,1,0.9,1
2026,6,IQP,Docente,6to grado,SAN CRISTOBAL,2,1.3,2
2026,6,IQP,Docente,6to grado,SANTIAGO,1,0.6,1
2026,6,IQP,Docente,6to grado,SANTO DOMINGO,2,1.2,2
2026,6,IQP,Docente,6to grado,Sin ubicación,1,0.8,2
2026,6,IQP,Estudiante,1er grado,SANTO DOMINGO,2,1.0,2
2026,6,IQP,Estudiante,2do grado,AZUA,1,0.7,1
2026,6,IQP,Estudiante,2do grado,NAGUA,1,0.4,1
2026,6,IQP,Estudiante,3er grado,SANTO DOMINGO,6,5.4,7
2026,6,IQP,Estudiante,4to grado,MONTE CRISTI,1,0.2,1
2026,6,IQP,Estudiante,4to grado,MONTE PLATA,1,0.2,1
2026,6,IQP,Estudiante,4to grado,PUERTO PLATA,11,5.5,12
2026,6,IQP,Estudiante,4to grado,SAN CRISTOBAL,1,0.2,1
2026,6,IQP,Estudiante,4to grado,SANTO DOMINGO,4,1.2,4
2026,6,IQP,Estudiante,5to grado,AZUA,2,0.6,2
2026,6,IQP,Estudiante,5to grado,HIGUEY,1,0.4,1
2026,6,IQP,Estudiante,5to grado,SANTO DOMINGO,3,1.7,4
2026,6,IQP,Estudiante,5to grado,Sin ubicación,1,0.8,1
2026,6,IQP,Estudiante,6to grado,AZUA,1,0.3,1
2026,6,IQP,Estudiante,6to grado,BAHORUCO,2,1.1,2
2026,6,IQP,Estudiante,6to grado,BARAHONA,2,0.9,2
2026,6,IQP,Estudiante,6to grado,COTUI,1,0.4,1
2026,6,IQP,Estudiante,6to grado,HIGUEY,2,0.9,2
2026,6,IQP,Estudiante,6to grado,LA VEGA,1,0.6,1
2026,6,IQP,Estudiante,6to grado,MAO,1,0.3,1
2026,6,IQP,Estudiante,6to grado,MONTE CRISTI,1,0.1,1
2026,6,IQP,Estudiante,6to grado,MONTE PLATA,1,0.2,1
2026,6,IQP,Estudiante,6to grado,NAGUA,1,0.4,1
2026,6,IQP,Estudiante,6to grado,PUERTO PLATA,2,0.8,2
2026,6,IQP,Estudiante,6to grado,SAN CRISTOBAL,3,1.4,4
2026,6,IQP,Estudiante,6to grado,SAN FRANCISCO DE MACORIS,2,0.9,2
2026,6,IQP,Estudiante,6to grado,SAN JUAN DE LA MAGUANA,2,1.8,2
2026,6,IQP,Estudiante,6to grado,SAN PEDRO DE MACORIS,3,2.3,3
2026,6,IQP,Estudiante,6to grado,SANTIAGO,3,1.6,3
2026,6,IQP,Estudiante,6to grado,SANTO DOMINGO,17,7.3,18
2026,6,IQP,Parent,No especificado,Sin ubicación,1,5.8,8
2026,6,IQP,Sin rol,No especificado,Sin ubicación,1,9.0,9
2026,6,IQS,Admin,6to grado,Sin ubicación,1,0.9,1
2026,6,IQS,Docente,1er grado,AZUA,1,3.8,3
2026,6,IQS,Docente,1er grado,BARAHONA,2,2.1,4
2026,6,IQS,Docente,1er grado,HIGUEY,1,1.3,1
2026,6,IQS,Docente,1er grado,LA VEGA,1,0.6,3
2026,6,IQS,Docente,1er grado,MONTE CRISTI,4,4.6,5
2026,6,IQS,Docente,1er grado,PUERTO PLATA,1,0.3,1
2026,6,IQS,Docente,1er grado,SAN FRANCISCO DE MACORIS,1,0.5,2
2026,6,IQS,Docente,1er grado,SAN JUAN DE LA MAGUANA,1,3.6,3
2026,6,IQS,Docente,1er grado,SANTIAGO,2,3.5,6
2026,6,IQS,Docente,1er grado,SANTO DOMINGO,8,11.9,22
2026,6,IQS,Docente,1er grado,Sin ubicación,2,4.9,5
2026,6,IQS,Docente,4to grado,AZUA,33,54.4,59
2026,6,IQS,Docente,4to grado,BAHORUCO,11,14.0,15
2026,6,IQS,Docente,4to grado,BARAHONA,15,12.7,22
2026,6,IQS,Docente,4to grado,COTUI,25,17.7,34
2026,6,IQS,Docente,4to grado,HIGUEY,38,60.1,82
2026,6,IQS,Docente,4to grado,LA VEGA,54,56.7,81
2026,6,IQS,Docente,4to grado,MAO,11,9.1,15
2026,6,IQS,Docente,4to grado,MONTE CRISTI,17,21.9,26
2026,6,IQS,Docente,4to grado,MONTE PLATA,6,3.0,7
2026,6,IQS,Docente,4to grado,NAGUA,20,16.9,33
2026,6,IQS,Docente,4to grado,PUERTO PLATA,22,22.9,33
2026,6,IQS,Docente,4to grado,SAN CRISTOBAL,48,51.2,69
2026,6,IQS,Docente,4to grado,SAN FRANCISCO DE MACORIS,31,31.3,54
2026,6,IQS,Docente,4to grado,SAN JUAN DE LA MAGUANA,13,15.1,20
2026,6,IQS,Docente,4to grado,SAN PEDRO DE MACORIS,56,67.4,102
2026,6,IQS,Docente,4to grado,SANTIAGO,79,94.5,153
2026,6,IQS,Docente,4to grado,SANTO DOMINGO,250,384.3,462
2026,6,IQS,Docente,4to grado,Sin ubicación,217,216.4,358
2026,6,IQS,Docente,6to grado,AZUA,2,0.5,2
2026,6,IQS,Docente,6to grado,LA VEGA,3,17.0,14
2026,6,IQS,Docente,6to grado,PUERTO PLATA,2,0.9,2
2026,6,IQS,Docente,6to grado,SAN CRISTOBAL,2,1.4,4
2026,6,IQS,Docente,6to grado,SAN FRANCISCO DE MACORIS,2,0.0,2
2026,6,IQS,Docente,6to grado,SAN PEDRO DE MACORIS,1,0.5,1
2026,6,IQS,Docente,6to grado,SANTIAGO,2,4.8,7
2026,6,IQS,Docente,6to grado,SANTO DOMINGO,10,12.1,17
2026,6,IQS,Docente,6to grado,Sin ubicación,4,2.1,4
2026,6,IQS,Docente,No especificado,AZUA,1,0.1,2
2026,6,IQS,Docente,No especificado,HIGUEY,1,0.4,1
2026,6,IQS,Docente,No especificado,LA VEGA,3,4.3,4
2026,6,IQS,Docente,No especificado,MAO,1,0.5,1
2026,6,IQS,Docente,No especificado,SAN CRISTOBAL,2,1.0,3
2026,6,IQS,Docente,No especificado,SAN FRANCISCO DE MACORIS,1,0.6,1
2026,6,IQS,Docente,No especificado,SANTIAGO,2,0.6,2
2026,6,IQS,Docente,No especificado,SANTO DOMINGO,8,4.3,11
2026,6,IQS,Docente,No especificado,Sin ubicación,5,2.4,6
2026,6,IQS,Editor,No especificado,SANTIAGO,1,17.8,9
2026,6,IQS,Estudiante,1er grado,AZUA,11,23.7,37
2026,6,IQS,Estudiante,1er grado,BAHORUCO,2,3.3,8
2026,6,IQS,Estudiante,1er grado,BARAHONA,14,12.0,40
2026,6,IQS,Estudiante,1er grado,COTUI,11,7.4,20
2026,6,IQS,Estudiante,1er grado,HIGUEY,17,19.6,56
2026,6,IQS,Estudiante,1er grado,LA VEGA,14,10.7,35
2026,6,IQS,Estudiante,1er grado,MAO,1,0.8,2
2026,6,IQS,Estudiante,1er grado,MONTE CRISTI,3,2.6,13
2026,6,IQS,Estudiante,1er grado,MONTE PLATA,5,8.3,18
2026,6,IQS,Estudiante,1er grado,NAGUA,8,13.6,29
2026,6,IQS,Estudiante,1er grado,PUERTO PLATA,14,10.8,42
2026,6,IQS,Estudiante,1er grado,SAN CRISTOBAL,8,7.4,27
2026,6,IQS,Estudiante,1er grado,SAN FRANCISCO DE MACORIS,8,5.4,17
2026,6,IQS,Estudiante,1er grado,SAN JUAN DE LA MAGUANA,3,1.4,6
2026,6,IQS,Estudiante,1er grado,SAN PEDRO DE MACORIS,22,17.6,63
2026,6,IQS,Estudiante,1er grado,SANTIAGO,39,41.1,109
2026,6,IQS,Estudiante,1er grado,SANTO DOMINGO,108,112.2,298
2026,6,IQS,Estudiante,1er grado,Sin ubicación,103,106.7,339
2026,6,IQS,Estudiante,2do grado,AZUA,20,16.1,30
2026,6,IQS,Estudiante,2do grado,BAHORUCO,2,6.4,6
2026,6,IQS,Estudiante,2do grado,BARAHONA,6,13.7,15
2026,6,IQS,Estudiante,2do grado,COTUI,9,8.9,17
2026,6,IQS,Estudiante,2do grado,HIGUEY,3,2.0,3
2026,6,IQS,Estudiante,2do grado,LA VEGA,12,15.6,20
2026,6,IQS,Estudiante,2do grado,MAO,4,3.2,8
2026,6,IQS,Estudiante,2do grado,MONTE CRISTI,13,7.2,16
2026,6,IQS,Estudiante,2do grado,MONTE PLATA,6,6.3,17
2026,6,IQS,Estudiante,2do grado,NAGUA,4,5.7,9
2026,6,IQS,Estudiante,2do grado,PUERTO PLATA,8,6.7,14
2026,6,IQS,Estudiante,2do grado,SAN CRISTOBAL,12,16.4,18
2026,6,IQS,Estudiante,2do grado,SAN FRANCISCO DE MACORIS,9,6.8,15
2026,6,IQS,Estudiante,2do grado,SAN JUAN DE LA MAGUANA,3,1.4,5
2026,6,IQS,Estudiante,2do grado,SAN PEDRO DE MACORIS,14,10.6,18
2026,6,IQS,Estudiante,2do grado,SANTIAGO,22,19.4,46
2026,6,IQS,Estudiante,2do grado,SANTO DOMINGO,90,195.2,297
2026,6,IQS,Estudiante,2do grado,Sin ubicación,147,225.9,374
2026,6,IQS,Estudiante,3er grado,AZUA,5,2.7,8
2026,6,IQS,Estudiante,3er grado,BAHORUCO,1,0.4,1
2026,6,IQS,Estudiante,3er grado,BARAHONA,4,2.7,6
2026,6,IQS,Estudiante,3er grado,COTUI,1,0.8,2
2026,6,IQS,Estudiante,3er grado,HIGUEY,3,2.3,3
2026,6,IQS,Estudiante,3er grado,LA VEGA,3,3.7,7
2026,6,IQS,Estudiante,3er grado,MONTE CRISTI,2,0.8,2
2026,6,IQS,Estudiante,3er grado,MONTE PLATA,4,3.1,5
2026,6,IQS,Estudiante,3er grado,PUERTO PLATA,1,0.4,2
2026,6,IQS,Estudiante,3er grado,SAN CRISTOBAL,7,9.5,14
2026,6,IQS,Estudiante,3er grado,SAN FRANCISCO DE MACORIS,1,1.1,3
2026,6,IQS,Estudiante,3er grado,SAN PEDRO DE MACORIS,2,6.9,9
2026,6,IQS,Estudiante,3er grado,SANTIAGO,14,17.6,22
2026,6,IQS,Estudiante,3er grado,SANTO DOMINGO,56,76.5,121
2026,6,IQS,Estudiante,3er grado,Sin ubicación,62,101.1,150
2026,6,IQS,Estudiante,4to grado,AZUA,25,30.3,46
2026,6,IQS,Estudiante,4to grado,BAHORUCO,4,3.6,4
2026,6,IQS,Estudiante,4to grado,BARAHONA,15,17.4,22
2026,6,IQS,Estudiante,4to grado,COTUI,24,42.2,43
2026,6,IQS,Estudiante,4to grado,HIGUEY,29,51.0,50
2026,6,IQS,Estudiante,4to grado,LA VEGA,31,34.1,39
2026,6,IQS,Estudiante,4to grado,MAO,8,7.3,11
2026,6,IQS,Estudiante,4to grado,MONTE CRISTI,13,9.1,20
2026,6,IQS,Estudiante,4to grado,MONTE PLATA,15,9.9,19
2026,6,IQS,Estudiante,4to grado,NAGUA,12,6.0,14
2026,6,IQS,Estudiante,4to grado,PUERTO PLATA,8,6.9,17
2026,6,IQS,Estudiante,4to grado,SAN CRISTOBAL,34,25.2,43
2026,6,IQS,Estudiante,4to grado,SAN FRANCISCO DE MACORIS,38,35.8,69
2026,6,IQS,Estudiante,4to grado,SAN JUAN DE LA MAGUANA,14,39.4,32
2026,6,IQS,Estudiante,4to grado,SAN PEDRO DE MACORIS,36,54.6,68
2026,6,IQS,Estudiante,4to grado,SANTIAGO,80,113.1,164
2026,6,IQS,Estudiante,4to grado,SANTO DOMINGO,286,361.6,490
2026,6,IQS,Estudiante,4to grado,Sin ubicación,262,280.7,460
2026,6,IQS,Estudiante,5to grado,AZUA,10,11.2,18
2026,6,IQS,Estudiante,5to grado,BAHORUCO,3,3.5,7
2026,6,IQS,Estudiante,5to grado,BARAHONA,9,10.0,22
2026,6,IQS,Estudiante,5to grado,COTUI,4,5.5,8
2026,6,IQS,Estudiante,5to grado,HIGUEY,8,6.9,15
2026,6,IQS,Estudiante,5to grado,LA VEGA,9,9.4,15
2026,6,IQS,Estudiante,5to grado,MAO,1,0.4,1
2026,6,IQS,Estudiante,5to grado,MONTE CRISTI,5,7.0,13
2026,6,IQS,Estudiante,5to grado,MONTE PLATA,14,21.3,24
2026,6,IQS,Estudiante,5to grado,NAGUA,8,5.8,11
2026,6,IQS,Estudiante,5to grado,PUERTO PLATA,5,6.6,10
2026,6,IQS,Estudiante,5to grado,SAN CRISTOBAL,23,21.7,34
2026,6,IQS,Estudiante,5to grado,SAN FRANCISCO DE MACORIS,18,18.9,32
2026,6,IQS,Estudiante,5to grado,SAN JUAN DE LA MAGUANA,2,2.6,8
2026,6,IQS,Estudiante,5to grado,SAN PEDRO DE MACORIS,18,21.5,32
2026,6,IQS,Estudiante,5to grado,SANTIAGO,38,23.3,51
2026,6,IQS,Estudiante,5to grado,SANTO DOMINGO,97,134.5,163
2026,6,IQS,Estudiante,5to grado,Sin ubicación,100,112.3,175
2026,6,IQS,Estudiante,6to grado,AZUA,930,1310.7,2105
2026,6,IQS,Estudiante,6to grado,BAHORUCO,299,285.6,525
2026,6,IQS,Estudiante,6to grado,BARAHONA,484,592.8,1021
2026,6,IQS,Estudiante,6to grado,COTUI,526,560.1,1053
2026,6,IQS,Estudiante,6to grado,HIGUEY,915,1334.5,2116
2026,6,IQS,Estudiante,6to grado,LA VEGA,1486,1909.7,3222
2026,6,IQS,Estudiante,6to grado,MAO,433,582.7,1014
2026,6,IQS,Estudiante,6to grado,MONTE CRISTI,410,600.4,876
2026,6,IQS,Estudiante,6to grado,MONTE PLATA,353,395.4,686
2026,6,IQS,Estudiante,6to grado,NAGUA,358,366.3,688
2026,6,IQS,Estudiante,6to grado,PUERTO PLATA,548,643.4,1215
2026,6,IQS,Estudiante,6to grado,SAN CRISTOBAL,1454,1915.1,2888
2026,6,IQS,Estudiante,6to grado,SAN FRANCISCO DE MACORIS,625,797.1,1412
2026,6,IQS,Estudiante,6to grado,SAN JUAN DE LA MAGUANA,471,559.8,991
2026,6,IQS,Estudiante,6to grado,SAN PEDRO DE MACORIS,1489,2003.8,3170
2026,6,IQS,Estudiante,6to grado,SANTIAGO,2751,3938.6,6030
2026,6,IQS,Estudiante,6to grado,SANTO DOMINGO,8780,12695.6,18495
2026,6,IQS,Estudiante,6to grado,Sin ubicación,6410,7847.0,14406
2026,6,IQS,Estudiante,No especificado,AZUA,5,4.6,18
2026,6,IQS,Estudiante,No especificado,BAHORUCO,4,2.1,5
2026,6,IQS,Estudiante,No especificado,BARAHONA,10,7.7,18
2026,6,IQS,Estudiante,No especificado,HIGUEY,12,10.5,27
2026,6,IQS,Estudiante,No especificado,LA VEGA,14,19.0,43
2026,6,IQS,Estudiante,No especificado,MAO,9,9.8,18
2026,6,IQS,Estudiante,No especificado,MONTE CRISTI,5,4.5,12
2026,6,IQS,Estudiante,No especificado,MONTE PLATA,1,1.0,1
2026,6,IQS,Estudiante,No especificado,NAGUA,4,8.4,7
2026,6,IQS,Estudiante,No especificado,PUERTO PLATA,4,3.9,5
2026,6,IQS,Estudiante,No especificado,SAN CRISTOBAL,23,20.2,35
2026,6,IQS,Estudiante,No especificado,SAN FRANCISCO DE MACORIS,10,12.4,24
2026,6,IQS,Estudiante,No especificado,SAN JUAN DE LA MAGUANA,2,1.4,5
2026,6,IQS,Estudiante,No especificado,SAN PEDRO DE MACORIS,30,30.9,46
2026,6,IQS,Estudiante,No especificado,SANTIAGO,21,16.2,46
2026,6,IQS,Estudiante,No especificado,SANTO DOMINGO,65,51.1,104
2026,6,IQS,Estudiante,No especificado,Sin ubicación,54,57.8,121
2026,6,IQS,Invitado,6to grado,AZUA,1,5.2,7
2026,6,IQS,Invitado,6to grado,BAHORUCO,2,2.8,3
2026,6,IQS,Invitado,6to grado,LA VEGA,1,2.8,5
2026,6,IQS,Invitado,6to grado,PUERTO PLATA,1,0.7,1
2026,6,IQS,Invitado,6to grado,SAN CRISTOBAL,3,2.1,4
2026,6,IQS,Invitado,6to grado,SAN JUAN DE LA MAGUANA,1,0.6,1
2026,6,IQS,Invitado,6to grado,SAN PEDRO DE MACORIS,5,3.5,7
2026,6,IQS,Invitado,6to grado,SANTIAGO,2,2.5,5
2026,6,IQS,Invitado,6to grado,SANTO DOMINGO,22,28.4,45
2026,6,IQS,Invitado,6to grado,Sin ubicación,775,875.7,1222
2026,6,IQS,Invitado,No especificado,BAHORUCO,1,0.3,1
2026,6,IQS,Invitado,No especificado,Sin ubicación,4,2.3,5
2026,6,IQS,Sin rol,No especificado,HIGUEY,1,0.4,3
2026,6,IQS,Sin rol,No especificado,Sin ubicación,8,6.0,9
2026,7,IQ512,Estudiante,No especificado,BAHORUCO,2,1.1,2
2026,7,IQ512,Estudiante,No especificado,BARAHONA,6,3.1,6
2026,7,IQ512,Estudiante,No especificado,COTUI,1,0.2,1
2026,7,IQ512,Estudiante,No especificado,HIGUEY,1,0.4,1
2026,7,IQ512,Estudiante,No especificado,LA VEGA,1,0.9,1
2026,7,IQ512,Estudiante,No especificado,SAN JUAN DE LA MAGUANA,1,0.3,1
2026,7,IQ512,Estudiante,No especificado,SAN PEDRO DE MACORIS,2,1.0,2
2026,7,IQ512,Estudiante,No especificado,SANTO DOMINGO,4,1.8,4
2026,7,IQ512,Estudiante,No especificado,Sin ubicación,13,11.4,18
2026,7,IQP,Docente,1er grado,Sin ubicación,1,4.3,18
2026,7,IQP,Docente,5to grado,LA VEGA,1,0.1,1
2026,7,IQP,Docente,5to grado,MONTE CRISTI,1,0.1,1
2026,7,IQP,Docente,5to grado,PUERTO PLATA,1,0.1,1
2026,7,IQP,Docente,5to grado,SAN CRISTOBAL,2,0.1,2
2026,7,IQP,Docente,5to grado,SAN JUAN DE LA MAGUANA,1,0.0,1
2026,7,IQP,Docente,5to grado,SANTO DOMINGO,1,0.1,1
2026,7,IQP,Docente,6to grado,SAN FRANCISCO DE MACORIS,1,0.1,1
2026,7,IQP,Docente,6to grado,SANTO DOMINGO,1,0.0,1
2026,7,IQP,Docente,6to grado,Sin ubicación,1,0.1,1
2026,7,IQP,Estudiante,4to grado,MONTE PLATA,1,0.1,1
2026,7,IQP,Estudiante,6to grado,BAHORUCO,1,0.0,1
2026,7,IQP,Estudiante,6to grado,NAGUA,2,1.4,3
2026,7,IQP,Sin rol,No especificado,Sin ubicación,1,1.0,5
2026,7,IQS,Docente,1er grado,SANTO DOMINGO,1,0.2,1
2026,7,IQS,Docente,1er grado,Sin ubicación,1,0.0,1
2026,7,IQS,Docente,4to grado,BAHORUCO,1,0.1,1
2026,7,IQS,Docente,4to grado,BARAHONA,2,0.2,2
2026,7,IQS,Docente,4to grado,HIGUEY,1,0.2,1
2026,7,IQS,Docente,4to grado,LA VEGA,1,0.4,4
2026,7,IQS,Docente,4to grado,MONTE CRISTI,3,0.4,5
2026,7,IQS,Docente,4to grado,NAGUA,2,0.9,4
2026,7,IQS,Docente,4to grado,SAN CRISTOBAL,1,0.0,1
2026,7,IQS,Docente,4to grado,SANTIAGO,2,0.2,3
2026,7,IQS,Docente,4to grado,SANTO DOMINGO,9,1.3,10
2026,7,IQS,Docente,4to grado,Sin ubicación,6,1.5,9
2026,7,IQS,Docente,6to grado,SANTIAGO,1,0.1,1
2026,7,IQS,Docente,6to grado,Sin ubicación,1,0.0,1
2026,7,IQS,Docente,No especificado,Sin ubicación,1,0.0,1
2026,7,IQS,Editor,No especificado,SANTIAGO,1,1.9,7
2026,7,IQS,Estudiante,1er grado,AZUA,1,0.4,6
2026,7,IQS,Estudiante,1er grado,HIGUEY,3,0.2,7
2026,7,IQS,Estudiante,1er grado,SAN CRISTOBAL,1,0.0,2
2026,7,IQS,Estudiante,1er grado,SANTIAGO,2,0.4,5
2026,7,IQS,Estudiante,1er grado,SANTO DOMINGO,6,1.5,14
2026,7,IQS,Estudiante,1er grado,Sin ubicación,4,1.2,14
2026,7,IQS,Estudiante,2do grado,AZUA,1,0.1,2
2026,7,IQS,Estudiante,2do grado,LA VEGA,1,0.5,2
2026,7,IQS,Estudiante,2do grado,MAO,1,4.1,4
2026,7,IQS,Estudiante,2do grado,MONTE PLATA,1,2.1,1
2026,7,IQS,Estudiante,2do grado,SANTIAGO,4,2.4,10
2026,7,IQS,Estudiante,2do grado,SANTO DOMINGO,17,15.6,66
2026,7,IQS,Estudiante,2do grado,Sin ubicación,20,11.3,63
2026,7,IQS,Estudiante,3er grado,PUERTO PLATA,1,0.0,2
2026,7,IQS,Estudiante,3er grado,SANTIAGO,1,1.3,2
2026,7,IQS,Estudiante,3er grado,SANTO DOMINGO,8,4.0,37
2026,7,IQS,Estudiante,3er grado,Sin ubicación,3,0.7,6
2026,7,IQS,Estudiante,4to grado,AZUA,1,1.2,1
2026,7,IQS,Estudiante,4to grado,COTUI,1,0.3,1
2026,7,IQS,Estudiante,4to grado,SAN JUAN DE LA MAGUANA,1,0.0,1
2026,7,IQS,Estudiante,4to grado,SAN PEDRO DE MACORIS,1,0.1,1
2026,7,IQS,Estudiante,4to grado,SANTIAGO,5,3.8,7
2026,7,IQS,Estudiante,4to grado,SANTO DOMINGO,4,27.1,25
2026,7,IQS,Estudiante,4to grado,Sin ubicación,10,3.4,18
2026,7,IQS,Estudiante,5to grado,AZUA,1,0.0,1
2026,7,IQS,Estudiante,5to grado,COTUI,1,0.2,1
2026,7,IQS,Estudiante,5to grado,HIGUEY,1,0.1,4
2026,7,IQS,Estudiante,5to grado,SANTO DOMINGO,4,1.8,5
2026,7,IQS,Estudiante,5to grado,Sin ubicación,1,0.2,1
2026,7,IQS,Estudiante,6to grado,AZUA,20,2.1,35
2026,7,IQS,Estudiante,6to grado,BAHORUCO,4,0.3,6
2026,7,IQS,Estudiante,6to grado,BARAHONA,13,15.2,30
2026,7,IQS,Estudiante,6to grado,COTUI,15,3.6,33
2026,7,IQS,Estudiante,6to grado,HIGUEY,20,9.8,51
2026,7,IQS,Estudiante,6to grado,LA VEGA,25,9.5,59
2026,7,IQS,Estudiante,6to grado,MAO,7,4.1,16
2026,7,IQS,Estudiante,6to grado,MONTE CRISTI,5,4.4,11
2026,7,IQS,Estudiante,6to grado,MONTE PLATA,3,0.5,8
2026,7,IQS,Estudiante,6to grado,NAGUA,4,0.9,9
2026,7,IQS,Estudiante,6to grado,PUERTO PLATA,11,2.6,16
2026,7,IQS,Estudiante,6to grado,SAN CRISTOBAL,22,12.1,34
2026,7,IQS,Estudiante,6to grado,SAN FRANCISCO DE MACORIS,16,10.1,22
2026,7,IQS,Estudiante,6to grado,SAN JUAN DE LA MAGUANA,11,11.0,23
2026,7,IQS,Estudiante,6to grado,SAN PEDRO DE MACORIS,20,10.9,45
2026,7,IQS,Estudiante,6to grado,SANTIAGO,43,13.1,62
2026,7,IQS,Estudiante,6to grado,SANTO DOMINGO,161,104.3,329
2026,7,IQS,Estudiante,6to grado,Sin ubicación,116,52.2,220
2026,7,IQS,Estudiante,No especificado,LA VEGA,1,0.2,1
2026,7,IQS,Estudiante,No especificado,PUERTO PLATA,1,0.3,1
2026,7,IQS,Estudiante,No especificado,SAN CRISTOBAL,1,0.1,2
2026,7,IQS,Estudiante,No especificado,SANTO DOMINGO,1,0.0,2
2026,7,IQS,Invitado,6to grado,SAN JUAN DE LA MAGUANA,1,0.0,1
2026,7,IQS,Invitado,6to grado,SANTO DOMINGO,1,0.5,5
2026,7,IQS,Invitado,6to grado,Sin ubicación,100,32.1,175
2026,8,IQ512,Coordinador,No especificado,Sin ubicación,1,0.4,1
2026,8,IQ512,Estudiante,No especificado,AZUA,1,0.5,1
2026,8,IQ512,Estudiante,No especificado,BAHORUCO,1,0.5,1
2026,8,IQ512,Estudiante,No especificado,COTUI,1,0.4,1
2026,8,IQ512,Estudiante,No especificado,LA VEGA,1,0.7,1
2026,8,IQ512,Estudiante,No especificado,SAN PEDRO DE MACORIS,1,0.7,1
2026,8,IQ512,Estudiante,No especificado,SANTIAGO,1,0.2,1
2026,8,IQ512,Estudiante,No especificado,SANTO DOMINGO,4,2.7,5
2026,8,IQ512,Estudiante,No especificado,Sin ubicación,19,12.6,27
2026,8,IQP,Docente,1er grado,Sin ubicación,1,4.3,18
2026,8,IQP,Docente,5to grado,BARAHONA,1,0.0,1
2026,8,IQP,Docente,5to grado,PUERTO PLATA,3,0.3,3
2026,8,IQP,Docente,5to grado,SANTO DOMINGO,3,0.3,3
2026,8,IQP,Docente,5to grado,Sin ubicación,2,0.1,2
2026,8,IQP,Docente,6to grado,SANTO DOMINGO,1,0.1,1
2026,8,IQP,Docente,6to grado,Sin ubicación,1,0.1,1
2026,8,IQP,Estudiante,1er grado,SANTO DOMINGO,1,0.1,1
2026,8,IQP,Estudiante,1er grado,Sin ubicación,3,1.7,7
2026,8,IQP,Estudiante,2do grado,SANTO DOMINGO,1,0.0,1
2026,8,IQP,Estudiante,2do grado,Sin ubicación,1,0.1,1
2026,8,IQP,Estudiante,4to grado,MONTE PLATA,1,0.6,2
2026,8,IQP,Estudiante,4to grado,SANTO DOMINGO,1,0.1,1
2026,8,IQP,Estudiante,5to grado,HIGUEY,2,0.1,2
2026,8,IQP,Estudiante,5to grado,SAN FRANCISCO DE MACORIS,1,0.1,1
2026,8,IQP,Estudiante,5to grado,SANTO DOMINGO,2,0.2,2
2026,8,IQP,Estudiante,6to grado,MONTE PLATA,1,0.1,1
2026,8,IQP,Estudiante,6to grado,NAGUA,1,0.1,1
2026,8,IQP,Estudiante,6to grado,SAN CRISTOBAL,1,0.0,1
2026,8,IQP,Estudiante,6to grado,SAN PEDRO DE MACORIS,1,0.2,1
2026,8,IQP,Estudiante,6to grado,SANTO DOMINGO,2,0.1,2
2026,8,IQP,Estudiante,6to grado,Sin ubicación,2,0.3,2
2026,8,IQP,Estudiante,No especificado,Sin ubicación,1,0.0,1
2026,8,IQP,Sin rol,No especificado,Sin ubicación,1,4.1,10
2026,8,IQS,Admin,No especificado,Sin ubicación,1,0.0,1
2026,8,IQS,Docente,1er grado,SANTO DOMINGO,1,0.2,4
2026,8,IQS,Docente,4to grado,AZUA,4,0.4,4
2026,8,IQS,Docente,4to grado,BARAHONA,1,0.0,2
2026,8,IQS,Docente,4to grado,HIGUEY,4,0.2,5
2026,8,IQS,Docente,4to grado,LA VEGA,2,2.7,10
2026,8,IQS,Docente,4to grado,MAO,1,0.2,1
2026,8,IQS,Docente,4to grado,MONTE CRISTI,3,0.9,7
2026,8,IQS,Docente,4to grado,NAGUA,1,0.1,1
2026,8,IQS,Docente,4to grado,PUERTO PLATA,1,0.0,1
2026,8,IQS,Docente,4to grado,SAN CRISTOBAL,1,0.1,1
2026,8,IQS,Docente,4to grado,SAN JUAN DE LA MAGUANA,1,0.1,1
2026,8,IQS,Docente,4to grado,SAN PEDRO DE MACORIS,3,0.2,3
2026,8,IQS,Docente,4to grado,SANTIAGO,3,0.2,3
2026,8,IQS,Docente,4to grado,SANTO DOMINGO,13,3.3,26
2026,8,IQS,Docente,4to grado,Sin ubicación,9,1.0,15
2026,8,IQS,Docente,No especificado,Sin ubicación,1,0.1,1
2026,8,IQS,Editor,No especificado,SANTIAGO,1,4.7,8
2026,8,IQS,Estudiante,1er grado,HIGUEY,2,0.3,6
2026,8,IQS,Estudiante,1er grado,LA VEGA,2,0.1,3
2026,8,IQS,Estudiante,1er grado,SAN CRISTOBAL,3,1.5,5
2026,8,IQS,Estudiante,1er grado,SAN PEDRO DE MACORIS,1,0.1,2
2026,8,IQS,Estudiante,1er grado,SANTIAGO,2,0.1,4
2026,8,IQS,Estudiante,1er grado,SANTO DOMINGO,3,1.2,11
2026,8,IQS,Estudiante,1er grado,Sin ubicación,2,0.1,4
2026,8,IQS,Estudiante,2do grado,HIGUEY,1,0.2,1
2026,8,IQS,Estudiante,2do grado,SAN CRISTOBAL,7,1.2,8
2026,8,IQS,Estudiante,2do grado,SANTIAGO,1,0.1,2
2026,8,IQS,Estudiante,2do grado,SANTO DOMINGO,5,0.6,12
2026,8,IQS,Estudiante,2do grado,Sin ubicación,8,2.9,22
2026,8,IQS,Estudiante,3er grado,AZUA,1,0.1,1
2026,8,IQS,Estudiante,3er grado,LA VEGA,1,0.5,1
2026,8,IQS,Estudiante,3er grado,SANTO DOMINGO,4,4.1,27
2026,8,IQS,Estudiante,3er grado,Sin ubicación,8,2.9,11
2026,8,IQS,Estudiante,4to grado,AZUA,2,3.9,6
2026,8,IQS,Estudiante,4to grado,BARAHONA,1,0.3,1
2026,8,IQS,Estudiante,4to grado,HIGUEY,1,0.3,1
2026,8,IQS,Estudiante,4to grado,LA VEGA,2,1.8,3
2026,8,IQS,Estudiante,4to grado,PUERTO PLATA,1,0.1,2
2026,8,IQS,Estudiante,4to grado,SAN CRISTOBAL,2,2.8,3
2026,8,IQS,Estudiante,4to grado,SAN FRANCISCO DE MACORIS,1,0.5,1
2026,8,IQS,Estudiante,4to grado,SAN JUAN DE LA MAGUANA,3,3.6,5
2026,8,IQS,Estudiante,4to grado,SANTIAGO,9,14.4,24
2026,8,IQS,Estudiante,4to grado,SANTO DOMINGO,8,8.5,16
2026,8,IQS,Estudiante,4to grado,Sin ubicación,12,4.9,15
2026,8,IQS,Estudiante,5to grado,AZUA,2,0.4,3
2026,8,IQS,Estudiante,5to grado,LA VEGA,2,0.5,4
2026,8,IQS,Estudiante,5to grado,SANTIAGO,4,1.4,5
2026,8,IQS,Estudiante,5to grado,SANTO DOMINGO,2,0.2,2
2026,8,IQS,Estudiante,5to grado,Sin ubicación,3,0.4,4
2026,8,IQS,Estudiante,6to grado,AZUA,17,20.8,38
2026,8,IQS,Estudiante,6to grado,BAHORUCO,1,0.0,1
2026,8,IQS,Estudiante,6to grado,BARAHONA,8,5.5,15
2026,8,IQS,Estudiante,6to grado,COTUI,5,2.5,7
2026,8,IQS,Estudiante,6to grado,HIGUEY,20,5.0,28
2026,8,IQS,Estudiante,6to grado,LA VEGA,45,22.4,72
2026,8,IQS,Estudiante,6to grado,MAO,9,3.8,15
2026,8,IQS,Estudiante,6to grado,MONTE CRISTI,5,7.5,9
2026,8,IQS,Estudiante,6to grado,MONTE PLATA,4,0.3,6
2026,8,IQS,Estudiante,6to grado,NAGUA,4,0.7,7
2026,8,IQS,Estudiante,6to grado,PUERTO PLATA,11,5.1,20
2026,8,IQS,Estudiante,6to grado,SAN CRISTOBAL,17,3.6,27
2026,8,IQS,Estudiante,6to grado,SAN FRANCISCO DE MACORIS,11,2.6,13
2026,8,IQS,Estudiante,6to grado,SAN JUAN DE LA MAGUANA,8,2.5,12
2026,8,IQS,Estudiante,6to grado,SAN PEDRO DE MACORIS,31,16.1,55
2026,8,IQS,Estudiante,6to grado,SANTIAGO,49,42.2,95
2026,8,IQS,Estudiante,6to grado,SANTO DOMINGO,174,126.9,335
2026,8,IQS,Estudiante,6to grado,Sin ubicación,119,53.1,231
2026,8,IQS,Estudiante,No especificado,SANTIAGO,5,1.3,11
2026,8,IQS,Estudiante,No especificado,Sin ubicación,2,0.6,2
2026,8,IQS,Invitado,6to grado,HIGUEY,1,0.1,1
2026,8,IQS,Invitado,6to grado,SANTIAGO,1,0.1,1
2026,8,IQS,Invitado,6to grado,SANTO DOMINGO,1,0.0,2
2026,8,IQS,Invitado,6to grado,Sin ubicación,75,18.5,139
2026,9,IQ512,Coordinador,No especificado,Sin ubicación,1,0.6,1
2026,9,IQ512,Editor,No especificado,Sin ubicación,1,0.5,1
2026,9,IQ512,Estudiante,No especificado,BARAHONA,2,0.8,2
2026,9,IQ512,Estudiante,No especificado,LA VEGA,2,1.9,2
2026,9,IQ512,Estudiante,No especificado,SAN CRISTOBAL,1,2.8,1
2026,9,IQ512,Estudiante,No especificado,SAN FRANCISCO DE MACORIS,1,0.5,1
2026,9,IQ512,Estudiante,No especificado,SAN JUAN DE LA MAGUANA,1,3.2,2
2026,9,IQ512,Estudiante,No especificado,SAN PEDRO DE MACORIS,3,5.1,4
2026,9,IQ512,Estudiante,No especificado,SANTO DOMINGO,5,1.5,5
2026,9,IQ512,Estudiante,No especificado,Sin ubicación,28,20.2,35
2026,9,IQP,Docente,1er grado,Sin ubicación,1,5.9,15
2026,9,IQP,Docente,4to grado,LA VEGA,1,0.1,1
2026,9,IQP,Docente,4to grado,Sin ubicación,1,0.1,1
2026,9,IQP,Docente,5to grado,BARAHONA,2,0.2,2
2026,9,IQP,Docente,5to grado,MONTE CRISTI,1,0.1,1
2026,9,IQP,Docente,5to grado,PUERTO PLATA,1,0.1,1
2026,9,IQP,Docente,5to grado,SAN CRISTOBAL,2,1.7,11
2026,9,IQP,Docente,5to grado,SANTIAGO,2,0.2,2
2026,9,IQP,Docente,5to grado,SANTO DOMINGO,4,0.8,7
2026,9,IQP,Docente,5to grado,Sin ubicación,1,0.1,1
2026,9,IQP,Docente,6to grado,NAGUA,1,1.1,5
2026,9,IQP,Docente,6to grado,SANTO DOMINGO,1,0.1,1
2026,9,IQP,Estudiante,1er grado,SANTO DOMINGO,1,0.0,1
2026,9,IQP,Estudiante,2do grado,SANTO DOMINGO,1,0.0,2
2026,9,IQP,Estudiante,4to grado,LA VEGA,1,0.1,1
2026,9,IQP,Estudiante,4to grado,MONTE CRISTI,1,0.1,1
2026,9,IQP,Estudiante,4to grado,MONTE PLATA,1,0.7,2
2026,9,IQP,Estudiante,5to grado,HIGUEY,2,0.5,2
2026,9,IQP,Estudiante,6to grado,SANTIAGO,1,0.2,1
2026,9,IQP,Estudiante,6to grado,Sin ubicación,1,0.1,1
2026,9,IQP,Sin rol,No especificado,SAN CRISTOBAL,1,0.2,1
2026,9,IQP,Sin rol,No especificado,Sin ubicación,1,1.8,6
2026,9,IQS,Docente,1er grado,SAN FRANCISCO DE MACORIS,1,0.1,1
2026,9,IQS,Docente,4to grado,AZUA,2,0.3,5
2026,9,IQS,Docente,4to grado,COTUI,1,0.0,1
2026,9,IQS,Docente,4to grado,HIGUEY,3,0.3,4
2026,9,IQS,Docente,4to grado,LA VEGA,2,0.3,2
2026,9,IQS,Docente,4to grado,MONTE CRISTI,3,0.8,5
2026,9,IQS,Docente,4to grado,MONTE PLATA,1,0.1,1
2026,9,IQS,Docente,4to grado,SAN CRISTOBAL,4,1.6,7
2026,9,IQS,Docente,4to grado,SAN FRANCISCO DE MACORIS,1,0.0,1
2026,9,IQS,Docente,4to grado,SAN PEDRO DE MACORIS,3,1.0,8
2026,9,IQS,Docente,4to grado,SANTIAGO,2,0.5,3
2026,9,IQS,Docente,4to grado,SANTO DOMINGO,9,0.8,10
2026,9,IQS,Docente,4to grado,Sin ubicación,9,0.8,15
2026,9,IQS,Docente,6to grado,HIGUEY,1,0.2,1
2026,9,IQS,Docente,6to grado,Sin ubicación,1,0.3,1
2026,9,IQS,Editor,No especificado,SANTIAGO,1,8.7,12
2026,9,IQS,Estudiante,1er grado,AZUA,1,0.2,2
2026,9,IQS,Estudiante,1er grado,MONTE CRISTI,1,0.1,2
2026,9,IQS,Estudiante,1er grado,MONTE PLATA,1,0.0,1
2026,9,IQS,Estudiante,1er grado,SAN CRISTOBAL,1,0.1,2
2026,9,IQS,Estudiante,1er grado,SAN JUAN DE LA MAGUANA,1,0.1,2
2026,9,IQS,Estudiante,1er grado,SANTIAGO,3,0.4,5
2026,9,IQS,Estudiante,1er grado,SANTO DOMINGO,2,1.1,3
2026,9,IQS,Estudiante,1er grado,Sin ubicación,3,0.7,4
2026,9,IQS,Estudiante,2do grado,COTUI,1,0.0,2
2026,9,IQS,Estudiante,2do grado,HIGUEY,2,0.1,2
2026,9,IQS,Estudiante,2do grado,LA VEGA,4,0.4,4
2026,9,IQS,Estudiante,2do grado,MONTE CRISTI,1,0.3,1
2026,9,IQS,Estudiante,2do grado,NAGUA,1,0.0,1
2026,9,IQS,Estudiante,2do grado,PUERTO PLATA,1,0.7,1
2026,9,IQS,Estudiante,2do grado,SAN CRISTOBAL,10,5.0,13
2026,9,IQS,Estudiante,2do grado,SAN FRANCISCO DE MACORIS,1,0.1,2
2026,9,IQS,Estudiante,2do grado,SAN JUAN DE LA MAGUANA,1,0.1,1
2026,9,IQS,Estudiante,2do grado,SAN PEDRO DE MACORIS,1,0.3,1
2026,9,IQS,Estudiante,2do grado,SANTIAGO,5,1.1,5
2026,9,IQS,Estudiante,2do grado,SANTO DOMINGO,20,3.8,24
2026,9,IQS,Estudiante,2do grado,Sin ubicación,29,5.2,32
2026,9,IQS,Estudiante,3er grado,SAN CRISTOBAL,1,0.5,1
2026,9,IQS,Estudiante,3er grado,SAN FRANCISCO DE MACORIS,1,0.2,2
2026,9,IQS,Estudiante,3er grado,SAN JUAN DE LA MAGUANA,2,0.0,2
2026,9,IQS,Estudiante,3er grado,SANTIAGO,8,2.6,8
2026,9,IQS,Estudiante,3er grado,SANTO DOMINGO,1,0.1,1
2026,9,IQS,Estudiante,4to grado,COTUI,1,0.0,1
2026,9,IQS,Estudiante,4to grado,HIGUEY,1,0.0,1
2026,9,IQS,Estudiante,4to grado,PUERTO PLATA,1,0.1,2
2026,9,IQS,Estudiante,4to grado,SAN JUAN DE LA MAGUANA,2,0.7,3
2026,9,IQS,Estudiante,4to grado,SAN PEDRO DE MACORIS,3,0.5,4
2026,9,IQS,Estudiante,4to grado,SANTIAGO,3,0.3,4
2026,9,IQS,Estudiante,4to grado,SANTO DOMINGO,3,0.3,3
2026,9,IQS,Estudiante,4to grado,Sin ubicación,8,1.8,8
2026,9,IQS,Estudiante,5to grado,AZUA,2,0.3,2
2026,9,IQS,Estudiante,5to grado,LA VEGA,1,0.1,2
2026,9,IQS,Estudiante,5to grado,SAN CRISTOBAL,2,0.9,2
2026,9,IQS,Estudiante,5to grado,SAN FRANCISCO DE MACORIS,1,0.3,1
2026,9,IQS,Estudiante,5to grado,SAN PEDRO DE MACORIS,1,0.0,1
2026,9,IQS,Estudiante,5to grado,SANTIAGO,3,0.4,6
2026,9,IQS,Estudiante,5to grado,SANTO DOMINGO,4,0.8,6
2026,9,IQS,Estudiante,5to grado,Sin ubicación,6,1.2,12
2026,9,IQS,Estudiante,6to grado,AZUA,10,2.9,16
2026,9,IQS,Estudiante,6to grado,BARAHONA,1,0.8,4
2026,9,IQS,Estudiante,6to grado,COTUI,4,0.5,4
2026,9,IQS,Estudiante,6to grado,HIGUEY,19,9.4,32
2026,9,IQS,Estudiante,6to grado,LA VEGA,10,1.1,11
2026,9,IQS,Estudiante,6to grado,MAO,2,0.4,2
2026,9,IQS,Estudiante,6to grado,MONTE CRISTI,30,37.2,38
2026,9,IQS,Estudiante,6to grado,MONTE PLATA,8,3.6,18
2026,9,IQS,Estudiante,6to grado,NAGUA,2,0.1,4
2026,9,IQS,Estudiante,6to grado,PUERTO PLATA,4,0.3,5
2026,9,IQS,Estudiante,6to grado,SAN CRISTOBAL,96,89.9,160
2026,9,IQS,Estudiante,6to grado,SAN FRANCISCO DE MACORIS,9,1.8,11
2026,9,IQS,Estudiante,6to grado,SAN JUAN DE LA MAGUANA,6,0.9,11
2026,9,IQS,Estudiante,6to grado,SAN PEDRO DE MACORIS,140,56.7,272
2026,9,IQS,Estudiante,6to grado,SANTIAGO,28,8.1,41
2026,9,IQS,Estudiante,6to grado,SANTO DOMINGO,123,56.8,246
2026,9,IQS,Estudiante,6to grado,Sin ubicación,96,24.4,157
2026,9,IQS,Estudiante,No especificado,AZUA,1,0.2,1
2026,9,IQS,Estudiante,No especificado,SANTIAGO,2,0.9,4
2026,9,IQS,Estudiante,No especificado,Sin ubicación,1,0.1,1
2026,9,IQS,Invitado,6to grado,HIGUEY,1,0.3,1
2026,9,IQS,Invitado,6to grado,SANTIAGO,1,0.1,1
2026,9,IQS,Invitado,6to grado,SANTO DOMINGO,1,0.0,1
2026,9,IQS,Invitado,6to grado,Sin ubicación,28,5.7,60
2026,9,IQS,Sin rol,No especificado,Sin ubicación,1,0.8,1
